Â¬	mgbagha
|	ahá»‹rá»‹ kwá»¥ á»tá»
~	tilde
â‰¥	kará»‹rá»‹ ma-á»bá»¥ nha
ğŸ˜€	ihu, ihu á»chá»‹, á»chá»‹
ğŸ˜ƒ	Ihu Amá»¥ Nwere á»Œná»¥ Ghe oghe, amá»¥, ihu, mmepe, á»ná»¥
ğŸ˜„	amá»¥, anya, ihu, ihu amá»¥ nwere mmepe á»ná»¥ & anya amá»¥, mmepe, á»ná»¥
ğŸ˜	amá»¥, anya, ihu, ihu á»chá»‹ nwere anya amá»¥, á»chá»‹
ğŸ˜†	amá»¥, ihu, ihu amá»¥ nwere mmepe á»ná»¥ & anya mechiri emechi, mmepe, nwere afá» ojuju, á»chá»‹, á»ná»¥
ğŸ˜…	amá»¥, ihu, ihu amá»¥ nwere mmepe á»ná»¥ & okpofufu oyi, mmepe, okpofufu, oyi
ğŸ¤£	ihu, na-achá»‹ á»chá»‹, na-atá»¥ghará»‹, na-atá»¥ghará»‹ nâ€™ala na-achá»‹ á»chá»‹, nâ€™ala
ğŸ˜‚	anya mmiri, aá¹…á»¥rá»‹, ihu, ihu nwere anya mmiri nke aá¹…á»¥rá»‹
ğŸ™‚	amá»¥, ihu, nwa obere ihu na-amá»¥ amá»¥
ğŸ™ƒ	ihu, ihu nsá»¥ghará»‹-isi nâ€™ala, nsá»¥ghará»‹-isi nâ€™ala
ğŸ˜‰	Ihu na-atabi anya, ihu, ntabiri anya
ğŸ˜Š	amá»¥, anya, ihu, ihu amá»¥ nwere anya amá»¥, á»tanjele
ğŸ˜‡	aká»¥ká» Ã¨roro ero, aká»¥ká»¥, amá»¥, dá»‹ á»cha, ihu, ihu amá»¥ nwere okirikiri oká»¥, má»¥á» mma, okirikiri á»ká»¥
ğŸ˜	amá»¥ nâ€™anya, anya, há»¥rá»¥, ihu, ihu amá»¥ nwere anya-obi á»cha
ğŸ¤©	anya, ihu, ihu á»chá»‹, kpakpando, kpakpando-mere
ğŸ˜˜	ihu, ihu dá»‹ mma nsusÃ² á»ná»¥, nsusÃ² á»ná»¥
ğŸ˜—	ihu, ihu nsusÃ² á»ná»¥, nsusÃ² á»ná»¥
â˜ºï¸	amá»¥, edepá»¥tara, ihu, ihu na-amá»¥ amá»¥, zuru ike
ğŸ˜š	anya, ihu, ihu nsusÃ² á»ná»¥ emechiri anya, mechiri, nsusÃ² á»ná»¥
ğŸ˜™	Ihu Na-Eme Nsusu Nwere Anya Amá»¥, amá»¥, anya, ihu, nsusÃ² á»ná»¥
ğŸ˜‹	amá»¥, dá»‹ ezigbo á»¥tá», ihu, ihu nri dá»‹ ezigbo á»¥tá», mara mma, um, yum
ğŸ˜›	ihu, ihu nwere mmipá»¥ta ire, mmipá»¥ta ire
ğŸ˜œ	anya, ihu, ihu nwere mmipá»¥ta ire & ntaji anya, ire, njaká»‹rá»‹, ntaji
ğŸ¤ª	anya, ihu ara, nnukwu, obere
ğŸ˜	anya, ihu, ihu nwere mmipá»¥ta ire & nwere mmechi anya, ire, mmetá»¥ta, á»já»á»
ğŸ¤‘	Ihu á»ná»¥-ego, ego, ihu, á»ná»¥
ğŸ¤—	ihu, ihu mmaká»Ì€, mmaká», na-amaká»
ğŸ¤­	ihu mwute, ihu nâ€™iji aka mechie á»ná»¥
ğŸ¤«	ihu mechie oná»¥, mmechiá»ná»¥, nwayá»
ğŸ¤”	ihu, ihu na-eche echiche, na-eche echiche
ğŸ¤	ihu, ihu mgbachi á»ná»¥, mgbachi, á»ná»¥
ğŸ¤¨	enweghá»‹ ntá»¥kwasá»‹obi, ihu weliri anya elu, uche á»ma
ğŸ˜ï¸	ihu, ihu nká»‹tá»‹, ike á»gwá»¥gwá»¥, nná»netiti
ğŸ˜‘	egosipá»¥taghá»‹, emeghá»‹ ngosipá»¥ta, enweghá»‹ ngosipá»¥ta, ihu, ihu enweghá»‹ ngosipá»¥ta
ğŸ˜¶	ihu, ihu enweghá»‹ á»ná»¥, nwayá», á»ná»¥
ğŸ˜	ihu, ihu na-eme nka á»chá»‹, nka á»chá»‹
ğŸ˜’	atá»ghá»‹ á»chá»‹, enweghá»‹ obi aá¹…á»¥rá»‹, ihu, uhu atá»ghá»‹ á»chá»‹
ğŸ™„	anya, ihu, ihu nwere kpá»¥rá»¥kpá»¥rá»¥ anya na-akpá»ghará»‹ akpá»ghará»‹, na-akpá»ghará»‹
ğŸ˜¬	ihu, ihu ntachá»‹ anya, ntachi anya
ğŸ¤¥	Ihu asá»‹, gosiri, ihu, mgbagwojuanya
ğŸ˜Œ	ihu, ihu nnwere onwe, nnwere onwe
ğŸ˜”	ajá»¥rá»¥ ajá»¥, ihu, ihu echiche, ná» nâ€™echiche
ğŸ˜ª	ihu, ihu anya á»¥ra, á»¥ra
ğŸ¤¤	ihu, ihu na-agá»¥sá»‹ asá» mmiri, na-agá»¥sá»‹ asá» mmiri
ğŸ˜´	ihu, ihu na-ehi á»¥ra, zzz, á»¥ra
ğŸ˜·	dá»ká»‹ta, ihu, ihu nwere mkpuchi ihu ngwaá»rá»¥ á»¥lá» á»gwá»¥, mkpuchi, onye á»rá»‹a, oyi, á»gwá»¥
ğŸ¤’	ihu, ihu nwere ngwa ogologo, ngwa ogologo, onye, á»rá»‹a
ğŸ¤•	ahá»¥, akwÃ  mkpuchi, ihu, ihu nwere akwÃ  mkpuchi, mmerá»¥
ğŸ¤¢	agbá»á», ihu, ihu nkoropu, nkoropu
ğŸ¤®	ihu na-agbá» agbá», á»gbá»¥gbá», á»rá»‹a
ğŸ¤§	gesundheit, ihu, ihu nfá»¥ká», ntá»¥fá»
ğŸ˜µ	ajá»¥, ihu, ihu ajá»¥
ğŸ¤¯	ihe atá»¥ghá»‹ anya ya, isi mere nká»¥wa
ğŸ¤ 	ihu, ihu okpu onye á»chá»¥á»¥ nnama, nwanyá»‹ á»chá»¥á»¥ nnama, nwoke á»chá»¥á»¥ nnama, okpu
ğŸ˜	amá»¥, anya, anyanwá»¥, dá»‹ mma, ihu, ihu amá»¥ nwere ugogbe anya anyanwá»¥, ile anya, ugogbe anya
ğŸ¤“	eze, ihu, ihu eze á»chá»‹, á»chá»‹
ğŸ§	enweghá»‹ ezigbo Ã¬kÃ¹kÃ¹, ihu nwere ahá»¥á»ná»¥
ğŸ˜•	ihu, ihu mgbagwoju anya, mgbagwoju anya
ğŸ˜Ÿ	ihu, ihu nwere nchekasá»‹ ahá»¥, nwere nchekasá»‹ ahá»¥
ğŸ™	ihu, mgbará»¥, nwa obere mgbará»¥ ihu
â˜¹ï¸	ihu, mgbará»¥, na-agbará»¥ ihu
ğŸ˜®	ihu, ihu nwere mmepe á»ná»¥, mmepe, obi ebere, á»ná»¥
ğŸ˜¯	dara já»¥á»¥, ihu, ihu dara já»¥á»¥, mmadá»¥ nâ€™anya, tá»¥rá»¥
ğŸ˜²	ihu, ihu nwere á»‹tá»¥nanya, nwere mgbagwoju, nâ€™anya, tá»¥rá»¥
ğŸ˜³	ihu, ihu nchaghará»‹ á»bara, nchaghará»‹, nwere á»¥já»
ğŸ˜¦	ihu, ihu mgbará»¥ nwere mmepe á»ná»¥, mgbará»¥, mmepe, á»ná»¥
ğŸ˜§	ihu, ihu nwere á»ná»¥ma, nwere á»ná»¥ma
ğŸ˜¨	atá»¥ á»¥já», ihu, ihu ujá», na, á»¥já»
ğŸ˜°	aná»¥ná»¥, ihu, ihu nwere mmepe á»ná»¥ & okpofufu oyi, mepere, nwetara, okpofufu, oyi, á»ná»¥
ğŸ˜¥	ihu, ihu nghará»‹pá»¥ mana nwere nkuda ume, nwere nghará»‹pá»¥, nwere nkuda, ume
ğŸ˜¢	akwa, akwará»‹rá»‹, ihu, ihu na-ebe akwa, nwute
ğŸ˜­	akwa, echemá»¥, echiche, ihu, ihu akwa mkpu, mwute
ğŸ˜±	eti mkpu, ihu, ihu na-eti nâ€™á»¥já», mkpá»¥, na-atá»¥ á»¥já», nwere á»¥já», á»¥já»
ğŸ˜–	ihu, ihu nwere mgbagwoju anya, nwere mgbagwoju anya
ğŸ˜£	ihu, ihu na-enwe ntachi obi, ntachi obi
ğŸ˜	ihu, ihu nwere nghará»‹pá»¥, nwere nghará»‹pá»¥
ğŸ˜“	ihu, ihu nwere okpofufu oyi, okpofufu, oyi
ğŸ˜©	ihu, ihu ike á»gwá»¥gwá»¥, ike á»gwá»¥gwá»¥, nwere ume á»gwá»¥gwá»¥
ğŸ˜«	ihu, ihu ume á»gwá»¥gwá»¥, nwere ume á»gwá»¥gwá»¥
ğŸ˜¤	ihu, ihu nwere mpá»¥ta anwá»¥rá»¥ á»ká»¥ nâ€™imi, mmeri, nwere
ğŸ˜¡	aka, ibu agha, ihu, ihu nsá»¥pá»¥ta á»ná»¥, iwe, na-ará»¥tá»¥, á»bara
ğŸ˜ 	ezigbo, ihu, ihu iwe, iwe
ğŸ¤¬	ihu nwere akara nâ€™elu oná»¥, na-aá¹…á»¥ iyi
ğŸ˜ˆ	aká»rá»aká», amá»¥, ará»mará», ihu, ihu amá»¥ nwere mpi, nwere mpi
ğŸ‘¿	ajá» mmá»¥á», aká»rá»aká», aromará», ekwensu, ihu, ihu iwe nwere mpi, imp
ğŸ’€	ará»mará», ihe egwu, ihu, okpokoro isi, á»nwá»¥
â˜ ï¸	ihe egwu, ihu, ndochiá»kpá»¥kpá»¥, okpokoroisi, okpokoroisi na ndochiá»kpá»¥kpá»¥, á»nwá»¥
ğŸ’©	ihe egwu, ihu, ikpo nke nsi, nsi, poo, poop, á»chá»‹
ğŸ¤¡	ihu, ihu njaká»‹rá»‹, njaká»‹rá»‹
ğŸ‘¹	aká»rá»aká», ará»mará», ihe egwu, ihu, okike
ğŸ‘º	aká»rá»aká», ará»mará», gá»blá»‹n, ihe egwu, ihu, okike
ğŸ‘»	aká»rá»aká», ará»mará», ihe egwu, ihu, mmá»¥á», okike
ğŸ‘½ï¸	aká»rá»aká», ará»mará», ihe egwu, ihe nsina mba á»zá», ihu, mmá»¥á» ndá»‹á»zá», okike, ufo
ğŸ‘¾	aká»rá»aká», ará»mará», ihe egwu, ihe egwu ihe nsina mba á»zá», ihe nsina mba á»zá», ihu, mmá»¥á» ndá»‹á»zá», ufo
ğŸ¤–	ihe egwu, ihu, ihu rá»bá»tá»¥, rá»bá»tá»¥
ğŸ˜º	amá»¥, ihu, ihu amá»¥ nwamba nwere mmepe á»ná»¥, mmepe, nwamba, á»ná»¥
ğŸ˜¸	amá»¥, anya, ihu, ihu á»chá»‹ nwamba nwere anya amá»¥, nwamba, á»chá»‹
ğŸ˜¹	anya mmiri, aná»¥rá»‹, ihu, ihu nwamba nwere anya mmiri aná»¥rá»‹, nwamba
ğŸ˜»	anya, ihu, ihu á»chá»‹ nwamba nwere obi ebere, nwamba, nwere amá»¥, á»‹há»¥nanya
ğŸ˜¼	amá»¥, ihu, ihu nwamba nwere amá»¥ pá»¥rá»¥iche, nwamba, pá»¥rá»¥iche, á»chá»‹
ğŸ˜½	anya, ihu, nsusu, nsusu ihu nwamba nwere mmechi anya, nwamba
ğŸ™€	ihu, ihu ike á»gwá»¥gwá»¥ nwamba, ike á»gwá»¥gwá»¥, nwamba, nwere mgbagwojuanya, oh
ğŸ˜¿	akwa, anya mmiri, ihu, ihu akwa nwamba, na mwute, nwambe
ğŸ˜¾	ihu, na-asá»¥pá»¥ta á»ná»¥ nwamba, nsá»¥pá»¥ta á»ná»¥, nwambe
ğŸ™ˆ	ahá»¥kwala-Ã¨nwÃ¨-á»já»á», ajá»á», egbochighá»‹, egbochiri, ihu, mgbe, no, ogbugbu, á»‹há»¥, á»‹há»¥ ya
ğŸ™‰	aná»¥kwala-Ã¨nwÃ¨-á»já»á», egbochighá»‹, egbochiri, ihu, inwe, mgbe, ogbugbu, Ã¨nwÃ¨, á»‹ná»¥, á»já»á»
ğŸ™Š	ajá»á», egbochighá»‹, egbochiri, ekwukwala-Ã¨nwÃ¨-á»já»á», ihu, mgbe, no, ogbugbu, á»‹há»¥, á»‹kwu
ğŸ’‹	akara nsusu, egbugbereá»ná»¥ gasá»‹, nsusu á»ná»¥
ğŸ’Œ	leta, leta ihá»¥Ì€nanya, obi, ozi, á»‹há»¥Ì€nanya
ğŸ’˜	aká»¥, mmá»¥á» omumeihe, obi nwere aká»¥
ğŸ’	obi nwere á»mará»‹cha eriri, ribá»n, valentá»‹ná»¥
ğŸ’–	mmuke, nwere aá¹…á»¥rá»‹, obi mmuke
ğŸ’—	akwara, na-eto eto, nká»¥ obi, nwere aá¹…á»¥rá»‹, obi na-eto eto
ğŸ’“	na-aká»¥, na-eme nkuli nká»¥da, obi na-aká»¥ aká»¥
ğŸ’	na-agba okirikiri, obi na-agba okirikiri
ğŸ’•	obi Ã bá»¥á», á»‹há»¥nanya
ğŸ’Ÿ	obi, á»‹chá» mma obi
â£ï¸	akara, nnukwu obi ntimkpu, ntimkpu, ntá»¥pá»
ğŸ’”	gbajie, ntiwa, obi ntiwa
â¤ï¸	obi, obi á»bara
ğŸ§¡	obi orenji, orenji
ğŸ’›	obi na-acha Ã¨dÃ² Ã¨dÃ², Ã¨dÃ²
ğŸ’š	ndá»¥, obi na-acha ndá»¥ ndá»¥
ğŸ’™	aná»¥ná»¥, obi na-acha aná»¥ná»¥ aná»¥ná»¥
ğŸ’œ	obi na-acha pá»pá»¥l, pá»pá»¥l
ğŸ–¤	obi ojii, ojii, Ã gwÃ , á»já»á»
ğŸ’¯	100, akara, nará»‹, nâ€™uju, pá»á»‹ntá»‹ nará»‹ gasá»‹
ğŸ’¢	akara iwe, ara, iwe, mkpaá»chá»‹
ğŸ’¥	buum, mkpaá»chá»‹, nká»¥ká»rá»‹ta
ğŸ’«	ajá»¥, kpakpandÃ², mkpaá»chá»‹
ğŸ’¦	boom, na-egosipá»¥ta, ntá»¥pá»¥ta okpoofÃ¹, okpoofÃ¹
ğŸ’¨	mkpaá»chá»‹, na-apá»¥ apá»¥, na-emebe, á»pá»¥pá»¥
ğŸ•³ï¸	á»ná»¥ oghere
ğŸ’£ï¸	mkpaá»chá»‹, ogbunigwe
ğŸ’¬	blonblo, blonblon, blonblon okwu, mkpaá»chá»‹, okwu, á»¥bá»¥bá»
ğŸ‘â€ğŸ—¨	akaebe, anya, anya na blonblo okwu, blonblo okwu
ğŸ—¨ï¸	blonblo okwu akaÃ¨kpÃ¨, okwu, á»¥bá»bá»
ğŸ—¯ï¸	ara, blonblo, blonblo iwe akanri, blonblon, iwe
ğŸ’­	blonblo, blonblon, blonblon echichÃ¨, echichÃ¨, mkpaá»chá»‹
ğŸ’¤	mkpaá»chá»‹, zzz, á»¥ra
ğŸ‘‹	aka, na-efe, na-efe aka, ofufe
ğŸ¤š	azá»¥ aka, azá»¥ aka nke ewelitere elu, ewelitere elu
ğŸ–ï¸	aka, mgbasa mkpá»‹sá»‹aka, mkpá»‹sá»‹aka, welitere aka elu nâ€™iji mgbasa mkpá»‹sá»‹aka
âœ‹	aka, aka ewÃ¨liri
ğŸ––	ajá»á» Ã¨kÃ¨le, aka, mgbasa mkpá»‹sá»‹aka, mkpá»‹sá»‹aka
ğŸ‘Œ	AKA dá»‹ mma, Dá»Š MMA, aka
âœŒï¸	aka, aka mmeri, mmeri, v
ğŸ¤	aka, isiá»ma, mkpá»‹aká», mkpá»‹aká» mkpá»‹sá»‹aka gasá»‹, mkpá»‹sá»‹aka
ğŸ¤Ÿ	ILY, aka, ogbugbu-á»‹há»¥nanya
ğŸ¤˜	aka, akara nke mpi gasá»‹, mkpá»‹sá»‹aka, mkpá»‹sá»‹aka abá»¥á», mpi gasá»‹
ğŸ¤™	aka, kpá»á», kpá»á» má»¥ aka
ğŸ‘ˆï¸	backhand, finger, hand, index, point, Ã zá»¥aka na-ará»¥ aka akaÃ¨kpÃ¨
ğŸ‘‰ï¸	backhand, finger, hand, index, point, Ã zá»¥aka na-ará»¥ aka akanri
ğŸ‘†ï¸	aka, mkpá»‹sá»‹aka, na-ará»¥, nâ€™elu, Ã zá»¥aka, Ã zá»¥aka na-ará»¥ aka nâ€™elu
ğŸ–•	aka, mkpá»‹sá»‹aka, mkpá»‹sá»‹aka etiti
ğŸ‘‡ï¸	aka, ala, mkpá»‹sá»‹aka, na-ará»¥, Ã zá»¥aka, Ã zá»¥aka na-ará»¥ aka nâ€™ala
â˜ï¸	aka, mkpá»‹sá»‹aka, na-ará»¥, na-ará»¥ aka nâ€™elu, nâ€™elu
ğŸ‘ï¸	+1, aka, elu, oboaka, oboaka nâ€™elu
ğŸ‘ï¸	-1, aka, ala, oboaka, oboaka nâ€™ala
âœŠ	aka, aka afá»¥Ì€rá»¥Ì€ afá»¥Ì€, aka á»kpá» ewelitere, á»‹ká»¥ á»kpá», á»kpá»aka
ğŸ‘Š	aka, aka afá»¥Ì€rá»¥Ì€ afá»¥Ì€, aka á»kpá» na-abá»‹a abá»‹a, á»‹ká»¥ á»kpá», á»kpá»aka
ğŸ¤›	aka á»kpá», aka á»kpá» chewere-akaÃ¨kpÃ¨, gara akaÃ¨kpÃ¨
ğŸ¤œ	aka á»kpá», aka á»kpá» chewere-akanri, gara akanri
ğŸ‘	aka, ká»¥á», na-aká»¥ aka
ğŸ™Œ	aka, aka ndá»‹ eweliri elu, huree, ogbugbu, welitere, Ã¨nwemá»¥aá¹…á»¥rá»‹
ğŸ‘	aka, aka mepere emepe, mmepe
ğŸ¤²	ekpere, nchá»‹ká»ta aka abá»¥á» á»ná»¥
ğŸ¤	aka, ekwemá»¥aka, kwee, nkweká»rá»‹ta, nkwenaka, nzuká»
ğŸ™	aka, aka ejiká»rá» á»ná»¥, biko, daalá»¥, hulata, jiká»rá» á»ná»¥, já»¥á», kpee ekpere, ogbugbu
âœï¸	aka, aka na-ede ihe, dÃ¨e
ğŸ’…	mbá», mkpá»¥cha aka, nleta, nteji, nteji mbá»aka, á»tanjele
ğŸ¤³	ekwenti, igwefÃ²to, selfi
ğŸ’ª	akaá»kpá», akpá»¥Ì€ aka, akwara, mkpaá»chá»‹
ğŸ‘‚ï¸	nti, Ã há»¥
ğŸ‘ƒ	imi, Ã há»¥
ğŸ§ 	amamiihe, á»¥bá»¥rá»¥
ğŸ‘€	anya, anya gasá»‹, ihu
ğŸ‘ï¸	anya, Ã há»¥
ğŸ‘…	ire, Ã há»¥
ğŸ‘„	egbugbereá»ná»¥, á»ná»¥
ğŸ‘¶	nwata á»há»¥rá»¥, obere
ğŸ§’	nwata, obere nwa, oke na nne-ndá»‹naetiti
ğŸ‘¦	nwa nwoke, nwata, nwoke
ğŸ‘§	Nwata, nwata nwaanyá»‹, vigo, zodiak
ğŸ§‘	oke na nne-ndá»‹naetiti, okenye
ğŸ‘±	Onye-isi awá», isi awá»
ğŸ‘¨	nwoke
ğŸ§”	onye nwere ahá»¥á»ná»¥, Ã há»¥á»ná»¥
ğŸ‘±â€â™‚	isi awá», nwoke, nwoke nwere isi-awá»
ğŸ‘©	nwanyá»‹
ğŸ‘±â€â™€	isi awá», nwanyá»‹, nwanyá»‹ nwere isi-awá»
ğŸ§“	kara dá»‹ okenye, oke na nne-ndá»‹naetiti, okenye
ğŸ‘´	nwoke, okenye, okenye nwoke
ğŸ‘µ	nwanyá»‹, okenye, okenye nwaanyá»‹
ğŸ™	mgbará»¥, ogbugbu, onye na-agbará»¥ ihu
ğŸ™â€â™‚	na-agbará»¥, nwoke, nwoke na-agbará»¥ ihu, ogbugbu
ğŸ™â€â™€	na-agbará»¥, nwanyá»‹, nwanyá»‹ na-agbará»¥ ihu, ogbugbu
ğŸ™	na-asá»pá»¥ta á»ná»¥, ogbugbu, onye na-asá»pá»¥ta á»ná»¥
ğŸ™â€â™‚	na-asá»pá»¥ta á»ná»¥, nwoke, nwoke na-asá»pá»¥ta á»ná»¥, ogbugbu
ğŸ™â€â™€	na-asá»pá»¥ta á»ná»¥, nwanyi, nwanyá»‹ na-asá»pá»¥ta á»ná»¥, ogbugbu
ğŸ™…	ajá»¥, aka, machido, mba, odá»‹ghá»‹, ogbugbu, onye na-egosipta MBÃ€
ğŸ™…â€â™‚	ajá»¥, aka, machido, mba, nwoke, nwoke na-egosipta MBÃ€, ogbugbu
ğŸ™…â€â™€	ajá»¥, aka, machido, mba, nwanyá»‹, nwanyá»‹ na-egosipta MBÃ€, ogbugbu
ğŸ™†	aka, ogbugbu, onye na-egosipta á»Œ Dá»Š MMA, á»Œ Dá»Š MMA
ğŸ™†â€â™‚	aka, nwoke, nwoke na-egosipta á»Œ Dá»Š MMA, ogbugbu, á»Œ Dá»Š MMA
ğŸ™†â€â™€	aka, nwanyá»‹, nwanyá»‹ na-egosipta á»Œ Dá»Š MMA, ogbugbu, á»Œ Dá»Š MMA
ğŸ’	aka, na-ehulata, onye na-ehulata aka, ozi, sassy, Ã¨nyÃ¨maka
ğŸ’â€â™‚	na-ehulata aka, nwoke, nwoke na-ehulata aka, sassy
ğŸ’â€â™€	na-ehulata aka, nwanyá»‹, nwanyá»‹ na-ehulata aka, sassy
ğŸ™‹	aka, aá¹…á»¥rá»‹, ewelitere, ogbugbu, onye na-ewelite aka
ğŸ™‹â€â™‚	na-ewelite aka, nwoke, nwoke na-ewelite aka, ogbugbu
ğŸ™‹â€â™€	na-ewelite aka, nwanyá»‹, nwanyá»‹ na-ewelite aka, ogbugbu
ğŸ™‡	hulata, ndo, ogbugbu, onye na-ehulata ala
ğŸ™‡â€â™‚	na-ehulata ala, ndo, ngá»zi, nwoke, nwoke na-ehulata ala, ogbugbu
ğŸ™‡â€â™€	na-ehulata ala, ndo, ngá»zi, nwanyá»‹, nwanyá»‹ na-ehulata ala, ogbugbu
ğŸ¤¦	e zoro, ezo, ihu, nâ€™ihi ihe ndakwasi, onye na-ezo ihu ya Ã¨zo
ğŸ¤¦â€â™‚	e zoro ezo, ekwenyeghá»‹, ihu, nwoke, nwoke na-ezo ihu ya Ã¨zo
ğŸ¤¦â€â™€	e zoro ezo, ekwenyeghá»‹, ihu, nwanyá»‹, nwanyá»‹ na-ezo ihu ya Ã¨zo
ğŸ¤·	adá»‹ghá»‹ iche, amaghá»‹, ekweghá»‹ ekwe, gosi nhÃ , onye ngosipá»¥ta nhatanha aka
ğŸ¤·â€â™‚	adá»‹ghá»‹ iche, amaghá»‹, ekweghá»‹ ekwe, gosi nhÃ , nwoke, nwoke na-egosi nhatanha aka
ğŸ¤·â€â™€	adá»‹ghá»‹ iche, amaghá»‹, ekweghá»‹ ekwe, gosi nhÃ , nwanyá»‹, nwanyá»‹ na-egosi nhatanha aka
ğŸ‘¨â€âš•	dá»ká»‹ta, nletaahá»¥ike, nwoke, nwoke á»rá»¥ ahá»¥ike, ná»á»sá»¥, onye dá»ká»‹ta
ğŸ‘©â€âš•	dá»ká»‹ta, nletaahá»¥ike, nwanyá»‹, nwanyá»‹ onye á»rá»¥ ahá»¥ike, ná»á»sá»¥, onye dá»ká»‹ta
ğŸ‘¨â€ğŸ“	nwaakwá»¥kwá», nwoke, nwoke nwata akwá»¥kwá», onye gá»¥chara akwá»¥kwá»
ğŸ‘©â€ğŸ“	nwaakwá»¥kwá», nwanyá»‹, nwanyá»‹ nwaakwá»¥kwá», onye gá»¥chara akwá»¥kwá»
ğŸ‘¨â€ğŸ«	nwoke, nwoke onyenkuzi, onyenkuzi, onyentá»¥zá»‹aka, á»kammá»¥ta
ğŸ‘©â€ğŸ«	nwanyá»‹, nwanyá»‹ á»kammá»¥ta, onyenkuzi, onyentá»¥zá»‹aka, á»kammá»¥ta
ğŸ‘¨â€âš–	ikpe nkwá»¥á»tá», nsialá», nwoke, nwoke ikpe
ğŸ‘©â€âš–	ikpe nkwá»¥á»tá», nsialá», nwanyá»‹, nwanyá»‹ ikpe nkwá»¥á»tá»
ğŸ‘¨â€ğŸŒ¾	nwoke, nwoke á»rá»¥ ugbo, onye á»chá»‹ nnama, á»rá»¥ ugbo, á»sá»¥ ahá»‹há»‹a
ğŸ‘©â€ğŸŒ¾	nwanyá»‹, nwanyá»‹ á»rá»¥ ugbo, onye á»chá»‹ nnama, á»rá»¥ ugbo, á»sá»¥ ahá»‹há»‹a
ğŸ‘¨â€ğŸ³	na-esi, nri, nwoke, nwoke na-esi nri
ğŸ‘©â€ğŸ³	na-esi, nri, nwanyá»‹, nwanyá»‹ na-esi
ğŸ‘¨â€ğŸ”§	mechanik, nwoke, nwoke mechanik, onyeazá»¥maahá»‹a, á»rá»¥ ngwaá»ká»¥, á»rá»¥á»¥lá»
ğŸ‘©â€ğŸ”§	mechanik, nwanyá»‹, nwanyá»‹ mechanik, onyeazá»¥maahá»‹a, á»rá»¥ ngwaá»ká»¥, á»rá»¥á»¥lá»
ğŸ‘¨â€ğŸ­	nwoke, nwoke onyeá»rá»¥ á»¥lá» á»rá»¥, onyeá»rá»¥, á»gbaká», á»¥lá» á»rá»¥, á»¥lá»á»rá»¥
ğŸ‘©â€ğŸ­	nwanyá»‹, nwanyá»‹ onyeá»rá»¥ á»¥lá» á»rá»¥, onyeá»rá»¥, á»gbaká», á»¥lá» á»rá»¥, á»¥lá»á»rá»¥
ğŸ‘¨â€ğŸ’¼	akwa-á»fá»‹á»‹sá»‹, azá»¥maahá»‹a, nwoke, nwoke onye á»rá»¥ á»fá»‹á»‹sá»‹, onyenjikwa, á»fá»‹á»‹sá»‹, á»kammá»¥ta eserese
ğŸ‘©â€ğŸ’¼	akwa-á»fá»‹á»‹sá»‹, azá»¥maahá»‹a, nwanyá»‹, nwanyá»‹ onye á»rá»¥ á»fá»‹á»‹sá»‹, onyenjikwa, á»fá»‹á»‹sá»‹, á»kammá»¥ta eserese
ğŸ‘¨â€ğŸ”¬	injineer, nwoke, nwoke á»kammá»¥ta sayensi, oree á»gwá»¥, á»kammá»¥ta ahá»¥ mmadá»¥, á»kammá»¥ta phizisi, á»kammá»¥ta sayensi, á»kammá»¥ta sá»m
ğŸ‘©â€ğŸ”¬	injineer, nwanyá»‹, nwanyá»‹ á»kammá»¥ta sayensi, oree á»gwá»¥, á»kammá»¥ta ahá»¥ mmadá»¥, á»kammá»¥ta phizisi, á»kammá»¥ta sayensi, á»kammá»¥ta sá»m
ğŸ‘¨â€ğŸ’»	koda, ngwanrÃ², nwoke, nwoke onye tekná»¥á»¥zá»¥, onye mmepá»¥ta, onye tekná»¥á»¥zá»¥, onyenrá»¥pá»¥ta
ğŸ‘©â€ğŸ’»	koda, ngwanrÃ², nwanyi, nwanyi onye tekná»¥á»¥zá»¥, onye mmepá»¥ta, onye tekná»¥á»¥zá»¥, onyenrá»¥pá»¥ta
ğŸ‘¨â€ğŸ¤	kpakpandÃ², nwoke, nwoke á»gá»¥á»¥ egwu, rá»ká»¥, Ã²menkÃ , á»gá»¥á»¥ egwu, á»kpaiheá»chá»‹
ğŸ‘©â€ğŸ¤	kpakpandÃ², nwanyi, nwanyi á»gá»¥á»¥ egwu, rá»ká»¥, Ã²menkÃ , á»gá»¥á»¥ egwu, á»kpaiheá»chá»‹
ğŸ‘¨â€ğŸ¨	nwoke, omeÇ¹kÃ , omeÇ¹kÃ  nwoke, palette
ğŸ‘©â€ğŸ¨	nwanyá»‹, omeÇ¹kÃ , omeÇ¹kÃ  nwanyá»‹, palette
ğŸ‘¨â€âœˆ	nwoke, nwoke á»kwá» ugbá»elu, á»Ì€kwá»á»¥gbá»elu, á»¥gbá»elu
ğŸ‘©â€âœˆ	nwanyá»‹, nwanyá»‹ á»kwá» ugbá»elu, ugbá»elu, á»kwá»
ğŸ‘¨â€ğŸš€	nwoke, nwoke Ã²jená»nwa, Ã²jená»nwa, á»¥gbá»eluá»nwa
ğŸ‘©â€ğŸš€	nwanyá»‹, nwanyá»‹ Ã²jená»nwa, Ã²jená»nwa, á»¥gbá»elu á»nwa
ğŸ‘¨â€ğŸš’	nwoke, nwoke onyemgbanyá»¥á»ká»¥, onyemgbanyá»¥á»ká»¥, á»¥gbá»mgbanyá»¥á»ká»¥
ğŸ‘©â€ğŸš’	nwanyá»‹, nwanyá»‹ onyemgbanyá»¥á»ká»¥, onyemgbanyá»¥á»ká»¥, á»¥gbá»mgbanyá»¥á»ká»¥
ğŸ‘®	onye, onye uweojii, uweojii, á»fá»‹á»‹sa
ğŸ‘®â€â™‚	nwoke, nwoke onye uweojii, onye, uweojii, á»fá»‹á»‹sa
ğŸ‘®â€â™€	nwanyá»‹, nwanyá»‹ onye uweojii, onye, uweojii, á»fá»‹á»‹sa
ğŸ•µï¸	nchá»pá»¥ta, sleuth, Ã mÃ 
ğŸ•µâ€â™‚	nchá»pá»¥ta, nwoke, nwoke nchá»pá»¥ta, sleuth, Ã mÃ 
ğŸ•µâ€â™€	nchá»pá»¥ta, nwanyá»‹, nwanyá»‹ nchá»pá»¥ta, sleuth, Ã mÃ 
ğŸ’‚	nche
ğŸ’‚â€â™‚	nche, nwoke, nwoke nche
ğŸ’‚â€â™€	nche, nwanyá»‹, nwanyá»‹ nche
ğŸ‘·	ndá»‹ á»rá»¥, okpu, onye á»rá»¥ á»¥zá», á»rá»¥
ğŸ‘·â€â™‚	nwoke, onye á»rá»¥, onye á»rá»¥ nwoke, á»¥zá»
ğŸ‘·â€â™€	nwanyá»‹, onye á»rá»¥, onye á»rá»¥ nwanyá»‹, á»¥zá»
ğŸ¤´	á»kparaeze
ğŸ‘¸	aká»rá»aká», ará»rá»ará», Ã daeze
ğŸ‘³	onye yi turban, turban
ğŸ‘³â€â™‚	nwoke, nwoke yi turban, turban
ğŸ‘³â€â™€	nwanyá»‹, nwanyá»‹ yi turban, turban
ğŸ‘²	gua pi mao, nwoke, nwoke kpu okpu ndá»‹ China, okpu
ğŸ§•	akwa mkpuchi isi, ichafÃ¹isi, ichafÃ¹isi ndá»‹ Ju, ichafÃ¹isi ogologo, nwanyá»‹ nwere ichafÃ¹isi
ğŸ¤µ	nwoke, nwoke yi uwe agbamá»¥akwá»¥kwá», uwe agbamá»¥akwá»¥kwá», yi akwÃ 
ğŸ‘°	Nwanyá»‹ na-agba akwá»¥kwá», Nwanyá»‹ na-agba akwá»¥kwá» yi akwa nkochi ihu, akwÃ  nkochi ihu, na-agbÃ akwá»¥kwá»
ğŸ¤°	dá»‹ ime, nwanyá»‹, nwanyá»‹ dá»‹ ime
ğŸ¤±	ara, enyemá»¥ara, na-eleta nwa, nwa
ğŸ‘¼	akará»aká», ará»rará», ihu, mmá»¥á» á»ma, má»¥o á»ma nwata á»há»¥rá»¥, nwata á»há»¥rá»¥
ğŸ…	EkeresÃ¬mesÃ¬, Emume, Nna EkeresÃ¬mesi, claus, nna, santa
ğŸ¤¶	Mrs., Nne EkeresÃ¬mesi, claus, ekeresÃ¬mesÃ¬, nne, Ãˆnwemá»¥aá¹…á»¥rá»‹
ğŸ§™	dibia nwanyá»‹, dibá»‹a nwoke, nwanyá»‹ kwenyere nâ€™ike abrakatabra, nwoke kwenyere nâ€™ike abrakatabra, onye abrakatabra
ğŸ§™â€â™‚	dibia nwoke, nwoke abrakatabra, nwoke kwenyere nâ€™ike abrakatabra
ğŸ§™â€â™€	dibia nwanyá»‹, nwanyá»‹ kwenyere nâ€™ike abrakatabra, nwanyá»‹ onye abrakatabra
ğŸ§š	Oberon, Puck, Titania, aká»¥ká»
ğŸ§šâ€â™‚	Oberon, Puck, aká»¥ká» nwoke
ğŸ§šâ€â™€	Titania, aká»¥ká» nwanyá»‹
ğŸ§›	Dracula, aká»¥ká» mmá»¥á», á»má»‹ á»bara
ğŸ§›â€â™‚	Dracula, aká»¥ká» mmá»¥á», nwoke á»má»‹ á»bara
ğŸ§›â€â™€	aká»¥ká» mmá»¥á», nwanyá»‹ á»má»‹ obara
ğŸ§œ	mamá»‹wá»ta, nwanyá»‹wá»ta, onyewá»ta, papá»‹wá»ta
ğŸ§œâ€â™‚	Tritá»n, nwokewá»ta
ğŸ§œâ€â™€	mamá»‹wá»ta, nwanyá»‹wá»ta
ğŸ§	elfá»¥, Ã brÃ kÃ tabrÃ 
ğŸ§â€â™‚	nwoke elfá»¥, Ã brÃ kÃ tabrÃ 
ğŸ§â€â™€	nwanyá»‹ elfá»¥, Ã brÃ kÃ tabrÃ 
ğŸ§	mmá»¥á» siri ike, nwa mmegbu
ğŸ§â€â™‚	mmá»¥á» siri ike, nwoke mmegbu
ğŸ§â€â™€	mmá»¥á» siri ike, nwanyá»‹ mmegbu
ğŸ§Ÿ	aká»¥ká» mmá»¥á», ndá»‹ nwá»¥rá»¥ anwá»¥ na-aga ije, onye nwá»¥rá»¥ anwá»¥ na-aga ije
ğŸ§Ÿâ€â™‚	aká»¥ká» mmá»¥á», ndá»‹ nwá»¥rá»¥ anwá»¥ na-aga ije, nwoke nwá»¥rá»¥ anwá»¥ na-aga ije
ğŸ§Ÿâ€â™€	aká»¥ká» mmá»¥á», ndá»‹ nwá»¥rá»¥ anwá»¥ na-aga ije, nwanyá»‹ nwá»¥rá»¥ anwá»¥ na-aga ije
ğŸ’†	ihu, onye na-anata ozi, ozi, á»¥lá» isi
ğŸ’†â€â™‚	ihu, nwoke, nwoke na-anata ozi, ozi
ğŸ’†â€â™€	ihu, nwanyi, nwanyá»‹ na-anata ozi, ozi
ğŸ’‡	Onye na-enweta á»kpá»¥kpá»¥isi, ikpá»¥isi, á»chá»mma, á»kpá»¥isi, á»¥lá»
ğŸ’‡â€â™‚	nwoke, nwoke na-enweta á»kpá»¥kpá»¥isi, á»kpá»¥kpá»¥isi
ğŸ’‡â€â™€	nwanyá»‹, nwanyá»‹ na-enweta á»kpá»¥kpá»¥isi, á»kpá»¥kpá»¥isi
ğŸš¶	ije, na-aga ije, ogologo ije, onye na-aga ije
ğŸš¶â€â™‚	ije, nwoke, nwoke na-aga ije, ogologo ije
ğŸš¶â€â™€	ije, nwanyá»‹, nwanyá»‹ na-aga ije, ogologo ije
ğŸƒ	agbamá»¥á»sá», na-agba á»sá», onye na-agba á»sá»
ğŸƒâ€â™‚	agbamá»¥á»sá», na-agba á»sá», na-eme egwuregwu inyinya, nwoke, nwoke na-agba á»sá»
ğŸƒâ€â™€	agbamá»¥á»sá», na-agba á»sá», na-eme egwuregwu inyinya, nwanyá»‹, nwanyá»‹ na-agba á»sá»
ğŸ’ƒ	na-agba egwu, nwanyá»‹, nwanyá»‹ na-agba egwu
ğŸ•º	egwu, nwoke, nwoke na-agba egwu
ğŸ•´ï¸	akwÃ , azá»¥maahá»‹a, nwoke, nwoke yi akwÃ  azá»¥maahá»‹a na-efe nâ€™elu
ğŸ‘¯	na-agba egwu, ndá»‹ mmadá»¥ ndá»‹ na-agba egwu nwere nti ogologo, nti ogologo, á»gba egwu
ğŸ‘¯â€â™‚	na-agba egwu, nwere nti ogologo, á»gba egwu, á»¥má»¥nwoke, á»¥má»¥nwoke nwere nti ogologo na-agba egwu
ğŸ‘¯â€â™€	na-agba egwu, nwere nti ogologo, á»gba egwu, á»¥má»¥nwanyi, á»¥má»¥nwanyi nwere nti ogologo na-agba egwu
ğŸ§–	okpomá»á»ká»¥ á»¥ká» ahá»¥, onye ná» nâ€™á»¥lá» okpomá»á»ká»¥ mmiri ahá»¥, á»¥lá» okpomá»á»ká»¥ mmiri ahá»¥
ğŸ§–â€â™‚	nwoke ná» nâ€™á»¥lá» okpomá»á»ká»¥ mmiri ahá»¥, okpomá»á»ká»¥ á»¥ká» ahá»¥, á»¥lá» okpomá»á»ká»¥ mmiri ahá»¥
ğŸ§–â€â™€	nwanyá»‹ ná» nâ€™á»¥lá» okpomá»á»ká»¥ mmiri ahá»¥, okpomá»á»ká»¥ á»¥ká» ahá»¥, á»¥lá» okpomá»á»ká»¥ mmiri ahá»¥
ğŸ§—	onye na-ará»‹ elu, á»Ì€rá»‹ elu
ğŸ§—â€â™‚	nwoke na-ará»‹ elu, á»Ì€rá»‹ elu
ğŸ§—â€â™€	nwanyá»‹ na-ará»‹ elu, á»Ì€rá»‹ elu
ğŸ¤º	egwuregwu akparakpa mma, mma, na-eme egwuregwu akparakpa mma, onye na-eme egwuregwu akparakpa mma
ğŸ‡	agbamá»¥á»sá» egwuregwu inyinyÃ , egwuregwu inyinyÃ , inyinyÃ , inyinyÃ  eji agba á»sá»
â›·ï¸	aká»¥rá»¥ mmiri igwe, egwuregwu, onye egwuregwu mkpá»da ugwu
ğŸ‚ï¸	egwuregwu, ká»¥rá»¥ mmiri igwe, nye egwuregwu aká»¥rá»¥ mmiri, onye egwuregwu aká»¥rá»¥ mmiri
ğŸŒï¸	bá»á»lá»¥ gá»fá»¥, onye na-aká»¥ gá»fá»¥
ğŸŒâ€â™‚	gá»fá»¥, nwoke, nwoke na-aká»¥ gá»fá»¥
ğŸŒâ€â™€	gá»fá»¥, nwanyá»‹, nwanyá»‹ na-aká»¥ gá»fá»¥
ğŸ„ï¸	na-eme egwuregwu oshimiri, onye egwuregwu oshimiri
ğŸ„â€â™‚	na-eme egwuregwu oshimiri, nwoke, nwoke na-eme egwuregwu oshimiri
ğŸ„â€â™€	na-eme egwuregwu oshimiri, nwanyá»‹, nwanyá»‹ na-eme egwuregwu oshimiri
ğŸš£	onye na-akwá» á»¥gbá» epepe, á»¥gbá» epepe, á»¥gbá»mmiri
ğŸš£â€â™‚	nwoke, nwoke na-akwá» á»¥gbá»mmiri, á»¥gbá» epepe, á»¥gbá»mmiri
ğŸš£â€â™€	nwanyá»‹, nwanyá»‹ na-akwá» á»¥gbá»mmiri, á»¥gbá» epepe, á»¥gbá»mmiri
ğŸŠï¸	gwuo mmiri, onye na-egwu mmiri
ğŸŠâ€â™‚	gwuo mmiri, nwoke, nwoke na-egwu mmiri
ğŸŠâ€â™€	gwuo mmiri, nwanyá»‹, nwanyá»‹ na-egwu mmiri
â›¹ï¸	bá»á»lá»¥, onye na-atá»¥ bá»olá»¥
â›¹â€â™‚	bá»á»lá»¥, nwoke, nwoke na-atá»¥ bá»olá»¥
â›¹â€â™€	bá»á»lá»¥, nwanyá»‹, nwanyá»‹ na-atá»¥ bá»olá»¥
ğŸ‹ï¸	ibu, onye mbuli ihe, onye na-ebuli ihe elu
ğŸ‹â€â™‚	nwoke, nwoke na-ebuli ihe elu, onye na-ebuli ihe elu
ğŸ‹â€â™€	nwanyá»‹, nwanyá»‹ na-ebuli ihe elu, onye na-ebuli ihe elu
ğŸš´	Onye egwuregwu á»‹gba Igwe, igwe, na-agba igwe, onye na-agba igwe
ğŸš´â€â™‚	egwuregwu á»‹gba igwe, igwe, nwoke, nwoke na-agba igwe, onye na-agba igwe
ğŸš´â€â™€	igwe, na-agba igwe, nwanyá»‹, nwanyá»‹ na-agba igwe, onye na-agba igwe
ğŸšµ	egwuregwu á»‹gba igwe, igwe, onye egwuregwu á»‹rá»‹ ugwu, onye na-agba igwe, ugwu
ğŸšµâ€â™‚	igwe, nwoke, nwoke egwuregwu á»‹rá»‹ ugwu, onye na-agba igwe, ugwu
ğŸšµâ€â™€	egwuregwu á»‹gba igwe, igwe, nwanyi egwuregwu á»‹rá»‹ ugwu, nwanyá»‹, onye na-agba igwe, ugwu
ğŸ¤¸	ebe egwuregwu, egwuntá»¥ghará»‹ onwe, onye na-eme egwuntá»¥ghará»‹ onwe
ğŸ¤¸â€â™‚	na-eme egwuregwu ntá»¥ghará»‹, nwoke, nwoke na-eme egwuregwu ntá»¥ghará»‹ onwe, onwe
ğŸ¤¸â€â™€	ebe egwuregwu, ntá»¥ghari onwe, nwanyá»‹, nwanyá»‹ na-eme egwuregwu ntá»¥ghará»‹ onwe
ğŸ¤¼	mgba, ndá»‹ mmadá»¥ ndá»‹ na-agba mÌ€gba, onye mgba
ğŸ¤¼â€â™‚	mgba, á»¥má»¥nwoke, á»¥má»¥nwoke ndá»‹ na-agba mÌ€gba
ğŸ¤¼â€â™€	mgba, á»¥má»¥nwanyá»‹, á»¥má»¥nwanyá»‹ na-agba mÌ€gba
ğŸ¤½	bá»á»lá»¥ mmiri, egwuregwu, onye na-egwu egwuregwu bá»á»lá»¥ mmiri
ğŸ¤½â€â™‚	egwuregwu bá»á»lá»¥ mmiri, nwoke, nwoke na-egwu egwuregwu bá»á»lá»¥ mmiri
ğŸ¤½â€â™€	egwuregwu bá»á»lá»¥ mmiri, nwanyi, á»¥má»¥nwanyi ndá»‹ na-egwu egwuregwu bá»á»lá»¥ mmiri
ğŸ¤¾	bá»á»lá»¥, bá»á»lá»¥ aka, onye na-egwu egwuregwu bá»á»lá»¥ aka
ğŸ¤¾â€â™‚	bá»á»lá»¥ aka, nwoke, nwoke na-egwu egwuregwu bá»á»lá»¥ aka
ğŸ¤¾â€â™€	bá»á»lá»¥ aka, nwanyá»‹, nwanyá»‹ na-egwu egwuregwu bá»á»lá»¥ aka
ğŸ¤¹	akaá»rá»¥, egwuregwu aka, nhÃ tanha, onye na-eme egwuregwu aka, á»tá»¥tá»¥á»rá»¥
ğŸ¤¹â€â™‚	na-eme egwuregwu aka, nwoke, nwoke na-eme egwuregwu aka, á»tá»¥tá»¥á»rá»¥
ğŸ¤¹â€â™€	na-eme egwuregwu aka, nwanyá»‹, nwanyá»‹ na-eme egwuregwu aka, á»tá»¥tá»¥á»rá»¥
ğŸ§˜	echiche ime mmá»¥á», onye chá»‹ká»rá» á»¥kwá»¥ ya abá»¥á» á»ná»¥, yoga
ğŸ§˜â€â™‚	echiche ime mmá»¥á», nwoke chá»‹ká»rá» á»¥kwá»¥ ya abá»¥á» á»ná»¥, yoga
ğŸ§˜â€â™€	echiche ime mmá»¥á», nwanyá»‹ chá»‹ká»rá» á»¥kwá»¥ ya abá»¥á» á»ná»¥, yoga
ğŸ›€	asamá»¥ahá»¥, ngwa asamá»¥ahá»¥, onye na-asa ahá»¥
ğŸ›Œ	onye ná» nâ€™Ã kwÃ , á»¥lá» nkwará»‹, á»¥ra
ğŸ‘­	aka, di na nwunye, jide, nwanyá»‹, á»¥má»¥ nwanyá»‹ abá»¥á» jiká»tara aka
ğŸ‘«	aka, di na nwunye, jide, nwanyá»‹, nwoke, nwoke na nwaanyá»‹ jiká»tara aka
ğŸ‘¬	Gemini, aka, di na nwunye, ejima, jide, nwoke, zodá»‹ak, á»¥má»¥ nwoke abá»¥á» jiká»tara aka
ğŸ’	di na nwunye, nsusÃ² á»ná»¥
ğŸ’‘	di na nwunye, di na nwunye nwere obi, á»‹há»¥nanya
ğŸ‘ªï¸	ezinaá»¥lá»
ğŸ—£ï¸	ihu, isi, isi na-ekwu okwu, kwuo, na-ekwu okwu, silhouette
ğŸ‘¤	atá»¥ dá»‹ na á»chá»‹chá»‹rá»‹, isi na ubu mmadá»¥ atá»¥rá»¥, isi na ubu mmadá»¥ atá»¥rá»¥ atá»¥ dá»‹ na á»chá»‹chá»‹rá»‹
ğŸ‘¥	atá»¥ dá»‹ na á»chá»‹chá»‹rá»‹, isi na ubu mmadá»¥ atá»¥rá»¥, isi na ubu mmadá»¥ atá»¥rá»¥ atá»¥ dá»‹ na á»chá»‹chá»‹rá»‹ gasá»‹
ğŸ‘£	akwÃ , bipá»¥ta, á»¥zá»á»¥kwá»¥, á»¥zá»á»¥kwá»¥ gasá»‹
ğŸµ	ihu, ihu Ã¨nwÃ¨, Ã¨nwÃ¨
ğŸ’	Ã¨nwÃ¨
ğŸ¦	á»zá»dá»‹mgba
ğŸ¶	ihu, ihu nká»‹ta, nká»‹ta, nwa
ğŸ•ï¸	nká»‹ta, nwa nká»‹ta
ğŸ©	nká»‹ta, nká»‹ta ajá»‹ ajá»‹
ğŸº	ihu, ihu nká»‹ta á»há»‹a, nká»‹ta á»há»‹a
ğŸ¦Š	ihu, ihu ihu nká»‹ta á»há»‹a na-awá»¥Ì€ á»sá», ihu nká»‹ta á»há»‹a na-awá»¥Ì€ á»sá»
ğŸ±	ihu, ihu nwaologbo, nwa, nwaologbo
ğŸˆï¸	nwa nká»‹ta, nwaologbo
ğŸ¦	Leo, ihu, ihu á»dá»¥m, zodá»‹ak, á»dá»¥m
ğŸ¯	ihu, ihu taá»‹ga, taá»‹ga
ğŸ…	taá»‹ga
ğŸ†	agá»¥ Ã gwagwÃ 
ğŸ´	ihu, ihu inyinya, inyinya
ğŸ	egwuregwu inyinya, egwuregwu mwá»¥fe á»gbÃ , inyinya, inyinyaá»sá»
ğŸ¦„	ihu, ihu inyinya nwere mpi, inyinya nwere mpi
ğŸ¦“	akÃ rÃ Ã gbÃ , aná»¥ zebra
ğŸ¦Œ	Atá»¥Ì
ğŸ®	ehi, ihu, ihu ehi
ğŸ‚	Tá»rus, oke ehi, zodá»‹ak
ğŸƒ	ehi á»há»‹a, ehi á»há»‹a mmiri, mmiri
ğŸ„	nne ehi
ğŸ·	ezi, ihu, ihu ezÃ¬
ğŸ–	ezÃ¬, nne ezÃ¬
ğŸ—	ezÃ¬, oke ezÃ¬
ğŸ½	ezÃ¬, ihu, imi, imi ezÃ¬
ğŸ	Ariis, atá»¥rá»¥, oke, zodá»‹ak, Ã¨bÃ¹lÃ 
ğŸ‘	atá»¥rá»¥, nne, nne atá»¥rá»¥
ğŸ	Kaprá»‹ká»n, ewu, zodá»‹ak
ğŸª	inyinya á»Ì€zÃ rÃ , mkpumkpu
ğŸ«	inyinya á»Ì€zÃ rÃ , inyinya á»Ì€zÃ rÃ  nwere mkpumkpu abá»¥á», mkpumkpu, mkpumkpu abá»¥á»
ğŸ¦’	giraafá»¥, spá»tá»¥
ğŸ˜	enyi
ğŸ¦	ehi á»há»‹a otu mpÃ¬
ğŸ­	ihu, ihu Ã²ke á»há»‹a, Ã²ke á»há»‹a
ğŸ	Ã²ke á»há»‹a
ğŸ€	Ã²ke á»¥lá»
ğŸ¹	ihu, ihu Ã²ke bÃ¨kee, nwa, Ã²ke bÃ¨kee
ğŸ°	ihu, ihu Ã²ke bÃ¨kee nti ogologo, nti ogologo, nwa, Ã²ke bÃ¨kee
ğŸ‡	nti ogologo, nwa, Ã²ke bÃ¨kee nti ogologo
ğŸ¿ï¸	uzÃ¨
ğŸ¦”	ahá»¥ogwu, ndá»‹ka oke
ğŸ¦‡	na-amá»‹ á»bara, á»¥sá»¥
ğŸ»	bá»‹ar, ihu, ihu biar
ğŸ¨	aná»¥maná»¥ koala, biar
ğŸ¼	ihu, ihu panda, panda
ğŸ¾	aka, aka mbipá»¥ta nzá»á»¥kwá»¥ aná»¥maná»¥, mbipá»¥ta nzá»á»¥kwá»¥ aná»¥maná»¥, á»¥kwá»¥
ğŸ¦ƒ	nná»¥ná»¥, torotoro
ğŸ”	nná»¥ná»¥, á»ká»¥ká»
ğŸ“	akwa, nná»¥ná»¥, Ã kwamakwa
ğŸ£	na-apá»¥ta nâ€™Ã kwa, nná»¥ná»¥, nwa, nwa á»ká»¥ká»¥ na-apá»¥ta nâ€™Ã kwa, nwaá»ká»¥ká»
ğŸ¤	nná»¥ná»¥, nwa, nwa á»ká»¥ká», nwaá»ká»¥ká»
ğŸ¥	chewe ihu na nwa á»ká»¥ká», nná»¥ná»¥, nwa, nwaá»ká»¥ká»
ğŸ¦ï¸	nná»¥ná»¥
ğŸ§	nná»¥ná»¥, nná»¥ná»¥ sno
ğŸ•Šï¸	fepá»¥, nduri, nná»¥ná»¥, udo
ğŸ¦…	nná»¥ná»¥, ugo
ğŸ¦†	nná»¥ná»¥, udele igbo
ğŸ¦‰	ikwikwi, nná»¥ná»¥, nwere uche
ğŸ¸	aká»‹rá»‹, ihu, ihu aká»‹rá»‹
ğŸŠ	agá»¥iyi
ğŸ¢	mbÃ¨, mbÃ¨ mmiri, nwa mbÃ¨
ğŸ¦	ihe na-ará»‹ ará»‹, ngwere
ğŸ	Akaranribaama, agwá», zodá»‹ak, á»gba mgbochi
ğŸ²	aká»rá»aká», dragá»n, ihu, ihu dragá»n
ğŸ‰	aká»rá»aká», dragá»n
ğŸ¦•	brachiosaurus, brontosaurus, diplodocus, sauropod
ğŸ¦–	Ngwere egbeigwe, á»¤dá»‹ ngwere egbeigwe
ğŸ³	ihu, na-agbá»pá»¥ mmiri, nnukwu azá»¥ whelá»¥, nnukwu azá»¥ whelá»¥ na-agbá»pá»¥ mmiri
ğŸ‹	nnukwu azá»¥ whelá»¥
ğŸ¬	nnukwu azá»¥ dá»lphá»‹ná»¥, ntá»¥li elu
ğŸŸï¸	Akara ngosi, azá»¥Ì€, zodá»‹ak
ğŸ 	azá»¥Ì€, azá»¥Ì€ mmiri, ebe okpomá»á»ká»¥
ğŸ¡	azá»¥Ì€, azá»¥Ì€ nwere ike itÃ³Ã³ abá»¥ba
ğŸ¦ˆ	Nnukwu azá»¥, azá»¥, nnukwu
ğŸ™	aná»¥ mmiri
ğŸš	okirikiri, okpokoro, okpokoro okirikiri
ğŸŒ	ejÃ¹
ğŸ¦‹	ahá»¥há»¥, mara mma, mbubara, mbá»¥bara
ğŸ›	Chinchi, ahá»¥há»¥
ğŸœ	agbá»‹sá»‹, ahá»¥há»¥
ğŸ	ahá»¥há»¥, aá¹…á»¥, aá¹…á»¥Ì mmaná»¥aá¹…á»¥
ğŸ	ahá»¥há»¥, ebe, ebe nwanyi, nnechá»‹nchá»‹, nneebe
ğŸ¦—	Egwuregwu Kriket, á»¥Ì€kpÃ lÃ 
ğŸ•·ï¸	ahá»¥há»¥, ududo
ğŸ•¸ï¸	udodo, á»nyÃ  ududo
ğŸ¦‚	Nkwá»¥kakpá»‹, akpá»‹, zodá»‹ak
ğŸ’	okooko, ukwu-ihe
ğŸŒ¸	cheri, nchapá»¥ta, nchapá»¥ta cheri, okooko
ğŸ’®	okooko, okooko á»cha
ğŸµï¸	akwá»¥kwá» ndá»‹ka okooko, osisi
ğŸŒ¹	okooko, rozu
ğŸ¥€	kpá»nwá»¥rá»¥ akpá»nwá»¥, okooko, okooko kpá»nwá»¥rá»¥ akpá»nwá»¥
ğŸŒº	okooko, okooko bibuskus
ğŸŒ»	anwá»¥, okooko, okookoanwá»¥
ğŸŒ¼	nchapá»¥ta, okooko
ğŸŒ·	okooko, tulip
ğŸŒ±	mkpá»¥rá»¥, obere nwa
ğŸŒ²	osisi na-adá»‹ ndá»¥ kwa mgbe, osisi nnukwu
ğŸŒ³	dá»‹ á»¥tá», na-ekpuchi, osisi, osisi nke dá»‹ á»¥tá»
ğŸŒ´	nkwá»¥, osisi, osisi nkwá»¥
ğŸŒµ	kaktus, osisi
ğŸŒ¾	mkpá»¥rá»¥, ngwÃ¹ nke Ã²sikapa, nti, osikapa
ğŸŒ¿	akwá»¥kwá»nri, mgbá»rá»gwá»¥Ì€
â˜˜ï¸	akwá»¥kwá»nri shamrock, osisi
ğŸ€	4, akwá»¥kwá»nri, akwá»¥kwá»nri mgba aná», aná»
ğŸ	akwá»¥kwá»nri, akwá»¥kwá»nri mgbe ise, mgbe ise, na-ada
ğŸ‚	akwá»¥kwá» dara Ã dÃ , akwá»¥kwá»nri, na-ada
ğŸƒ	akwá»¥kwá» na-efesasi nâ€™ikukÃ¹, akwá»¥kwá»nri, fepá»¥, ikuku, mfesasi
ğŸ‡	grepá»¥, grepá»¥ gasá»‹, mkpá»¥rá»¥osisi
ğŸˆ	mkpá»¥rá»¥osisi, mkpá»¥rá»¥osisi melá»n
ğŸ‰	mkpá»¥rá»¥osisi, mkpá»¥rá»¥osisi mmirimelá»n
ğŸŠ	Tangeriná»¥, mkpá»¥rá»¥osisi, oroma
ğŸ‹	mkpá»¥rá»¥osisi, oroma, oroma nká»‹rá»‹sá»‹
ğŸŒ	mkpá»¥rá»¥osisi, unerÃ¨
ğŸ	mkpá»¥rá»¥osisi, á»kwá»¥rá»¥ bekee
ğŸ	apÃ¹l á»bara á»bara, apá»¥Ì€l, mkpá»¥rá»¥osisi, á»bara
ğŸ	apÃ¹l, apÃ¹l ndá»¥ ndá»¥, mkpá»¥rá»¥osisi, ndá»¥ ndá»¥
ğŸ	mkpá»¥rá»¥osisi, Ã¹be bÃ¨kee
ğŸ‘	mkpá»¥rá»¥osisi, á»¥tá»¥
ğŸ’	mkpá»¥rá»¥osisi, á»¥dara, á»¥dara gasá»‹
ğŸ“	mkpá»¥rá»¥osisi, strawberi, á»¥tá»¥
ğŸ¥	kiwi, mkpá»¥rá»¥osisi, mkpá»¥rá»¥osisi kiwi, nri
ğŸ…	akwá»¥kwá»nri, mkpá»¥rá»¥osisi, tomato
ğŸ¥¥	aká»‹ bÃ¨kee, ihe mmá»‹cha colada, nkwá»¥Ì
ğŸ¥‘	mkpá»¥rá»¥osisi, nri, ube bÃ¨kee
ğŸ†	akwá»¥kwá»nri, mkpá»¥rá»¥osisi aubergine, mkpá»¥rá»¥osisi ndá»‹ka akwa
ğŸ¥”	akwá»¥kwá»nri, ji bÃ¨kee, nri
ğŸ¥•	Kará»t, akwá»¥kwá»nri, kará»t, nri
ğŸŒ½	nti, ogbo nke á»kÃ , á»kÃ , á»¥zá»
ğŸŒ¶ï¸	oso, á»ká»¥, á»sá» á»ká»¥
ğŸ¥’	akwá»¥kwá»nri, mkpá»¥rá»¥akwá»¥kwá»nri, nri, ofe
ğŸ¥¦	akwá»¥kwá»nri bÃ¨kee, akwá»¥kwá»nri kabeji
ğŸ„	ero, ero mkpá»¥mkpá»¥
ğŸ¥œ	ahá»¥ekere, akwá»¥kwá»nri, aká»‹, nri
ğŸŒ°	chestná»t, osisi
ğŸ	achá»‹cha, achá»‹cha nká»‹tá»‹
ğŸ¥	achá»‹cha, achá»‹cha akpá»¥rá»¥ akpá»¥, achá»‹cha akpá»¥rá»¥ akpá»¥ nwere akwá»¥kwá»nri, french, nri
ğŸ¥–	achá»‹cha, achá»‹cha ogologo, french, nri, ogologo
ğŸ¥¨	achá»‹cha ekere eke, atá»¥ghará»‹rá»‹
ğŸ¥	achá»‹cha kpá»¥rá»¥ kpá»¥rá»¥, achá»‹cha na Ã kwa, achá»‹chanri, achá»‹chanri gasá»‹, nri
ğŸ§€	achá»‹cha á»¥tá», achá»‹cha á»¥tá» ebere ebÃ¨
ğŸ–	aná»¥, aná»¥ nâ€™á»kpá»¥kpá»¥, á»kpá»¥kpá»¥
ğŸ—	á»kpá»¥kpá»¥, á»ká»¥ká», á»¥kwá»¥, á»¥kwá»¥ á»¥lá» á»ká»¥ká», á»¥lá» á»ká»¥ká»
ğŸ¥©	aná»¥ amá»‹rá»‹ amá»‹, aná»¥ atá»¥rá»¥, aná»¥ ezi, azá»¥ aná»¥, bepá»¥ta aná»¥
ğŸ¥“	aná»¥, eghere eghe, nri, nri aná»¥
ğŸ”	achá»‹cha bá»ga, achá»‹cha nwere akwa
ğŸŸ	frenchá»‹, Ã¨nyÃ¨rÃ¨ eye frenchá»‹, Ã¨yÃ¨rÃ¨ eye
ğŸ•	achá»‹cha á»¥tá», ebÃ¨rÃ¨ Ã¨be, pizzÃ 
ğŸŒ­	achá»‹chanri aná»¥, nrianá»¥, nrianá»¥ na achá»‹cha
ğŸ¥ª	achá»‹cha nká»‹tá»‹, nri achá»‹cha na aná»¥
ğŸŒ®	achá»‹cha aná»¥, onye mexico
ğŸŒ¯	achá»‹cha nrianá»¥ na akwá»¥kwá»nri, ngwu Ã¨kÃ¨rÃ¨ke, onye mexico
ğŸ¥™	achá»‹cha akwá»¥kwá»nri nwá»¥rá»¥ anwá»¥, achá»‹chanwá»¥rá»¥ anwá»¥, akpá»¥rá»¥ akpá»¥ achá»‹cha, akwá»¥kwá»nri, gyro, nri, nri aná»¥ na achá»‹cha
ğŸ¥š	nri, Ã kwa
ğŸ³	ite oghighe, na-eghe ihe, na-esi nri, Ã kwa
ğŸ¥˜	aná»¥, efere, efere nri dabara nâ€™ime, nri ayá»‹ya, ná», nâ€™ime
ğŸ²	itÃ¨, itÃ¨ nri, ofe
ğŸ¥£	efere ofe na ngaji, nri á»¥tá»¥tá»¥, nriá»ka, Ã²sikapa agwá»rá» agwá»
ğŸ¥—	akwá»¥kwá»nri, ndá»¥ ndá»¥, nri, saladá»‹ ndá»¥ ndá»¥
ğŸ¿	á»kÃ 
ğŸ¥«	aná»¥ ná» na kaná»¥Ì€, nri etinyere na kaná»¥Ì€
ğŸ±	efere, efere ntinye nri, ntinye nri
ğŸ˜	achá»‹cha, achá»‹cha Ã²sÃ¬kapa, Ã²sÃ¬kapa
ğŸ™	akpá»¥rá»¥akpá»¥, ndá»‹ Japan, Ã²sÃ¬kapa, Ã²sÃ¬kapa Ã kpá»¥rá»¥akpá»¥
ğŸš	esiri Ã¨si, Ã²sÃ¬kapa, Ã²sÃ¬kapa esiri Ã¨si
ğŸ›	nwere ofe, Ã²sÃ¬kapa, Ã²sÃ¬kapa nwere ofe
ğŸœ	ite dabara nâ€™ime, ite na-asá»¥ asá»¥, na-asá»¥ asá»¥, nri Ã²sikapa nwere Ã kwa, Ã²sÃ¬kapa azá»‹za
ğŸ	Ã²sikapa gá»‹rá»‹gá»‹rá»‹, Ã²sÃ¬kapa ogologo
ğŸ 	ahá»¥rá»¥ Ã há»¥, ji bÃ¨kee, ji bÃ¨kee ahá»¥rá»¥ Ã há»¥Ì, ji á»¥tá»
ğŸ¢	aná»¥ amá»‹rá»‹ amá»‹, efere nri, nri achá»‹cha na naá»¥, nriazá»¥, osisi aná»¥
ğŸ£	Ã chá»‹cha nwere akwa etere ofe
ğŸ¤	ayá»‹ya, ayá»‹ya eghÃ¨rÃ¨ Ã¨ghe, eghÃ¨rÃ¨ Ã¨ghe, okporo, okporo eji flá» yee
ğŸ¥	azá»¥, etÃ¨rÃ¨, nka okirikiri, Ã chá»‹cha, Ã chá»‹cha azá»¥ nwere nka okirikiri
ğŸ¡	aná»¥ amá»‹rá»‹ amá»‹, ndá»‹ Japan, nri dango, osisi aná»¥, Ã chá»‹cha á»¥tá», á»¥tá»
ğŸ¥Ÿ	nri achá»‹cha, nri empanada, nri gyÅza, nri jiaozi, nri pierogi, nri potsticker
ğŸ¥ 	amá»¥ma, kuki achá»‹cha
ğŸ¥¡	igbe were lawa, nri akwa
ğŸ¦€	Izi, nshá»‹ká», zodá»‹ak
ğŸ¦	ayá»‹ya, ejummiri, nri, obere
ğŸ¦‘	Azá»¥ sá»¥kwá»‹dá»‹, azá»¥ sá»¥kwidi, ejummiri, nri
ğŸ¦	dá»‹ nro, ihe nracha dá»‹ nrá», ihenracha, nri nracha, Ã chá»‹cha á»¥tá», á»¥tá», á»¥tá» oyi
ğŸ§	akpá»¥chara akpá»¥cha, ihe aracha na-akpá»¥chara akpá»¥cha, Ã chá»‹cha á»¥tá», á»¥tá», á»¥tá» oyi
ğŸ¨	ihe nracha, Ã chá»‹cha á»¥tá», á»¥tá», á»¥tá» oyi
ğŸ©	doná»t, Ã chá»‹cha á»¥tá», á»¥tá»
ğŸª	kuki, Ã chá»‹cha á»¥tá», á»¥tá»
ğŸ‚	etÃ¨rÃ¨, ncheta á»má»¥má»¥, Ã chá»‹cha bÃ¨kee, Ã chá»‹cha ncheta á»má»¥má»¥, Ã chá»‹cha á»¥tá», Ã¨nwemá»¥aná»¥rá»‹, á»¥tá»
ğŸ°	etÃ¨rÃ¨, mbÃ¨wa, Ã chá»‹cha bÃ¨kee, Ã chá»‹cha á»¥tá», Ã chá»‹chaobere, á»¥tá»
ğŸ¥§	achá»‹cha, achá»‹cha na aná»¥, mmeju
ğŸ«	chá»ká»leti, ogwe, ogwe chá»ká»leti, Ã chá»‹cha á»¥tá», á»¥tá»
ğŸ¬	kandá»‹, Ã chá»‹cha á»¥tá», á»¥tá»
ğŸ­	Lá»lá»‹pá»pá»¥, kandá»‹, Ã chá»‹cha á»¥tá», á»¥tá»
ğŸ®	akamá»¥ bÃ¨kee, ihe nracha á»á¹…á»¥á¹…á»¥, Ã chá»‹cha á»¥tá», á»¥tá»
ğŸ¯	ite, ite mmaná»¥ aá¹…á»¥, itemmaná»¥aá¹…á»¥, mmaná»¥aá¹…á»¥, á»¥tá»
ğŸ¼	ara ehi, karama, karama nwata á»há»¥rá»¥, nwata á»há»¥rá»¥, á¹…á»¥á»
ğŸ¥›	Iko nká»¥wa Nke Mmiri ara Ehi, ara ehi, iko, mmiri
â˜•ï¸	ihe á»á¹…á»¥á¹…á»¥, ihe á»á¹…á»¥á¹…á»¥ dá»‹ á»ká»¥, ká»fá»‹, na-agbá» agbá», tii, á¹…á»¥á», á»ká»¥
ğŸµ	ihe á»á¹…á»¥á¹…á»¥, iko, iko na-enweghá»‹ aka, ikotii, tii, á¹…á»¥á»
ğŸ¶	ihe á»á¹…á»¥á¹…á»¥, iko, karama, maghaa, ogwe, á¹…á»¥á»
ğŸ¾	akpá»li, karama, karama nwere mkpuchi, mkpuchi, ogwe, á¹…á»¥á»
ğŸ·	ihe á»á¹…á»¥á¹…á»¥, iko, iko nká»¥wa, mmanya, ogwe, á¹…á»¥á»
ğŸ¸ï¸	iko, iko mmanya á»gbá»¥gbá»¥, ogwe, á¹…á»¥á», á»gbá»¥gbá»¥
ğŸ¹	ebe okpomá»á»ká»¥, mmanya ebe okpomá»á»ká»¥, ogwe, á¹…á»¥á»
ğŸº	iko mmanya biya, mmanya biya, nnukwu iko, ogwe, á¹…á»¥á»
ğŸ»	mmanya biya, na-aká»¥ká»ta iko biya, nká»¥ká»ta iko, nnukwu iko, ogwe, á¹…á»¥á»
ğŸ¥‚	Na-aká»¥ká»ta iko gasá»‹, iku nká»¥wa, ká»¥ká»ta, nwÃ¨e aá¹…á»¥rá»‹, á¹…á»¥á»
ğŸ¥ƒ	iko, iká» nká»¥wa, mgbanye, mmanye, nká»¥wa, á»ká»¥
ğŸ¥¤	iko nwere osisi rá»ba á»má»‹má»‹, mmanya mkpá»¥rá»¥osisi, soda
ğŸ¥¢	hashi, osisi nri
ğŸ½ï¸	efere, mmÃ , na-esi nri, ngaji ndá»¥dá»¥, ngaji ndá»¥dá»¥ na mma nwere efere
ğŸ´	mmÃ , na-esi nri, ngaji ndá»¥dá»¥, ngaji ndá»¥dá»¥ na mma
ğŸ¥„	efere nká»¥wa, ngaji
ğŸ”ª	mma, mma hocho, mma usekwu, na-esi nri, ngwa agha, ngwaá»rá»¥
ğŸº	iko nwere aka Ã bá»¥á», na-esi nri, ngwaá»gá»¥, ngwaá»rá»¥, nnukwu iko, zodá»‹ak, á¹…á»¥á», á»Œgba nchekwa azá»¥
ğŸŒ	Afrika, Europe, á»¥wa, á»¥wa dum, á»¥wa na-egosi Europe-Afrika
ğŸŒï¸	Amerikansi, á»¥wa, á»¥wa dum, á»¥wa dum na-egosi Amerikansá»‹
ğŸŒ	Asia, Australia, á»¥wa, á»¥wa dum, á»¥wa dum na-egosi Asia-Australia
ğŸŒ	meridiansá»‹, á»¥wa, á»¥wa dum, á»¥wa nwere meridiansá»‹
ğŸ—ºï¸	maapá»¥, maapá»¥ á»¥wa, á»¥wa
ğŸ—¾	Japan, maapá»¥Ì€, mappá»¥ nke Japan
ğŸ”ï¸	aká»¥rá»¥ mmiri, oyi, ugwu, ugwu aká»¥rá»¥ mmiri-kpuchiri
â›°ï¸	ugwu
ğŸŒ‹	mgbawa, mgbawa ugwu, ugwu
ğŸ—»	fuji, ugwu, ugwu fuji
ğŸ•ï¸	á»gbaká» nzuruike
ğŸ–ï¸	aká»¥ká»¥ mmiri, aká»¥ká»¥ mmiri nwere umbrali, umbrali
ğŸœï¸	á»Ì€zÃ rÃ 
ğŸï¸	Ã gwaetiti, Ã gwaetiti á»Ì€zÃ rÃ , á»Ì€zÃ rÃ 
ğŸï¸	á»dá»¥Ì€, á»dá»¥Ì€ obodo
ğŸŸï¸	ama á»gbaká» obodo
ğŸ›ï¸	klasá»‹kalá»¥, á»¥lá» klasá»‹kalá»¥
ğŸ—ï¸	á»rá»¥ ará»¥má»¥á»¥lá», á»rá»¥á»¥zá»
ğŸ˜ï¸	á»¥lá» gasá»‹
ğŸšï¸	gbara á»ká»¥, á»¥lá», á»¥lá» gbara á»ká»¥
ğŸ ï¸	be, á»¥lá»
ğŸ¡	be, ubi, á»¥lá», á»¥lá» nwere ubÃ¬
ğŸ¢	owá»¥wá»¥, á»¥lá» á»¥lá»á»rá»¥
ğŸ£	Ndá»‹ Japan, nzipu, á»¥lá» nzipu ozi Ndá»‹ Japan
ğŸ¤	Ndá»‹ Europe, nzipu, á»¥lá» nzipu ozi
ğŸ¥	dá»ká»‹nta, á»gwá»¥, á»¥lá» á»gwá»¥
ğŸ¦	owá»¥wá»¥, á»¥lá»aká»¥Ì€
ğŸ¨	owá»¥wá»¥, á»¥lá» nkwari
ğŸ©	á»‹há»¥nanya, á»¥lá» nkwari, á»¥lá» nkwari á»‹há»¥nanya
ğŸª	ihe á»¥lá», á»¥lá» ahá»‹a, á»¥lá» ahá»‹a ihe á»¥lá»
ğŸ«	owá»¥wá»¥, á»¥lá»akwá»¥kwá»
ğŸ¬	ngalaba, ngalaba á»¥lá» ahá»‹a, á»¥lá» ahá»‹a
ğŸ­ï¸	owá»¥wá»¥, á»¥lá» á»rá»¥
ğŸ¯	Ndá»‹ Japan, nnukwu á»¥lá», nnukwu á»¥lá» Ndá»‹ Japan
ğŸ°	Ndá»‹ Europe, nnukwu á»¥lá»
ğŸ’’	nnweká»rá»‹ta ihunanya, ulá» ekpere, Ã gbamá»¥akwá»¥kwá»
ğŸ—¼	Tokyo, á»¥lá» elu, á»¥lá» elu Tokyo
ğŸ—½	Akpá»¥rá»¥akpá»¥ nke Nnwereonwe, akpá»¥rá»¥akpá»¥, nnwereonwe
â›ªï¸	Ndá»‹ Ã²tÃ¹ Christi, obe, okpukperechi, á»¥lá»á»¥kÃ 
ğŸ•Œ	Ndá»‹ Alaká»¥ba, okpukperechi, á»¥ka Alaká»¥ba, á»¥lá» ekpere ndá»‹ Alaká»¥ba
ğŸ•	Ju, Ndá»‹ Ju, okpukperechi, á»¥lá» ekpere
â›©ï¸	okpukperechi, shinto, á»¥lá» ekpere, á»¥lá» ekpere shinto
ğŸ•‹	Ndá»‹ Alaká»¥ba, kaaba, okpukperechi, á»¥ka Alaká»¥ba
â›²ï¸	ebe mgbapá»¥ta mmiri
â›ºï¸	á»gbaká» nzuruike, á»¥lá» akwÃ 
ğŸŒ	igirigi nnukwu, igirigi obere
ğŸŒƒ	abalá»‹, abalá»‹ nwere kpakpando, kpakpando
ğŸ™ï¸	akaranhá»¥cha obodo, obodo
ğŸŒ„	anyanwá»¥, ugwu, á»wá»¥wa anyanwá»¥, á»wá»¥wa anyanwá»¥ nâ€™elu ugwu, á»¥tá»¥tá»¥
ğŸŒ…	anyanwá»¥, á»wá»¥wa anyawá»¥, á»¥tá»¥tá»¥
ğŸŒ†	abalá»‹, akaraá»¥zá», anyanwá»¥, ihe nkiri obodo nâ€™abalá»‹, mgbÃ¨dÃ¨, obodo, á»dá»‹da anyanwá»¥
ğŸŒ‡	abalá»‹, anyanwá»¥, á»dá»‹da-anyanwá»¥
ğŸŒ‰	abalá»‹, Ã kwÃ , Ã kwÃ  mmiri nâ€™abalá»‹
â™¨ï¸	mmiri okwute, mmiri á»ká»¥, mmiriá»ká»¥, á»gbá»¥gbá» mmiri, á»ká»¥
ğŸ 	inyá»‹nya igwe, inyá»‹nya igwe okirikiri, okirikiri
ğŸ¡	ama egwuregwu, ferris, á»¥kwá»¥, á»¥kwá»¥ ferris
ğŸ¢	ama egwuregwu, igwe egwuregwu, igwe egwuregwu mkpá»da, mkpá»da
ğŸ’ˆ	osisi, osisi onye á»kpá»¥ isi, á»kpá»¥ isi, á»kpá»¥kpá»¥isi
ğŸª	ihe nkiri, á»¥lá» akanya, á»¥lá» akanya ihe nkiri
ğŸš‚	igwe á»gá»‹ga, injin, mgbanye, okporoigwe, á»¥gbá»okporoigwe
ğŸšƒ	electrik, ogologoá»¥gbá»ala, okporoigwe, tramá»¥, á»¥gbá»ala, á»¥gbá»nta okporoigwe, á»¥gbá»okporoigwe
ğŸš„	okporoigwe, á»sá»‹á»‹sá», á»¥gbá»okporoigwe, á»¥gbá»okporoigwe oke á»sá», á»¥gbá»okporoigweá»sá»‹á»‹sá»
ğŸš…	mgbá», okporoigwe, á»sá»‹á»‹sá», á»¥gbá»okporoigwe, á»¥gbá»okporoigwe oke á»sá» nwere imi mgbá», á»¥gbá»okporoigweá»sá»‹á»‹sá»
ğŸš†	okporoigwe, á»¥gbá» okporoigwe
ğŸš‡ï¸	Metiro, á»¥zá» imeala
ğŸšˆ	nwa obere á»ká»¥ okporoigwe, okporoigwe
ğŸš‰	okporoigwe, á»dá»¥ á»¥gbá», á»¥gbá»okporoigwe
ğŸšŠ	ogologo á»¥gbá»ala, tramá»¥
ğŸš	otÃ¹ okporoigwe, á»¥gbá»ala
ğŸš	okporoigwe, ugwu, ugwu okporoigwe, á»¥gbá»ala
ğŸš‹	ogologo á»¥gbá»ala, tramá»¥, á»¥gbá»ala, á»¥gbá»ala ogologo tramá»¥
ğŸšŒ	á»¥gbá»ala, á»¥gbá»ala ogologo
ğŸšï¸	na-apá»¥ta apá»¥ta, á»¥gbá»ala ogologo, á»¥gbá»ala ogologo na-apá»¥ta apá»¥ta
ğŸš	igwemkpá»¥ghará»‹, ogologo á»¥gbá»ala, tramá»¥Ì€, á»¥gbá»ala ogologo
ğŸš	obere á»¥gbá»ala, á»¥gbá»ala ogologo
ğŸš‘ï¸	á»¥gbá»ala, á»¥gbá»ala á»¥lá»á»gwá»¥Ì€
ğŸš’	injin, injin á»ká»¥, á»ká»¥, á»¥gbá»ala ibu
ğŸš“	ndá»‹ uwe ojii, ngaghará»‹, á»¥gbá»ala, á»¥gbá»ala ndá»‹ uweojii
ğŸš”ï¸	na-apá»¥ta apá»¥ta, ndá»‹ uwe ojii, á»¥gbá»ala, á»¥gbá»ala ndá»‹ uweojii na-apá»¥ta apá»¥ta
ğŸš•	á»¥gbá»ala, á»¥gbá»ala njem
ğŸš–	na-apá»¥ta apá»¥ta, á»¥gbá»ala njem, á»¥gbá»ala njem na-apá»¥ta apá»¥ta
ğŸš—	á»¥gbá»ala
ğŸš˜ï¸	na-apá»¥ta apá»¥ta, á»¥gbá»ala, á»¥gbá»ala na-apá»¥ta apá»¥ta
ğŸš™	egwuregwu mmeghará»‹ ahá»¥, nke egwuregwu, á»¥gbá»ala á»kwá»¥Ì€ á»tá» ekÃ¨ne eze
ğŸšš	nnyefe, á»¥gbá»ala ibu, á»¥gbá»ala nnyefe ibu
ğŸš›	keetiti, nnukwu á»¥gbá»ala ahÃ ziri nke á»ma, nuukwu á»¥gbá»ala ibu, á»¥gbá»ala ibu
ğŸšœ	á»¥gbá»ala, á»¥gbá»alaugbo
ğŸï¸	egwuregwu á»‹gba á»sá», á»¥gbá»ala, á»¥gbá»ala na-agba osá» egwuregwu
ğŸï¸	na-agba osá» egwuregwu, á»gbaatumtum
ğŸ›µ	egwuregwu igwe, igwe á»¥gbá» egwuregwu, á»¥gbá»
ğŸš²ï¸	igwe, á»gbaatumtum
ğŸ›´	egwuregwu, igwe, igwe egwuregwu
ğŸš	ebe nkwá»¥sá»‹ ogologo á»¥gbá»ala, ebe nkwá»¥sá»‹ á»¥gbá», nkwá»¥sá»‹, ogologo á»¥gbá»ala
ğŸ›£ï¸	okeá»¥zá», á»¥zá», á»¥zá»á»¥gbá»ala
ğŸ›¤ï¸	okporoigwe, á»¥gbá»okporoigwe, á»¥zá» okporoigwe
ğŸ›¢ï¸	mmaná»¥, mmaná»¥ á»‹gba, á»‹gba
â›½ï¸	gasá»‹, igwe mgbanye mmaná»¥, mmiri á»¥gbá»ala, pá»mpá»¥, á»dá»¥Ì€ á»¥gbá»ala
ğŸš¨	beaká»n, na-agbaghará»‹, ndá»‹ uwe ojii, á»ká»¥, á»ká»¥ á»¥gbá»ala ndá»‹ uwe ojii, á»¥gbá»ala
ğŸš¥	akara, ngafÃ¨, á»ká»¥, á»ká»¥ ngafÃ¨ á»¥gbá»ala uhie
ğŸš¦	akara, ngafÃ¨, á»ká»¥, á»ká»¥ ngafÃ¨ á»¥gbá»ala kwá»¥á»tá»
ğŸ›‘	akara, akara kwá»¥sá»‹, kwá»¥sá»‹, octagá»nalá»¥
ğŸš§	á»gba, á»rá»¥á»¥zá»
âš“ï¸	mkpá»rá», ngwaá»rá»¥, á»¥gbá»mmiri
â›µï¸	ebe ezumiike, egwuregwu á»¥gbá»mmiri, oshimiri, á»¥gbá»mmiri, á»¥gbá»mmiri oke á»sá»
ğŸ›¶	á»¥gbá» epepe, á»¥gbá»mmiri
ğŸš¤	á»¥gbá»mmiri, á»¥gbá»mmiri oke á»sá»
ğŸ›³ï¸	ndá»‹ njem, oke á»sá», á»¥gbá»mmiri ndá»‹ njem
â›´ï¸	ndá»‹ njem, á»¥gbá» mmiri njem, á»¥gbá»mmiri
ğŸ›¥ï¸	á»¥gbá»mmiri, á»¥gbá»mmiri á»¥gbá»ala, á»¥gbá»mmiriá»¥gbá»ala
ğŸš¢	ndá»‹ njem, á»¥gbá»mmiri
âœˆï¸	á»¥gbá»elu
ğŸ›©ï¸	obere á»¥gbá»elu, á»¥gbá»elu
ğŸ›«	ebe mbanye, oge á»pá»¥pá»¥ á»¥gbá»elu, á»pá»¥pá»¥, á»pá»¥pá»¥ gasá»‹, á»¥gbá»elu
ğŸ›¬	na-abata, na-adÃ , oge mbata, oge mbata á»¥gbá»elu, á»¥gbá»elu
ğŸ’º	oche
ğŸš	á»¥gbá»ala, á»¥gbá»elu nta
ğŸšŸ	nkwá»¥sá»‹, nkwá»¥sá»‹ okporoigwe, okporoigwe
ğŸš 	gondola, ugwu, waya, á»¥gwu á»¥zá»waya
ğŸš¡	elu obere, elu obere okporoigwe, gondola, waya, á»¥gbá»ala, á»¥zá»tramá»¥
ğŸ›°ï¸	oghere, satá»‹lá»‹tá»‹
ğŸš€	oghere, á»¥gbá»elu á»nwa
ğŸ›¸	UFO, ihe na-efe efe
ğŸ›ï¸	igweibu, mgbá»‹rá»‹gba, mgbá»‹rá»‹gba igweibu, á»¥lá» nkwará»‹
âŒ›ï¸	aja, ngwaoge, ngá»¥oge
â³ï¸	aja, ngwaoge, ngwaoge nwere mbadÃ  aja, ngá»¥oge
âŒšï¸	elekere, elekere aka
â°	elekere, elekere mgbaama, mgbaama
â±ï¸	elekere, elekerenkwá»¥sá»‹
â²ï¸	elekere, elekere ngá»¥oge, ngá»¥oge
ğŸ•°ï¸	elekere, elekere nkwá»¥rá»¥onwe
ğŸ•›ï¸	00, 12, 12:00, elekere, elekere iri na abá»¥á», iri na abá»¥á», á» ká»¥á»la
ğŸ•§	12, 12:30, 30, elekere, elekere iri na abá»¥á»- á»kara, iri na abá»¥á», á»kara
ğŸ•ï¸	00, 1, 1:00, elekere, elekere mbá»¥, mbá»¥, á» ká»¥á»la
ğŸ•œ	1, 1:30, 30, clock, elekere mbá»¥-á»kara, mbá»¥, á»kara
ğŸ•‘ï¸	00, 2, 2:00, abá»¥á», elekere, elekere abá»¥á», á» ká»¥á»la
ğŸ•	2, 2:30, 30, abá»¥á», elekere, elekere abá»¥á»-á»kara, á»kara
ğŸ•’ï¸	00, 3, 3:00, atá», elekere, elekere atá», á» ká»¥á»la
ğŸ•	3, 30, 3:30, atá», elekere, elekere atá»-á»kara, á»kara
ğŸ•“ï¸	00, 4, 4:00, a ká»¥á»la, aná», elekere, elekere aná»
ğŸ•Ÿ	30, 4, 4:30, aná», elekere, elekere aná»-á»kara, á»kara
ğŸ•”ï¸	00, 5, 5:00, aká»¥á»la, elekere, elekere ise, ise
ğŸ• 	30, 5, 5:30, elekere, elekere ise-á»kara, ise, á»kara
ğŸ••ï¸	00, 6, 6:00, elekere, elekere isii, isii, á» ká»¥á»la
ğŸ•¡	30, 6, 6:30, elekere, elekere isii-á»kara, isii, á»kara
ğŸ•–ï¸	00, 7, 7:00, aká»¥á»la, asaa, elekere, elekere asaa
ğŸ•¢	30, 7, 7:30, asaa, elekere, elekere asaa-á»kara, á»kara
ğŸ•—ï¸	00, 8, 8:00, aká»¥á»la, asaa, elekere, elekere asatá»
ğŸ•£	30, 8, 8:30, asatá», elekere, elekere asatá»-á»kara, á»kara
ğŸ•˜ï¸	00, 9, 9:00, aká»¥á»la, elekere, elekere itoolu, itoolu
ğŸ•¤	30, 9, 9:30, elekere, elekere itoolu-á»kara, itoolu, á»kara
ğŸ•™ï¸	00, 10, 10:00, aká»¥á»la, elekere, elekere iri, iri
ğŸ•¥	10, 10:30, 30, elekere, elekere iri-á»kara, iri, á»kara
ğŸ•šï¸	00, 11, 11:00, aká»¥á»la, elekere, elekere iri na otÃ¹, iri na otÃ¹
ğŸ•¦	11, 11:30, 30, elekere, elekere iri na otÃ¹-á»kara, iri na otÃ¹, á»kara
ğŸŒ‘	ojii, á»nwa, á»nwa á»há»¥rá»¥
ğŸŒ’	gburu uhie, imelite á»nwa gburu uhie, mmelite, á»nwa
ğŸŒ“	mbá»¥ nke mmalite-afá», á»nwa, á»nwa mbá»¥ nke mmalite-afá»
ğŸŒ”	na-achawapá»¥ta, á»kara á»nwa, á»nwa, á»nwa na-achawapá»¥ta á»kara á»nwa
ğŸŒ•ï¸	zuru Ã²kÃ¨, á»nwa, á»nwa zuru Ã²kÃ¨
ğŸŒ–	imelata, imelata á»nwa á»kara, á»kara á»nwa, á»nwa
ğŸŒ—	mbá»¥ nke mmalite-afá», á»nwa, á»nwa ikpeazu nke á»gwá»¥gwá»¥-afá»
ğŸŒ˜	gburu uhie, imelata á»nwa gburu uhie, mmelite, á»nwa
ğŸŒ™	mmelite, á»nwa, á»nwa elu-ugwu
ğŸŒš	ihu, ihu á»nwa á»há»¥rá»¥, á»nwa
ğŸŒ›	ihu, mbá»¥ nke mmalite-afá», á»nwa, á»nwa mbá»¥ nke mmalite-afá» nwere ihu
ğŸŒœï¸	ihu, mbá»¥ nke mmalite-afá», á»nwa, á»nwa ikpeazu nke á»gwá»¥gwá»¥-afá» nwere ihu
ğŸŒ¡ï¸	tamomá»‹ta, á»ná»dá»¥ ihu eluigwe
â˜€ï¸	anwá»¥, anyanwá»¥, nchapá»¥ta, Ã¬hÃ¨
ğŸŒ	ihu, zuru Ã²kÃ¨, Ã¬hÃ¨, á»nwa, á»nwa zuru Ã²kÃ¨ nwere ihu
ğŸŒ	anyanwá»¥, anyanwá»¥ nwere ihu, ihu, Ã¬hÃ¨
â­ï¸	kpakpando, kpakpando á»cha
ğŸŒŸ	kpakpando, kpakpando na-amá»¥ke amá»¥ke, mmukesi, mmá»¥ke, má»¥rá»¥má»¥rá»¥, nchapá»¥ta
ğŸŒ 	Kpakpando na-ada ada, kpakpando, na-ada Ã dÃ , na-agba agba
ğŸŒŒ	oghere, á»¥zá» igwe kpakpando
â˜ï¸	urukpu, á»ná»dá»¥ ihu eluigwe
â›…ï¸	anyanwá»¥, anyanwá»¥ nâ€™Ã zá»¥ urukpu, urukpu
â›ˆï¸	egbeigwe, mmiri Ã²zÃ¹zÃ², urukpu, urukpu nwere Ã má»¥Ì€mÃ  na mmiri Ã²zÃ¹zÃ²
ğŸŒ¤ï¸	anyanwá»¥, anyanwá»¥ nâ€™Ã zá»¥ obere urukpu, urukpu
ğŸŒ¥ï¸	anyanwá»¥, anyanwá»¥ nâ€™Ã zá»¥ nnukwu urukpu, urukpu
ğŸŒ¦ï¸	anyanwá»¥, anyanwá»¥ nâ€™Ã zá»¥ urukpu mmiri Ã²zÃ¹zÃ², mmiri Ã²zÃ¹zÃ², urukpu
ğŸŒ§ï¸	mmiri Ã²zÃ¹zÃ², urukpu, urukpu nwere mmiri Ã²zÃ¹zÃ²
ğŸŒ¨ï¸	akwá»¥rá»¥ mmiri, oyi, urukpu, urukpu nwere akwá»¥rá»¥ mmiri
ğŸŒ©ï¸	urukpu, urukpu nwere Ã má»¥Ì€mÃ , Ã má»¥Ì€mÃ 
ğŸŒªï¸	ajá»á» Ã¬kÃ¹kÃ¹, oke Ã¬kÃ¹kÃ¹, urukpu
ğŸŒ«ï¸	igirigi nnukwu, urukpu
ğŸŒ¬ï¸	fepá»¥, ihu, ihu Ã¬kÃ¹kÃ¹, urukpu, Ã¬kÃ¹kÃ¹
ğŸŒ€	ajá»o Ã¬kÃ¹kÃ¹ na mmiri, ajá»¥Ì€, ntá»¥ghá»‹, oke Ã¬kÃ¹kÃ¹ okirikiri
ğŸŒˆ	egwurugwu, mmiri Ã²zÃ¹zÃ²
ğŸŒ‚	akwÃ , mmiri Ã²zÃ¹zÃ², á»¥mbrali mechiri emechi, á»¥mbralá»‹
â˜‚ï¸	akwÃ , mmiri Ã²zÃ¹zÃ², á»¥mbrali
â˜”ï¸	akwÃ , mmiri Ã²zÃ¹zÃ², ntá»¥sa, á»¥mbrali, á»¥mbrali na-atá»¥sá»‹ mmiri
â›±ï¸	anyanwá»¥, mmiri Ã²zÃ¹zÃ², á»¥mbrali, á»¥mbrali ná» nâ€™ala
âš¡ï¸	akara volteji dá»‹ elu, egwÃ¹, electrik, electriksiti, volteji, zapá»¥, Ã má»¥Ì€mÃ 
â„ï¸	aká»¥rá»¥ mmiri igwe, nchakaaká»¥rá»¥ mmiri igwe, oyi
â˜ƒï¸	aká»¥rá»¥ mmiri igwe, nwoke aká»¥rá»¥mmiri igwe, oyi
â›„ï¸	aká»¥rá»¥ mmiri, nwoke aká»¥ mmiri igwe na-enweghá»‹ aká»¥ mmiri igwe, nwoke aká»¥rá»¥mmiri igwe, oyi
â˜„ï¸	ire á»ká»¥ igwe, oghere
ğŸ”¥	ngwaá»rá»¥, á»ká»¥
ğŸ’§	mkpaá»chá»‹, ntá»¥sa, okpofufu, oyi
ğŸŒŠ	mmiri, oshimiri, Ã¬kÃ¹kÃ¹ mmiri
ğŸƒ	Jack-o-lantern, enwemá»¥aá¹…á»¥rá»‹, hallowiná»¥, jacki, mpanaaka
ğŸ„	EkeresÃ¬mesÃ¬, enwemá»¥aá¹…á»¥rá»‹, osisi, osisi EkeresÃ¬mesÃ¬
ğŸ†	enwemá»¥aá¹…á»¥rá»‹, á»rá»¥á»ká»¥
ğŸ‡	enwemá»¥aá¹…á»¥rá»‹, icheku á»ká»¥, ihe icheku á»ká»¥, á»rá»¥á»ká»¥
âœ¨	icheku á»ká»¥, icheku á»ká»¥ gasá»‹, kpakpando
ğŸˆ	Blonblo, enwemá»¥aá¹…á»¥rá»‹
ğŸ‰	enwemá»¥aá¹…á»¥rá»‹, ihe mmapá»¥ta erimeri, mmemme, tada
ğŸŠ	bá»olá»¥, bá»á»lá»¥ ká»nfeti, enwemá»¥aá¹…á»¥rá»‹, ká»nfeti
ğŸ‹	Ndá»‹ Japan, banna, enwemá»¥aá¹…á»¥rá»‹, osisi, osisi tanabata
ğŸ	achara, enwemá»¥aá¹…á»¥rá»‹, ndá»‹ Japan, ukwu osisi, á»chá» mma ukwu osisi
ğŸ	dá»lá»¥, dá»lá»¥ ndá»‹ Japan, emume, enwemá»¥aá¹…á»¥rá»‹, ndá»‹ Japan
ğŸ	azá»¥ iyi, enwemá»¥aá¹…á»¥rá»‹, á»ká»lá»tá», á»ká»lá»tá» azá»¥ iyi
ğŸ	enwemá»¥aá¹…á»¥rá»‹, mgbá»‹rá»‹gba, ndaká»rá»‹ta á»¥da, Ã¬kÃ¹kÃ¹, Ã¬kÃ¹kÃ¹ ndaká»rá»‹ta á»¥da
ğŸ‘	emume, emume nlele á»nwa, enwemá»¥aá¹…á»¥rá»‹, á»nwa
ğŸ€	enwemá»¥aá¹…á»¥rá»‹, ribá»n
ğŸ	ekere Ã¨ke, enwemá»¥aá¹…á»¥rá»‹, igbe, onyinye, onyinye ekere Ã¨ke
ğŸ—ï¸	enwemá»¥aá¹…á»¥rá»‹, ihe ncheta, ihe ncheta ribá»n, ribá»n
ğŸŸï¸	nnabata, tiketi, tiketi nnabata gasá»‹
ğŸ«	nnabata, tiketi
ğŸ–ï¸	enwemá»¥aá¹…á»¥rá»‹, ihe nrite iheolu, ihe nrite iheolu ndá»‹ agha, ndá»‹ agha
ğŸ†ï¸	ihe nrite, iko mmeri
ğŸ…	iheolu, iheolu mmeri
ğŸ¥‡	iheolu, iheolu mmeri 1st, mbá»¥, á»la-Ã¨dÃ²
ğŸ¥ˆ	iheolu, iheolu mmeri 2nd, nke abá»¥á», á»la-á»cha
ğŸ¥‰	bronzu, iheolu, iheolu mmeri 3rd, nke atá»
âš½ï¸	bá»olá»¥, bá»á»lá»¥ egwuregwu, bá»á»lá»¥ á»¥kwá»¥, egwuregwu bá»á»lá»¥
âš¾ï¸	bá»á»lá»¥, bá»á»lá»¥ nká»¥osisi
ğŸ€	bá»á»lá»¥, bá»á»lá»¥ Ã¨kÃ¨te, ngwa okirikiri
ğŸ	bá»á»lá»¥, bá»á»lá»¥aka, egwuregwu
ğŸˆ	amerikan, bá»á»lá»¥, bá»á»lá»¥á»¥kwá»¥, bá»á»lá»¥á»¥kwá»¥ Amerikan
ğŸ‰	bá»á»lá»¥, bá»á»lá»¥á»¥kwá»¥, bá»á»lá»¥á»¥kwá»¥ rugby, rugby
ğŸ¾	bá»á»lá»¥, tenis, Ã¨kÃ¨te aká»¥rá»¥ aká»¥
ğŸ³	bá»á»lá»¥, egwuregwu, egwuregwu á»‹kpá» bá»á»lá»¥
ğŸ	baatá»‹, bá»á»lá»¥, egwuregwu, egwuregwu kriketi
ğŸ‘	bá»á»lá»¥, egwuregwu, fild, há»ká»‹, há»ká»‹ fild, osisi
ğŸ’	egwuregwu, há»ká»‹, há»ká»‹ á»‹zá»‹, osisi, pá»ká»¥, á»‹zá»‹
ğŸ“	baatá»‹, bá»olá»¥, egwuregwu, egwuregwu ping pong, osisi nkwá» mmiri, ping pong, tebá»¥Ì€l tenis
ğŸ¸	egwuregwu, egwuregwu badminton, ngwa egwuregwu, ngwa egwuregwu raketi, osisi raketi
ğŸ¥Š	Mgbanaka oti á»kpá», mgbanaka, oti á»kpá»
ğŸ¥‹	akwÃ , akwÃ  ndá»‹ kÃ rati, kÃ rati, na-eyÃ¬, ndá»‹ kÃ rate, takwandÃ 
ğŸ¥…	Ã¨kÃ¨tÃ¨, Ã¨kÃ¨tÃ¨ á»gba nche bá»á»lá»¥, á»gba nche bá»á»lá»¥
â›³ï¸	gá»fá»¥, á»ká»lá»tá» nâ€™á»ná»¥ oghere, á»ná»¥ oghere
â›¸ï¸	egwuregwu, egwuregwu á»‹zá»‹, á»‹zá»‹
ğŸ£	azá»¥, osisi, osisi Ã ká»maazá»¥Ì€
ğŸ½	agbamá»¥á»sá», na-agba á»sá», sashá»‹, uwe, uwe elu eji agba á»sá»
ğŸ¿	aká»¥rá»¥ mmiri igwe, egwuregwu, egwuregwu mkpá»da ugwu
ğŸ›·	ngwa nga nâ€™aká»¥rá»¥ mmiri igwe, á»¥gbá»ala aká»¥rá»¥ mmiri igwe
ğŸ¥Œ	egwuregwu, okwute eji akwá» ihe, Ç¹kume
ğŸ¯	anya, ebe achá»rá», egwuregwu, egwuregwu ngwa okirikiri, gara ka atá»¥Ì€rá»¥Ì€, ngwa ntá»¥ ngwa okirikiri, nnweta, nnweta etiti ngwa okirikiri
ğŸ±	8, Poolu 8 bá»á»lá»¥, asatá», billiardá»‹, bá»á»lá»¥, egwuregwu
ğŸ”®	aká»rá»ako, ará»rá»ará», bá»olá»¥, bá»á»lá»¥ enyo, enyo, ngwaá»rá»¥, uru
ğŸ®ï¸	egwuregwu, egwuregwu vidio, onye njizi
ğŸ•¹ï¸	egwuregwu, egwuregwu vidio, ngwa egwuregwu ká»mputa
ğŸ°	egwuregwu, igwe ntinye ihe, ntinye ihe
ğŸ²	egwuregwu, mkpá»¥rá»¥ egwuregwu, á»nwá»¥, á»nwá»¥ egwuregwu
â™ ï¸	egwuregwu, egwuregwu joka, kaadá»‹
â™¥ï¸	egwuregwu, egwuregwu joka á»‹há»¥nanya, kaadá»‹
â™¦ï¸	egwuregwu, egwuregwu joka dá»‹amá»n, kaadá»‹
â™£ï¸	egwuregwu, egwuregwu joka klá»b, kaadá»‹
ğŸƒ	egwuregwu, kaadi joka, kaadá»‹, kaadá»‹mmeri
ğŸ€„ï¸	dragá»n á»bara mahjong, egwuregwu, mahjong, á»bara
ğŸ´	Ndá»‹ Japan, egwuregwu, kaadá»‹, kaadá»‹ okooko eji egwu egwu, na-egwu egwu, okooko
ğŸ­ï¸	ihe Ç¹kÃ , mkpuchi ihu, na-egosipá»¥ta, na-egosipá»¥ta ihe Ç¹kÃ , á»¥lá» Ç¹kÃ 
ğŸ–¼ï¸	fremá»¥, fÃ²to, fÃ²to nwere fremá»¥, ihe Ç¹kÃ , ite Ã gbÃ , á»¥lá» nchekwa Ç¹kÃ 
ğŸ¨	fremá»¥, ihe Ç¹kÃ , ite Ã gbÃ , obosara osisi onye Ç¹kÃ , osisi onye Ç¹kÃ , á»¥lá» nchekwa Ç¹kÃ 
ğŸ‘“ï¸	akwÃ , anya, mpÃ¹ nâ€™anya, ugogbeanya, Ã¨nyÃ² gasá»‹
ğŸ•¶ï¸	anya, mpÃ¹ nâ€™anya, oji, ugogbeanya, Ã¨nyÃ² gasá»‹
ğŸ‘”	mmaolu akwÃ , na-eme akwÃ 
ğŸ‘•	akwa-t, akwÃ t, na-eme akwÃ , uwe ahá»¥
ğŸ‘–	Jinsi, na-eme akwÃ , trá»za gasá»‹, á»bante
ğŸ§£	ichafÃ¹, olu
ğŸ§¤	aka, mgbaaka gasá»‹
ğŸ§¥	akwÃ  mkpuchi ahá»¥, kotu
ğŸ§¦	akwÃ á»¥kwá»¥, sá»á»sá»¥
ğŸ‘—	na-eme akwÃ , uwe
ğŸ‘˜	kimono, na-eme akwÃ 
ğŸ‘™	akwÃ  mmiri, bikini, na-eme akwÃ 
ğŸ‘š	akwÃ  á»¥má»¥nwanyá»‹, na-eme akwÃ , nwanyá»‹
ğŸ‘›	ká»á»‹ná»¥, na-eme akwÃ , obere Ã kpÃ  ntinye ego
ğŸ‘œ	na-eme akwÃ , obere Ã kpÃ  ntinye ego, Ã gbankÃ² nâ€™aka, Ã kpÃ 
ğŸ‘	na-eme akwÃ , obere Ã kpÃ , Ã kpÃ , Ã kpÃ  njina nâ€™aka
ğŸ›ï¸	azá»¥maahá»‹a, Ã kpÃ , Ã kpÃ  azá»¥maahá»‹a gasá»‹, á»¥lá» nkwará»‹
ğŸ’	akpá»¥kpaná»¥, Ã kpÃ , Ã kpÃ  akwá»¥kwá» nkwá»Ì€ nâ€™azá»¥, á»¥lá»akwá»¥kwá»
ğŸ‘	akpá»¥kpá»á»¥kwá»¥, akpá»¥kpá»á»¥kwá»¥ nwoke, na-eme akwÃ , nwoke
ğŸ‘Ÿ	akpá»¥kpá»á»¥kwá»¥, akpá»¥kpá»á»¥kwá»¥ eji Ã gba á»sá», akpá»¥kpá»á»¥kwá»¥ ndá»‹ mfe, mgbaá»sá», na-eme akwÃ 
ğŸ‘ 	akpá»¥kpá»á»¥kwá»¥, akpá»¥kpá»á»¥kwá»¥ pá»‹rá»‹ á»ná»¥, na-eme akwÃ , nwanyá»‹, pá»‹rá»‹ á»ná»¥ dá»‹ elu
ğŸ‘¡	akpá»¥kpá»á»¥kwá»¥, akpá»¥kpá»á»¥kwá»¥ nkechi, akpá»¥kpá»á»¥kwá»¥ nkechi á»¥má»¥nwanyá»‹, na-eme akwÃ , nwanyá»‹
ğŸ‘¢	akpá»¥kpá»á»¥kwá»¥, akpá»¥kpá»á»¥kwá»¥ akpá»¥kpá»aná»¥, akpá»¥kpá»á»¥kwá»¥ akpá»¥kpá»aná»¥ á»¥má»¥nwanyá»‹, na-eme akwÃ , nwanyá»‹
ğŸ‘‘	ezÃ¨, ezÃ¨nwanyá»‹, na-eme akwÃ , Ã²kpueze
ğŸ‘’	na-eme akwÃ , nwanyá»‹, Ã²kpu, Ã²kpu nwaanyá»‹
ğŸ©	di elu, na-eme akwÃ , Ã²kpu, Ã²kpu dá»‹ elu
ğŸ“ï¸	enwemá»¥aá¹…á»¥rá»‹, na-eme akwÃ , nzere, Ã²kpu, Ã²kpu nzere
ğŸ§¢	okpu bá»á»lá»¥ nká»¥osisi, okpu edere ihe
â›‘ï¸	igwe, ihu, nke, okpu, okpu igwe ndá»‹ á»rá»¥ mgbapá»¥ta, Ã¨nyÃ¨maka
ğŸ“¿	chapá»¥leti, chapá»¥leti ekpere, ekpere, iheolu, na-eme akwÃ , okpukperechi
ğŸ’„	á»chá»mma, á»tanjele, á»tanjele mbiribeá»ná»¥
ğŸ’	mgbaaka, okwute mmuke
ğŸ’	mgbanaaka, okwute mmuke, okwute mpá»¥rá»¥ iche
ğŸ”‡	ekwughá»‹ okwu, nwayá», ogbÃ¬, Ã²kwÃ¹ okwu, Ã²kwÃ¹ okwu emere-Ã²gbÃ¬
ğŸ”ˆï¸	nrÃ², Ã²kwÃ¹ okwu á»¥hÃ raá»¥dÃ  dá»‹ ala
ğŸ”‰	etiti, Ã²kwÃ¹ okwu á»¥hÃ raá»¥dÃ  ndá»‹na etiti
ğŸ”Š	Ã²kwÃ¹ okwu á»¥hÃ raá»¥dÃ  dá»‹ elu, á»¥da
ğŸ“¢	Ã dreÃ¨sÃ¬ á»ha, á»¥da egwu, á»¥dÃ 
ğŸ“£	igweokwu, na-eti mkpu á»á¹…á»¥Ì€
ğŸ“¯	mkpá»te, opi, opi mkpá»te, zipá»¥
ğŸ””	mgbá»‹rá»‹gba
ğŸ”•	a, amaghá», amapá»¥rá»¥, egbochiri, ekwughá»‹ okwu, mgbá»‹rá»‹gba, mgbá»‹rá»‹gba nwere mgbawa, nwayá», ogbÃ¬
ğŸ¼	akara, akara egwu, egwu
ğŸµ	ederede á»¥dÃ -egwu, egwu
ğŸ¶	ederede, ederede á»¥dÃ -egwu gasá»‹, egwu, á»¥dÃ -egwu
ğŸ™ï¸	egwu, igweokwu, igweokwu nkwá»¥rá»¥onwe, igweokwu nkwá»¥rá»¥onwe á»¥lá»egwu, á»¥lá»egwu
ğŸšï¸	egwu, mkpá»mbufÃ¨, ogo, ogo mkpá»mbufÃ¨
ğŸ›ï¸	ebe njideaka gasá»‹, egwu, njizi, njizi ká»bá»¥ gasá»‹
ğŸ¤	igweokwu, igweokwu nkwá»¥rá»¥onwe, karaoke
ğŸ§ï¸	ekwentá»‹isi, igweokwunti
ğŸ“»ï¸	redio, vidio
ğŸ·	egwu, ngwaegwu, opi egwu
ğŸ¸	egwu, ngwaegwu, á»¥bá»
ğŸ¹	egwu, ngwaegwu, ube, á»¥gbá»á»tá»¥gwo, á»¥gbá»á»tá»¥gwo á»¥dÃ -egwu
ğŸº	egwu, ngwaegwu, Ã²pÃ¬ ike
ğŸ»	egwu, ngwaegwu, á»¥bá» nta
ğŸ¥	egwu, osisiÃ¬gbÃ , Ã¬gbÃ 
ğŸ“±	ekwentá»‹, ekwentá»‹ kengaghari, kengaghari, mpanaka
ğŸ“²	ekwenti, ekwentá»‹ kengaghari nwere ube, kengaghari, kpá»á», mpanaka, nnata, ube
â˜ï¸	ekwentá»‹
ğŸ“	ekwenti, onye nnataozi, onye nnataozi ekwenti
ğŸ“Ÿï¸	ozi ekwentá»‹
ğŸ“ 	faasá»‹, igwe ozi faasá»‹
ğŸ”‹	batrá»‹
ğŸ”Œ	ihe kwá»¥nye, ihe nkwá»¥nye latriki, latriki, latrisiti
ğŸ’»ï¸	keonwe, ká»mpá»¥ta, ká»mpá»¥tÃ  nkuná»¥kwá»¥, pc
ğŸ–¥ï¸	desktá»á»p, desktá»á»p ká»mpá»¥ta, ká»mpá»¥ta
ğŸ–¨ï¸	igwe mbipá»¥ta, ká»mpá»¥ta
âŒ¨ï¸	ká»mpá»¥ta, á»¥gbá»á»tá»¥gwo
ğŸ–±ï¸	ká»mpá»¥ta, nwambe ká»mpá»¥ta
ğŸ–²ï¸	bá»á»lá»¥traaká»‹, ká»mpá»¥ta
ğŸ’½	diiski, diiski ká»mpá»¥ta, diiskiobere, ká»mpá»¥ta, á»ptá»‹kal
ğŸ’¾	diiski, flá»pi, flá»pi diiski, ká»mpá»¥ta
ğŸ’¿ï¸	cd, diiski, diiski á»ptá»‹kal, ká»mpá»¥ta, á»ptá»‹kal
ğŸ“€	blu-ray, diiski, dvd, ká»mpá»¥ta, á»ptá»‹kal
ğŸ¥	igwefÃ²to, ihe nkiri, ihe nkiri igwefÃ²to, á»¥lá» ihe nkiri
ğŸï¸	fremá»¥ gasi, fremá»¥ ihe nkiri gasá»‹, ihe nkiri, á»¥lá» ihe nkiri
ğŸ“½ï¸	ihe nkiri, ihe nkiri ahá»¥ aja, vidio, á»¥lá» ihe nkiri
ğŸ¬ï¸	ihe nkiri, ngwa nká»¥pá»¥ta á»¥da, nká»¥pá»¥ta á»¥da
ğŸ“ºï¸	ihe onyonyo, tv, vidio
ğŸ“·ï¸	igwefÃ²to, vidio
ğŸ“¸	igwefÃ²to, igwefÃ²to nwere á»ká»¥, vidio, á»ká»¥
ğŸ“¹ï¸	igwefÃ²to, igwefÃ²to vidio, vidio
ğŸ“¼	tepá»¥, vhs, vidio, vidiokaseeti
ğŸ”	chá»á», mbawanye, ngwaá»rá»¥, Ã¨nyÃ², Ã¨nyÃ² mbawanye na-atá»¥ga akaekpe
ğŸ”	chá»á», mbawanye, ngwaá»rá»¥, Ã¨nyÃ², Ã¨nyÃ² mbawanye na-atá»¥ga akanri
ğŸ•¯ï¸	kandá»¥Ì€l, á»ká»¥
ğŸ’¡	latriká»‹, mkpaá»chá»‹, uche, á»ká»¥, á»ká»¥ bá»lbá»¥
ğŸ”¦	latriká»‹, nchaá»ká»¥, ngwaá»rá»¥, á»ká»¥, á»ká»¥ mpanaka
ğŸ®	mpanaka, mpanaka akwá»¥kwá» á»bara, ogwe, á»bara, á»ká»¥
ğŸ“”	akwá»¥kwá», akwá»¥kwá»noÃ²tÃ¹, akwá»¥kwá»noÃ²tÃ¹ nwere mkpuchi ichá» mma, edoziri nke oma, kpuchie
ğŸ“•	akwukwá» emechiri, akwá»¥kwá», emechiri
ğŸ“–	akwukwá», akwukwá» emepere, emepere
ğŸ“—	akwukwá», akwukwá» ndá»¥ ndá»¥, ndá»¥ ndá»¥
ğŸ“˜	akwukwá», akwukwá» blu, blu
ğŸ“™	akwukwá», akwukwá» oroma, oroma
ğŸ“šï¸	akwukwá», akwukwá» gasá»‹
ğŸ““	akwukwá»noÃ²tÃ¹
ğŸ“’	akwukwá»noÃ²tÃ¹, leja
ğŸ“ƒ	dá»ká»¥menti, ihuakwá»¥kwá», ihuakwá»¥kwá» nwere mpá»‹aji, pá»‹ajie
ğŸ“œ	akwukwá», kpá»¥Ì€ghará»‹Ì€a
ğŸ“„	dá»ká»¥menti, ihuakwá»¥kwá», ihuakwá»¥kwá» chewara ihu elu
ğŸ“°	akwá»¥kwá», akwá»¥kwá» aká»¥ká», aká»¥ká»
ğŸ—	akwá»¥kwá», akwá»¥kwá» aká»¥ká» kpá»ghariri elu, aká»¥ká», kpá»gharia
ğŸ“‘	akara, bukumaká»‹, onyee akara, taabá»¥ bukumaká»‹, taabá»¥ gasá»‹
ğŸ”–	akara, bukumaká»‹
ğŸ·ï¸	nnyeaha
ğŸ’°ï¸	dá»lla, ego, Ã kpÃ , Ã kpÃ  ego, Ã kpÃ ego
ğŸ’´	akwá»¥kwá»ego yen, akwá»¥kwá»ego á»¥lá»aká»¥, ego, ego yen, money, á»¥gwá», á»¥lá»aká»¥
ğŸ’µ	akwá»¥kwá»ego dá»lla, akwá»¥kwá»ego á»¥lá»aká»¥, dá»lla, ego, á»¥gwá», á»¥lá»aká»¥
ğŸ’¶	akwá»¥kwá»ego euro, akwá»¥kwá»ego á»¥lá»aká»¥, ego, euro, á»¥gwá», á»¥lá»aká»¥
ğŸ’·	akwá»¥kwá»ego pound, akwá»¥kwá»ego á»¥lá»aká»¥, ego, pound, á»¥gwá», á»¥lá»aká»¥
ğŸ’¸	akwá»¥kwá»ego á»¥lá»aká»¥, dá»lla, ego, ego nwere Ç¹kÃ¹, fly, Ç¹kÃ¹, á»¥gwá», á»¥lá»aká»¥
ğŸ’³ï¸	ego, kaadá»‹, kaadá»‹ njiakwá»¥á»¥gwá», njiakwá»¥á»¥gwá», á»¥lá»aká»¥
ğŸ’¹	ahá»‹a, chaati, ego, grafá»¥, mbili, mmá»¥ba chaatá»‹ nwere yen, otito, trendi, yen, á»‹ga elu, á»¥lá» aká»¥
âœ‰ï¸	emvelop, leta, ozi-e
ğŸ“§	leta, ozi, ozi-e
ğŸ“¨	emvelop, emvelop na-abá»‹ abá»‹a, leta, na-apá»¥ta apá»¥ta, nata, ozi, ozi-e
ğŸ“©	ala, emvelop, emvelop nwere ubÃ¨, leta, na-apá»¥ Ã pá»¥Ì€, ozi, ozi-e, ubÃ¨, zipá»¥rá»¥
ğŸ“¤ï¸	efere, efere igbe á»pá»¥pá»¥, igbe, igbe á»pá»¥pá»¥, leta, ozi, zipá»¥rá»¥
ğŸ“¥ï¸	efere, efere ozi mbata, igbe, leta, nata, ozi, ozi mbata
ğŸ“¦ï¸	igbe, ngwugwu, ngwÃ¹
ğŸ“«ï¸	igbe ozi mechiri emechi nâ€™iji á»ká»lá»tá» welitere elu, igbeozi, mechiri, ozi
ğŸ“ªï¸	igbe ozi mechiri emechi nwere á»ká»lá»tá» ewedara eweda, igbeozi, mechiri, ozi, wedara ala
ğŸ“¬ï¸	igbe ozi mepere emepe nwere á»ká»lá»tá» welitere elu, igbeozi, mepee, ozi
ğŸ“­ï¸	igbe ozi mepere emepe nwere á»ká»lá»tá» ewedara eweda, igbeozi, mepee, ozi, wedara eweda
ğŸ“®	igbeozi, ozi
ğŸ—³ï¸	igbe, igbe ngá»¥, igbe ngá»¥ nwere igbe ngá»¥
âœï¸	pensÃ¹l
âœ’ï¸	mkpisiodÃ¨Ã¨, á»ná»¥, á»ná»¥ ojii
ğŸ–‹ï¸	fountaá»‹ná»¥, mkpisiodÃ¨Ã¨, mkpisiodÃ¨Ã¨ fountaá»‹ná»¥
ğŸ–Šï¸	mkpisiodÃ¨Ã¨, tá»¥kpá»mbá»lá»¥
ğŸ–Œï¸	na-ete Ã gbÃ , ngwa Ç¹teÃ gbÃ 
ğŸ–ï¸	kreyá»n
ğŸ“	memá», pensÃ¹l
ğŸ’¼	igbe mpanaka
ğŸ“	faá»‹lá»¥, foldÃ , foldÃ  faá»‹lá»‹Ì€
ğŸ“‚	failá»¥, foldÃ , mepee, mepee foldÃ  faá»‹lá»¥
ğŸ—‚ï¸	ihe nkewa, indek, indek ihe nkewa kaadá»‹, kaadi
ğŸ“…	deÃ¨tÃ¬, kalá»‹nda
ğŸ“†	dá»kapá»¥ kalá»‹nda, kalá»‹nda
ğŸ—’ï¸	mkpachi, noÃ²tÃ¹, noÃ²tÃ¹paadá»‹ akpachiri, paadá»‹
ğŸ—“ï¸	kalá»‹nda, kalá»‹nda paadá»‹ akpachiri, mkpachi, paadá»‹
ğŸ“‡	indek, kaadá»‹, kaadá»‹ indek, rolodexi
ğŸ“ˆ	chaati, grafá»¥, mmá»¥ba chaati, nla nâ€™elu, otiti, trendi
ğŸ“‰	ala, chaati, grafá»¥, mmÃ¨lata chaatá»‹, trendi
ğŸ“Š	chaatá»‹, chaÃ tá»‹ ogwe, grafá»¥, ogwe
ğŸ“‹ï¸	klipbá»á»dá»¥
ğŸ“Œ	pin, pushpiná»¥Ì€
ğŸ“	pin, pushpiná»¥Ì€, pushpiná»¥Ì€ okirikiri
ğŸ“	kliipá»¥-akwá»¥kwá»
ğŸ–‡ï¸	kliipá»¥-akwá»¥kwá», njiká», njiká» nwere kliipá»¥-akwá»¥kwá»
ğŸ“	ebe ogologo, rulÃ , rulÃ  ogologo
ğŸ“	rula, rulÃ  trayangulá»¥, trayangulá»¥, wube
âœ‚ï¸	mbebi, mkpÃ  gasá»‹, ngwaá»rá»¥
ğŸ—ƒï¸	faá»‹lá»¥, igbe, igbe kaadá»‹ faá»‹lá»¥, kaadá»‹
ğŸ—„ï¸	faá»‹lá»¥, kabineti, kabineti failá»¥, na-edokwa
ğŸ—‘ï¸	Ã¨kÃ¨tedá»tá»‹
ğŸ”’ï¸	akpá»chiri, mechiri
ğŸ”“ï¸	akpá»ghere, kpá»chie, kpá»ghee, mepee
ğŸ”	akpá»chiri nâ€™iji mkpá»‹sá»‹odee, inki, kpá»chie, mkpá»‹sá»‹odee, nzuzo, á»ná»¥
ğŸ”	akpá»chiri nâ€™iji á»tá»¥gwo, chekwaa, e mechiri, kpá»chie, á»tá»¥gwo
ğŸ”‘	kpá»chie, okwuntá»¥ghe, á»tá»¥gwo
ğŸ—ï¸	kpá»chie, mmata, ochie, ochie á»tá»¥gwo, á»tá»¥gwo
ğŸ”¨	ngwaá»rá»¥, nká»¥igwe
â›ï¸	há»rá», ngwaá»rá»¥, ngwupá»¥ta
âš’ï¸	há»rá», ngwaorá»¥, nká»¥igwe, nká»¥igwe na há»rá»
ğŸ› ï¸	igwe ndá»pá»¥ta, ngwankwá»¥pá»¥ta, ngwaá»rá»¥, nká»¥igwe, nká»¥igwe na igwe ndá»pá»¥ta
ğŸ—¡ï¸	mma, ngwa agha, nwa obere mma
âš”ï¸	mma agha, mma agha nwere ngabichi, ngabichi, ngwa agha
ğŸ”«	egbe mmiri, egbÃ¨, egbÃ¨ mgbaghará»‹, egbÃ¨aka, mma agha, ngwaá»rá»¥
ğŸ¹	Akara á»¥ta na aká»¥, aká»¥, ngwa agha, ngwaá»rá»¥, onye agha, zodá»‹ak, Ã²ji á»¥ta, á»¥ta na Ã ká»¥
ğŸ›¡ï¸	ngwa agha, Ã²zenmgbá»
ğŸ”§	igwe ndá»pá»¥ta, ngwankwá»¥pá»¥ta, ngwaá»rá»¥
ğŸ”©	mkpá»¥rá»¥ igwe, mkpá»¥rá»¥ igwe na okporo igwe, ngwaá»rá»¥, okporo igwe
âš™ï¸	giya, ngwaá»rá»¥
ğŸ—œï¸	chá»‹kpÃ a, ngwa mkpabi, ngwa njigide, ngwaá»rá»¥
âš–ï¸	ará»¥, dá»‹ ghalii, ikpe nkwá»¥á»tá», ngwaá»rá»¥, nhatanha, nsialá» gasá»‹, nsialá» nhatanha, zodá»‹ak
ğŸ”—	njiká»
â›“ï¸	agbá»¥ igwe, agbá»¥ igwe gasá»‹
âš—ï¸	chemistri, ngwaá»rá»¥, ngwaá»rá»¥ sayensi
ğŸ”¬	ngwaá»rá»¥, sanyensi, ugogbe nnyota nje
ğŸ”­	ngwa sá»fá»‹a, ngwaá»rá»¥, sanyensi
ğŸ“¡	akara, akara satá»‹litá»‹, dishi, satá»‹litá»‹
ğŸ’‰	dá»ká»‹nta, gbaa, ngwaá»rá»¥, ntá»¥tá»¥, á»gwá»¥, á»rá»‹a
ğŸ’Š	dá»ká»‹nta, mkpá»¥rá»¥ á»gwá»¥, á»gwá»¥, á»rá»‹a
ğŸšª	á»¥zá»
ğŸ›ï¸	Ã kwÃ , á»¥lá» nkwará»‹, á»¥ra
ğŸ›‹ï¸	mpanaka, oche, oche na mpanaka, á»¥lá» nkwará»‹
ğŸš½	á»¥lá» mpochi
ğŸš¿	igwe asamá»¥ahá»¥, mmiri
ğŸ›	asamá»¥ahá»¥, ngwa asamá»¥ahá»¥
ğŸ›’	igwe ahá»‹a, kaatá»‹, á»‹zá»¥ ahá»‹a, á»‹zá»¥ ahá»‹a karti
ğŸš¬	ciga, na-ese ciga
âš°ï¸	igbe ozu, á»nwá»¥
âš±ï¸	akpá»¥rá»¥ akpá»¥, akpá»¥rá»¥ akpá»¥ olili ozu, ntá»¥ gasá»‹, olili ozu, á»nwá»¥
ğŸ—¿	Akpá»¥rá»¥ akpá»¥ isi mmadá»¥, akpá»¥rá»¥ akpá»¥ ihe, akpá»¥rá»¥ akpá»¥ mmadá»¥, ihu
ğŸ§	akara ATM, akwá»¥kwá» nnataego, atm, mmereonwe, á»¥loaká»¥
ğŸš®	nkata ntá»¥sa, ntá»¥sasá»‹, ntá»¥sasá»‹ nâ€™akara nkata
ğŸš°	dá»‹ mma, mmiri, mmiri á»á¹…á»¥á¹…á»¥ dá»‹ mma, na-aá¹…á»¥ mmanya
â™¿ï¸	akara ocheigwe, nnwetaohere
ğŸš¹ï¸	nwoke, wc, á»ná»¥ á»¥lá» á»¥má»¥nwoke, á»¥lá» maamá»‹rá»‹, á»¥lá» mpochi
ğŸšºï¸	nwanyá»‹, wc, á»ná»¥ á»¥lá» á»¥má»¥nwaanyá»‹, á»¥lá» maamá»‹rá»‹, á»¥lá» mpochi
ğŸš»	WC, á»¥lá» maamá»‹rá»‹, á»¥lá» mpochi
ğŸš¼ï¸	akara nwata á»há»¥rá»¥, na-agbanwe, nwata á»há»¥rá»¥
ğŸš¾	mmiri, nchekwa, nchekwa mmiri, wc, á»¥lá» maamá»‹rá»‹, á»¥lá» mpochi
ğŸ›‚	njizi, njizi passpá»tá»¥, passpá»tá»¥
ğŸ›ƒ	pá»¥rá»¥iche
ğŸ›„	enwere, ibu, ibu enwere
ğŸ›…	enwere, ibu, ibu akaÃ¨kpÃ¨, mgbachi
âš ï¸	á»Šdá» Ã ka na ntá»‹
ğŸš¸	na-agbafÃ¨á»¥zá», nwata, Ã kwÃ  ngafÃ¨, á»ká»¥, á»¥má»¥aka na-agbafÃ¨á»¥zá»
â›”ï¸	ana, egbochighá»‹, egbochiri, enweghá»‹ mbanye, mbanye, nke, á»ká»¥
ğŸš«	a, amaghá»‹, egbochiri, mbanye
ğŸš³	ana, egbochighá»‹, egbochiri, enweghá»‹ igwe, igwe, nke
ğŸš­ï¸	ana, egbochighá»‹, egbochiri, enweghá»‹ á»ká»¥, nke, á»ká»¥
ğŸš¯	ana, egbochighá»‹, egbochiri, enweghá»‹ ntá»¥sasá»‹, nke, ntá»¥sasá»‹
ğŸš±	aá¹…á»¥ghá»‹ mmiri, enweghá»‹ mmiri á»á¹…á»¥á¹…á»¥ dá»‹ mma, mmiri, nke adá»‹ghá»‹ mma
ğŸš·	ana, egbochighá»‹, egbochiri, enweghá»‹ Ã kwÃ  ngafe, nke, Ã kwÃ  ngafe
ğŸ“µ	amaghá»‹, ana, egbochiri, ekwenti, enweghá»‹ ekwenti kengaghará»‹ gasá»‹, kengaghará»‹, mpanaka
ğŸ”	18, afá», ama, egbochiri, enweghá»‹ onye erubeghá»‹ afo iri na asatá», ghá»‹, iri na asatá»
â˜¢ï¸	akara, dá»‹ njá»
â˜£ï¸	akara, nje dá»‹ njá»
â¬†ï¸	kadá»‹nal, nduzá»‹, ube, ube dá»‹ elu, ugwu
â†—ï¸	intakadá»‹nal, nduzá»‹, ube, ube akanri dá»‹ elu, ugwuá»wá»¥wa anyanwá»¥
â¡ï¸	kadá»‹nal, nduzá»‹, ube, ube akanri, á»wá»¥wa anyanwá»¥
â†˜ï¸	intakadá»‹nal, nduzi, ndá»‹daá»wá»¥wa anyanwá»¥, ube, ube-ala akanri
â¬‡ï¸	ala, kadá»‹nal, nduzi, ndá»‹da, ube, ube ala
â†™ï¸	intakadá»‹nal, nduzi, ndá»‹daá»dá»‹da anyanwá»¥, ube, ube-ala akaekpe
â¬…ï¸	kadá»‹nal, nduzi, ube, ube akaekpe, á»dá»‹da anyanwá»¥
â†–ï¸	intakadá»‹nal, nduzi, ube, ube akaekpe-dá»‹ elu, ugwuá»dá»‹da anyanwá»¥
â†•ï¸	ube, ube-dá»‹ ala dá»‹ elu
â†”ï¸	ube, ube-akanri akaekpe
â†©ï¸	ube, ube-akanri gbagá»rá» akaekpe
â†ªï¸	ube, ube-akaekpe gbagá»rá» akanri
â¤´ï¸	ube, ube-akanri na-eme mgbagá» dá»‹ elu
â¤µï¸	ala, ube, ube-akanri na-eme mgbagá» dá»‹ ala
ğŸ”ƒ	dá»nyeghará»‹a, njem okirikiri, njem okirikiri Ã ká»¥ kwá»¥á»tá», ube
ğŸ”„	enweghá»‹ Ç¹jem okirikiri, nduzá»‹abá»¥ghá»‹ ya, ube, á»dá»¥mbi ube nke enweghá»‹ Ç¹jem okirikiri, á»gá»¥u Ç¹jem okirikiri
ğŸ”™	UBE Ã zá»¥, ube, Ã zá»¥
ğŸ”š	UBE ngwá»¥cha, ngwá»¥cha, ube
ğŸ”›	NA! ube, akara, na, ube
ğŸ”œ	UBE mgbe adá»‹ghá»‹ anya, mgbe adá»‹ghá»‹ anya, ube
ğŸ”	UBE kachasá»‹ elu, dá»‹ elu, kachasá»‹, ube
ğŸ›	ebe nke okpukperechi, okpukperechi, Ã²fÃ¹fÃ¨
âš›ï¸	atá»m, onye ekweghá»‹ na Chukwu, á»Œdá»‹mara atá»m
ğŸ•‰ï¸	Hindu, okpukperechi, om
âœ¡ï¸	David, Ju, Ndá»‹ Ju, kpakpando, kpakpando nke David, okpukperechi
â˜¸ï¸	Buddhist, dharma, okpukperechi, whelá»¥, whelá»¥ nke dharma
â˜¯ï¸	okpukperechi, tao, taoist, yang, yin, yin yang
âœï¸	Ndá»‹ Ã²tÃ¹ Christi, obe, obe latin, okpukperechi
â˜¦ï¸	Ndá»‹ Ã²tÃ¹ Christi, obe, obe á»thá»dá»sá»¥, okpukperechi
â˜ªï¸	Ndá»‹ Alaká»¥ba, kpakpando na enyo, okpukperechi, á»¥ka Alaká»¥ba
â˜®ï¸	akara udo, udo
ğŸ•	kandelabrum, menorah, okpukperechi, osisikandá»¥Ì€l
ğŸ”¯	kpakpando, nwere ntá»¥pá» nrá»¥aka kpakpando-isii, uru
â™ˆï¸	Ariis, zodá»‹ak, Ã¨bÃ¹lÃ 
â™‰ï¸	Tá»rus, oke ehi, zodá»‹ak
â™Šï¸	Gemini, ejima, zodá»‹ak
â™‹ï¸	nshá»‹ká», zodá»‹ak, á»Šzi á»bara
â™Œï¸	Lio, zodá»‹ak, á»dá»¥m
â™ï¸	Vigo, zodá»‹ak
â™ï¸	Libra, ikpe kwá»¥á»tá», nhatanha, nsalá», zodá»‹ak
â™ï¸	AkpÃ¬, akpá»‹, zodá»‹ak
â™ï¸	Sagá»‹tarius, onye agha, zodá»‹ak
â™‘ï¸	Kaprá»‹ká»n, ewu, zodá»‹ak
â™’ï¸	Akwarius, mmiri, zodá»‹ak, á»gba mgbochi
â™“ï¸	Azá»¥Ì€, Paá»‹ces, zodá»‹ak
â›	Ofiukus, agwá», zodá»‹ak, á»gba mgbochi
ğŸ”€	akachiri, gwaká»rá»‹ta traaká»‹ á»dá»¥mbi, ube
ğŸ”	meghará»‹a, meghará»‹a á»dá»¥mbi, ube, Ç¹jem okirikiri
ğŸ”‚	meghará»‹a á»dá»¥mbi nge, otu ugboro, ube, Ç¹jem okirikiri
â–¶	aká»mgba-atá», ikike, kpá»á», kpá»á» á»dá»¥mbi, ube
â©	gbaga ihÅ«, meÃ¨ kÃ  á»dá»¥mbi gbaga ihÅ«, ube, ugboro abá»¥á», á»sá»‹isá»
â­	aká»mgba-atá», traaká»‹ á»zá», ube, Ã gbÃ  á»zá», á»dá»¥mbi traaká»‹ á»zá»
â¯	aká»mgba-atá», cheretá»¥, ikike, kpá»á», kpá»á» maá»bá»¥ cheretá»¥ á»dá»¥mbi, ube
â—€	akaekpe, aká»mgba-atá», meghará»‹a, ube, weghÃ chie á»dá»¥mbi Ã zá»¥
âª	mkpá»‹, mweghÃ chie á»dá»¥mbi Ã zá»¥ á»sá» á»sá», nlaghachá»‹ azá»¥, ube
â®	ká»mgba-atá», traaká»‹ nke á»zá», ube, Ã gbÃ  nkembá»¥, á»dá»¥mbi traaká»‹ ikpeazá»¥
ğŸ”¼	ube, á»bara, á»dá»¥mbi, á»dá»¥mbi elu
â«	mkpá»‹, ube, á»dá»¥mbi elu á»sá» á»sá»
ğŸ”½	ala, ube, á»bara, á»dá»¥mbi, á»dá»¥mbi ala
â¬	ala, mkpá»‹, ube, á»dá»¥mbi ala á»sá» á»sá»
â¸ï¸	cheretá»¥, cheretá»¥ á»dá»¥mbi, kwá»¥á»tá», mkpá»‹, ogwe
â¹ï¸	kwá»¥sá»‹, kwá»¥sá»‹ á»dá»¥mbi, sá»¥kwaá»‹
âºï¸	ndeká», okirikiri, á»dá»¥mbi ndeká»
âï¸	wepá»¥ta, wepá»¥ta á»dá»¥mbi
ğŸ¦	igwefÃ²to, ihe nkiri, á»¥lá» ihe ngosi onyonyo
ğŸ”…	dá»‹ ala, nchawapá»¥ta, á»dá»¥mbi á»yá»¥nyá»¥, á»yá»¥nyá»¥
ğŸ”†	nchawÃ pá»¥Ì€, nchawÃ pá»¥Ì€ta, á»dá»¥mbi nchawÃ pá»¥Ì€
ğŸ“¶	akara, akara ogwe gasá»‹, ekwenti, kengaghará»‹, mpanaka, ogwe
ğŸ“³	ekwenti, kengaghará»‹, moÃ²dÃ¹, moÃ²dÃ¹ á»ma jijiji, mpanaka, á»ma jijiji
ğŸ“´	ekwenti, kengaghari, mgbanyá»¥, mgbanyá»¥ ekwenti kengaghará»‹, mpanaka
â™€ï¸	akÃ rÃ  nwanyá»‹, nwanyá»‹
â™‚ï¸	akara oke, nwoke
âœ–ï¸	gbaká»á», kÃ gbuo, mgbaká», nnukwu mgbaká» x, x
â•	mgbakwá»¥nye, nnukwu akara mgbakwunye, sá»m
â–	mwepá»¥, nnukwu akara mwepá»¥, sá»m
â—	nkewa, nnukwu akara nkewa, sá»m
â€¼ï¸	akara, akara ntimkpu mkpá»‹, bangbang, ntimkpu, ntá»¥pá»
â‰ï¸	akara, akara njá»¥ajá»¥já»¥ ntimkpu, njá»¥ajá»¥já»¥, ntimiiwubang, ntimkpu, ntá»¥pá»
â“ï¸	akara, akara njá»¥ajá»¥já»¥, njá»¥ajá»¥já»¥, ntá»¥pá»
â”	akara, akara njá»¥ajá»¥já»¥ dá»‹ á»cha, ndepá»¥ta, njá»¥ajá»¥já»¥, ntá»¥pá»
â•	Akara Mkpu dá»‹ á»Œcha, akara, edepá»¥tara, ntimkpu, ntá»¥pá»
â—ï¸	akara, akara ntimkpu, ntimkpu, ntá»¥pá»
ã€°ï¸	akara mgbagá», kpá»m, ntá»¥pá», wavy
ğŸ’±	akwá»¥kwá»ego, ego, mgbanwe, mgbanwe ego, á»¥lá» aká»¥
ğŸ’²	akwá»¥kwá»ego, dá»lla, ego, nnukwu akara dá»lla
âš•ï¸	aesculapius, ngwaá»rá»¥ á»¥lá» á»gwá»¥, staff, á»dá»‹mara ngwaá»rá»¥ á»¥lá» á»gwá»¥
â™»ï¸	akara mmeghará»‹a, meghará»‹a
âšœ	fleur-de-lis
ğŸ”±	anchor, ihe mmado, ihe mmado ube aká»¥ká»¥ atá», ngwaá»rá»¥, ube aká»¥ká»¥ atá», á»¥gbá»mmiri
ğŸ“›	aha, aha baajá»‹, baajá»‹
ğŸ”°	Ndá»‹ Japan, akara Japan maka nke isimbÃ¬do, akwá»¥kwá»nri, chevron, isimbÃ¬do, ndá»¥ ndá»¥, ngwaá»rá»¥, Ã¨dÃ² edÃ²
â­•ï¸	nnukwu okirikiri buru ibu, o, okirikiri
âœ…	akara, nnukwu ntule akara á»cha, ntule
â˜‘ï¸	igbe, igbe igbe ngá»¥ nwere ntule, igbe ngá»¥, ntule
âœ”ï¸	akara, nnukwu akara ntule, ntule
âŒ	akara, akara nkachi, gbaká»á», kÃ gbuo, mgbaká», x
â	akara, sá»¥kwai, á»dá»¥mbá»‹ akara nkachi
â°	gbagá»á», memmenwÃ¨, memmenwÃ¨ gbagá»rá» agbagá»
â¿	gbagá»o, memmenwÃ¨, mkpá»‹, mkpá»‹ memmenwÃ¨ gbagá»rá» agbagá»
ã€½ï¸	akara, aká»¥ká»¥, aká»¥ká»¥ akara á»zá»
âœ³ï¸	akÃ rÃ mmÃ¹ke, otÃ¹ nâ€™ime akÃ rÃ mmÃ¹ke-asatá»
âœ´ï¸	kpakpando, kpakpando asatá»-ará»¥tá»¥rá»¥ aka
â‡ï¸	icheku á»ká»¥
Â©ï¸	Ã¨nwemikikere á»rá»¥nkÃ 
Â®ï¸	edebanyere
â„¢ï¸	akara, akara-á»¥lá»á»rá»¥, tm
ğŸ” 	ABCD, latin, mkpá»¥rá»¥edemede gasá»‹, mkpá»¥rá»¥edemede ukwu, ntinye, tinye mkpá»¥rá»¥edemede latin
ğŸ”¡	abcd, latin, mkpá»¥rá»¥edemede, obere, tinye, tinye obere mkpá»¥rá»¥edemede latin
ğŸ”¢	1234, ná»mbÃ  gasá»‹, tinye, tinye ná»mbÃ  gasá»‹
ğŸ”£	tinye, tinye akara gasá»‹, ã€’â™ª&%
ğŸ”¤	abc, alphabeti, latin, mkpá»¥rá»¥edemede gasi, tinye, tinye mkpá»¥rá»¥edemede latin gasá»‹
ğŸ…°ï¸	a, á»Œdá»¥mbi (á»¥dá»‹ á»bara), á»¥dá»‹ á»bara
ğŸ†	ab, á»Œdá»¥mbi AB (á»¥dá»‹ á»bara), á»¥dá»‹ á»bara
ğŸ…±ï¸	b, á»Œdá»¥mbi B (á»¥dá»‹ á»bara), á»¥dá»‹ á»bara
ğŸ†‘	cl, á»Œdá»¥mbi CL
ğŸ†’	dá»‹ mma, á»dá»¥mbi COOL
ğŸ†“	efÃ¹, á»ŒDá»¤MBI efÃ¹
â„¹ï¸	i, ozi
ğŸ†”	id, njirimara, á»ŒDá»¤MBI id
â“‚ï¸	m, nwere okirikiri M, okirikiri
ğŸ†•	á»ŒDá»¤MBI á»há»¥rá»¥, á»há»¥rá»¥
ğŸ†–	ng, á»ŒDá»¤MBI ng
ğŸ…¾ï¸	O á»dá»¥mbi (á»¥dá»‹ á»bara), o, á»¥dá»‹ á»bara
ğŸ†—	á»Œ Dá»Š MMA, á»dá»¥mbi Dá»Š MMA
ğŸ…¿ï¸	na-ahazi, á»Œdá»¥mbi P
ğŸ†˜	sos, Ã¨nyÃ¨maka, á»ŒDá»¤MBI sos
ğŸ†š	amaokwu, vs, á»ŒDá»¤MBI vs
ğŸˆ	Ndá»‹ Japan, katakana, á»Œdá»¥mbi Ndá»‹ Japan â€œebe aâ€, â€œebe aâ€, ã‚³ã‚³
ğŸˆ‚ï¸	Ndá»‹ Japan, katakana, á»Œdá»¥mbi Ndá»‹ Japan â€œá»¥gwá» á»rá»¥â€, â€œá»¥gwá» á»rá»¥â€, ã‚µ
ğŸˆ·	Ndá»‹ Japan, ideograph, á»Œdá»¥mbi Ndá»‹ Japan â€œá»ná»¥ego kwa onwaâ€, â€œá»ná»¥ego kwa onwaâ€, æœˆ
ğŸˆ¶	Japanese, ideograph, á»Œdá»¥mbi Ndá»‹ Japan â€œabá»¥ghá»‹ nke efÃ¹â€, â€œabá»¥ghá»‹ nke efÃ¹â€, æœ‰
ğŸˆ¯	Ndá»‹ Japan, ideograph, á»Œdá»¥mbi Ndá»‹ Japan â€œchekwaraâ€, â€œechekwaraâ€, æŒ‡
ğŸ‰	Ndá»‹ Japan, ideograph, á»Œdá»¥mbi â€œekwemá»¥á»ná»¥â€ Ndá»‹ Japan, â€œekwemá»¥á»ná»¥â€, å¾—
ğŸˆ¹	Ndá»‹ Japan, ideograph, á»Œdá»¥mbi Ndá»‹ Japan â€œagá»¥pá»¥rá»¥â€, â€œagá»¥pá»¥rá»¥â€, å‰²
ğŸˆš	Japanese, ideograph, á»Œdá»¥mbi Ndá»‹ Japan â€œbá»¥ nke efÃ¹â€, â€œbá»¥ nke efÃ¹â€, ç„¡
ğŸˆ²	Ndá»‹ Japan, ideograph, á»Œdá»¥mbi Ndá»‹ Japan â€œegbochiriâ€, â€œegbochiriâ€, ç¦
ğŸ‰‘	Ndá»‹ Japan, ideograph, á»Œdá»¥mbi Ndá»‹ Japan â€œanabataraâ€, â€œanabataraâ€, å¯
ğŸˆ¸	Ndá»‹ Japan, ideograph, á»Œdá»¥mbi Ndá»‹ Japan â€œetinyere nâ€™á»rá»¥â€, â€œetinyere nâ€™á»rá»¥â€, ç”³
ğŸˆ´	Ndá»‹ Japan, ideograph, á»Œdá»¥mbi â€œnzere ngafeâ€ Ndá»‹ Japan, â€œnzere ngafeâ€, åˆ
ğŸˆ³	Ndá»‹ Japan, ideograph, á»Œdá»¥mbi â€œanamachá»á»rá»¥â€ Ndá»‹ Japan, â€œanamachá»á»rá»¥â€, ç©º
ãŠ—ï¸	Ndá»‹ Japan, ideograph, á»Œdá»¥mbi â€œanamá»¥akaâ€ Ndá»‹ Japan, â€œanamá»¥akaâ€, ç¥
ãŠ™ï¸	Ndá»‹ Japan, ideograph, á»Œdá»¥mbi â€œnzuzoâ€ Ndá»‹ Japan, â€œnzuzoâ€, ç§˜
ğŸˆº	Ndá»‹ Japan, ideograph, á»Œdá»¥mbi â€™â€œmmepe maka azá»¥maahá»‹aâ€ Ndá»‹ Japan, â€œmmepe maka azá»¥maahá»‹aâ€, å–¶
ğŸˆµ	Ndá»‹ Japan, ideograph, á»Œdá»¥mbi â€œenweghá»‹ anamachá»á»rá»¥â€ Ndá»‹ Japan, â€œenweghá»‹ anamachá»á»rá»¥â€, æº€
ğŸ”´	mgbaká», okirikiri, okirikiri á»bara, á»bara
ğŸ”µ	aná»¥ná»¥, mgbaká», okirikiri, okirikiri aná»¥ná»¥
âš«ï¸	mgbaká», okirikiri, okirikiri ojii
âšªï¸	mgbaká», okirikiri, okirikiri á»cha
â¬›ï¸	mgbaká», sukwia, sukwia nnukwu ojii
â¬œï¸	mgbaká», sukwia, sukwia nnukwu á»cha
â—¼ï¸	mgbaká», sukwia, sukwia keetiti ojii
â—»ï¸	mgbaká», sukwia, sukwia keetiti á»cha
â—¾ï¸	mgbaká», sukwia, sukwia obere-etiti ojii
â—½ï¸	mgbaká», sukwia, sukwia obere-etiti á»cha
â–ªï¸	mgbaká», obere sukwia ojii, sukwia
â–«ï¸	mgbaká», obere sukwia á»cha, sukwia
ğŸ”¶	diamond, mgbaká», nnukwu orenji diamond, orenji
ğŸ”·	aná»¥ná»¥, diamond, mgbaká», nnukwu aná»¥ná»¥ diamond
ğŸ”¸	diamond, mgbaká», obere orenji diamond, orenji
ğŸ”¹	aná»¥ná»¥, diamond, mgbaká», obere aná»¥ná»¥ diamond
ğŸ”º	akomgbÃ -atá» ncha á»bara chewara ihu elu, mgbaká», á»bara
ğŸ”»	akomgbÃ -atá» ncha á»bara chewara ihu ala, ala, mgbaká», obere
ğŸ’ 	diamond, diamond nwere kpá»m, mgbaká», mkpaá»chá»‹, nâ€™ime
ğŸ”˜	mgbaká», redio, á»dá»¥mbi, á»dá»¥mbi redio
ğŸ”³	edepá»¥tara, mgbaká», sukwia, á»dá»¥mbi, á»dá»¥mbi sukwia á»cha
ğŸ”²	mgbaká», sukwia, á»dá»¥mbi, á»dá»¥mbi sukwia ojii
ğŸ	ahá»¥ nwere eserese, ihe nwere eserese, na-agba á»sá», á»ká»lá»tá» nwere eserese
ğŸš©	nzipá»¥, á»ká»lá»tá» nwere akomgbÃ -atá»
ğŸŒ	Ndá»‹ Japan, akachiri, enwemá»¥aá¹…á»¥rá»‹, nkachá»‹, á»ká»lá»tá» nwere nkachi
ğŸ´	na-efe, á»ká»lá»tá» ojii
ğŸ³ï¸	na-efe, á»ká»lá»tá» á»cha
ğŸ³â€ğŸŒˆ	egwurugwu, á»ká»lá»tá» egwurugwu
Â¤	Ego Amaghá»‹
Ö	Ego Dram obodo Armenia
Ø‹	Ego Afghani Obodo Afghanistan
à§³	Ego Taka obodo Bangladesh
à¸¿	Ego Baht obodo Thai
áŸ›	Ego Riel obodo Cambodia
â‚¡	Ego ColÃ³n obodo Costa Rica
â‚¦	Naá»‹ra
â‚ª	Ego Shekel á»há»¥rá»¥ obodo Israel
â‚«	Ego Dong obodo Vietnam
â‚­	Ego Kip Obodo Laos
â‚®	Ego Turgik Obodo Mongolia
â‚²	Ego Guarani obodo Paraguay
â‚´	Ego Hryvnia obodo Ukraine
â‚µ	Ego Cedi obodo Ghana
â‚¸	Ego Tenge obodo Kazakhstani
â‚º	Ego Lira obodo Turkey
â‚¼	Ego Manat obodo Azerbaijan
â‚¾	Ego Lari Obodo Georgia
ğŸ»	á»tanjele ahá»¥, á»tanjele ahá»¥ maka á»cha, á»¥dá»‹ 1â€“2
ğŸ¼	á»tanjele ahá»¥, á»tanjele ahá»¥ maka á»cha-ndá»‹na etiti, á»¥dá»‹ 3
ğŸ½	á»tanjele ahá»¥, á»tanjele ahá»¥ ndá»‹na etiti, á»¥dá»‹ 4
ğŸ¾	á»tanjele ahá»¥, á»tanjele ahá»¥ maka Ã²ji-ndá»‹na etiti, á»¥dá»‹ 5
ğŸ¿	á»tanjele ahá»¥, á»tanjele ahá»¥ maka Ã²ji, á»¥dá»‹ 6
