ğŸ˜€	Gesiicht, Grinsen, Grinsgesiicht
ğŸ˜ƒ	Gesiicht, Laachen, Mond, laachend Gesiicht mat oppenem Mond, oppen
ğŸ˜„	A, Gesiicht, Laachen, Mond, laachend Gesiicht mat oppenem Mond a laachenden Aen, oppen
ğŸ˜	A, Gesiicht, Grinsen, Grinsgesiicht mat laachenden Aen, Laachen
ğŸ˜†	Gesiicht, Laachen, Mond, laachend Gesiicht mat oppenem Mond an zouen Aen, oppen, zefridden
ğŸ˜…	Gesiicht, Laachen, Schweess, kal, laachend Gesiicht mat oppenem Mond a kalem Schweess, oppen
ğŸ¤£	Buedem, Gesiicht, laachen, rullen, vu Laache rullend
ğŸ˜‚	Freed, Gesiicht, Gesiicht mat FreedtrÃ©inen, Laachen, TrÃ©in
ğŸ™‚	Gesiicht, Gesiicht mat engem liichte Laachen, Laachen
ğŸ™ƒ	Gesiicht, op der Kopp
ğŸ˜‰	A zoudrÃ©cken, A zoudrÃ©ckend, Gesiicht
ğŸ˜Š	A, Gesiicht, Laachen, laachend Gesiicht mat laachenden Aen, rout ginn
ğŸ˜‡	Engel, Fantasie, Gesiicht, HellegeschÃ¤in, Laachen, MÃ¤erchen, laachend Gesiicht mat HellegeschÃ¤in, onschÃ«lleg
ğŸ˜	A, Gesiicht, Laachen, LÃ©ift, laachend Gesiicht mat HÃ¤erzeraen
ğŸ¤©	Aen, Gesiicht, StÃ¤r, StÃ¤renaen, grinsend
ğŸ˜˜	Gesiicht, Kuss, e Kuss schÃ©ckend
ğŸ˜—	Gesiicht, Kuss, kussend
â˜ºï¸	Gesiicht, Laachen, laachend Gesiicht, relax, stilisÃ©iert
ğŸ˜š	A, Gesiicht, Kuss, kussend mat zouen Aen, zouen
ğŸ˜™	A, Gesiicht, Kuss, Laachen, kussend mat laachenden Aen
ğŸ˜‹	Gesiicht, Laachen, genÃ©issen, gutt, gutt Iesse genÃ©issend, mmh
ğŸ˜›	Gesiicht, Zong, dâ€™Zong erausstreckend
ğŸ˜œ	A, A zoudrÃ©cken, Gesiicht, Witz, Zong, dâ€™Zong erausstreckend mat zougedrÃ©cktem A
ğŸ¤ª	A, grouss, kleng, verrÃ©ckt Gesiicht
ğŸ˜	A, Gesiicht, GoÃ»t, Zong, dâ€™Zong erausstreckend mat zouen Aen, schrecklech
ğŸ¤‘	Gesiicht, Mond, Suen, geldgiereg
ğŸ¤—	Gesiicht, Ã‹maarmung, Ã«maarmen
ğŸ¤­	Gesiicht mat Hand virum Mond, Oups, Uups
ğŸ¤«	Gesiicht mam Fanger virum Mond, pscht, roueg
ğŸ¤”	Gesiicht, nodenklech
ğŸ¤	Gesiicht, Mond, Tirett, verschlossene Mond
ğŸ¤¨	Gesiicht mat gehuewenem Aperhoer, mÃ«sstrauesch, skeptesch
ğŸ˜ï¸	Gesiicht, neutraalt Gesiicht, neutral, ouni Ausdrock
ğŸ˜‘	Gesiicht, Gesiicht ouni Ausdrock, inexpressiv, onexpressiv, ouni Ausdrock
ğŸ˜¶	Gesiicht, Gesiicht ouni Mond, Mond, roueg
ğŸ˜	Gesiicht, schmunzelen, schmunzelend
ğŸ˜’	Gesiicht, onglÃ©cklech, onzefridden
ğŸ™„	Ae verdrÃ©inend, Aen, Gesiicht, verdrÃ©inen
ğŸ˜¬	Gesiicht, Grimass, Grimass schneidend Gesiicht
ğŸ¤¥	Gesiicht, Ligenergesiicht, Pinocchio, lÃ©ien
ğŸ˜Œ	Gesiicht, erliichtert
ğŸ˜”	Gesiicht, bedrÃ©ckt, besuergt
ğŸ˜ª	Gesiicht, Schlof, schlÃ©ifreg
ğŸ¤¤	Gesiicht, sabbelend, sabbelend Gesiicht
ğŸ˜´	Gesiicht, Schlof, ageschlof, zzz
ğŸ˜·	Dokter, Gesiicht, Gesiicht mat Doktersmask, Mask, Medezin, kal, krank
ğŸ¤’	Gesiicht, Gesiicht mat Thermometer, Thermometer, krank
ğŸ¤•	Gesiicht, Gesiicht mat Kappverband, Verband, Verletzung, verletzt
ğŸ¤¢	Gesiicht, iwwel, iwwelt Gesiicht, sech iwwerginn
ğŸ¤®	Gesiicht wat sech iwwergÃ«tt, iwwerginn, krank
ğŸ¤§	Gesiicht, Gesondheet, nÃ©itsen, nÃ©itsend Gesiicht
ğŸ˜µ	Gesiicht, schwindeleg, schwindelegt Gesiicht
ğŸ¤¯	explodÃ©ierende Kapp, schockÃ©iert
ğŸ¤ 	Cowboy, Cowgirl, Gesiicht, Gesiicht mat Cowboyshutt, Hutt
ğŸ˜	A, BrÃ«ll, Gesiicht, Laachen, Sonn, SonnebrÃ«ll, cool, hell, laachend Gesiicht mat SonnebrÃ«ll
ğŸ¤“	Geek, Gesiicht, Nerd
ğŸ§	Gesiicht mat Monokel, langweileg
ğŸ˜•	Gesiicht, konfus
ğŸ˜Ÿ	Gesiicht, beonrouegt
ğŸ™	Gesiicht, Stir fronzen, dâ€™Stir liicht fronzend
â˜¹ï¸	Gesiicht, Stir fronzen, dâ€™Stir fronzend
ğŸ˜®	Gesiicht, Gesiicht mat oppenem Mond, Matgefill, Mond, oppen
ğŸ˜¯	Gesiicht, erstaunt, flÃ¼sterend, iwwerrascht
ğŸ˜²	Gesiicht, absolut, erstaunt, schockÃ©iert
ğŸ˜³	Gesiicht, beniwwelt, rout ugelaf, rout ugelafent Gesiicht
ğŸ˜¦	Gesiicht, Mond, Stir fronzen, dâ€™Stir fronzend Gesiicht mat oppenem Mond, oppen
ğŸ˜§	Gesiicht, gequÃ¤Ã¤lt, gequÃ¤Ã¤lt Gesiicht
ğŸ˜¨	Angscht, Gesiicht, baang, verÃ¤ngschtegt, verÃ¤ngschtegt Gesiicht
ğŸ˜°	Gesiicht, Gesiicht mat oppenem Mond a kalem Schweess, Mond, Schweess, blo, kal, oppen, pressÃ©iert
ğŸ˜¥	Gesiicht, enttÃ¤uscht, enttÃ¤uscht mÃ¤ erliichtert, erliichtert, ouf
ğŸ˜¢	Gesiicht, TrÃ©in, krÃ¤ischen, krÃ¤ischend, traureg
ğŸ˜­	Gesiicht, TrÃ©in, haart krÃ¤ischend Gesiicht, krÃ¤ischen, schluchzen, traureg
ğŸ˜±	Angscht, Gesiicht, baang, jÃ¤izen, verschlÃ©ngen, verÃ¤ngschtegt, vun Angscht jÃ¤izend Gesiicht
ğŸ˜–	Gesiicht, frustrÃ©iert
ğŸ˜£	Gesiicht, duerhalen, duerhalend
ğŸ˜	Gesiicht, enttÃ¤uscht
ğŸ˜“	Gesiicht, Schweess, kal, mat kalem Schweess eroflafend
ğŸ˜©	Gesiicht, erschÃ«pft, erschÃ«pft Gesiicht, midd
ğŸ˜«	Gesiicht, midd
ğŸ˜¤	Gesiicht, Triumph, gewonnen, mat Damp aus der Nues
ğŸ˜¡	Gesiicht, Roserei, motzen, motzend Gesiicht, queesch, rosen, rout
ğŸ˜ 	Gesiicht, queesch, rosen, rosent Gesiicht
ğŸ¤¬	Gesiicht mat Zeeche virum Mond, fluchend
ğŸ˜ˆ	Fantasie, Gesiicht, Haren, Laachen, MÃ¤erchen, laachend Gesiicht mat Haren
ğŸ‘¿	DÃ¤iwel, DÃ¤mon, Fantasie, Gesiicht, Kobold, MÃ¤erchen, rosent Gesiicht mat Haren
ğŸ’€	Doud, Doudekapp, Gesiicht, Monster, MÃ¤erchen
â˜ ï¸	Doud, Doudekapp, Doudekapp a gekrÃ¤izt Schanken, Gesiicht, Monster, gekrÃ¤izt Schanken
ğŸ’©	Gesiicht, Kaka, Koup SchÃ¤iss, Monster, MÃ«scht, SchÃ¤iss, witzeg
ğŸ¤¡	Clown, Clownegesiicht, Gesiicht
ğŸ‘¹	Fantasie, Gesiicht, Kreatur, Monster, MÃ¤erchen, Ongeheier
ğŸ‘º	Fantasie, Gesiicht, Kobold, Kreatur, Monster, MÃ¤erchen
ğŸ‘»	Fantasie, Geescht, Gesiicht, Kreatur, Monster, MÃ¤erchen
ğŸ‘½ï¸	Alien, Fantasie, Gesiicht, Kreatur, Monster, MÃ¤erchen, Ufo, ausserierdesch
ğŸ‘¾	Alien, Alienmonster, Fantasie, Gesiicht, Kreatur, Monster, MÃ¤erchen, Ufo, ausserierdesch
ğŸ¤–	Gesiicht, Monster, Roboter
ğŸ˜º	Gesiicht, Kaz, Laachen, Mond, laachend Kazegesiicht mat oppenem Mond, oppen
ğŸ˜¸	A, Gesiicht, Grinsen, Kaz, Laachen, grinsend Kazegesiicht mat laachenden Aen
ğŸ˜¹	Freed, Gesiicht, Kaz, Kazegesiicht mat FreedtrÃ©inen, TrÃ©in
ğŸ˜»	A, Gesiicht, Kaz, Laachen, LÃ©ift, laachend Kazegesiicht mat HÃ¤erzeraen
ğŸ˜¼	Gesiicht, Grinsen, Kaz, Kazegesiicht mat dreckegem Grinsen, dreckeg, ironesch
ğŸ˜½	A, Gesiicht, Kaz, Kuss, kussend Kazegesiicht mat zouen Aen
ğŸ™€	Gesiicht, Kaz, erschÃ«pft, erschÃ«pft Kazegesiicht, iwwerrascht, oh
ğŸ˜¿	Gesiicht, Kaz, TrÃ©in, krÃ¤ischen, krÃ¤ischend Kazegesiicht, traureg
ğŸ˜¾	Gesiicht, Kaz, motzend, motzend Kazegesiicht
ğŸ™ˆ	Aen, Aen zouhalenden Af, Af, Gesiicht, Geste, bÃ©is, gesinn, net, verbueden, zouhalen
ğŸ™‰	Af, Gesiicht, Geste, Oueren, Oueren zouhalenden Af, bÃ©is, hÃ©ieren, net, verbueden, zouhalen
ğŸ™Š	Af, Gesiicht, Geste, Mond, Mond zouhalenden Af, bÃ©is, net, schwÃ¤tzen, verbueden, zouhalen
ğŸ’‹	Kuss, Kussmond, LÃ«psen
ğŸ’Œ	BrÃ©if, HÃ¤erz, LibesbrÃ©if, LÃ©ift, Post
ğŸ’˜	Cupidon, Feil, HÃ¤erz mat Feil
ğŸ’	HÃ¤erz mat Putsch, Putsch, Valentin
ğŸ’–	glÃ«nneren, glÃ«nnerend HÃ¤erz, opgereegt
ğŸ’—	Schlag, nervÃ¶s, opgereegt, wuessend, wuessend HÃ¤erz
ğŸ’“	HÃ¤erzklappen, Schlag, klappend, klappend HÃ¤erz, schloend
ğŸ’	drÃ©iend, drÃ©iend HÃ¤erzer
ğŸ’•	LÃ©ift, zwee HÃ¤erzer
ğŸ’Ÿ	HÃ¤erz, HÃ¤erzdekoratioun
â£ï¸	Ausruff, Interpunktioun, Zeechen, fettgedrÃ©ckt HÃ¤erzausruffzeechen
ğŸ’”	briechen, gebrach, gebrachent HÃ¤erz
â¤ï¸	HÃ¤erz, rout HÃ¤erz
ğŸ§¡	orange, oranget HÃ¤erz
ğŸ’›	giel, gielt HÃ¤erz
ğŸ’š	grÃ©ng, grÃ©ngt HÃ¤erz
ğŸ’™	blo, blot HÃ¤erz
ğŸ’œ	mof, mooft HÃ¤erz
ğŸ–¤	bÃ©is, schlecht, schwaarz, schwaarzt HÃ¤erz
ğŸ’¯	100, Score, honnert, honnert Punkten, voll
ğŸ’¢	Comic, Rosereiszeechen, bÃ©is, rosen
ğŸ’¥	Boom, Comic, Kollisioun
ğŸ’«	Comic, Schwindel, StÃ¤r
ğŸ’¦	Comic, Schweess, SchweessdrÃ«psen, platschen
ğŸ’¨	Comic, jauwen, lafen, sÃ©ier fort
ğŸ•³ï¸	Lach
ğŸ’£ï¸	Bomm, Comic
ğŸ’¬	Ball, Blos, Comic, Dialog, Spriechblos, schwÃ¤tzen
ğŸ‘â€ğŸ—¨	A, A an enger Spriechblos, Spriechblos, erkennen, gesinn
ğŸ—¨ï¸	Dialog, lÃ©nks Spriechblos, schwÃ¤tzen
ğŸ—¯ï¸	Ball, Blos, bÃ©is, riets Rosereispriechblos, rosen
ğŸ’­	Ball, Blos, Comic, Denkblos, Gedanken
ğŸ’¤	Comic, Schlof, zzz
ğŸ‘‹	Hand, wÃ©nken, wÃ©nkend, wÃ©nkend Hand
ğŸ¤š	HandrÃ©ck, hÃ©ichgehalen, hÃ©ichgehalenen HandrÃ©ck
ğŸ–ï¸	Fanger, Hand, ausgestreckt, gehuewen Hand mat ausgestreckte Fanger
âœ‹	Hand, hÃ©ichgehalen Hand
ğŸ––	Fanger, Hand, Spock, Vulcan, Vulcan-Grouss
ğŸ‘Œ	Hand, OK, OK-Handzeechen, Zeechen
âœŒï¸	Hand, V, Victoire, Victoire-Handzeechen
ğŸ¤	Fanger, GlÃ©ck, Hand, gekrÃ¤izt Fanger, krÃ¤izen
ğŸ¤Ÿ	Hand, ILY, LÃ©ift-Geste
ğŸ¤˜	Fanger, Hand, Haren, Mano cornuta, Harenzeechen, rocken
ğŸ¤™	Hand, Telefon-Handzeechen, uruffen
ğŸ‘ˆï¸	Fanger, Hand, RÃ©ckhand, Zeigefanger, no lÃ©nks weisende Fanger vun hanne gesinn, weisen
ğŸ‘‰ï¸	Fanger, Hand, RÃ©ckhand, Zeigefanger, no riets weisende Fanger vun hanne gesinn, weisen
ğŸ‘†ï¸	Fanger, Hand, RÃ©ckhand, Zeigefanger, no uewe weisende Fanger vun hanne gesinn, no uewen, weisen
ğŸ–•	Fanger, Hand, MÃ«ttelfanger
ğŸ‘‡ï¸	Fanger, Hand, RÃ©ckhand, Zeigefanger, no Ã«nne weisende Fanger vun hanne gesinn, no Ã«nnen, weisen
â˜ï¸	Fanger, Hand, Zeigefanger, no uewe weisende Fanger, no uewen, weisen
ğŸ‘ï¸	+1, Daum, Daum no uewen, Hand, no uewen
ğŸ‘ï¸	-1, Daum, Daum no Ã«nnen, Hand, no Ã«nnen
âœŠ	Fauscht, Hand, boxen, hÃ©ichgehale Fauscht, zouen
ğŸ‘Š	Fauscht, Hand, boxen, entgÃ©intkommend Fauscht, zouen
ğŸ¤›	Fauscht, lÃ©nksgeriicht, lÃ©nksgeriicht Fauscht
ğŸ¤œ	Fauscht, rietsgeriicht, rietsgeriicht Fauscht
ğŸ‘	Hand, klappen, klappend HÃ¤nn
ğŸ™Œ	Feier, Geste, Hand, HÃ¤nn an dâ€™Luucht, an der Luucht, hurra
ğŸ‘	Hand, oppen, oppen HÃ¤nn
ğŸ¤²	Gebiet, zesummegefaalten HÃ¤nn
ğŸ¤	Hand, Handdrock, Ofkommes, Reunioun, drÃ©cken
ğŸ™	Geste, Hand, Merci, bieden, froen, gefaalt, gefaalten HÃ¤nn, vernÃ¤ipen, wann ech gelift
âœï¸	Hand, schreiwen, schreiwend Hand
ğŸ’…	Kosmetik, Lack, ManikÃ¼r, Neel, Neellack, fleegen
ğŸ¤³	Handy, Kamera, Selfie
ğŸ’ª	Bizeps, Comic, Muskel, ugespaante Bizeps, uspanen
ğŸ‘‚ï¸	Kierper, Ouer
ğŸ‘ƒ	Kierper, Nues
ğŸ§ 	Gehir, intelligent
ğŸ‘€	A, Aen, Gesiicht
ğŸ‘ï¸	A, Kierper
ğŸ‘…	Kierper, Zong
ğŸ‘„	LÃ«psen, Mond
ğŸ‘¶	BÃ«bee, Puppelchen, jonk
ğŸ§’	Kand, jonk, neutral
ğŸ‘¦	Jong, jonk, klengen
ğŸ‘§	Jongfra, Meedchen, StÃ¤rzeechen, jonk
ğŸ§‘	Erwuessenen, neutral
ğŸ‘±	blond, blond Persoun
ğŸ‘¨	Mann
ğŸ§”	Baart, Persoun mat Baart
ğŸ‘±â€â™‚	Mann, blond, blonde Mann
ğŸ‘©	Fra
ğŸ‘±â€â™€	Blondin, Fra, blond
ğŸ§“	al, eeleren Erwuessenen, neutral
ğŸ‘´	Mann, al, ale Mann
ğŸ‘µ	Fra, al, al Fra
ğŸ™	Geste, Stir, dâ€™Stir fronzend Persoun, fronzen
ğŸ™â€â™‚	Geste, Mann, Stir, dâ€™Stir fronzende Mann, fronzen
ğŸ™â€â™€	Fra, Geste, Stir, dâ€™Stir fronzend Fra, fronzen
ğŸ™	Geste, motzen, motzend Persoun
ğŸ™â€â™‚	Geste, Mann, motzend, motzende Mann
ğŸ™â€â™€	Fra, Geste, motzen, motzend Fra
ğŸ™…	Geste, Hand, Persoun, dÃ©i NEEN weist, Verbueden, neen, net
ğŸ™…â€â™‚	Geste, Hand, Mann, Mann, deen NEEN weist, neen, net, verbueden
ğŸ™…â€â™€	Fra, Fra, dÃ©i NEEN weist, Geste, Hand, neen, net, verbueden
ğŸ™†	Geste, Hand, OK, Persoun, dÃ©i OK weist
ğŸ™†â€â™‚	Geste, Hand, Mann, Mann, deen OK weist, OK
ğŸ™†â€â™€	Fra, Fra, dÃ©i OK weist, Geste, Hand, OK
ğŸ’	Hand, HÃ«llef, Informatiounen, Persoun, dÃ©i dâ€™Hand op hÃ¤lt, frech, ophalen
ğŸ’â€â™‚	Mann, Mann, deen dâ€™Hand op hÃ¤lt, frech, opgehalen Hand
ğŸ’â€â™€	Fra, Fra, dÃ©i dâ€™Hand op hÃ¤lt, frech, opgehalen Hand
ğŸ™‹	Geste, Hand, Persoun, dÃ©i dâ€™Hand hieft, gehuewen, glÃ©cklech
ğŸ™‹â€â™‚	Geste, Mann, Mann, deen dâ€™Hand hieft, gehuewen Hand
ğŸ™‹â€â™€	Fra, Fra, dÃ©i dâ€™Hand hieft, Geste, gehuewen Hand
ğŸ™‡	EntschÃ«llegung, Geste, Verneigung, entschÃ«llegt, sech vernÃ¤ipend Persoun
ğŸ™‡â€â™‚	EntschÃ«llegung, Gefalen, Geste, Mann, entschÃ«llegt, sech vernÃ¤ipende Mann, vernÃ¤ipen
ğŸ™‡â€â™€	EntschÃ«llegung, Fra, Gefalen, Geste, entschÃ«llegt, sech vernÃ¤ipend Fra, vernÃ¤ipen
ğŸ¤¦	Frust, Gesiicht, Hand, Persoun, dÃ©i sech dâ€™Hand widder de Kapp schlÃ©it, Zweiwel
ğŸ¤¦â€â™‚	Frust, Mann, Mann, deen sech dâ€™Hand widder de Kapp schlÃ©it, Zweiwel, entsat
ğŸ¤¦â€â™€	Fra, Fra, dÃ©i sech dâ€™Hand widder de Kapp schlÃ©it, Frust, Zweiwel, entsat
ğŸ¤·	Ignoranz, Indifferenz, Persoun, dÃ©i dâ€™SchÃ«lleren hieft, SchÃ«lleren hiewen, Zweiwel
ğŸ¤·â€â™‚	Ignoranz, Indifferenz, Mann, Mann, deen dâ€™SchÃ«lleren hieft, SchÃ«lleren hiewen, Zweiwel
ğŸ¤·â€â™€	Fra, Fra, dÃ©i dâ€™SchÃ«lleren hieft, Ignoranz, Indifferenz, SchÃ«lleren hiewen, Zweiwel
ğŸ‘¨â€âš•	Dokter, Gesondheet, Infirmier, Mann, Medeziner, Therapeut
ğŸ‘©â€âš•	Dokter, Fra, Gesondheet, InfirmiÃ¨re, Medezinerin, Therapeut
ğŸ‘¨â€ğŸ“	Absolvent, Mann, Student, diplomÃ©iert
ğŸ‘©â€ğŸ“	Absolventin, Fra, Studentin, diplomÃ©iert
ğŸ‘¨â€ğŸ«	Enseignant, Mann, Professer, Schoulmeeschter
ğŸ‘©â€ğŸ«	Enseignante, Fra, Professer, Schoulmeeschtesch
ğŸ‘¨â€âš–	Geriicht, Justiz, Riichter, Wo
ğŸ‘©â€âš–	Fra, Riichterin, Wo
ğŸ‘¨â€ğŸŒ¾	Bauer, GÃ¤ertner, Mann, VÃ©iziichter
ğŸ‘©â€ğŸŒ¾	Bauerefra, Fra, GÃ¤ertnerin, VÃ©iziichterin
ğŸ‘¨â€ğŸ³	Chef, Chefkach, Kach, Mann
ğŸ‘©â€ğŸ³	Cheffin, ChefkÃ¤chen, Fra, KÃ¤chen
ğŸ‘¨â€ğŸ”§	Elektriker, Handwierker, Installateur, Mann, Mecanicien
ğŸ‘©â€ğŸ”§	Elektrikerin, Fra, Handwierkerin, Installatrice, Mecanicienne
ğŸ‘¨â€ğŸ­	Aarbechter, Fabrik, Industrie, Mann, Montage
ğŸ‘©â€ğŸ­	Aarbechterin, Fabrik, Fra, Industrie, Montage
ğŸ‘¨â€ğŸ’¼	Architekt, BÃ¼ro, EmployÃ©, GeschÃ¤ft, Manager, Mann
ğŸ‘©â€ğŸ’¼	Architektin, BÃ¼ro, EmployÃ©e, Fra, GeschÃ¤ft, Managerin
ğŸ‘¨â€ğŸ”¬	Biolog, Chemiker, Ingenieur, Mann, Mathematiker, Physiker, WÃ«ssenschaftler
ğŸ‘©â€ğŸ”¬	Biolog, Chemikerin, Fra, Ingenieur, Mathematikerin, Physikerin, WÃ«ssenschaftlerin
ğŸ‘¨â€ğŸ’»	Coder, EntwÃ©ckler, Erfinder, Mann, Software, Techniker
ğŸ‘©â€ğŸ’»	Coderin, EntwÃ©cklerin, Erfinderin, Fra, Software, Technikerin
ğŸ‘¨â€ğŸ¤	Entertainer, Mann, Rock, Schauspiller, Star, SÃ¤nger
ğŸ‘©â€ğŸ¤	Entertainerin, Fra, Rock, Schauspillerin, Star, SÃ¤ngerin
ğŸ‘¨â€ğŸ¨	KÃ«nschtler, Mann, Palett
ğŸ‘©â€ğŸ¨	Fra, KÃ«nschtlerin, Palett
ğŸ‘¨â€âœˆ	Fliger, Mann, Pilot
ğŸ‘©â€âœˆ	Fliger, Fra, Pilotin
ğŸ‘¨â€ğŸš€	Astronaut, Mann, RakÃ©it
ğŸ‘©â€ğŸš€	Astronautin, Fra, RakÃ©it
ğŸ‘¨â€ğŸš’	Mann, Pompjee, Pompjeeswon
ğŸ‘©â€ğŸš’	Fra, Pompjee, Pompjeesfra, Pompjeeswon
ğŸ‘®	Flick, Police, Polizist, Polizist(in)
ğŸ‘®â€â™‚	Flick, Mann, Police, Polizist
ğŸ‘®â€â™€	Flick, Fra, Police, Polizistin
ğŸ•µï¸	Detektiv, Detektiv(in), Spioun
ğŸ•µâ€â™‚	Detektiv, Mann, Spioun
ğŸ•µâ€â™€	Detektivin, Fra, Spiounin
ğŸ’‚	Wiechter(in)
ğŸ’‚â€â™‚	Mann, Wiechter
ğŸ’‚â€â™€	Fra, Wiechterin
ğŸ‘·	Aarbechter, Bau, Bauaarbechter(in) mat Helm, Hutt
ğŸ‘·â€â™‚	Aarbechter, Bau, Bauaarbechter, Mann
ğŸ‘·â€â™€	Aarbechterin, Bau, Bauaarbechterin, Fra
ğŸ¤´	PrÃ«nz
ğŸ‘¸	Fantasie, MÃ¤erchen, Prinzessin
ğŸ‘³	Persoun mat Turban, Turban
ğŸ‘³â€â™‚	Mann, Mann mat Turban, Turban
ğŸ‘³â€â™€	Fra, Fra mat Turban, Turban
ğŸ‘²	Hutt, Mann, Mann mat chineseschem Hutt, gua pi mao
ğŸ§•	Fra mat Schleier, Hijab, Kappduch, Schleier, Voile
ğŸ¤µ	BrÃ¤itchemann, KostÃ¼m, Mann, Mann am KostÃ¼m
ğŸ‘°	Braut, Braut mat Schleier, HochzÃ¤it, Schleier
ğŸ¤°	Fra, schwanger, schwanger Fra
ğŸ¤±	Broscht, BÃ«bee, fleegen, stÃ«llend Fra
ğŸ‘¼	BÃ«bee, Engel, Engelchen, Fantasie, Gesiicht, MÃ¤erchen, Puppelchen
ğŸ…	ChrÃ«schtdag, Feier, Kleeschen, Papp
ğŸ¤¶	ChrÃ«schtdag, Dem Kleesche seng Fra, Feier, Fra, Kleeschen, Mamm
ğŸ§™	Hex, Hexemeeschter, Zauberer, Zauberer(in)
ğŸ§™â€â™‚	Hexemeeschter, Zauberer
ğŸ§™â€â™€	Hex
ğŸ§š	Fee, Oberon, Puck, Titania
ğŸ§šâ€â™‚	Oberon, Puck, mÃ¤nnlech Fee
ğŸ§šâ€â™€	Titania, weiblech Fee
ğŸ§›	Dracula, Vampir, ondout
ğŸ§›â€â™‚	Dracula, Vampirmann, ondout
ğŸ§›â€â™€	Vampirfra, ondout
ğŸ§œ	Mierjonfra, Miermann, Mierpersoun
ğŸ§œâ€â™‚	Miermann, Triton
ğŸ§œâ€â™€	Mierfra, Mierjongfra
ğŸ§	Elf, magesch
ğŸ§â€â™‚	Elfemann, magesch
ğŸ§â€â™€	Elfefra, magesch
ğŸ§	Djinn, Genie
ğŸ§â€â™‚	Djinn, Geniemann
ğŸ§â€â™€	Djinn, Geniefra
ğŸ§Ÿ	Zombie, ondout
ğŸ§Ÿâ€â™‚	Zombie, Zombiemann, ondout
ğŸ§Ÿâ€â™€	Zombie, Zombiefra, ondout
ğŸ’†	Gesiicht, Massage, Persoun, dÃ©i eng Kappmassage kritt, Salon
ğŸ’†â€â™‚	Gesiicht, Mann, Mann, deen eng Kappmassage kritt, Massage
ğŸ’†â€â™€	Fra, Fra, dÃ©i eng Kappmassage kritt, Gesiicht, Massage
ğŸ’‡	Coiffer, Coupe, Hoer, Persoun, dÃ©i dâ€™Hoer geschnidde kritt, Salon, SchÃ©inheet, schneiden
ğŸ’‡â€â™‚	Coupe, Hoer, Mann, Mann, deen dâ€™Hoer geschnidde kritt, schneiden
ğŸ’‡â€â™€	Coupe, Fra, Fra, dÃ©i dâ€™Hoer geschnidde kritt, Hoer, schneiden
ğŸš¶	spadsÃ©ieren, spadsÃ©ierend, spadsÃ©ierend Persoun, wanderen
ğŸš¶â€â™‚	Mann, spadsÃ©ieren, spadsÃ©ierende Mann, wanderen
ğŸš¶â€â™€	Fra, spadsÃ©ieren, spadsÃ©ierend Fra, wanderen
ğŸƒ	Marathon, lafen, lafend Persoun
ğŸƒâ€â™‚	Course, Mann, Marathon, lafen, lafende Mann
ğŸƒâ€â™€	Course, Fra, Marathon, lafen, lafend Fra
ğŸ’ƒ	Fra, danzend, danzend Fra
ğŸ•º	Mann, danzen, danzende Mann
ğŸ•´ï¸	GeschÃ¤ft, KostÃ¼m, Mann, levitÃ©ierende Man am KostÃ¼m
ğŸ‘¯	DÃ¤nzer, Huesoueren, Party, Persoun mat Huesoueren, feieren
ğŸ‘¯â€â™‚	DÃ¤nzer, Huesoueren, MÃ¤nner, MÃ¤nner mat Huesoueren, Party, feieren
ğŸ‘¯â€â™€	DÃ¤nzerin, Frae mat Huesoueren, Fraen, Huesoueren, Party, feieren
ğŸ§–	Dampbad, Persoun am Dampbad, Sauna
ğŸ§–â€â™‚	Dampbad, Mann am Dampbad, Sauna
ğŸ§–â€â™€	Dampbad, Fra am Dampbad, Sauna
ğŸ§—	Biergsteiger, KlÃ«mmer(in)
ğŸ§—â€â™‚	Biergsteiger, KlÃ«mmer
ğŸ§—â€â™€	Biergsteiger, KlÃ«mmerin
ğŸ¤º	Fechter, SchwÃ¤ert, fechten, fechtend Persoun
ğŸ‡	Course, CoursepÃ¤erd, Jockey, PÃ¤erd, PÃ¤erdscourse
â›·ï¸	SchnÃ©i, Ski, Skifuerer
ğŸ‚ï¸	SchnÃ©i, Ski, Snowboard, Snowboarder
ğŸŒï¸	Ball, Golf, Golferspiller
ğŸŒâ€â™‚	Golf, Golfer, Mann
ğŸŒâ€â™€	Fra, Golf, Golferin
ğŸ„ï¸	Surfen, Surfer(in)
ğŸ„â€â™‚	Mann, Surfen, Surfer
ğŸ„â€â™€	Fra, Surfen, Surferin
ğŸš£	Boot, Rudderboot, rudderend Persoun
ğŸš£â€â™‚	Boot, Mann, Rudderboot, rudderende Mann
ğŸš£â€â™€	Boot, Fra, Rudderboot, rudderend Fra
ğŸŠï¸	SchwÃ«mmer(in), schwammen
ğŸŠâ€â™‚	Mann, SchwÃ«mmer, schwammen
ğŸŠâ€â™€	Fra, SchwÃ«mmerin, schwammen
â›¹ï¸	Ball, mam Ball dribbelend Persoun
â›¹â€â™‚	Ball, Mann, mam Ball dribbelende Mann
â›¹â€â™€	Ball, Fra, mam Ball dribbelend Fra
ğŸ‹ï¸	Gewiicht, Gewiichthiewer(in), Hiewer
ğŸ‹â€â™‚	Gewiichthiewer, Mann
ğŸ‹â€â™€	Fra, Gewiichthiewer, Gewiichthiewerin
ğŸš´	VÃ«lo, VÃ«lofueren, VÃ«losfuerer, VÃ«losfuerer(in)
ğŸš´â€â™‚	Mann, VÃ«lo, VÃ«lofueren, VÃ«losfuerer
ğŸš´â€â™€	Fra, VÃ«lo, VÃ«lofueren, VÃ«losfuerer, VÃ«losfuererin
ğŸšµ	Bierg, Mountainbike, Mountainbikesfuerer(in), VÃ«lo, VÃ«lofueren, VÃ«losfuerer
ğŸšµâ€â™‚	Bierg, Mann, Mountainbike, Mountainbikesfuerer, VÃ«lo, VÃ«lofueren, VÃ«losfuerer
ğŸšµâ€â™€	Bierg, Fra, Mountainbike, Mountainbikesfuererin, VÃ«lo, VÃ«lofueren, VÃ«losfuerer
ğŸ¤¸	Persoun, dÃ©i dâ€™Rad schlÃ©it, Rad, Turnen
ğŸ¤¸â€â™‚	Mann, Mann, deen dâ€™Rad schlÃ©it, Rad, Turnen
ğŸ¤¸â€â™€	Fra, Fra, dÃ©i dâ€™Rad schlÃ©it, Rad, Turnen
ğŸ¤¼	Wrestler, Wrestling, catchen
ğŸ¤¼â€â™‚	MÃ¤nner, Wrestler, catchen
ğŸ¤¼â€â™€	Fraen, Wrestlerinnen, catchen
ğŸ¤½	Polo, Waasser, Waasserballspiller(in)
ğŸ¤½â€â™‚	Mann, Waasserball, Waasserballspiller
ğŸ¤½â€â™€	Fra, Waasserball, Waasserballspillerin
ğŸ¤¾	Ball, Handball, Handballspiller(in)
ğŸ¤¾â€â™‚	Handball, Handballspiller, Mann
ğŸ¤¾â€â™€	Fra, Handball, Handballspillerin
ğŸ¤¹	GeschÃ©ck, GlÃ¤ichgewiicht, Multitasking, jonglÃ©ieren, jonglÃ©ierend Persoun
ğŸ¤¹â€â™‚	Mann, Multitasking, jonglÃ©ieren, jonglÃ©ierende Mann
ğŸ¤¹â€â™€	Fra, Multitasking, jonglÃ©ieren, jonglÃ©ierend Fra
ğŸ§˜	Meditatioun, Persoun a Lotuspositioun, Yoga
ğŸ§˜â€â™‚	Mann a Lotuspositioun, Meditatioun, Yoga
ğŸ§˜â€â™€	Fra a Lotuspositioun, Meditatioun, Yoga
ğŸ›€	Bidden, Buedbidden, Persoun an der Bidden
ğŸ›Œ	Hotel, Persoun am Bett, schlofen
ğŸ‘­	Fra, Hand, Koppel, halen, zwou Fraen Hand an Hand
ğŸ‘«	Fra, Hand, Koppel, Mann, Mann a Fra Hand an Hand, halen
ğŸ‘¬	Hand, Koppel, Mann, StÃ¤rzeechen, Zwilling, Zwillingen, halen, zwee MÃ¤nner Hand an Hand
ğŸ’	Koppel, Kuss
ğŸ’‘	Koppel, LÃ©ift, verlÃ©ift Koppel
ğŸ‘ªï¸	Famill
ğŸ—£ï¸	Gesiicht, Kapp, Silhouette, schwÃ¤tzen, schwÃ¤tzend, schwÃ¤tzende Kapp
ğŸ‘¤	BÃ¼st, Silhouette, mÃ«nschlech, mÃ«nschlech Silhouette
ğŸ‘¥	BÃ¼st, Silhouette, mÃ«nschlech, mÃ«nschlech Silhouetten
ğŸ‘£	Foussofdrock, FoussofdrÃ©ck, Kleeder, Ofdrock
ğŸµ	Af, Afegesiicht, Gesiicht
ğŸ’	Af
ğŸ¦	Gorilla
ğŸ¶	Gesiicht, HausdÃ©ier, Hond, Hondsgesiicht
ğŸ•ï¸	HausdÃ©ier, Hond
ğŸ©	Hond, Puddel
ğŸº	Gesiicht, Wollef, Wollefsgesiicht
ğŸ¦Š	Fuuss, Fuussgesiicht, Gesiicht
ğŸ±	Gesiicht, HausdÃ©ier, Kaz, Kazegesiicht
ğŸˆï¸	HausdÃ©ier, Kaz
ğŸ¦	Gesiicht, LÃ©if, LÃ©ifsgesiicht, StÃ¤rzeechen
ğŸ¯	Gesiicht, Tiger, Tigersgesiicht
ğŸ…	Tiger
ğŸ†	Leopard
ğŸ´	Gesiicht, PÃ¤erd, PÃ¤erdsgesiicht
ğŸ	Course, CoursepÃ¤erd, PÃ¤erd, reiden
ğŸ¦„	Einhorn, Einhornsgesiicht, Gesiicht
ğŸ¦“	StrÃ¤if, Zebra
ğŸ¦Œ	Hirsch
ğŸ®	Gesiicht, Kou, Kousgesiicht
ğŸ‚	Ochs, StÃ¤rzeechen, StÃ©ier
ğŸƒ	BÃ¼ffel, Waasser, WaasserbÃ¼ffel
ğŸ„	Kou
ğŸ·	Gesiicht, SchwÃ¤in, SchwÃ©ngsgesiicht
ğŸ–	Sau, SchwÃ¤in
ğŸ—	SchwÃ¤in, WÃ«llschwÃ¤in
ğŸ½	Gesiicht, Nues, SchwÃ¤in, SchwÃ©ngsnues
ğŸ	MÃ¤nnchen, Schof, StÃ¤rzeechen, Widder
ğŸ‘	Mudder, Mudderschof, Schof, Weibchen
ğŸ	Geess, Steebock, StÃ¤rzeechen
ğŸª	Bockel, Dromedar
ğŸ«	Bockel, KamÃ©il, zwee
ğŸ¦’	Flecken, Giraff
ğŸ˜	Elefant
ğŸ¦	Nashorn
ğŸ­	Gesiicht, Maus, Mausgesiicht
ğŸ	Maus
ğŸ€	Rat
ğŸ¹	Gesiicht, Hamster, Hamstersgesiicht, HausdÃ©ier
ğŸ°	Gesiicht, HausdÃ©ier, Hues, Huesgesiicht, KanÃ©ngchen
ğŸ‡	HausdÃ©ier, Hues, KanÃ©ngchen
ğŸ¿ï¸	Kaweechelchen
ğŸ¦”	KÃ©iseker, dÃ¤reg
ğŸ¦‡	Fliedermaus, Vampir
ğŸ»	Bier, Bieregesiicht, Gesiicht
ğŸ¨	Bier, Koalabier
ğŸ¼	Gesiicht, Panda, Pandasgesiicht
ğŸ¾	FÃ©iss, Ofdrock, Patt, PattenofdrÃ©ck
ğŸ¦ƒ	Schnuddelhong, Vugel
ğŸ”	Hong, Vugel
ğŸ“	Hunn, Vugel
ğŸ£	BÃ«bee, Hong, Jippelchen, Jippelchen am Ee, Vugel, am Ee, kleng
ğŸ¤	BÃ«bee, Hong, Jippelchen, Vugel
ğŸ¥	BÃ«bee, Hong, Jippelche vu vir, Jippelchen, Vugel
ğŸ¦ï¸	Vugel
ğŸ§	Pinguin, Vugel
ğŸ•Šï¸	Dauf, Fridden, Vugel, flÃ©ien
ğŸ¦…	Adler, Vugel
ğŸ¦†	Int, Vugel
ğŸ¦‰	Eil, Vugel, klug
ğŸ¸	FrÃ¤sch, FrÃ¤schegesiicht, Gesiicht
ğŸŠ	Krokodil
ğŸ¢	Deckelsmouk, DouseschildkrÃ¶t, SchildkrÃ¶t
ğŸ¦	Eidechs, Reptil
ğŸ	Ophiuchus, Schlaang, SchlaangentrÃ¤ger, StÃ¤rzeechen
ğŸ²	Draach, Draachegesiicht, Gesiicht, MÃ¤erchen
ğŸ‰	Draach, MÃ¤erchen
ğŸ¦•	Brachiosaurus, Brontosaurus, Dinosaurier, Diplodokus
ğŸ¦–	T-Rex, Tyrannosaurus Rex
ğŸ³	Gesiicht, Wal, sprÃ«tzend, sprÃ«tzende Wal
ğŸ‹	Wal
ğŸ¬	Delfin, Flipper
ğŸŸï¸	FÃ«sch, StÃ¤rzeechen
ğŸ 	FÃ«sch, tropesch, tropesche FÃ«sch
ğŸ¡	FÃ«sch, KugelfÃ«sch
ğŸ¦ˆ	FÃ«sch, Hai
ğŸ™	TÃ«ntefÃ«sch
ğŸš	Muschel, Spiral, Spiralmuschel
ğŸŒ	Schleek
ğŸ¦‹	Insekt, PÃ¤iperlek, schÃ©in
ğŸ›	Insekt, Kiewerlek
ğŸœ	Insekt, Seejomes
ğŸ	Bei, Insekt
ğŸ	HimmelsdÃ©ierchen, Insekt, Kiewerlek
ğŸ¦—	Cricket, HeesprÃ©nger
ğŸ•·ï¸	Insekt, Spann
ğŸ•¸ï¸	Netz, Spann, Spannennetz
ğŸ¦‚	Skorpioun, StÃ¤rzeechen
ğŸ’	Blumm, Blummebouquet
ğŸŒ¸	Blumm, BlÃ©i, Kiischt, KiischteblÃ©i
ğŸ’®	Blumm, wÃ¤iss Blumm
ğŸµï¸	Planz, Rosett
ğŸŒ¹	Blumm, Rous
ğŸ¥€	Blumm, verwielegt, verwielegt Blumm
ğŸŒº	Blumm, Hibiskus
ğŸŒ»	Blumm, Sonn, Sonneblumm
ğŸŒ¼	Blumm, MargrÃ©itchen
ğŸŒ·	Blumm, Tulp
ğŸŒ±	Keimling, jonk
ğŸŒ²	Bam, DÃ¤nnebam
ğŸŒ³	Bam, Laf, Lafbam, falen
ğŸŒ´	Bam, Palm
ğŸŒµ	Kaktus, Planz
ğŸŒ¾	Hallem, KÃ¤r, RÃ¤is, RÃ¤ishallem
ğŸŒ¿	Blat, KrÃ¤ider
â˜˜ï¸	KlÃ©i, Planz
ğŸ€	4, Blat, KlÃ©i, vÃ©ier, vÃ©ierbliederegt KlÃ©iblat
ğŸ	Ahorn, Ahornblat, Blat, falend
ğŸ‚	Blat, Hierschtblat, falend
ğŸƒ	Blat, Wand, am Wand flÃ©iend Blat, blosen, flÃ©ien
ğŸ‡	Drauf, Drauwen, Uebst
ğŸˆ	Meloun, Uebst
ğŸ‰	Uebst, Waassermeloun
ğŸŠ	Mandarine, Orange, Uebst
ğŸ‹	Uebst, Zitroun, Zitrusfriicht
ğŸŒ	Banann, Uebst
ğŸ	Ananas, Uebst
ğŸ	Apel, Uebst, rouden Apel, rout
ğŸ	Apel, Uebst, grÃ©ng, grÃ©ngen Apel
ğŸ	Bir (Fruucht), Uebst
ğŸ‘	Piisch, Uebst
ğŸ’	Kiischt, Kiischten, Uebst
ğŸ“	Bier, Uebst, Ã„erdbier
ğŸ¥	Iessen, Kiwi, Uebst
ğŸ…	GemÃ©is, Tomat, Uebst
ğŸ¥¥	Kokosnoss, Palm, PiÃ±a Colada
ğŸ¥‘	Avocado, Fruucht, Iessen
ğŸ†	Aubergine, GemÃ©is
ğŸ¥”	GemÃ©is, Gromper, Iessen
ğŸ¥•	GemÃ©is, Iessen, Wuerzel
ğŸŒ½	Kolben, Labyrinth, Mais
ğŸŒ¶ï¸	Peperoni, schaarf
ğŸ¥’	GemÃ©is, Iessen, Kornischong
ğŸ¥¦	Brokkoli, wÃ«lle Kabes
ğŸ„	Champignon, GÃ«ftpilz, Pilz
ğŸ¥œ	GemÃ©is, Iessen, Kakuett, Noss
ğŸŒ°	KÃ¤scht, Planz
ğŸ	Brout
ğŸ¥	Brout, Croissant, Iessen, fransÃ©isch
ğŸ¥–	Baguette, Brout, Iessen, fransÃ©isch
ğŸ¥¨	Bretzel, gedrÃ©it
ğŸ¥	CrÃªpe, Iessen, Paangech, Paangecher, Pancake
ğŸ§€	KÃ©is, StÃ©ck KÃ©is
ğŸ–	Fleesch, Fleeschschank, Schank
ğŸ—	Been, Poulet, PouletsstrÃ¤mpel, Schank, StÃ¤mpel
ğŸ¥©	Bifdeck, HÃ¤mmelskotlett, Kotlett, SchwÃ©ngskotlett, StÃ©ck Fleesch
ğŸ¥“	Fleesch, Iessen, Speck
ğŸ”	Burger, Hamburger
ğŸŸ	Fritten
ğŸ•	KÃ©is, Pizza, StÃ©ck
ğŸŒ­	Frankfurter, Hot Dog, Hotdog, Wurscht
ğŸ¥ª	Brout, Sandwich
ğŸŒ®	Taco, mexikanesch
ğŸŒ¯	Burrito, Wrap, mexikanesch
ğŸ¥™	Falafel, Gyros, Iessen, Kebab, flaacht Brout, gefÃ«llt
ğŸ¥š	Ee, Iessen
ğŸ³	Ee, Pan, Pan mat Spigelee, broden
ğŸ¥˜	Iessen, Kasseroll, Kasseroll mat Iessen, Paella, Pan, flaach
ğŸ²	Eintopf, Kasseroll, Plat an enger Kasseroll
ğŸ¥£	Boll mat LÃ¤ffel, FrÃ¼hstÃ¼ck, Kaffi, MÃ¼sli
ğŸ¥—	Iessen, Zalot, grÃ©ng, grÃ©ng Zalot
ğŸ¿	Popcorn
ğŸ¥«	BÃ©chs, Iessen an der BÃ©chs
ğŸ±	Bento, Bento-Box, Box, KÃ«scht
ğŸ˜	Kichelchen, RÃ¤is, RÃ¤iskichelcher
ğŸ™	Ball, RÃ¤is, RÃ¤isball, japanesch
ğŸš	RÃ¤is, gekacht, gekachte RÃ¤is
ğŸ›	Curry, Curry mat RÃ¤is, RÃ¤is
ğŸœ	Nuddelen, Ramen, Schossel, Schossel mat Nuddelen, dÃ¤mpend
ğŸ	Pasta, Spagetti
ğŸ 	Gromper, SÃ©issgromper, gebroden, sÃ©iss
ğŸ¢	Broschett, Kebab, Mieresfriichten, Oden
ğŸ£	Sushi
ğŸ¤	Crevette, Scampi, Scampi-Tempura, Tempura, frittÃ©iert
ğŸ¥	FÃ«sch, Kichelchen, Kuch, gerullt, gerullte FÃ«schkichelchen
ğŸ¡	Brochett, Dango, Dessert, japanesch, sÃ©iss
ğŸ¥Ÿ	Empanada, Gyoza, Jiaozi, Pierogi, Ravioli
ğŸ¥ 	GlÃ©ckskichelchen, Prophezeiung
ğŸ¥¡	AusterkÃ«scht, Takeout-KÃ«scht
ğŸ¦€	Kriibs, StÃ¤rzeechen
ğŸ¦	Crevette, Iessen, Mieresfruucht, kleng
ğŸ¦‘	Calamar, Iessen, Mollusk
ğŸ¦	CrÃ¨me, Dessert, Glace, Softice, sÃ©iss, Ã„is
ğŸ§	Dessert, Glace, Waasser, Waasserglace, sÃ©iss
ğŸ¨	Dessert, Glace, sÃ©iss, Ã„is
ğŸ©	Dessert, Donut, sÃ©iss
ğŸª	Dessert, Kichelchen, sÃ©iss
ğŸ‚	Dessert, Feier, Gebuertsdag, Gebuertsdagskuch, GebÃ¤ck, Kuch, sÃ©iss
ğŸ°	Dessert, GebÃ¤ck, Kuch, StÃ©ck, StÃ©ck Kuch, sÃ©iss
ğŸ¥§	FÃ«llung, GebÃ¤ck, Taart
ğŸ«	Dessert, Schokela, Tablett, Tablett Schockela, sÃ©iss
ğŸ¬	Dessert, Kamell, sÃ©iss
ğŸ­	Dessert, Kamell, Lutsch, sÃ©iss
ğŸ®	Dessert, Pudding, sÃ©iss
ğŸ¯	Glas, Hunneg, Hunnegglas, sÃ©iss
ğŸ¼	Biberon, FlÃ¤sch, MÃ«llech, Puppelchen, drÃ©nken
ğŸ¥›	GedrÃ©nks, Glas, Glas MÃ«llech, MÃ«llech
â˜•ï¸	GedrÃ©nks, Kaffi, TÃ©i, drÃ©nken, dÃ¤mpend, waarm, waarmt GedrÃ©nks
ğŸµ	GedrÃ©nks, Taass, Taass ouni HÃ¤nk, TÃ©i, TÃ©itaass, drÃ©nken
ğŸ¶	Bar, FlÃ¤sch, GedrÃ©nks, Sake, Taass, drÃ©nken
ğŸ¾	Bar, FlÃ¤sch, FlÃ¤sch mat knallendem Stopp, Stopp, drÃ©nken, knallend
ğŸ·	Bar, GedrÃ©nks, Glas, WÃ¤iglas, WÃ¤in, drÃ©nken
ğŸ¸ï¸	Bar, Cocktail, Cocktailglas, GedrÃ©nks, Glas
ğŸ¹	Bar, GedrÃ©nks, exotesch, exotescht GedrÃ©nks
ğŸº	Bar, BÃ©ier, GedrÃ©nks, Klensch
ğŸ»	Bar, BÃ©ier, GedrÃ©nks, Klensch, prosten, prostend BÃ©ierklenschen
ğŸ¥‚	GedrÃ©nks, Glas, feieren, prosten, prostend Glieser
ğŸ¥ƒ	Alkohol, Glas, Shot, Whisky, Whiskyglas
ğŸ¥¤	Glas mat StrÃ©ihallem, Jus, Softdrink
ğŸ¥¢	Hashi, asiatesch BÃ©ngelen
ğŸ½ï¸	Forschett, Forschett a Messer mat Teller, Messer, Teller, kachend
ğŸ´	Forschett, Forschett a Messer, Messer, kachend
ğŸ¥„	Geschir, LÃ¤ffel
ğŸ”ª	Kichemesser, Kichen, Messer, Utensil, Waff, kachen
ğŸº	Amphore, GedrÃ©nks, Krou, StÃ¤rzeechen, Utensil, Waassermann, Waff, kachend
ğŸŒ	Afrika, Europa, Globus, Globus (zentrÃ©iert op Europa an Afrika), Welt, Ã„erd
ğŸŒï¸	Globus, Globus (zentrÃ©iert op Nord-/SÃ¼damerika), Nordamerika, SÃ¼damerika, Welt, Ã„erd
ğŸŒ	Asien, Australien, Globus, Globus (zentrÃ©iert op Asien an Australien), Welt, Ã„erd
ğŸŒ	Globus, Meridian, Meridianglobus, Welt, Ã„erd
ğŸ—ºï¸	Kaart, Welt, Weltkaart
ğŸ—¾	Japan, Kaart, Kaart vu Japan
ğŸ”ï¸	Bierg, SchnÃ©i, kal, mat SchnÃ©i bedeckte Bierg
â›°ï¸	Bierg
ğŸŒ‹	Bierg, Eruptioun, Vulkan
ğŸ—»	Bierg, Fuji, Mount Fuji
ğŸ•ï¸	Camping
ğŸ–ï¸	Plage, Plage mat Sonneprabbeli, Prabbeli
ğŸœï¸	WÃ¼st
ğŸï¸	Insel, WÃ¼st, WÃ¼steninsel
ğŸï¸	Nationalpark, Park
ğŸŸï¸	Stadion
ğŸ›ï¸	klassesch, klassescht Gebai
ğŸ—ï¸	Aarbechten, Kran, StroossebarriÃ¨re
ğŸ˜ï¸	Haiser
ğŸšï¸	Haus, eidel, eidelt Haus
ğŸ ï¸	Doheem, Haus
ğŸ¡	Doheem, Gaart, Haus, Haus mat Gaart
ğŸ¢	BÃ¼rosgebai, Gebai
ğŸ£	Post, japanesch, japanesche PostbÃ¼ro
ğŸ¤	Post, PostbÃ¼ro, europÃ¤esch
ğŸ¥	Dokter, Medezin, Spidol
ğŸ¦	Bank, Gebai
ğŸ¨	Gebai, Hotel
ğŸ©	Hotel, Love Hotel, LÃ©ift
ğŸª	GeschÃ¤ft, SupermarchÃ©
ğŸ«	Gebai, Schoul
ğŸ¬	Akafszenter, GeschÃ¤ft
ğŸ­ï¸	Fabrik, Gebai
ğŸ¯	Schlass, japanesch, japanescht Schlass
ğŸ°	Schlass, europÃ¤esch
ğŸ’’	HochzÃ¤it, Kapell, Romanz
ğŸ—¼	Tokyo, Tokyo Tower, Tower, Tuerm
ğŸ—½	FrÃ¤iheet, FrÃ¤iheetsstatu, Statu
â›ªï¸	Kierch, KrÃ¤iz, Relioun, chrÃ«schtlech
ğŸ•Œ	Islam, Moschee, Moslem, Relioun
ğŸ•	Judd, Relioun, Synagog, Tempel, jiddesch
â›©ï¸	Relioun, SchrÃ¤in, Shinto, Shinto-SchrÃ¤in
ğŸ•‹	Islam, Kaaba, Moslem, Relioun
â›²ï¸	Sprangbuer
â›ºï¸	Camping, Zelt
ğŸŒ	Niwwel, niwweleg
ğŸŒƒ	Himmel, Nuecht, StÃ¤r, StÃ¤renhimmel
ğŸ™ï¸	Stad, Stadlandschaft
ğŸŒ„	Bierg, Moien, Sonn, Sonnenopgang, Sonnenopgang an de Bierger
ğŸŒ…	Moien, Sonn, Sonnenopgang
ğŸŒ†	DÃ¤mmerung, Landschaft, Owend, Sonn, SonnenÃ«nnergang, Stad, Stad an der DÃ¤mmerung
ğŸŒ‡	DÃ¤mmerung, Sonn, SonnenÃ«nnergang
ğŸŒ‰	BrÃ©ck, BrÃ©ck nuets, Nuecht, nuets
â™¨ï¸	Quellen, dÃ¤mpend, waarm, waarm Quellen
ğŸ 	Karussell, KarussellpÃ¤erdchen, PÃ¤erdchen
ğŸ¡	Fouer, FrÃ¤izÃ¤itpark, Rad, Riserad
ğŸ¢	Achterbahn, FrÃ¤izÃ¤itpark
ğŸ’ˆ	Coiffer, Coifferssail, Coupe, Sail
ğŸª	Zelt, Zirkus, Zirkuszelt
ğŸš‚	Damp, Eisebunn, Lokomotiv, Motor, Zuch
ğŸšƒ	Eisebunn, Tram, Trolleybus, Waggon, Zuch, Zuchwaggon, elektresch
ğŸš„	Eisebunn, Schnellzuch, Shinkansen, Vitess, Zuch
ğŸš…	Eisebunn, Fliger, Schnellzuch mat Fligernues, Shinkansen, Vitess, Zuch
ğŸš†	Eisebunn, Zuch
ğŸš‡ï¸	Metro, U-Bahn
ğŸšˆ	Eisebunn, Stadbunn
ğŸš‰	Eisebunn, Haltestell, Zuch
ğŸšŠ	Tram, Trolleybus
ğŸš	Gefier, Monorail
ğŸš	Bierg, Biergzuch, Eisebunn, Waggon
ğŸš‹	Tram, Tramwaggon, Trolleybus, Waggon
ğŸšŒ	Bus, Gefier
ğŸšï¸	Bus, entgÃ©intkommend, entgÃ©intkommende Bus
ğŸš	Bus, Tram, Trolley, Trolleybus
ğŸš	Bus, Minibus
ğŸš‘ï¸	Ambulanz, Gefier
ğŸš’	Camion, Feier, Motor, Pompjeeswon
ğŸš“	Auto, Patrull, Police, Policeauto
ğŸš”ï¸	Auto, Police, entgÃ©intkommend, entgÃ©intkommende Policeauto
ğŸš•	Gefier, Taxi
ğŸš–	Taxi, entgÃ©intkommend, entgÃ©intkommenden Taxi
ğŸš—	Auto, Automobil
ğŸš˜ï¸	Auto, Automobil, entgÃ©intkommend, entgÃ©intkommenden Auto
ğŸš™	FrÃ¤izÃ¤it, SUV, Sportswon
ğŸšš	Liwwerung, Liwwerwon, Won
ğŸš›	Camion, Sattelschlepper, Schlepper, Semi
ğŸšœ	Gefier, Trakter
ğŸï¸	Auto, Course, Courseauto
ğŸï¸	Course, Motorrad
ğŸ›µ	Motor, Scooter
ğŸš²ï¸	VÃ«lo
ğŸ›´	Trottinette, stoussen
ğŸš	ArrÃªt, Bus, Bushaltestell
ğŸ›£ï¸	Autobunn, Schnellstrooss, Strooss
ğŸ›¤ï¸	Eisebunn, Schinnen, Zuch
ğŸ›¢ï¸	Faass, Ueleg, Uelegfaass
â›½ï¸	Bensin, Pompel, Statioun, Tankstell
ğŸš¨	Auto, Gyrophar, Luucht, Police, Signal, drÃ©iend
ğŸš¥	Luucht, VerkÃ©ier, Zeechen, horizontal rout Luucht
ğŸš¦	Luucht, VerkÃ©ier, Zeechen, vertikal rout Luucht
ğŸ›‘	SchÃ«ld, Stopp, StoppschÃ«ld, aachteckeg
ğŸš§	BarriÃ¨re, StroossebarriÃ¨re
âš“ï¸	Anker, Handwierksgeschir, SchÃ«ff
â›µï¸	Boot, Mier, Resort, Segelboot, Yacht
ğŸ›¶	Boot, Kanu
ğŸš¤	Boot, Schnellboot
ğŸ›³ï¸	PassagÃ©ier, PassagÃ©ierschÃ«ff, SchÃ«ff
â›´ï¸	Boot, FÃ¤hr, PassagÃ©ier
ğŸ›¥ï¸	Boot, Motorboot
ğŸš¢	Boot, PassagÃ©ier, SchÃ«ff
âœˆï¸	Fliger
ğŸ›©ï¸	Fliger, klenge Fliger
ğŸ›«	Check-In, Depart, Departen, Fliger, Fligersdepart
ğŸ›¬	ArrivÃ©eeÃ«n, Fliger, FligersarrivÃ©e, landend, ukommend
ğŸ’º	SÃ«tz, SÃ«tzplaz
ğŸš	Gefier, Helikopter
ğŸšŸ	Bunn, Schwiefbunn, schwiewen
ğŸš 	Bierg, Biergseelbunn, Gondel, Kabel, Seelbunn
ğŸš¡	Bunn, Gondel, Kabel, Loft, Loftseelbunn, Seel, Tram, Waggon
ğŸ›°ï¸	Satellit, Weltall
ğŸš€	RakÃ©it, Weltall
ğŸ›¸	UFO
ğŸ›ï¸	Hotel, Hotelpage, Hotelpageschell, Schell
âŒ›ï¸	Auer, Sand, Sandauer, ZÃ¤it
â³ï¸	Auer, Sand, Sandauer, Sandauer mat lafendem Sand, ZÃ¤it
âŒšï¸	Auer
â°	Auer, Wecker
â±ï¸	Auer, Stoppauer
â²ï¸	Auer, Timer
ğŸ•°ï¸	Auer, KamÃ¤inauer
ğŸ•›ï¸	00, 12, 12:00, Auer, AuerzÃ¤it, zwielef, zwielef Auer
ğŸ•§	12, 12:30, 30, Auer, drÃ«sseg, eng, hallwer, hallwer eng, zwielef
ğŸ•ï¸	00, 1, 1:00, Auer, AuerzÃ¤it, eng, eng Auer
ğŸ•œ	1, 1:30, 30, Auer, drÃ«sseg, eng, hallwer, hallwer zwou, zwou
ğŸ•‘ï¸	00, 2, 2:00, Auer, AuerzÃ¤it, zwou, zwou Auer
ğŸ•	2, 2:30, 30, Auer, drÃ¤i, drÃ«sseg, hallwer, hallwer drÃ¤i, zwou
ğŸ•’ï¸	00, 3, 3:00, Auer, AuerzÃ¤it, drÃ¤i, drÃ¤i Auer
ğŸ•	3, 30, 3:30, Auer, drÃ¤i, drÃ«sseg, hallwer, hallwer vÃ©ier, vÃ©ier
ğŸ•“ï¸	00, 4, 4:00, Auer, AuerzÃ¤it, vÃ©ier, vÃ©ier Auer
ğŸ•Ÿ	30, 4, 4:30, Auer, drÃ«sseg, fÃ«nnef, hallwer, hallwer fÃ«nnef, vÃ©ier
ğŸ•”ï¸	00, 5, 5:00, Auer, AuerzÃ¤it, fÃ«nnef, fÃ«nnef Auer
ğŸ• 	30, 5, 5:30, Auer, drÃ«sseg, fÃ«nnef, hallwer, hallwer sechs, sechs
ğŸ••ï¸	00, 6, 6:00, Auer, AuerzÃ¤it, sechs, sechs Auer
ğŸ•¡	30, 6, 6:30, Auer, drÃ«sseg, hallwer, hallwer siwen, sechs, siwen
ğŸ•–ï¸	00, 7, 7:00, Auer, AuerzÃ¤it, siwen, siwen Auer
ğŸ•¢	30, 7, 7:30, Auer, aacht, drÃ«sseg, hallwer, hallwer aacht, siwen
ğŸ•—ï¸	00, 8, 8:00, Auer, AuerzÃ¤it, aacht, aacht Auer
ğŸ•£	30, 8, 8:30, Auer, aacht, drÃ«sseg, hallwer, hallwer nÃ©ng, nÃ©ng
ğŸ•˜ï¸	00, 9, 9:00, Auer, AuerzÃ¤it, nÃ©ng, nÃ©ng Auer
ğŸ•¤	30, 9, 9:30, Auer, drÃ«sseg, hallwer, hallwer zÃ©ng, nÃ©ng, zÃ©ng
ğŸ•™ï¸	00, 10, 10:00, Auer, AuerzÃ¤it, zÃ©ng, zÃ©ng Auer
ğŸ•¥	10, 10:30, 30, Auer, drÃ«sseg, eelef, hallwer, hallwer eelef, zÃ©ng
ğŸ•šï¸	00, 11, 11:00, Auer, AuerzÃ¤it, eelef, eelef Auer
ğŸ•¦	11, 11:30, 30, Auer, drÃ«sseg, eelef, hallwer, hallwer zwielef, zwielef
ğŸŒ‘	Mound, Neimound, dÃ¤ischter
ğŸŒ’	Mound, SÃ©chelmound, SÃ©chelmound am Ã©ischte VÃ©ierel, Ã©ischte VÃ©ierel
ğŸŒ“	Hallef, Mound, VÃ©ierel, zouhuelenden Hallefmound
ğŸŒ”	Mound, SÃ©chelmound, SÃ©chelmound am zweete VÃ©ierel, zweete VÃ©ierel
ğŸŒ•ï¸	Mound, Vollmound, voll
ğŸŒ–	Mound, SÃ©chelmound, SÃ©chelmound am drÃ«tte VÃ©ierel, drÃ«tte VÃ©ierel
ğŸŒ—	Hallef, Mound, VÃ©ierel, ofhuelenden Hallefmound
ğŸŒ˜	Mound, SÃ©chelmound, SÃ©chelmound am leschte VÃ©ierel, leschte VÃ©ierel
ğŸŒ™	Mound, MoundsÃ©chel, SÃ©chel
ğŸŒš	Gesiicht, Mound, Neimoundgesiicht
ğŸŒ›	Gesiicht, Hallef, Mound, VÃ©ierel, zouhuelenden Hallefmoundgesiicht
ğŸŒœï¸	Gesiicht, Hallef, Mound, VÃ©ierel, ofhuelenden Hallefmoundgesiicht
ğŸŒ¡ï¸	Thermometer, Wieder
â˜€ï¸	Sonn, Stralen, hell, sonneg
ğŸŒ	Gesiicht, Mound, Vollmoundgesiicht, hell, voll
ğŸŒ	Gesiicht, Sonn, Sonnegesiicht, hell
â­ï¸	StÃ¤r, mÃ«ttelgrousse wÃ¤isse StÃ¤r
ğŸŒŸ	StÃ¤r, blÃ©nkeg, blÃ©nken, glÃ«nnerend, liichtend, liichtende StÃ¤r
ğŸŒ 	StÃ¤r, StÃ¤reschnÃ¤iz, falend
ğŸŒŒ	MÃ«llechstrooss, Weltall
â˜ï¸	Wieder, Wollek
â›…ï¸	Sonn, Sonn hannert Wolleken, Wollek
â›ˆï¸	Donnerwieder, Reen, Wollek, Wollek mat BlÃ«tz a Reen
ğŸŒ¤ï¸	Sonn, Sonn hannert kleng Wolleken, Wollek
ğŸŒ¥ï¸	Sonn, Sonn hannert grouss Wolleken, Wollek
ğŸŒ¦ï¸	Reen, Sonn, Sonn hannert Reewollek, Wollek
ğŸŒ§ï¸	Reen, Wollek, Wollek mat Reen
ğŸŒ¨ï¸	SchnÃ©i, Wollek, Wollek mat SchnÃ©i, kal
ğŸŒ©ï¸	BlÃ«tz, Wollek, Wollek mat BlÃ«tz
ğŸŒªï¸	Tornado, Wirbelwand, Wollek
ğŸŒ«ï¸	Niwwel, Wollek
ğŸŒ¬ï¸	Gesiicht, Wand, Wandgesiicht, Wollek, blosen
ğŸŒ€	Schwindel, Taifun, Twister, Zyklon
ğŸŒˆ	Reebou, Reen
ğŸŒ‚	Kleedung, Prabbeli, Reen, zoue Prabbeli
â˜‚ï¸	Kleedung, Prabbeli, Reen
â˜”ï¸	DrÃ«ps, Kleedung, Prabbeli, Prabbeli mat ReendrÃ«psen, Reen
â›±ï¸	Prabbeli, Prabbeli um Buedem, Reen, Sonn
âš¡ï¸	BlÃ«tz, Gefor, HÃ©ichspannung, Spannung, Stroum, elektresch
â„ï¸	SchnÃ©i, SchnÃ©iflack, kal
â˜ƒï¸	SchnÃ©i, SchnÃ©imÃ¤nnchen, kal
â›„ï¸	SchnÃ©i, SchnÃ©imÃ¤nnchen, SchnÃ©imÃ¤nnchen ouni SchnÃ©i, kal
â˜„ï¸	Komet, Weltall
ğŸ”¥	Feier, Flam, Handwierksgeschir
ğŸ’§	Comic, DrÃ«ps, DrÃ«pschen, Schweess, kal
ğŸŒŠ	Ozean, Waasser, Waasserwell, Well
ğŸƒ	Feier, Halloween, HalloweenkÃ¼rbis, KÃ¼rbis, Lampion
ğŸ„	Bam, ChrÃ«schtbeemchen, ChrÃ«schtdag, Feier
ğŸ†	Feier, Freedefeier
ğŸ‡	Feier, Fonken, Freedefeier, SpÃ¤izmÃ¤nnchen
âœ¨	Fonken, StÃ¤r, fonkelend StÃ¤ren
ğŸˆ	Ballon, Feier
ğŸ‰	Feier, Iwwerraschung, Party, Pochette, Pochette-surprise, Surprise
ğŸŠ	Ball, Feier, Konfetti, Konfettiball
ğŸ‹	Bam, Banner, Feier, Tanabata-Bam, japanesch
ğŸ	Bambus, DÃ¤nn, DÃ¤nnendekoratioun, Feier, japanesch
ğŸ	Feier, Festival, Japanesch Poppen, Popp, japanesch
ğŸ	Feier, FÃ¤ndel, Kaarp, Koi-Kaarpe-FÃ¤ndelen
ğŸ	Feier, Klack, Klackespill, Wand, Wandspill
ğŸ‘	Feier, Mound, Moundbetruechtungszeremonie, Zeremonie
ğŸ€	Band, Feier
ğŸ	Feier, Geschenk, Kaddo, KÃ«scht, agepak
ğŸ—ï¸	Band, Commemoratioun, Commemoratiounsband, ErÃ«nnerung, Feier
ğŸŸï¸	Billjee, EntrÃ©e, EntrÃ©esticket, Ticket
ğŸ«	Billjee, EntrÃ©e
ğŸ–ï¸	Feier, Medail, MilitÃ¤r, MilitÃ¤rmedail
ğŸ†ï¸	Coupe, PrÃ¤is
ğŸ…	Medail, Sportsmedail
ğŸ¥‡	Gold, Goldmedail, Medail, Ã©ischt Plaz
ğŸ¥ˆ	Medail, SÃ«lwer, SÃ«lwermedail, zweet Plaz
ğŸ¥‰	Bronze, Bronzemedail, Medail, drÃ«tt Plaz
âš½ï¸	Ball, Fussball
âš¾ï¸	Ball, Baseball
ğŸ€	Ball, Basketball, Kuerf, Reef
ğŸ	Kugel, Spill, Volleyball
ğŸˆ	American Football, Ball, Fussball, amerikanesch
ğŸ‰	Ball, Fussball, Rugby
ğŸ¾	Ball, Rackett, Tennis
ğŸ³	Bowling, Kugel, Spill
ğŸ	Ball, Cricketmatch, Match, SchlÃ©ier, Spill
ğŸ‘	Ball, Feld, Feldhockey, Hockey, Match, SchlÃ©ier, Spill
ğŸ’	Hockey, Match, Puck, SchlÃ©ier, Spill, Ã„is, Ã„ishockey
ğŸ“	Ball, DÃ«schtennis, Match, Pingpong, Rackett, SchlÃ©ier, Spill
ğŸ¸	Badminton, Fiederball, Match, Rackett, Spill, Volant
ğŸ¥Š	Boxen, BoxhÃ¤ndchen, HÃ¤ndchen
ğŸ¥‹	Judo, Kampfsport, Kampfsportstenue, Karate, Taekwondo, Tenue
ğŸ¥…	Goal, Goalnetz, Netz
â›³ï¸	Golf, Golflach mat FÃ¤ndel, Lach
â›¸ï¸	Schlittschong, Ã„is
ğŸ£	Aangel, FÃ«sch, FÃ«scheraangel
ğŸ½	Laftricot, SchÃ¤rp, Sport, Tricot, lafen
ğŸ¿	SchnÃ©i, Ski, Skier
ğŸ›·	Schlitt
ğŸ¥Œ	Curling-Steen, Spill, Steen
ğŸ¯	Dart, Match, MÃ«tt, Spill, Volltreffer, Zilscheif, an dâ€™MÃ«tt getraff, treffen
ğŸ±	8, 8-Ball, Billardkugel, Billiard, Kugel, Spill, aacht
ğŸ”®	Fantasie, Kristall, Kristallkugel, Kugel, MÃ¤erchen, Utensil, Zukunft
ğŸ®ï¸	Controller, Manette, Spill, Videospill
ğŸ•¹ï¸	Joystick, Spill, Videospill
ğŸ°	Automat, Spill, Spillautomat
ğŸ²	Spill, Spillwierfel, Wierfel, wierfelen
â™ ï¸	Kaart, SchÃ«ppen, Spill
â™¥ï¸	HÃ¤erzer, Kaart, Spill
â™¦ï¸	Kaart, Rauten, Spill
â™£ï¸	Kaart, KrÃ¤izer, Spill
ğŸƒ	Jocker, Joker, Kaart, Spill
ğŸ€„ï¸	Mahjong, Rouden Draach (Mahjong), Spill, rout
ğŸ´	Blumm, Kaart, Spill, Spillkaarte mat Blummen, japanesch, spillen
ğŸ­ï¸	Konscht, Mask, Theater, duerstellend, duerstellend Konscht
ğŸ–¼ï¸	Bild, Konscht, MusÃ©e, Rumm, Tableau, agerummt Bild
ğŸ¨	Bild, Faarfpalett, Konscht, MusÃ©e, Palett, Tableau
ğŸ‘“ï¸	A, BrÃ«ll, Kleedung
ğŸ•¶ï¸	A, BrÃ«ll, SonnebrÃ«ll, dÃ¤ischter
ğŸ‘”	Kleedung, Krawatt
ğŸ‘•	Hiem, Kleedung, T-Shirt
ğŸ‘–	Box, Jeans, Kleedung
ğŸ§£	Hals, Schal
ğŸ§¤	Hand, HÃ¤ndchen
ğŸ§¥	Jackett, Mantel
ğŸ§¦	Collant, StrÃ«mp
ğŸ‘—	Kleedung, Rack
ğŸ‘˜	Kimono, Kleedung
ğŸ‘™	Bikini, Kleedung, schwammen
ğŸ‘š	Fra, Fraekleedung, Kleedung
ğŸ‘›	Geld, Kleedung, Portmonni, Suen
ğŸ‘œ	Kleedung, Portmonni, Posch
ğŸ‘	Clutch, Kleedung, Posch
ğŸ›ï¸	Akafstuten, Hotel, Shopping, Tut, akafen
ğŸ’	Posch, Schoul, Schoulsak
ğŸ‘	Kleedung, Mann, MÃ¤nnerschong, Schong
ğŸ‘Ÿ	Kleedung, Lafschong, Schong, Sport, Turnschlappen
ğŸ‘ 	Fra, Kleedung, Schong, Tallek, Tallekeschong
ğŸ‘¡	Fra, Fraesandal, Kleedung, Sandal, Schong
ğŸ‘¢	Fra, Fraestiwwel, Kleedung, Schong, Stiwwel
ğŸ‘‘	Kinnek, Kinnigin, Kleedung, Kroun
ğŸ‘’	Fra, Fraenhutt, Hutt, Kleedung
ğŸ©	Hutt, Kleedung, Zilinder, hÃ©ich
ğŸ“ï¸	Diplomiwwerreechung, Diplomiwwerreechungshutt, Feier, Hutt, Kap, Kleedung
ğŸ§¢	Baseballkap, Kap mat Bild
â›‘ï¸	Gesiicht, Helm, Hutt, HÃ«llef, KrÃ¤iz, RettungsdÃ©ngscht
ğŸ“¿	Gebiet, Ketten, Kleedung, Kranz, PÃ¤relen, Relioun, Rousekranz
ğŸ’„	Kosmetik, LÃ«ppestÃ«ft, Schmink
ğŸ’	Diamant, Rank
ğŸ’	Diamant, Juwel, Steen
ğŸ”‡	Lautsprecher, Lautsprecher op lautlos, keen Toun, lautlos, roueg
ğŸ”ˆï¸	Lautsprecher op lues agestallt, lues
ğŸ”‰	Lautsprecher op mÃ«ttel agestallt, mÃ«ttel
ğŸ”Š	Lautsprecher op haart agestallt, haart
ğŸ“¢	Lautsprecher, haart, Ã«ffentlech Adress
ğŸ“£	Megafon, ufeierend
ğŸ“¯	Post, Posttroter, Troter
ğŸ””	Klack, Schell
ğŸ”•	Klack, duerchgestrach, duerchgestrache Klack, keen Toun, lautlos, neen, net, roueg, verbueden
ğŸ¼	Musek, Partitioun
ğŸµ	Musek, Museksnout, Nout
ğŸ¶	Musek, Museksnouten, Nout, Nouten
ğŸ™ï¸	Mikro, Musek, Studio, Studiosmikro
ğŸšï¸	Musek, Niveau, Reegler
ğŸ›ï¸	KnÃ¤ppercher, Musek, Steierung, SteierungsknÃ¤ppercher
ğŸ¤	Karaoke, Mikro
ğŸ§ï¸	KopfhÃ¶rer
ğŸ“»ï¸	Radio, Video
ğŸ·	Instrument, Musek, Sax, Saxofon
ğŸ¸	Gittar, Instrument, Musek
ğŸ¹	Instrument, Keyboard, Musek, Piano
ğŸº	Instrument, Musek, Trompett
ğŸ»	Gei, Instrument, Musek
ğŸ¥	Bengelen, Musek, Trommel
ğŸ“±	Funk, Handy, Mobil, Telefon
ğŸ“²	Feil, Funk, Handy, Handy mat feil, Mobil, Telefon, Uruff, empfÃ¤nken
â˜ï¸	Telefon
ğŸ“	HÃ¶rer, Telefon, TelefonshÃ¶rer
ğŸ“Ÿï¸	Pager
ğŸ“ 	Fax
ğŸ”‹	Batterie
ğŸ”Œ	Stecker, Stroum, elektresch
ğŸ’»ï¸	Computer, Laptop, PC, persÃ©inlech
ğŸ–¥ï¸	Computer, Desktop, Desktopcomputer
ğŸ–¨ï¸	Computer, DrÃ©cker
âŒ¨ï¸	Computer, Tastatur
ğŸ–±ï¸	Computer, Computermaus
ğŸ–²ï¸	Computer, Trackball
ğŸ’½	Computer, Disk, Minidisk, optesch
ğŸ’¾	Computer, Disk, Diskett
ğŸ’¿ï¸	CD, Computer, Disk, optesch
ğŸ“€	Blu-ray, Computer, DVD, Disk, optesch
ğŸ¥	Film, Kamera, Kino
ğŸï¸	Film, Filmklappen, Kino, Klappen
ğŸ“½ï¸	Film, Filmprojekter, Kino, Projekter, Video
ğŸ¬ï¸	Film, Filmklapp, Klapp
ğŸ“ºï¸	Fernseh, TV, Video
ğŸ“·ï¸	Fotoapparat, Video
ğŸ“¸	BlÃ«tz, Flash, Fotoapparat, Fotoapparat mat BlÃ«tz, Kamera, Video
ğŸ“¹ï¸	Kamera, Video, Videokamera
ğŸ“¼	Kassett, VHS, Video, Videokassett
ğŸ”	Glas, Lupp, Utensil, no lÃ©nks geriicht Lupp, sichen
ğŸ”	Glas, Lupp, Utensil, no riets geriicht Lupp, sichen
ğŸ•¯ï¸	KÃ¤erz, Luucht
ğŸ’¡	Bir, Comic, Iddi, Liicht, Luucht, elektresch
ğŸ”¦	Apparat, Luucht, TÃ¤sch, TÃ¤scheluucht, elektresch
ğŸ®	Bar, Lampion, Lanter, Luucht, roude Lampion, rout
ğŸ“”	Buch, Deckel, Notizblock, dekorÃ©iert, dekorÃ©ierten Notizblock
ğŸ“•	Buch, zou, zouent Buch
ğŸ“–	Buch, oppen, oppent Buch
ğŸ“—	Buch, grÃ©ng, grÃ©ngt Buch
ğŸ“˜	Buch, blo, blot Buch
ğŸ“™	Buch, orange, oranget Buch
ğŸ“šï¸	Bicher, Buch
ğŸ““	Notizblock
ğŸ“’	Haaptbuch, Notizblock
ğŸ“ƒ	Dokument, KrÃ©ngel, SÃ¤it, opgerullt, opgerullte SÃ¤it
ğŸ“œ	Pabeier, SchrÃ«ftrullo
ğŸ“„	Dokument, SÃ¤it, bedrÃ©ckt SÃ¤it
ğŸ“°	Neiegkeeten, Pabeier, Zeitung
ğŸ—	Neiegkeeten, Pabeier, Zeitung, gerullt, opgerullt Zeitung
ğŸ“‘	Lieszeechen, Lieszeechestickeren, MarkÃ©ierung, Stickeren, Zeechen
ğŸ”–	Lieszeechen, Zeechen
ğŸ·ï¸	Etikett
ğŸ’°ï¸	Dollar, Geld, Geldsak, Sak, Suen
ğŸ’´	Bank, Geld, GeldschÃ¤in, Rechnung, SchÃ¤in, Suen, WÃ¤hrung, Yen
ğŸ’µ	Bank, Dollar, Geld, GeldschÃ¤in, Rechnung, SchÃ¤in, Suen, WÃ¤hrung
ğŸ’¶	Bank, Euro, Geld, GeldschÃ¤in, Rechnung, SchÃ¤in, Suen, WÃ¤hrung
ğŸ’·	Bank, Geld, GeldschÃ¤in, Pound, Rechnung, SchÃ¤in, Suen, WÃ¤hrung
ğŸ’¸	Bank, Dollar, Flilleken, Geld, GeldschÃ¤in, GeldschÃ¤iner mat Flilleken, Rechnung, SchÃ¤in, Suen, flÃ©ien
ğŸ’³ï¸	Bank, Geld, Kaart, Kredit, Kreditkaart, Suen
ğŸ’¹	Bank, Cours, Diagramm, Geld, Maart, MarchÃ©, Steierung, Suen, Tendenz, WÃ¤hrung, Yen, steigen, steigend, steigende Coursdiagramm mat Yen
âœ‰ï¸	BrÃ©if, E-Mail, Enveloppe
ğŸ“§	BrÃ©if, E-Mail, Post
ğŸ“¨	BrÃ©if, E-Mail, Enveloppe, Post, antreffend, antreffende BrÃ©if, emailen, empfÃ¤nken
ğŸ“©	BrÃ©if, E-Mail, Enveloppe, Enveloppe mat Feil, Feil, Post, emailen, erausgoend, no Ã«nnen, schÃ©cken
ğŸ“¤ï¸	BoÃ®te, BrÃ©if, Fach, Fach fir erausgoend Post, Post, erausgoend, schÃ©cken
ğŸ“¥ï¸	BoÃ®te, BrÃ©if, Fach, Fach fir erakommend Post, Inbox, Post, empfÃ¤nken
ğŸ“¦ï¸	KÃ«scht, Pak
ğŸ“«ï¸	BrÃ©ifboÃ®te, BrÃ©ifkÃ«scht, Post, zou, zoue BrÃ©ifkÃ«scht mat FÃ¤ndel no uewen
ğŸ“ªï¸	BrÃ©ifboÃ®te, BrÃ©ifkÃ«scht, Post, no Ã«nnen, zou, zoue BrÃ©ifkÃ«scht mat FÃ¤ndel no Ã«nnen
ğŸ“¬ï¸	BrÃ©ifboÃ®te, BrÃ©ifkÃ«scht, Post, oppe BrÃ©ifkÃ«scht mat FÃ¤ndel no uewen, oppen
ğŸ“­ï¸	BrÃ©ifboÃ®te, BrÃ©ifkÃ«scht, Post, no Ã«nnen, oppe BrÃ©ifkÃ«scht mat FÃ¤ndel no Ã«nnen, oppen
ğŸ“®	BrÃ©ifboÃ®te, BrÃ©ifkÃ«scht, Post
ğŸ—³ï¸	KÃ«scht, Urn, Urn mat StÃ«mmziedel
âœï¸	BlÃ¤istÃ«ft
âœ’ï¸	Bic, Fieder, SpÃ«tz, schwaarz Fieder
ğŸ–‹ï¸	Bic, FÃ¼llfieder
ğŸ–Šï¸	Bic
ğŸ–Œï¸	Pinsel, molen
ğŸ–ï¸	Faarf
ğŸ“	BlÃ¤istÃ«ft, Memo
ğŸ’¼	Aktekoffer
ğŸ“	Dossier, Fichier, Fichiersdossier
ğŸ“‚	Dossier, Fichier, oppen, oppene Fichiersdossier
ğŸ—‚ï¸	Index, Intercalairen, Kaart
ğŸ“…	Datum, Kalenner
ğŸ“†	Kalenner, OfrÃ¤isskalenner
ğŸ—’ï¸	Block, Notiz, RÃ©ngelcher, RÃ©ngelchersnotizblock
ğŸ—“ï¸	Block, Kalenner, RÃ©ngelcher, RÃ©ngelcherskalenner
ğŸ“‡	Index, Indexkaart, Kaart, Rolodex
ğŸ“ˆ	Diagramm, Grafik, Steigerung, Tendenz, steigend, steigenden Diagramm
ğŸ“‰	Diagramm, Grafik, Tendenz, senkend, senkenden Diagramm
ğŸ“Š	Balken, Balkendiagramm, Diagramm, Grafik
ğŸ“‹ï¸	Notizbriet
ğŸ“Œ	Punaise
ğŸ“	Punaise, ronn Punaise
ğŸ“	BÃ¼rosklamer
ğŸ–‡ï¸	BÃ¼rosklamer, verbonne BÃ¼rosklameren, verbonnen
ğŸ“	Lineal, riicht
ğŸ“	DrÃ¤ieck, Lineal, Zeechen, ZeechendrÃ¤ieck
âœ‚ï¸	Handwierksgeschir, SchÃ©ier, schneiden
ğŸ—ƒï¸	Fichier, FichierskÃ«scht, Kaart, KÃ«scht
ğŸ—„ï¸	Fichier, Fichiersschaf, Schaf, klassÃ©ieren
ğŸ—‘ï¸	DreckskÃ«scht
ğŸ”’ï¸	zou, zouent Schlass
ğŸ”“ï¸	Schlass, entspÃ¤ren, oppen, oppent Schlass, zou
ğŸ”	Bic, Fieder, Schlass, TÃ«nt, privat, zou, zouent Schlass mat Bic
ğŸ”	Schlass, SchlÃ«ssel, sÃ©cher, zou, zouent Schlass mat SchlÃ«ssel
ğŸ”‘	Passwuert, Schlass, SchlÃ«ssel
ğŸ—ï¸	HiwÃ¤is, Schlass, SchlÃ«ssel, al, ale SchlÃ«ssel
ğŸ”¨	Handwierksgeschir, Hummer
â›ï¸	Grouf, Handwierksgeschir, Piosch
âš’ï¸	Handwierksgeschir, Hummer, Hummer a Piosch, Piosch
ğŸ› ï¸	Handwierksgeschir, Hummer, Hummer a SchrauweschlÃ«ssel, SchrauwenzÃ©ier, SchrauweschlÃ«ssel
ğŸ—¡ï¸	Dolch, Messer, Waff
âš”ï¸	SchwÃ¤erter, Waff, gekrÃ¤izt, gekrÃ¤izt SchwÃ¤erter
ğŸ”«	Pistoul, Revolver, Utensil, Waff
ğŸ¹	Bou, Bou mat Feiler, BouschÃ©issen, BouschÃ©isser, Feil, SchÃ¼tze, StÃ¤rzeechen, Utensil, Waff
ğŸ›¡ï¸	SchÃ«ld, Waff
ğŸ”§	Handwierksgeschir, SchrauwenzÃ©ier, SchrauweschlÃ«ssel
ğŸ”©	Handwierksgeschir, Mudder, Mudder a Schrauf, Schrauf
âš™ï¸	Handwierksgeschir, ZÃ¤nnrad
ğŸ—œï¸	Handwierksgeschir, Kompresser, Schraufstack
âš–ï¸	Apparat, Gewiicht, GlÃ¤ichgewiicht, Justiz, Riichter, StÃ¤rzeechen, Wo
ğŸ”—	Glidd
â›“ï¸	Ketten
âš—ï¸	Alembique, Chimie, Handwierksgeschir
ğŸ”¬	Apparat, Mikroskop, WÃ«ssenschaft
ğŸ”­	Apparat, Teleskop, WÃ«ssenschaft
ğŸ“¡	Antenn, Satellitt, Satellittenantenn, Teller
ğŸ’‰	Dokter, Medezin, Nol, SprÃ«tz, Utensil, krank
ğŸ’Š	Dokter, Medezin, PÃ«ll, krank
ğŸšª	Dier
ğŸ›ï¸	Bett, Hotel, schlofen
ğŸ›‹ï¸	Couche, Couche a Luucht, Hotel, Luucht
ğŸš½	Toilett
ğŸš¿	Dusch, Waasser
ğŸ›	Bidden, Buedbidden
ğŸ›’	Akafsweenchen, Shopping, Weenchen, akafen
ğŸš¬	Zigarett, fÃ«mmen
âš°ï¸	Doud, Sarg
âš±ï¸	Begriefnis, Doud, Urn, Ã„schen
ğŸ—¿	Gesiicht, Moai-Statu, Moyai, Statu
ğŸ§	ATM, Bancomat, Bank, ophiewen
ğŸš®	Dreck, Poubelle, Poubelleszeechen
ğŸš°	DrÃ©nkwaasser, Waasser, drÃ©nkbar, drÃ©nken
â™¿ï¸	Rollstullzeechen, Zougank
ğŸš¹ï¸	Mann, MÃ¤nner, MÃ¤nnertoilett, Toilett, WC
ğŸšºï¸	Fra, Fraen, Fraentoilett, Toilett, WC
ğŸš»	Toilett, Toiletten, WC
ğŸš¼ï¸	BÃ«bee, BÃ«beeszeechen, wÃ©ckelen
ğŸš¾	Toilett, Toiletten, WC, WC-Zeechen, Waasser
ğŸ›‚	Kontroll, Pass, Passkontroll
ğŸ›ƒ	Douane
ğŸ›„	Ausgab, GepÃ¤ck, GepÃ¤ckausgab
ğŸ›…	Casier, GepÃ¤ck, GepÃ¤ckschlÃ©issfach, SchlÃ©issfach
âš ï¸	Warnung
ğŸš¸	FoussgÃ¤nger, Kand, VerkÃ©ier, eriwwergoen, opgepasst Kanner
â›”ï¸	AccÃ¨s, VerkÃ©ier, keen, keen AccÃ¨s, neen, net, verbueden
ğŸš«	AccÃ¨s, keen, neen, verbueden
ğŸš³	VÃ«lo, keng, keng VÃ«loen, neen, net, verbueden
ğŸš­ï¸	FÃ«mme verbueden, fÃ«mmen, neen, net, verbueden
ğŸš¯	Poubelle, keng, keng Poubelle, neen, net, verbueden
ğŸš±	Waasser, keen, keen DrÃ©nkwaasser, net drÃ©nkbar
ğŸš·	FoussgÃ¤nger, FoussgÃ¤nger verbueden, neen, net, verbueden
ğŸ“µ	Funk, Handy, Handye verbueden, Mobil, Telefon, keen, neen, net, verbueden
ğŸ”	18, AltersbeschrÃ¤nkung, neen, net, uechzÃ©ng, verbueden, Ã«nner, Ã«nner uechzÃ©ng Joer verbueden
â˜¢ï¸	Zeechen, radioaktiv
â˜£ï¸	Zeechen, Ã‹mweltgefor
â¬†ï¸	Feil, Feil no uewen, Himmelsrichtung, Norden, Richtung
â†—ï¸	Feil, Feil no uewen a riets, Himmelsrichtung, Nordosten, Richtung
â¡ï¸	Feil, Feil no riets, Himmelsrichtung, Osten, Richtung
â†˜ï¸	Feil, Feil no Ã«nnen a riets, Himmelsrichtung, Richtung, SÃ¼dosten
â¬‡ï¸	Feil, Feil no Ã«nnen, Himmelsrichtung, Richtung, SÃ¼den, no Ã«nnen
â†™ï¸	Feil, Feil no Ã«nnen a lÃ©nks, Himmelsrichtung, Richtung, SÃ¼dwesten
â¬…ï¸	Feil, Feil no lÃ©nks, Himmelsrichtung, Richtung, Westen
â†–ï¸	Feil, Feil no uewen a lÃ©nks, Himmelsrichtung, Nordwesten, Richtung
â†•ï¸	Feil no uewen an Ã«nnen, Feiler
â†”ï¸	Feil no lÃ©nks a riets, Feiler
â†©ï¸	Feiler, Rietsfeil mat LÃ©nkskÃ©ier
â†ªï¸	Feiler, LÃ©nksfeil mat RietskÃ©ier
â¤´ï¸	Feiler, Rietsfeil mat KÃ©ier no uewen
â¤µï¸	Feil, Rietsfeil mat KÃ©ier no Ã«nnen, no Ã«nnen
ğŸ”ƒ	Feil, an ZÃ¤rerichtung, opzÃ©ien, vertikal Feiler an ZÃ¤rerichtung
ğŸ”„	Feil, a gÃ©igegesat Richtung, counterclockwise, gÃ©int ZÃ¤rerichtung, vertikal Feiler gÃ©int ZÃ¤rerichtung
ğŸ”™	Feil, ZERÃ‰CK-Feil, zerÃ©ck
ğŸ”š	ENN-Feil, Enn, Feil
ğŸ”›	Feil, MarkÃ©ierung, UN!-Feil, un
ğŸ”œ	Feil, GESCHWÃ‹NN-Feil, geschwÃ«nn
ğŸ”	Feil, TOP-Feil, Top, no uewen
ğŸ›	Gotteshaus, Relioun, VerÃ©ierung
âš›ï¸	Atheist, Atom, Atomzeechen
ğŸ•‰ï¸	Hindu, OM, Relioun
âœ¡ï¸	David, DavidstÃ¤r, Judd, Relioun, StÃ¤r, jiddesch
â˜¸ï¸	Buddhist, Dharma, Dharma-Rad, Rad, Relioun
â˜¯ï¸	Relioun, Tao, Taoist, Yang, Yin, Yin-Yang
âœï¸	KrÃ¤iz, Relioun, chrÃ«schtlech, latÃ¤inescht KrÃ¤iz
â˜¦ï¸	KrÃ¤iz, Relioun, chrÃ«schtlech, orthodoxt KrÃ¤iz
â˜ªï¸	Islam, Moslem, Relioun, StÃ¤r an Hallefmound
â˜®ï¸	Fridden, Friddenszeechen
ğŸ•	KÃ¤erzestÃ¤nner, Menorah, Relioun
ğŸ”¯	GlÃ©ck, StÃ¤r, sechszackege StÃ¤r mat Punkt an der MÃ«tt
â™ˆï¸	StÃ¤rzeechen, Widder, Widder (StÃ¤rzeechen)
â™‰ï¸	Ochs, StÃ¤rzeechen, StÃ©ier
â™Šï¸	StÃ¤rzeechen, Zwilling
â™‹ï¸	Kriibs, Kriibs (StÃ¤rzeechen), StÃ¤rzeechen
â™Œï¸	LÃ©if, StÃ¤rzeechen
â™ï¸	Jongfra, StÃ¤rzeechen
â™ï¸	Geriicht, Justiz, StÃ¤rzeechen, Wo, Wo (StÃ¤rzeechen)
â™ï¸	Skorpioun, Skorpioun (StÃ¤rzeechen), StÃ¤rzeechen
â™ï¸	BouschÃ©isser, SchÃ¼tze, StÃ¤rzeechen
â™‘ï¸	Gees, Steebock, StÃ¤rzeechen
â™’ï¸	StÃ¤rzeechen, TrÃ¤ger, Waasser, Waassermann
â™“ï¸	FÃ«sch, FÃ«sch (StÃ¤rzeechen), StÃ¤rzeechen
â›	Schlaang, SchlaangentrÃ¤ger, SchlaangentrÃ¤ger (Ophiuchus), StÃ¤rzeechen, TrÃ¤ger
ğŸ”€	Feil, Zoufallslecture-KnÃ¤ppchen, gekrÃ¤izt
ğŸ”	Feil, WidderhuelknÃ¤ppchen, an ZÃ¤rerichtung, widderhuelen
ğŸ”‚	Feil, WidderhuelknÃ¤ppche fir ee Lidd, an ZÃ¤rerichtung, eemol
â–¶	DrÃ¤ieck, Feil, OfspillknÃ¤ppchen, ofspillen, riets
â©	Feil, SchnellvirlafknÃ¤ppchen, Virlaf, duebel, schnell
â­	DrÃ¤ieck, Feil, KnÃ¤ppche â€NÃ¤chst Liddâ€œ, nÃ¤chst Kapitel, nÃ¤chst Lidd
â¯	DrÃ¤ieck, Feil, Ofspill- oder PausknÃ¤ppchen, ofspillen, pausen, riets
â—€	DrÃ¤ieck, Feil, RÃ©cklaf, RÃ©cklafknÃ¤ppchen, lÃ©nks
âª	Feil, RÃ©cklaf, SchnellrÃ©cklafknÃ¤ppchen, duebel
â®	DrÃ¤ieck, Feil, KnÃ¤ppchen â€Lescht Liddâ€œ, viregt Kapitel, viregt Lidd
ğŸ”¼	Feil, KnÃ¤ppchen, KnÃ¤ppchen â€No uewenâ€œ, rout
â«	Feil, KnÃ¤ppchen â€SÃ©ier no uewenâ€œ, duebel
ğŸ”½	Feil, KnÃ¤ppchen, KnÃ¤ppchen â€No Ã«nnenâ€œ, no Ã«nnen, rout
â¬	Feil, KnÃ¤ppchen â€SÃ©ier no Ã«nnenâ€œ, duebel, no Ã«nnen
â¸ï¸	Paus, PausknÃ¤ppchen, StrÃ©ch, duebel, vertikal
â¹ï¸	Quadrat, Stop, StoppknÃ¤ppchen
âºï¸	Krees, OpnamknÃ¤ppchen, ophuelen
âï¸	AuswerfknÃ¤ppchen, auswerfen
ğŸ¦	Film, Kamera, Kino
ğŸ”…	DimmerknÃ¤ppchen, Hellegkeet, dimmen, niddereg
ğŸ”†	Hellegkeet, OphellknÃ¤ppchen, hell
ğŸ“¶	Balken, Empfang, Empfangbalken, Funk, Handy, Mobil, Signal, Telefon
ğŸ“³	Funk, Handy, Mobil, Modus, Telefon, Vibratioun, Vibratiounsmodus
ğŸ“´	Funk, Handy, Handy aus, Mobil, Telefon, aus
â™€ï¸	Fra, weiblecht Zeechen
â™‚ï¸	Mann, mÃ¤nnlecht Zeechen
âœ–ï¸	Multiplikatioun, fettgedrÃ©cktent Multiplikatiounszeechen, multiplizÃ©ieren, ofbriechen, x
â•	Mathematik, Plus, fettgedrÃ©cktent Pluszeechen
â–	Mathematik, Minus, fettgedrÃ©cktent Minuszeechen
â—	Divisioun, Mathematik, fettgedrÃ©cktent Divisiounszeechen
â€¼ï¸	Ausruff, Interpunktioun, Zeechen, duebelt Ausruffzeechen
â‰ï¸	Ausruff, Ausrufffragezeechen, Fragezeechen, Fro, Interpunktioun, Zeechen
â“ï¸	Fragezeechen, Fro, Interpunktioun, Zeechen
â”	Fro, Interpunktioun, Kontur, Zeechen, wÃ¤isst Fragezeechen
â•	Ausruff, Interpunktioun, Kontur, Zeechen, wÃ¤isst Ausruffzeechen
â—ï¸	Ausruff, Ausruffzeechen, Interpunktioun, Zeechen
ã€°ï¸	Interpunktioun, StrÃ©ch, gewellt, gewellte StrÃ©ch
ğŸ’±	Bank, Geld, Suen, Wiesselcours, WÃ¤hrung
ğŸ’²	Dollar, Geld, Suen, WÃ¤hrung, dÃ©ckt Dollarzeechen
âš•ï¸	Asklepios, Medezin, Personal, medezinescht Symbol
â™»ï¸	Recycling-Zeechen, recylÃ©ieren
âšœ	Lilie
ğŸ”±	Anker, DrÃ¤izack, Handwierksgeschir, Ofzeechen, SchÃ«ff
ğŸ“›	Numm, NummschÃ«ld, SchÃ«ld
ğŸ”°	Blat, UfÃ¤nger, UfÃ¤ngerzeechen (Japan), Wopen, giel, grÃ©ng, japanesch
â­•ï¸	Krees, groussen dÃ©cke Krees, o
âœ…	Kreepchen, Krop, fettgedrÃ©ckte wÃ¤isse Kreepchen
â˜‘ï¸	Kreepchen, Krop, KÃ«scht, Urn, Urn mat Kreepchen
âœ”ï¸	Kreepchen, Krop, fettgedrÃ©ckte Kreepchen
âŒ	KrÃ¤izzeechen, Multiplikatioun, Zeechen, multiplizÃ©ieren, ofbriechen, x
â	Quadrat, X-KnÃ¤ppchen, Zeechen
â°	KrÃ©ngel, Schleef
â¿	KrÃ©ngel, Schleef, duebel, duebel Schleef
ã€½ï¸	Deelzeechen, Zeechen, deelen
âœ³ï¸	Asterisk, aachtzackege StÃ¤rchen
âœ´ï¸	StÃ¤r, aachtzackege StÃ¤r
â‡ï¸	Fonken
Â©ï¸	Copyright
Â®ï¸	agedroen
â„¢ï¸	Markenzeechen, TM, Trademark, Zeechen
ğŸ” 	ABCD, Buschtawen, Eingab, Groussbuschtawen (LatÃ¤in), grouss, latÃ¤in
ğŸ”¡	Buschtawen, Eingab, Klengbuschtawen (LatÃ¤in), abcd, kleng, latÃ¤in
ğŸ”¢	1234, Eingab, Zuelen, Zueleneingab
ğŸ”£	Eingab, Symbolereingab, ã€’â™ª&%
ğŸ”¤	Alphabet, Buschtawen, Buschtaweneingab (LatÃ¤in), Eingab, abc, latÃ¤in
ğŸ…°ï¸	A, A-KnÃ¤ppchen (Bluttgrupp), Bluttgrupp
ğŸ†	AB, AB-KnÃ¤ppchen (Bluttgrupp), Bluttgrupp
ğŸ…±ï¸	B, B-KnÃ¤ppchen (Bluttgrupp), Bluttgrupp
ğŸ†‘	CL, CL-KnÃ¤ppchen
ğŸ†’	COOL-KnÃ¤ppchen, cool
ğŸ†“	FRÃ„I-KnÃ¤ppchen, frÃ¤i
â„¹ï¸	I, Informatioun
ğŸ†”	ID, ID-KnÃ¤ppchen, IdentitÃ©it
â“‚ï¸	Krees, M, agekreesten M
ğŸ†•	NEI-KnÃ¤ppchen, nei
ğŸ†–	NG, NG-KnÃ¤ppchen
ğŸ…¾ï¸	Bluttgrupp, O, O-KnÃ¤ppchen (Bluttgrupp)
ğŸ†—	OK, OK-KnÃ¤ppchen
ğŸ…¿ï¸	P-KnÃ¤ppchen, Parking
ğŸ†˜	HÃ«llef, SOS, SOS-KnÃ¤ppchen
ğŸ†™	UP!-KnÃ¤ppchen, Zeechen, no uewen
ğŸ†š	VS, VS-KnÃ¤ppchen, versus
ğŸˆ	Katakana, japanesch, japanesche KnÃ¤ppchen â€™heiâ€™, â€™heiâ€™, ã‚³ã‚³
ğŸˆ‚ï¸	Katakana, japanesch, japanesche KnÃ¤ppchen â€™ServiceÃ¤nnerungâ€™, â€™ServiceÃ¤nnerungâ€™, ã‚µ
ğŸˆ·	Ideograf, japanesch, japanesche KnÃ¤ppchen â€™mountleche Betragâ€™, â€™mountleche Betragâ€™, æœˆ
ğŸˆ¶	Ideograf, japanesch, japanesche KnÃ¤ppchen â€™net gratisâ€™, â€™net gratisâ€™, æœ‰
ğŸˆ¯	Ideograf, japanesch, japanesche KnÃ¤ppchen â€™reservÃ©iertâ€™, â€™reservÃ©iertâ€™, æŒ‡
ğŸ‰	Ideograf, japanesch, japanesche KnÃ¤ppchen â€™SchnÃ¤ppchenâ€™, â€™SchnÃ¤ppchenâ€™, å¾—
ğŸˆ¹	Ideograf, japanesch, japanesche KnÃ¤ppchen â€™Rabattâ€™, â€™Rabattâ€™, å‰²
ğŸˆš	Ideograf, japanesch, japanesche KnÃ¤ppchen â€™gratisâ€™, â€™gratisâ€™, ç„¡
ğŸˆ²	Ideograf, japanesch, japanesche KnÃ¤ppchen â€™verbuedenâ€™, â€™verbuedenâ€™, ç¦
ğŸ‰‘	Ideograf, japanesch, japanesche KnÃ¤ppchen â€™acceptabelâ€™, â€™acceptabelâ€™, å¯
ğŸˆ¸	Ideograf, japanesch, japanesche KnÃ¤ppchen â€™Applikatiounâ€™, â€™Applikatiounâ€™, ç”³
ğŸˆ´	Ideograf, japanesch, japanesche KnÃ¤ppchen â€™Ofkommesâ€™, â€™Ofkommesâ€™, åˆ
ğŸˆ³	Ideograf, japanesch, japanesche KnÃ¤ppchen â€™frÃ¤iâ€™, â€™frÃ¤iâ€™, ç©º
ãŠ—ï¸	Ideograf, japanesch, japanesche KnÃ¤ppchen â€™GlÃ©ckwÃ«nschâ€™, â€™GlÃ©ckwÃ«nschâ€™, ç¥
ãŠ™ï¸	Ideograf, japanesch, japanesche KnÃ¤ppchen â€™Geheimnisâ€™, â€™Geheimnisâ€™, ç§˜
ğŸˆº	Ideograf, japanesch, japanesche KnÃ¤ppchen â€™op fir GeschÃ¤fterâ€™, â€™op fir GeschÃ¤fterâ€™, å–¶
ğŸˆµ	Ideograf, japanesch, japanesche KnÃ¤ppchen â€™net frÃ¤iâ€™, â€™net frÃ¤iâ€™, æº€
ğŸ”´	Krees, geometresch, roude Krees, rout
ğŸ”µ	Krees, blo, bloe Krees, geometresch
âš«ï¸	Krees, geometresch, schwaarze Krees
âšªï¸	Krees, geometresch, wÃ¤isse Krees
â¬›ï¸	Quadrat, geometresch, schwaarze grousse Quadrat
â¬œï¸	Quadrat, geometresch, wÃ¤isse grousse Quadrat
â—¼ï¸	Quadrat, geometresch, mÃ«ttelgrousse schwaarze Quadrat
â—»ï¸	Quadrat, geometresch, mÃ«ttelgrousse wÃ¤isse Quadrat
â—¾ï¸	Quadrat, geometresch, schwaarze mÃ«ttelklenge Quadrat
â—½ï¸	Quadrat, geometresch, wÃ¤isse mÃ«ttelklenge Quadrat
â–ªï¸	Quadrat, geometresch, klenge schwaarze Quadrat
â–«ï¸	Quadrat, geometresch, klenge wÃ¤isse Quadrat
ğŸ”¶	Raut, geometresch, grouss orange Raut, orange
ğŸ”·	Raut, blo, geometresch, grouss blo Raut
ğŸ”¸	Raut, geometresch, kleng orange Raut, orange
ğŸ”¹	Raut, blo, geometresch, kleng blo Raut
ğŸ”º	geometresch, rouden DrÃ¤ieck mat der SpÃ«tzt no uewen, rout
ğŸ”»	geometresch, no Ã«nnen, rouden DrÃ¤ieck mat der SpÃ«tzt no Ã«nnen, rout
ğŸ’ 	Comic, Raut, Raut mat engem Punkt an der MÃ«tt, geometresch, rout
ğŸ”˜	KnÃ¤ppchen, Optiounen, OptiounsknÃ¤ppchen, geometresch
ğŸ”³	KnÃ¤ppchen, Kontur, Quadrat, geometresch, wÃ¤isse vÃ©iereckege KnÃ¤ppchen
ğŸ”²	KnÃ¤ppchen, Quadrat, geometresch, schwaarze vÃ©iereckege KnÃ¤ppchen
ğŸ	Course, karÃ©iert, karÃ©ierte FÃ¤ndel
ğŸš©	Post, drÃ¤ieckege FÃ¤ndel
ğŸŒ	Feier, KrÃ¤iz, gekrÃ¤izt, gekrÃ¤izt FÃ¤ndelen, japanesch
ğŸ´	schwaarze FÃ¤ndel, wÃ©nkend
ğŸ³ï¸	wÃ¤isse FÃ¤ndel, wÃ©nkend
ğŸ³â€ğŸŒˆ	Reebou, ReeboufÃ¤ndel
Â¤	Onbekannt WÃ¤hrung
Ö	Armeneschen Dram
Ø‹	Afghanesch Afghani
à§³	Bangladesch-Taka
à¸¿	ThailÃ¤nnesche Baht
áŸ›	Kambodschanesche Riel
â‚¡	Costa-Rica-ColÃ³n
â‚¦	Nigerianeschen Naira
â‚§	Spuenesch Peseta
â‚ª	Israeleschen Neie Schekel
â‚«	Vietnameseschen Dong
â‚­	Laoteschen Kip
â‚®	Mongoleschen TÃ¶grÃ¶g
â‚²	Paraguayeschen GuaranÃ­
â‚´	Ukraineschen Hrywnja
â‚µ	Ghanaeschen Cedi
â‚¸	Kasacheschen Tenge
â‚º	Tierkesch Lira
â‚¼	Aserbaidschan-Manat
â‚¾	Georgesche Lari
ğŸ»	Hautfaarf, Typ 1â€“2, hell Hautfaarf
ğŸ¼	Hautfaarf, Typ 3, mÃ«ttelhell Hautfaarf
ğŸ½	Hautfaarf, Typ 4, mÃ«ttel Hautfaarf
ğŸ¾	Hautfaarf, Typ 5, mÃ«tteldÃ¤ischter Hautfaarf
ğŸ¿	Hautfaarf, Typ 6, dÃ¤ischter Hautfaarf
