â€¾	tapae
â€½	interrobang
â€¸	kÄtete
â‚	hakiraki
ğŸ˜€	kanohi, kanohi pakiri, pakiri
ğŸ˜ƒ	kanohi, kanohi menemene waha tuwhera, menemene, tuwhera, waha
ğŸ˜„	kanohi, kanohi menemene waha tuwhera me ngÄ karu menemene, karu, menemene, tuwhera, waha
ğŸ˜	kanohi, kanohi pakiri karu menemene, karu, menemene, pakiri
ğŸ˜†	kanohi, kanohi menemene waha tuwhera me ngÄ karu kopi, kata, menemene, ngata, tuwhera, waha
ğŸ˜…	kanohi, kanohi menemene waha tuwhera me te werawera mÄtao, menemene, mÄtao, tuwhera, werawera
ğŸ¤£	kanohi, katakata, papa, takaoriori, takaoriori ana i te papa me te katakata
ğŸ˜‚	harikoa, kanohi, kanohi roimata harikoa, kata, roimata
ğŸ™‚	kanohi, kanohi menemene iti, menemene
ğŸ™ƒ	huripoki, kanohi, kanohi huripoki
ğŸ˜‰	kanohi, kanohi kimokimo, kimo
ğŸ˜Š	kanohi, kanohi menemene karu menemene, karu, menemene, mumura
ğŸ˜‡	anahera, hÄ“kore, kanohi, kanohi menemene whai Äwheo, kÅrero pakiwaitara, menemene, moemoeÄ, Äwheo
ğŸ˜	aroha, kanohi, kanohi menemene karu-manawa, karu, menemene
ğŸ¤©	kanohi, karu, pakiri, tino mÄ«harotia, whetÅ«
ğŸ˜˜	kanohi, kanohi pupuhi kihi, kihi
ğŸ˜—	kanohi, kanohi kihikihi, kihi
â˜ºï¸	kanohi, kanohi menemene, menemene, pÄrohe, whakahuahua
ğŸ˜š	kanohi, kanohi kihikihi karu kopi, karu, kihi, kopi
ğŸ˜™	kanohi, kanohi kihikihi karu menemene, karu, kihi, menemene
ğŸ˜‹	kanohi, kanohi tÄwara kai reka, menemene, reka, tÄwara, um, Ä
ğŸ˜›	arero, kanohi, kanohi whÄtero
ğŸ˜œ	arero, hangarau, kanohi, kanohi whÄtero karu kimokimo, karu, kimo
ğŸ¤ª	iti, kanohi pÅrangi, karu, rahi
ğŸ˜	arero, kanohi, kanohi whÄtero karu kopi, karu, tÄwara, weriweri
ğŸ¤‘	kanohi, kanohi waha-moni, moni, waha
ğŸ¤—	awhi, awhiawhi, kanohi, kanohi awhiawhi
ğŸ¤­	aue, kanohi ringa runga waha
ğŸ¤«	hÅ«, kanohi whakahÅ«, turituri
ğŸ¤”	kanohi, kanohi whakaaroaro, whakaaroaro
ğŸ¤	kanohi, kanohi waha-kÅtui, kÅtui, waha
ğŸ¤¨	kaitaunu, kanohi tukemata rewa, matakana
ğŸ˜ï¸	kanohi, kanohi kÅ«papa, kÅ«papa, whakaririka
ğŸ˜‘	kanohi, kanohi whakaririka, kore ngangahau, whakaririka
ğŸ˜¶	hÅ«, kanohi, kanohi kore waha, ngÅ«, waha
ğŸ˜	kanohi, kanohi tÄpahi, tÄpahi
ğŸ˜’	kanohi, kanohi katakore, katakore, pÅuri
ğŸ™„	kanohi, kanohi karu takahuri, karu, takahuri
ğŸ˜¬	kanohi, kanohi whÄita, whÄita
ğŸ¤¥	kanohi, kanohi teka, pinÅkio, teka
ğŸ˜Œ	kanohi, kanohi whakaoraora, whakaoraora
ğŸ˜”	kanohi, kanohi whakaaro, pÄpÅuri, whakaaroaro
ğŸ˜ª	kanohi, kanohi hiamoe, moe
ğŸ¤¤	hÄware, kanohi, kanohi hÄware
ğŸ˜´	kanohi, kanohi moe, moe, zzz
ğŸ˜·	kanohi, kanohi mau Ärai rongoÄ, mate, mÄtao, rata, rongoÄ, Ärai
ğŸ¤’	inemahana, kanohi, kanohi whai inemahana, mate, mÄuiui
ğŸ¤•	kanohi, kanohi mau takai-upoko, mamae, takai, whara
ğŸ¤¢	kanekane, kanohi, kanohi kanekane, ruaki
ğŸ¤®	kanohi ruaki, mate, ruaki
ğŸ¤§	kanohi, kanohi matihe, matihe, ngÄ manaaki
ğŸ˜µ	kanohi, kanohi takaanini, takaanini
ğŸ¤¯	mÄhunga pahÅ«, oho
ğŸ¤ 	kanohi, kanohi pÅtae kaupoi, kauhine, kaupoi, pÅtae
ğŸ˜	kanapa, kanohi, kanohi menemene mau mÅhitirÄ, karu, menemene, mÅhiti, mÅhitirÄ, rawe, rÄ
ğŸ¤“	kanohi, kanohi nere, kÄ«ki, nere
ğŸ§	kanohi mau mÅhititahi, mÄuiui
ğŸ˜•	kanohi, kanohi pÅraru, pÅraru
ğŸ˜Ÿ	kanohi, kanohi Äwangawanga, Äwangawanga
ğŸ™	kanohi, kanohi Ähua poururu, poururu
â˜¹ï¸	kanohi, kanohi poururu, poururu
ğŸ˜®	aroha, kanohi, kanohi waha tuwhera, tuwhera, waha
ğŸ˜¯	hanea, kanohi, kanohi hanea, mae, ohorere
ğŸ˜²	kanohi, kanohi ohorere, katoa, oho, ohorere
ğŸ˜³	kanohi, kanohi werawera, pÅro, werawera
ğŸ˜¦	kanohi, kanohi poururu waha tuwhera, poururu, tuwhera, waha
ğŸ˜§	aurere, kanohi, kanohi aurere
ğŸ˜¨	kanohi, kanohi mataku, mataku, wehi, wewehi
ğŸ˜°	kanohi, kanohi waha tuwhera me te werawera mÄtao, kikorangi, mÄtao, tuwhera, waha, werawera, whÄwhai
ğŸ˜¥	kanohi, kanohi pÄpouri engari whakaoraora, pÄpÅuri, whakaoraora, whiu
ğŸ˜¢	kanohi, kanohi tatangi, pÅuri, roimata, tangi
ğŸ˜­	hotu, kanohi, kanohi tangi reonui, pÅuri, roimata, tangi
ğŸ˜±	kanohi, kanohi Å«mere i te wehi, mataku, ngangau, wehi, wewehi, Å«mere
ğŸ˜–	kanohi, kanohi whakahÄ“hÄ“, whakahÄ“hÄ“
ğŸ˜£	kanohi, kanohi pÄuaua, pÄuaua
ğŸ˜	kanohi, kanohi pÄpÅuri, pÄpÅuri
ğŸ˜“	kanohi, kanohi werawera mÄtao, mÄtao, werawera
ğŸ˜©	kanohi, kanohi ruha, ngenge, ruha
ğŸ˜«	kanohi, kanohi ngenge, ngenge
ğŸ˜¤	kanohi, kanohi ihu korohÅ«, toa, wini
ğŸ˜¡	kanohi, kanohi tupere, nguha, pÅrangi, riri, tupere, whero
ğŸ˜ 	kanohi, kanohi riri, pÅrangi, riri
ğŸ¤¬	kanga ana, kanohi tohu runga waha
ğŸ˜ˆ	kanohi, kanohi menemene whai pihi, kÅrero pakiwaitara, menemene, moemoeÄ, pihi
ğŸ‘¿	kanohi, kanohi riri whai pihi, kÅrero pakiwaitara, moemoeÄ, patupaiarehe, rÄ“wera, tÄ“moni
ğŸ’€	angaanga, kanohi, kÅrero pakiwaitara, mate, taniwha
â˜ ï¸	angaanga, angaanga me ngÄ kÅiwi-whiri, kanohi, kÅiwi-whiri, mate, taniwha
ğŸ’©	kanohi, putunga tiko, tae, taniwha, tiko, tÅ«tae, whakakata
ğŸ¤¡	hangareka, kanohi, kanohi hangareka
ğŸ‘¹	kanohi, kaurehe, kÄ«rehe, kÅrero pakiwaitara, moemoeÄ, taniwha
ğŸ‘º	kanohi, kÄ«rehe, kÅrero pakiwaitara, moemoeÄ, taipÅ, taniwha
ğŸ‘»	kanohi, kÄ“hua, kÄ«rehe, kÅrero pakiwaitara, moemoeÄ, taniwha
ğŸ‘½ï¸	kanohi, kÄ«rehe, kÄ«rehe aokÄ“, kÅrero pakiwaitara, manene aokÄ“, moemoeÄ, taniwha, ufo
ğŸ‘¾	kanohi, kÄ«rehe, kÅrero pakiwaitara, manene aokÄ“, moemoeÄ, ngÄrara aokÄ“, taniwha, ufo
ğŸ¤–	kanohi, kanohi karetao, karetao, taniwha
ğŸ˜º	kanohi, kanohi ngeru menemene waha tuwhera, menemene, ngeru, tuwhera, waha
ğŸ˜¸	kanohi, kanohi ngeru pakiri karu menemene, karu, menemene, ngeru, pakiri
ğŸ˜¹	harikoa, kanohi, kanohi ngeru me ngÄ roimata harikoa, ngeru, roimata
ğŸ˜»	aroha, kanohi, kanohi ngeru menemene karu-manawa, karu, menemene, ngeru
ğŸ˜¼	kanohi, kanohi ngeru menemene pÅ«kawa, menemene, ngeru, pÅ«kawa, takahiri
ğŸ˜½	kanohi, kanohi ngeru kihikihi karu kopi, karu, kihi, ngeru
ğŸ™€	kanohi, kanohi ngeru ruha, ngeru, oho, ohorere, ruha
ğŸ˜¿	kanohi, kanohi ngeru tatangi, ngeru, pÅuri, roimata, tangi
ğŸ˜¾	kanohi, kanohi ngeru tupere, ngeru, tupere
ğŸ™ˆ	kanohi, kino, kite, kÄo, kÄore, makimaki, makimaki kore-kite-kino, tohu Ä-ringa, whakakore, whakakÄhore
ğŸ™‰	kanohi, kino, kÄo, kÄore, makimaki, makimaki kore-rongo-kino, rongo, tohu Ä-ringa, whakakore, whakakÄhore
ğŸ™Š	kanohi, kino, kÄo, kÄore, kÅrero, makimaki, makimaki kore-kÅrero-kino, tohu Ä-ringa, whakakore, whakakÄhore
ğŸ’‹	kihi, ngutu, tohu kihi
ğŸ’Œ	aroha, manawa, mÄ“ra, reta, reta aroha
ğŸ’˜	kupiti, manawa me te pere, pere
ğŸ’	manawa mau rÄ«pene, rÄ«pene, tohu aroha
ğŸ’–	hiamo, manawa tÄ«aho, tÄ«aho
ğŸ’—	hiamo, kapakapa, manawa tipu haere, taiatea, tipu ana
ğŸ’“	kapakapa, manawa patupatu, patu manawa, patupatu
ğŸ’	ngÄ manawa takahurihuri, takahurihuri
ğŸ’•	aroha, rua manawa
ğŸ’Ÿ	manawa, rÄkeitanga manawa
â£ï¸	tohu, tohu reo, tohuhÄ, tohuhÄ manawa pÄ
ğŸ’”	manawa whati, pakaru, whati
â¤ï¸	manawa, manawa whero
ğŸ§¡	karaka, manawa karaka
ğŸ’›	kÅwhai, manawa kÅwhai
ğŸ’š	kÄkariki, manawa kÄkÄriki
ğŸ’™	kikorangi, manawa kikorangi
ğŸ’œ	manawa poroporo, poroporo
ğŸ–¤	kino, manawa pango, nanakia, pango
ğŸ’¯	100, kotahi rau, kÄ«, piro, rau piro
ğŸ’¢	pukuriri, pÅrangi, tohu riri, whakakata
ğŸ’¥	pahÅ«, tutukitanga, whakakata
ğŸ’«	whakaamai, whakakata, whetÅ«
ğŸ’¦	ngÄ kÅpata werawera, paratÄ«, werawera, whakakata
ğŸ’¨	oma ana, rere, rere atu ana, whakakata
ğŸ•³ï¸	puare
ğŸ’£ï¸	pÅma, whakakata
ğŸ’¬	kÅrero, mirumiru, pÅ«angi, pÅ«angi kÅrero, whakakata
ğŸ‘â€ğŸ—¨	kaiwhakaatu, karu, karu rÅ mirumiru kÅrero, mirumiru kÅrero
ğŸ—¨ï¸	kÅrero, mirumiru kÅrero mauÄ«
ğŸ—¯ï¸	mirumiru, mirumiru riri matau, pÅrangi, pÅ«angi, riri
ğŸ’­	mirumiru, pÅ«angi, pÅ«angi whakaaro, whakaaro, whakakata
ğŸ’¤	moe, whakakata, zzz
ğŸ‘‹	pÅhiri, pÅhirihiri, ringa, ringa pÅhirihiri
ğŸ¤š	tÄmuri, tÄmuri tÅ«, tÅ«
ğŸ–ï¸	matimati, paraha, ringa, ringa tÅ« matimati paraha
âœ‹	ringa, ringa tÅ«
ğŸ––	matimati, ringa, spock, vulcan, whakakÅtua vulcan
ğŸ‘Œ	ringa, ringa Ä€E, Ä€E
âœŒï¸	ringa, ringa wikitÅria, v, wikitÅria
ğŸ¤	matimati, matimati whiri, ringa, waimarie, whiri
ğŸ¤Ÿ	aroha, ringa, tohu aroha-ki-a-koe
ğŸ¤˜	kai kaha, matimati, pihi, ringa, tohu o ngÄ pihi
ğŸ¤™	ringa, ringa waea mai, waea
ğŸ‘ˆï¸	kÅroa, kÅroa tÄmuri tohu mauÄ«, matimati, ringa, tohu, tÄmuri
ğŸ‘‰ï¸	kÅroa, kÅroa tÄmuri tohu matau, matimati, ringa, tohu, tÄmuri
ğŸ‘†ï¸	ake, kÅroa, kÅroa tÄmuri tohu ake, matimati, ringa, tohu, tÄmuri
ğŸ–•	matimati, mÄpere, ringa
ğŸ‘‡ï¸	iho, kÅroa, kÅroa tÄmuri tohu iho, matimati, ringa, tohu, tÄmuri
â˜ï¸	ake, kÅroa, kÅroa tohu ake, matimati, ringa, tohu
ğŸ‘ï¸	+1, ake, kÅnui, kÅnui ake, ringa
ğŸ‘ï¸	-1, iho, kÅnui, kÅnui iho, ringa
âœŠ	kumu, meke, meke tÅ«, ringa, tuki
ğŸ‘Š	kumu, meke, meke anga mai, ringa, tuki
ğŸ¤›	meke, meke anga-mauÄ«, whakatemauÄ«
ğŸ¤œ	meke, meke anga-matau, whakatematau
ğŸ‘	pakipaki, ringa, ringa pakipaki
ğŸ™Œ	ngÄ ringa tÅ«, ringa, tohu Ä-ringa, tÅ«, whakanuinga, Ähaha
ğŸ‘	ringa, ringa tuwhera, tuwhera
ğŸ¤²	inoi, ringa rewa tahi
ğŸ¤	ringa, rÅ«rÅ«, tÅ«taki, whakaaetanga
ğŸ™	ihoi, koa, pÅkai, ringa, ringa whiri, tohu, tuohu, ui, whakawhetai
âœï¸	ringa, ringa tuhituhi, tuhi
ğŸ’…	maikÅ«kÅ«, pani, pani maikÅ«kÅ«, tiaki, whakapai maikÅ«kÅ«, whakapaipai
ğŸ¤³	kiriÄhua, kÄmera, waea
ğŸ’ª	uarua, uarua whakapakari, uaua, whakakata, whakapakari
ğŸ‘‚ï¸	taringa, tinana
ğŸ‘ƒ	ihu, tinana
ğŸ§ 	mÅhio, roro
ğŸ‘€	kanohi, karu, ngÄ karu
ğŸ‘ï¸	karu, tinana
ğŸ‘…	arero, tinana
ğŸ‘„	ngÄ ngutu, waha
ğŸ‘¶	pÄ“pi, tamariki
ğŸ§’	ira-kÅ«papa, tamaiti, tamariki
ğŸ‘¦	tama, tamariki, tamatÄne
ğŸ‘§	Virgo, kÅtiro, poutiriao, tamariki
ğŸ§‘	ira-kÅ«papa, pakeke
ğŸ‘±	mÄkekehu, tangata mÄkekehu
ğŸ‘¨	tÄne
ğŸ§”	pÄhau, tangata pÄhau
ğŸ‘±â€â™‚	mÄkekehu, tÄne, tÄne mÄkekehu
ğŸ‘©	wahine
ğŸ‘±â€â™€	mÄkekehu, wahine, wahine mÄkekehu
ğŸ§“	ira-kÅ«papa, kaumÄtua
ğŸ‘´	kaumÄtua, koroua, tÄne
ğŸ‘µ	kaumÄtua, kuia, wahine
ğŸ™	poururu, tangata poururu, tohu Ä-ringa
ğŸ™â€â™‚	poururu, tohu Ä-ringa, tÄne, tÄne poururu
ğŸ™â€â™€	poururu, tohu Ä-ringa, wahine, wahine poururu
ğŸ™	tangata tupere, tohu Ä-ringa, tupere
ğŸ™â€â™‚	tohu Ä-ringa, tupere, tÄne, tÄne tupere
ğŸ™â€â™€	tohu Ä-ringa, tupere, wahine, wahine tupere
ğŸ™…	kore, kÄo, ringa, tangata tohu ana KÄ€O, tohu Ä-ringa, whakakore, whakakÄhore
ğŸ™…â€â™‚	kore, kÄo, ringa, tohu Ä-ringa, tÄne, tÄne tohu ana KÄ€O, whakakore, whakakÄhore
ğŸ™…â€â™€	kore, kÄo, ringa, tohu Ä-ringa, wahine, wahine tohu ana KÄ€O, whakakore, whakakÄhore
ğŸ™†	ringa, tangata tohu ana Ä€E, tohu Ä-ringa, Ä€E
ğŸ™†â€â™‚	ringa, tohu Ä-ringa, tÄne, tÄne tohu ana Ä€E, Ä€E
ğŸ™†â€â™€	ringa, tohu Ä-ringa, wahine, wahine tohu ana Ä€E, Ä€E
ğŸ’	mÅhiohio, ringa, tangata ringa tÄringi, tÄringi, whakatete, Äwhina
ğŸ’â€â™‚	ringa tÄringi, tÄne, tÄne ringa tÄringi, whakatete
ğŸ’â€â™€	ringa tÄringi, wahine, wahine ringa tÄringi, whakatete
ğŸ™‹	koa, ringa, tangata ringa tÅ«, tohu Ä-ringa, tÅ«
ğŸ™‹â€â™‚	ringa tÅ«, tohu Ä-ringa, tÄne, tÄne ringa tÅ«
ğŸ™‹â€â™€	ringa tÅ«, tohu Ä-ringa, wahine, wahine ringa tÅ«
ğŸ™‡	aroha, tangata tuohu, tohu, tuohu, whakapÄha
ğŸ™‡â€â™‚	aroha, tohu, tuohu, tÄne, tÄne tuohu, whakapai, whakapÄha
ğŸ™‡â€â™€	aroha, tohu, tuohu, wahine, wahine tuohu, whakapai, whakapÄha
ğŸ¤¦	hohoia, kanohi, kapu o te ringa, tangata ringakanohi, whakaparau
ğŸ¤¦â€â™‚	hohoia, ringakanohi, tÄne, tÄne ringakanohi, whakaparau
ğŸ¤¦â€â™€	hohoia, ringakanohi, wahine, wahine ringakanohi, whakaparau
ğŸ¤·	haumÄruru, hiki-pakihiwi, kÅ«are, rangirua, tangata hiki-pakihiwi
ğŸ¤·â€â™‚	haumÄruru, hiki-pakihiwi, kÅ«are, rangirua, tÄne, tÄne hiki-pakihiwi
ğŸ¤·â€â™€	haumÄruru, hiki-pakihiwi, kÅ«are, rangirua, wahine, wahine hiki-pakihiwi
ğŸ‘¨â€âš•	atawhai hauora, kaimahi hauora tÄne, kaiwhakaora, rata, tapuhi, tÄne
ğŸ‘©â€âš•	atawhai hauora, kaiwhakaora, rata, tapuhi, wahine, wahine atawhai hauora
ğŸ‘¨â€ğŸ“	paetahi, tÄne, Äkonga, Äkonga tÄne
ğŸ‘©â€ğŸ“	paetahi, wahine, Äkonga, Äkonga wahine
ğŸ‘¨â€ğŸ«	kaiako, kaitohutohu, mÄtanga, tÄne, tÄne kaiako
ğŸ‘©â€ğŸ«	kaiako, kaiako wahine, kaitohutohu, mÄtanga, wahine
ğŸ‘¨â€âš–	kaiwhakawÄ tÄne, te whakawÄ, tÄne, whÄrite
ğŸ‘©â€âš–	kaiwhakawÄ, kaiwhakawÄ wahine, wahine, whÄrite
ğŸ‘¨â€ğŸŒ¾	kaimahi oneone, kaipÄmu, kaipÄmu tÄne, kairÄti, tÄne
ğŸ‘©â€ğŸŒ¾	kaimahi oneone, kaipÄmu, kairÄti, wahine, wahine kaipÄmu
ğŸ‘¨â€ğŸ³	kaitaka kai, kaitao, kaitao tÄne, tÄne
ğŸ‘©â€ğŸ³	kaitaka kai, kaitao, kaitao wahine, wahine
ğŸ‘¨â€ğŸ”§	kaiaka mÄ«hini, kaiaka mÄ«hini tÄne, kaimahi hiko, kaimahi paipa wai, kaimahi-Ä-rehe, tÄne
ğŸ‘©â€ğŸ”§	kaiaka mÄ«hini, kaiaka mÄ«hini wahine, kaimahi hiko, kaimahi paipa wai, kaimahi-Ä-rehe, wahine
ğŸ‘¨â€ğŸ­	ahumahi, hangahanga, kaimahi, tÄne, tÄne mahi wheketere, wheketere
ğŸ‘©â€ğŸ­	ahumahi, hangahanga, kaimahi, wahine, wahine mahi wheketere, wheketere
ğŸ‘¨â€ğŸ’¼	kaihoahoa whare, kaimahi tari tÄne, kaiwhakahaere, kara-mÄ, pakihi, tari, tÄne
ğŸ‘©â€ğŸ’¼	kaihoahoa whare, kaimahi tari wahine, kaiwhakahaere, kara-mÄ, pakihi, tari, wahine
ğŸ‘¨â€ğŸ”¬	kaimÄtai ahupÅ«ngao, kaimÄtai koiora, kaimÄtai matÅ«, kaimÄtai pÄngarau, kaimÄtai pÅ«hanga, kaimÄtai pÅ«taiao, kaimÄtai pÅ«taiao tÄne, tÄne
ğŸ‘©â€ğŸ”¬	kaimÄtai ahupÅ«ngao, kaimÄtai koiora, kaimÄtai matÅ«, kaimÄtai pÄngarau, kaimÄtai pÅ«hanga, kaimÄtai pÅ«taiao, kaimÄtai pÅ«taiao wahine, wahine
ğŸ‘¨â€ğŸ’»	kaihanga, kaihangarau, kaihangarau tÄne, kaiwaehere, kaiwhakawhanake, pÅ«manawa, tÄne
ğŸ‘©â€ğŸ’»	kaihanga, kaihangarau, kaihangarau wahine, kaiwaehere, kaiwhakawhanake, pÅ«manawa, wahine
ğŸ‘¨â€ğŸ¤	kaitapere, kaiwaiata, kaiwaiata tÄne, kaiwhakangahau, raka, tÄne, whetÅ«
ğŸ‘©â€ğŸ¤	kaitapere, kaiwaiata, kaiwaiata wahine, kaiwhakangahau, raka, wahine, whetÅ«
ğŸ‘¨â€ğŸ¨	kaitoi, papatae, tÄne, tÄne toi
ğŸ‘©â€ğŸ¨	kaitoi, papatae, wahine, wahine toi
ğŸ‘¨â€âœˆ	paerata, paerata tÄne, rererangi, tÄne
ğŸ‘©â€âœˆ	paerata, paerata wahine, wahine, waka rererangi
ğŸ‘¨â€ğŸš€	kaiÄtea, kaiÄtea tÄne, tÄkirirangi, tÄne
ğŸ‘©â€ğŸš€	kaiÄtea, kaiÄtea wahine, tÄkirirangi, wahine
ğŸ‘¨â€ğŸš’	kaitinei-ahi, kaitinei-ahi tÄne, tÄne, waka-tinei-ahi
ğŸ‘©â€ğŸš’	kaitinei-ahi, kaitinei-ahi wahine, wahine, waka-tinei-ahi
ğŸ‘®	kapa, pirihimana, Äpiha, Äpiha pirihimana
ğŸ‘®â€â™‚	kapa, pirihimana, tÄne, Äpiha, Äpiha pirihimana tÄne
ğŸ‘®â€â™€	kapa, pirihimana, wahine, Äpiha, Äpiha pirihimana wahine
ğŸ•µï¸	kaikimihara, kairapuhÄ“, kaitÅ«tei
ğŸ•µâ€â™‚	kaikimihara, kaikimihara tÄne, kairapuhÄ“, kaitÅ«tei, tÄne
ğŸ•µâ€â™€	kaikimihara, kaikimihara wahine, kairapuhÄ“, kaitÅ«tei, wahine
ğŸ’‚	tautieki
ğŸ’‚â€â™‚	tautieki, tautieki tÄne, tÄne
ğŸ’‚â€â™€	tautieki, tautieki wahine, wahine
ğŸ‘·	hangatanga, kaimahi, kaimahi hangatanga, pÅtae
ğŸ‘·â€â™‚	hangatanga, kaimahi, kaimahi hangatanga tÄne, tÄne
ğŸ‘·â€â™€	hangatanga, kaimahi, kaimahi hangatanga wahine, wahine
ğŸ¤´	piriniha
ğŸ‘¸	kÅrero pakiwaitara, moemoeÄ, pirinihi
ğŸ‘³	pÅtae kameta, tangata mau pÅtae kameta
ğŸ‘³â€â™‚	pÅtae kameta, tÄne, tÄne mau pÅtae kameta
ğŸ‘³â€â™€	pÅtae kameta, wahine, wahine mau pÅtae kameta
ğŸ‘²	gua pi mao, pÅtae, tÄne, tÄne mau kape hainÄ«hi
ğŸ§•	hijab, kÄmeta mÄhunga, mantilla, tichel, wahine mau kÄmeta
ğŸ¤µ	hÅ«tu Åkawa, tÄne, tÄne mau hÅ«tu Åkawa, tÄne mÄrena
ğŸ‘°	mÄrenatanga, wahine mÄrena, wahine mÄrena mau Ärai, Ärai
ğŸ¤°	hapÅ«, wahine, wahine hapÅ«
ğŸ¤±	pÄ“pi, whakangote ana, whÄngote-Å«, Å«
ğŸ‘¼	anahera, kanohi, kÅrero pakiwaitara, moemoeÄ, pÄ“pi, pÄ«pÄ« anahera
ğŸ…	hana, hana koko, kirihimete, koko, matua, whakanuinga
ğŸ¤¶	kirihimete, koko, kuia, kuia koko, whaea, whakanuinga
ğŸ§™	rÅ«Änuku, tohunga mÄkutu, tÄngata matakite, wahine mÄkutu
ğŸ§™â€â™‚	rÅ«Änuku, tohunga matakite, tohunga mÄkutu
ğŸ§™â€â™€	wahine matakite, wahine mÄkutu
ğŸ§š	Oberon, Puck, Titania, patupaiarehe
ğŸ§šâ€â™‚	Oberon, Puck, patupaiarehe tÄne
ğŸ§šâ€â™€	Titania, patupaiarehe wahine
ğŸ§›	Dracula, kaitoto, oramate
ğŸ§›â€â™‚	Dracula, oramate, tÄne kaitoto
ğŸ§›â€â™€	oramate, wahine kaitoto
ğŸ§œ	tangata-ika, tÄne-ika, wahine-ika
ğŸ§œâ€â™‚	Tiritono, tÄne-ika
ğŸ§œâ€â™€	hine-ika, wahine-ika
ğŸ§	erepe, mÄkutu
ğŸ§â€â™‚	erepe tÄne, mÄkutu
ğŸ§â€â™€	erepe wahine, mÄkutu
ğŸ§	djinn, tÅ«rehu
ğŸ§â€â™‚	djinn, tÄne tÅ«rehu
ğŸ§â€â™€	djinn, wahine tÅ«rehu
ğŸ§Ÿ	oramate, tÅ«pÄpaku, tÅ«pÄpaku hÄ«koi
ğŸ§Ÿâ€â™‚	oramate, tÄne tÅ«pÄpaku, tÅ«pÄpaku hÄ«koi
ğŸ§Ÿâ€â™€	oramate, tÅ«pÄpaku hÄ«koi, wahine tÅ«pÄpaku
ğŸ’†	harono, kanohi, mirimiri, tangata whiwhi mirimiri
ğŸ’†â€â™‚	kanohi, mirimiri, tÄne, tÄne whiwhi mirimiri
ğŸ’†â€â™€	kanohi, mirimiri, wahine, wahine whiwhi mirimiri
ğŸ’‡	harono, kaikuti makawe, kutinga makawe, tangata whiwhi kutinga makawe, Ätaahua
ğŸ’‡â€â™‚	kutinga makawe, tÄne, tÄne whiwhi kutinga makawe
ğŸ’‡â€â™€	kutinga makawe, wahine, wahine whiwhi kutinga makawe
ğŸš¶	hÄ«koi, hÄ«koi ana, hÄ«koi roa, tangata hÄ«koi
ğŸš¶â€â™‚	hÄ«koi, hÄ«koi roa, tÄne, tÄne hÄ«koi
ğŸš¶â€â™€	hÄ«koi, hÄ«koi roa, wahine, wahine hÄ«koi
ğŸƒ	maratono, oma ana, tangata oma
ğŸƒâ€â™‚	maratono, oma ana, tauomaoma, tÄne, tÄne oma
ğŸƒâ€â™€	maratono, oma ana, tauomaoma, wahine, wahine oma
ğŸ’ƒ	kanikani, wahine, wahine kanikani
ğŸ•º	kanikani, tÄne, tÄne kanikani
ğŸ•´ï¸	hÅ«tu, pakihi, tÄne, tÄne mau hÅ«tu e rewa ana
ğŸ‘¯	kaikanikani, taringa rÄpeti, tÄngata taringa rÄpeti whakangahau, whakangahau
ğŸ‘¯â€â™‚	kaikanikani, taringa rÄpeti, tÄne, tÄne taringa rÄpeti whakangahau, whakangahau
ğŸ‘¯â€â™€	kaikanikani, taringa rÄpeti, whakangahau, wÄhine, wÄhine taringa rÄpeti whakangahau
ğŸ§–	hÄuna, taiwhanga mamaoa, tangata rÅ taiwhanga mamaoa
ğŸ§–â€â™‚	hÄuna, taiwhanga mamaoa, tÄne rÅ taiwhanga mamaoa
ğŸ§–â€â™€	hÄuna, taiwhanga mamaoa, wahine rÅ taiwhanga mamaoa
ğŸ§—	kaipiki, tangata piki
ğŸ§—â€â™‚	kaipiki, tÄne piki
ğŸ§—â€â™€	kaipiki, wahine piki
ğŸ¤º	hoari, kaimatÄtuhi, matÄtuhi hoari, tangata matÄtuhi
ğŸ‡	hoiho, hoiho tauoma, kaieke, tauomaoma, tauomaoma hoiho
â›·ï¸	hukarere, kairetihuka, retihuka
ğŸ‚ï¸	hukarere, kaipaparetihuka, paparetihuka, retihuka
ğŸŒï¸	haupÅro, pÅro, tangata haupÅro
ğŸŒâ€â™‚	haupÅro, tÄne, tÄne haupÅro
ğŸŒâ€â™€	haupÅro, wahine, wahine haupÅro
ğŸ„ï¸	tangata whakaheke ngaru, whakaheke ngaru
ğŸ„â€â™‚	tÄne, tÄne whakaheke ngaru, whakaheke ngaru
ğŸ„â€â™€	wahine, wahine whakaheke ngaru, whakaheke ngaru
ğŸš£	poti, tangata hoe waka, waka hoe
ğŸš£â€â™‚	poti, tÄne, tÄne hoe waka, wakahoe
ğŸš£â€â™€	poti, wahine, wahine hoe waka, wakahoe
ğŸŠï¸	kauhoe, tangata kauhoe
ğŸŠâ€â™‚	kauhoe, tÄne, tÄne kauhoe
ğŸŠâ€â™€	kauhoe, wahine, wahine kauhoe
â›¹ï¸	pÅro, tangata tÄwhana pÅro
â›¹â€â™‚	pÅro, tÄne, tÄne tÄwhana pÅro
â›¹â€â™€	pÅro, wahine, wahine tÄwhana pÅro
ğŸ‹ï¸	kaihiki, tangata hiki taumaha, taumaha
ğŸ‹â€â™‚	kaihiki taumaha, tÄne, tÄne hiki taumaha
ğŸ‹â€â™€	kaihiki taumaha, wahine, wahine hiki taumaha
ğŸš´	eke pahikara, kaieke pahikara, pahikara, tangata eke pahikara
ğŸš´â€â™‚	eke pahikara, kaieke pahikara, pahikara, tÄne, tÄne eke pahikara
ğŸš´â€â™€	eke pahikara, kaieke pahikara, pahikara, wahine, wahine eke pahikara
ğŸšµ	kaieke pahikara, maunga, pahikara, tangata eke pahikara maunga
ğŸšµâ€â™‚	kaieke pahikara, maunga, pahikara, tÄne, tÄne eke pahikara maunga
ğŸšµâ€â™€	eke pahikara, kaieke pahikara, maunga, pahikara, wahine, wahine eke pahikara maunga
ğŸ¤¸	kÄtawÄ«ra, takaporepore, tangata kÄtawÄ«ra
ğŸ¤¸â€â™‚	kÄtawÄ«ra, takaporepore, tÄne, tÄne kÄtawÄ«ra
ğŸ¤¸â€â™€	kÄtawÄ«ra, takaporepore, wahine, wahine kÄtawÄ«ra
ğŸ¤¼	kaimamau, mamau, tÄngata mamau
ğŸ¤¼â€â™‚	mamau, tÄne, tÄne mamau
ğŸ¤¼â€â™€	mamau, wÄhine, wÄhine mamau
ğŸ¤½	poro, tangata tÄkaro poro wai, wai
ğŸ¤½â€â™‚	poro wai, tÄne, tÄne tÄkaro poro wai
ğŸ¤½â€â™€	poro wai, wahine, wahine tÄkaro poro wai
ğŸ¤¾	poiringa, pÅro, tangata tÄkaro poiringa
ğŸ¤¾â€â™‚	poiringa, tÄne, tÄne tÄkaro poiringa
ğŸ¤¾â€â™€	poiringa, wahine, wahine tÄkaro poiringa
ğŸ¤¹	mahitakimaha, pÅ«kenga, tangata whiuwhiu, whakataurite, whiuwhiu
ğŸ¤¹â€â™‚	mahitakimaha, tÄne, tÄne whiuwhiu, whiuwhiu
ğŸ¤¹â€â™€	mahitakimaha, wahine, wahine whiuwhiu, whiuwhiu
ğŸ§˜	tangata tÅ«ranga rotu, whakaaro, yoga
ğŸ§˜â€â™‚	tÄne tÅ«ranga rotu, whakaaro, yoga
ğŸ§˜â€â™€	wahine tÅ«ranga rotu, whakaaro, yoga
ğŸ›€	kaukau, tangata kaukau ana, tÄpu kaukau
ğŸ›Œ	hÅtÄ“ra, moe, tangata rÅ moenga
ğŸ‘­	pupuri, ringa, tokorua, tokorua wÄhine mau ringa, wahine
ğŸ‘«	pupuri, ringa, tokorua, tÄne, tÄne me te wahine mau ringa, wahine
ğŸ‘¬	Gemini, mÄhanga, poutiriao, pupuri, ringa, tokorua, tokorua tÄne mau ringa, tÄne
ğŸ’	kihi, tokorua
ğŸ’‘	aroha, tokorua, tokorua me te manawa
ğŸ‘ªï¸	whÄnau
ğŸ—£ï¸	ataata, kanohi, kÅrero, kÅrero ana, upoko, upoko kÅrero
ğŸ‘¤	ataata, poho, poho rÅ ataata
ğŸ‘¥	ataata, ngÄ poho rÅ ataata, poho
ğŸ‘£	kÄkahu, ngÄ tapuwae, tapuwae, tÄ
ğŸµ	kanohi, kanohi makimaki, makimaki
ğŸ’	makimaki
ğŸ¦	makimaki nui
ğŸ¶	kanohi, kanohi kurÄ«, kurÄ«, mÅkai
ğŸ•ï¸	kurÄ«, mÅkai
ğŸ©	kurÄ«, kurÄ« poipoi
ğŸº	kanohi, kanohi wÅ«ruhi, wÅ«ruhi
ğŸ¦Š	kanohi, kanohi pÅkiha, pÅkiha
ğŸ±	kanohi, kanohi ngeru, mÅkai, ngeru
ğŸˆï¸	mÅkai, ngeru
ğŸ¦	Leo, kanohi, kanohi raiona, poutiriao, raiona
ğŸ¯	kanohi, kanohi taika, taika
ğŸ…	taika
ğŸ†	reparo
ğŸ´	hoiho, kanohi, kanohi hÅiho
ğŸ	hoiho tauomaoma, hoihotanga, hÅiho, tauomaoma
ğŸ¦„	hoiho pihi, kanohi, kanohi hÅiho pihi
ğŸ¦“	hepapa, tÄheke
ğŸ¦Œ	tia
ğŸ®	kanohi, kanohi kau, kau
ğŸ‚	Taurus, poutiriao, pÅ«ru, Åkiha
ğŸƒ	pÅ«ru, pÅ«ru wai, wai
ğŸ„	kau
ğŸ·	kanohi, kanohi poaka, poaka
ğŸ–	poaka, poaka uha
ğŸ—	poaka, poaka toa
ğŸ½	ihu, ihu poaka, kanohi, poaka
ğŸ	Aries, hipi, hipi toa, poutiriao, toa
ğŸ‘	hipi, uha, uha hipi
ğŸ	Capricorn, koati, poutiriao
ğŸª	kÄmera, taromitari, tuapuku
ğŸ«	kÄmera, kÄmera rua-tuapuku, rua-tuapuku, tuapuku
ğŸ¦’	kakÄ«roa, ngÄ kÅiraira
ğŸ˜	erewhana
ğŸ¦	rinorino
ğŸ­	kanohi, kanohi kiore, kiore
ğŸ	kiore iti
ğŸ€	kiore rahi
ğŸ¹	hamikiore, kanohi, kanohi hamikiore, mÅkai
ğŸ°	kanohi, kanohi rÄpeti, mÅkai, rÄpeti
ğŸ‡	mÅkai, rÄpeti
ğŸ¿ï¸	timahaki
ğŸ¦”	pÅ«taratara, tuatete
ğŸ¦‡	pekapeka, pekapeka kaitoto
ğŸ»	kanohi, kanohi pea, pea
ğŸ¨	koara, pea
ğŸ¼	kanohi, kanohi panara, panara
ğŸ¾	ngÄ tÄ tapuwae, tapuwae, tÄ tapuwae, waewae
ğŸ¦ƒ	korukoru, manu
ğŸ”	heihei, manu
ğŸ“	manu, tameheihei
ğŸ£	manu, pÄ«, pÄ«pÄ«, pÄ«pÄ« timotimo, timotimo ana
ğŸ¤	manu, pÄ«, pÄ«pÄ«, pÄ«pÄ« manu
ğŸ¥	manu, pÄ«, pÄ«pÄ«, pÄ«pÄ« manu anga mua
ğŸ¦ï¸	manu
ğŸ§	kororÄ, manu
ğŸ•Šï¸	kupupa, manu, rere, rongomau
ğŸ¦…	ekara, manu
ğŸ¦†	manu, parera
ğŸ¦‰	manu, mÅhio, ruru
ğŸ¸	kanohi, kanohi poraka, poraka
ğŸŠ	nguturoa
ğŸ¢	honu, terapine
ğŸ¦	mokomoko, ngÄrara
ğŸ	Ophiuchus, kaihÄpai, nÄkahi, poutiriao
ğŸ²	kanohi, kanohi tarakona, pakiwaitara, tarakona
ğŸ‰	pakiwaitara, tarakona
ğŸ¦•	brachiosaurus, brontosaurus, diplodocus, sauropod
ğŸ¦–	T-Rex, Tyrannosaurus Rex
ğŸ³	kanohi, pupuhi, tohorÄ, tohorÄ pupuhi
ğŸ‹	tohorÄ
ğŸ¬	aihe, pakihau
ğŸŸï¸	Pisces, ika, poutiriao
ğŸ 	ika, ika pÄrÅ«rÅ«, pÄrÅ«rÅ«
ğŸ¡	ika, ikapupuhi
ğŸ¦ˆ	ika, mangÅ
ğŸ™	wheke
ğŸš	anga, anga tÅrino, tÅrino
ğŸŒ	hÄtaretare
ğŸ¦‹	pÄ“peke, pÅ«rerehua, Ätaahua
ğŸ›	pÄ“peke, tÄtaka
ğŸœ	pÄ“peke, pÅpokorua
ğŸ	hanipÄ«, ngÄrara, pÄ«
ğŸ	pÄpapa, pÄpapa kÅpure, pÄ“peke
ğŸ¦—	kirikiti, mÄwhitiwhiti
ğŸ•·ï¸	ngÄrara, pÄ“peke
ğŸ•¸ï¸	ngÄrara, tukutuku, tukutuku ngÄrara
ğŸ¦‚	Scorpius, kopiona, poutiriao, scorpio
ğŸ’	putiputi, tÄkai putiputi
ğŸŒ¸	putiputi, putiputi tieri, puÄwai, tieri
ğŸ’®	putiputi, putiputi mÄ
ğŸµï¸	rÅhiti, tipu
ğŸŒ¹	putiputi, rÅhi
ğŸ¥€	menge, putiputi, putiputi kautaka
ğŸŒº	puarangi, putiputi
ğŸŒ»	putiputi, putiputirÄ, rÄ
ğŸŒ¼	putiputi, puÄwai
ğŸŒ·	putiputi, tÅ«ripi
ğŸŒ±	hÅu, tipu
ğŸŒ²	rÄkau, rÄkau mÄota
ğŸŒ³	rÄkau, rÄkau whakamakere rau, tukurau, whakamakere rau
ğŸŒ´	nÄ«kau, rÄkau
ğŸŒµ	tipu, tÄtÄ tiotio
ğŸŒ¾	kÄkati raihi, pata, puku, raihi
ğŸŒ¿	amiami, rau
â˜˜ï¸	hamitoka, tipu
ğŸ€	4, koroa, koroa whÄ rau, rau, whÄ
ğŸ	hinga, mapera, rau, rau mapera
ğŸ‚	makere ana, rau, rau makere
ğŸƒ	hau, kapakapa, puhi, rau, rau kapakapa hau
ğŸ‡	hua, karepe, ngÄ karepe
ğŸˆ	hua, merengi
ğŸ‰	hua, merengiwai
ğŸŠ	hua, tÄngarÄ«ni, Ärani
ğŸ‹	hua, rÄ“mana, waikawa
ğŸŒ	hua, panana
ğŸ	hua, painÄporo
ğŸ	hua, whero, Äporo, Äporo whero
ğŸ	hua, kÄkÄriki, Äporo, Äporo kÄkÄriki
ğŸ	hua, pea
ğŸ‘	hua, pÄ«titi
ğŸ’	hua, ngÄ tieri, tieri
ğŸ“	hua, pere, rÅpere
ğŸ¥	hua, hua kiwi, kai, kiwi
ğŸ…	hua, huawhenua, tomato
ğŸ¥¥	kokonati, nÄ«kau, pÄ«na korara
ğŸ¥‘	awakÄro, huarÄkau, kai
ğŸ†	huawhenua, otahua
ğŸ¥”	huawhenua, kai, rÄ«wai
ğŸ¥•	huawhenua, kai, kÄroti
ğŸŒ½	kÄnga, puku kÄnga, taringa
ğŸŒ¶ï¸	pepa, pepa wera, wera
ğŸ¥’	huawhenua, kai, kÅ«kama, pÄ«kara
ğŸ¥¦	kÄpeti kÅraha, porokori
ğŸ„	harore, tÅ«ruporaka
ğŸ¥œ	huawhenua, kai, nati, pÄ«nati
ğŸŒ°	hetenati, tipu
ğŸ	parÄoa, rohi
ğŸ¥	kai, parÄoa, parÄoarÄ«peka, pÅkai pewa, wÄ«wÄ«
ğŸ¥–	kai, pakete, parÄoa, parÄoa pakete, wÄ«wÄ«
ğŸ¥¨	pretzel, whiri
ğŸ¥	kai, kekewera, kerÄ“pe, panekeke
ğŸ§€	matakahi tÄ«hi, tÄ«hi
ğŸ–	kÅiwi, mÄ«ti, mÄ«ti runga kÅiwi
ğŸ—	heihei, kÅiwi, manu, waewae, waewae manu
ğŸ¥©	rara, rara poaka, rara reme, tapahitanga mÄ«ti, tÄ“ki
ğŸ¥“	kai, mÄ«ti, pÄ“kana
ğŸ”	hÄmipÄ“ka, pÄki
ğŸŸ	ngÄ parai wÄ«wÄ«, parai, wÄ«wÄ«
ğŸ•	parehe, poro, tÄ«hi
ğŸŒ­	hÅtiti, hÅtiti pakipeta, kurÄ« wera, kurÄ«wera
ğŸ¥ª	hanewiti, parÄoa
ğŸŒ®	mehikana, tako
ğŸŒ¯	mehikana, purito, takai
ğŸ¥™	kai, kepapa, parÄoapapa, parÄoapapa whakakÄ«, tÅrino, whakakÄ«, wharawhere
ğŸ¥š	hÄ“ki, kai
ğŸ³	hÄ“ki, parai, pÄ“ne, tao ana
ğŸ¥˜	kaherora, kai, paera, pÄpaku, pÄ“ne, pÄ“ne kai pÄpaku
ğŸ²	kÅhua, kÅhua kai, tiu
ğŸ¥£	congee, hereara, paepae me te pÅ«nu, parakuihi
ğŸ¥—	huamata, huamata kÄkÄriki, kai, kÄkÄriki
ğŸ¿	kÄngapahÅ«
ğŸ¥«	kai kÄ“ne, kÄ“ne
ğŸ±	pouaka peneto
ğŸ˜	pihikete, pihikete raihi, raihi
ğŸ™	HapanÄ«hi, pÅro, pÅro raihi, raihi
ğŸš	maoa, raihi, raihi maoa
ğŸ›	kari, raihi, raihi kari
ğŸœ	korohÅ«, nÅ«ru, paepae, paepae korohÅ«, ramen
ğŸ	pakÄ“ti, parÄoa rimurapa
ğŸ 	kÅ«mara tunutunu, reka, rÄ«wai, tukutuku
ğŸ¢	kaimoana, kepapa, otene, rÄkau, wero
ğŸ£	hÅ«hi
ğŸ¤	kÅura, kÅuraura, kÅuraura parai, parai, temepura
ğŸ¥	ika, keke, keke ika whai koru, koru, pÅhÄ
ğŸ¡	HapanÄ«hi, puruni, reka, rÄkau, tÄngoro, wero
ğŸ¥Ÿ	empanada, gyÅza, jiaozi, parÄoa kinikini, pierogi
ğŸ¥ 	pihikete matapae, poropititanga
ğŸ¥¡	paepae tio, pouaka kaweatu
ğŸ¦€	Cancer, poutiriao, pÄpaka
ğŸ¦	kai, kÅuraura, mÄtaitai, ririki
ğŸ¦‘	kai, kota, ngÅ«
ğŸ¦	aihikirÄ«mi, aihikirÄ«mi ngohengohe, huka, kirÄ«mi, ngohengohe, puruni, reka
ğŸ§	heua, huka, huka heuheu, puruni, reka
ğŸ¨	aihikirÄ«mi, huka, kirÄ«mi, puruni
ğŸ©	puruni, reka, tÅnati
ğŸª	pihikete, puruni, reka
ğŸ‚	keke, keke rÄwhÄnau, puruni, pÅhÄ, reka, rÄwhÄnau, whakanuinga
ğŸ°	keke, kekepoto, poro, puruni, pÅhÄ, reka
ğŸ¥§	pÄi, pÅhÄ, whakakÄ«
ğŸ«	pae, pae tiokorete, puruni, reka, tiokoreti
ğŸ¬	puruni, rare, reka
ğŸ­	puruni, rare, rarepapa, reka
ğŸ®	katete, puruni, reka
ğŸ¯	honi, kÅhua, paepae honi, reka
ğŸ¼	miraka, pÄtara, pÄtara pÄ“pi, pÄ“pi, unu
ğŸ¥›	karÄhe, karÄhe miraka, miraka, unu
â˜•ï¸	mamaoa, puruni, reka wera, tÄ«, unu wera
ğŸµ	kapu, tÄ«, tÄ«kapu, tÄ«kapu kore kakau, unu
ğŸ¶	hake, kapu, pae, pÄtara, unu
ğŸ¾	pae, pahÅ« ana, puru, pÄtara, pÄtara puru pahÅ«, unu
ğŸ·	karÄhe, karÄhe waina, pae, unu, waina
ğŸ¸ï¸	karÄhe, karÄhe unuranu, pae, unu, unuranu
ğŸ¹	pae, pÄrÅ«rÅ«, unu, unu pÄrÅ«rÅ«
ğŸº	maka, maka pia, pae, pia, unu
ğŸ»	maka, ngÄ maka pia tutuki, pae, pia, tutuki, unu
ğŸ¥‚	karÄhe, karÄhe tutuki, tutuki, unu, whakanui
ğŸ¥ƒ	ipurau, karÄhe, karÄhe ipurau, pota, waipiro, wihike
ğŸ¥¤	kapu me te ngongo, wai huarÄkau, wai reka
ğŸ¥¢	hashi, rÄkaukai
ğŸ½ï¸	naihi, paoka, paoka me naihi me pereti, pereti, tao ana
ğŸ´	naihi, paoka, paoka me te naihi, tao ana
ğŸ¥„	pÅ«nu, taongatÄ“pu
ğŸ”ª	hocho, naihi, naihi kÄ«hini, rÄkau-riri, tao ana, utauta
ğŸº	Aquarius, amapora, poutiriao, rÄkau, tao ana, tiaka, unu, utauta
ğŸŒ	Uropi, ao, ao whakakite Uropi-Ä€wherika, whenua, Ä€wherika
ğŸŒï¸	ao, ao whakakite i ngÄ Amerika, ngÄ Amerika, whenua
ğŸŒ	Ahitereiria, ao, ao whakakite Ä€hia-Ahitereiria, whenua, Ä€hia
ğŸŒ	ao, ao whai poutÅ«mÄrÅ, ngÄ poutÅ«mÄrÅ, whenua
ğŸ—ºï¸	ao, mahere, mahere ao
ğŸ—¾	Hapani, mahere, mahere o Hapani
ğŸ”ï¸	hukarere, makariri, maunga, maunga tihi-hukarere
â›°ï¸	maunga
ğŸŒ‹	maunga, puia
ğŸ—»	fuji, maunga, maunga fuji
ğŸ•ï¸	puninga
ğŸ–ï¸	hÄmarara, onepÅ«, onepÅ« me te hÄmarara
ğŸœï¸	kÅraha
ğŸï¸	kÅraha, motu, motu kÅraha
ğŸï¸	papa rÄ“hia, papa rÄ“hia Ä-motu
ğŸŸï¸	taiwhanga hÄkinakina
ğŸ›ï¸	hanganga tauhira, tauhira
ğŸ—ï¸	hangatanga, hangatanga whare
ğŸ˜ï¸	ngÄ whare
ğŸšï¸	pÄea, whare, whare pÄea
ğŸ ï¸	kainga, whare
ğŸ¡	kÄinga, mÄra, whare, whare me te mÄra
ğŸ¢	hanganga, hanganga tari
ğŸ£	HapanÄ«hi, poutÄpeta HapanÄ«hi, pÅhi
ğŸ¤	Uropi, poutÄpeta, pÅhi
ğŸ¥	hÅhipera, rata, rongoÄ
ğŸ¦	hanganga, pÄ“ke
ğŸ¨	hanganga, hÅtÄ“ra
ğŸ©	aroha, hÅtÄ“ra, hÅtÄ“ra aroha
ğŸª	haratau, pÄtaka, pÄtaka haratau
ğŸ«	hanganga, kura
ğŸ¬	pÄtaka, pÄtaka taiwhanga maha, taiwhanga maha
ğŸ­ï¸	hanganga, wheketere
ğŸ¯	HapanÄ«hi, whare kÄ«ngi, whare kÄ«ngi HapanÄ«hi
ğŸ°	Uropi, whare kÄ«ngi
ğŸ’’	mÄrenatanga, whakawhaiÄipo, whare karakia
ğŸ—¼	TÅkio, pourewa, pourewa TÅkio
ğŸ—½	rangatiratanga, te whakapakoko rangatiratanga, whakapakoko
â›ªï¸	hÄhi, karaitiana, momo karakia, rÄ«peka
ğŸ•Œ	ihirama, momo karakia, muhurimi, mÅhiku
ğŸ•	hÅ«rae, momo karakia, temepara, whare karakia hÅ«rae
â›©ï¸	hinito, momo karakia, wÄhi tapu, wÄhi tapu hinito
ğŸ•‹	ihirama, kaapa, momo karakia, muhurimi
â›²ï¸	puna torotÄ«
â›ºï¸	puninga, tÄ“neti
ğŸŒ	kohu, kohukohu
ğŸŒƒ	pÅ, pÅ whai whetÅ«, whetÅ«
ğŸ™ï¸	ataata tÄonenui, tÄonenui
ğŸŒ„	ata, maunga, rÄ, rÄ whiti, whitinga rÄ runga maunga
ğŸŒ…	ata, rÄ, whitinga o te rÄ
ğŸŒ†	ahiahi, paewhenua, porehu, rÄ, rÄtÅ, tÄonenui, whakahuahua tÄonenui porehu
ğŸŒ‡	porehu, rÄ, tÅnga o te rÄ
ğŸŒ‰	arawhata, arawhata i te pÅ, pÅ
â™¨ï¸	korohuhÅ«, puna, wai ariki, waiariki, wera
ğŸ 	hÅiho, hÅiho porowhawhe, porowhawhe
ğŸ¡	papa whakangahau, pÄ“rihi, wÄ«ra, wÄ«ra pÄ“rihi
ğŸ¢	papa whakangahau, pÅ«kawe, takataka, tereina tÅ-Ä-papa whakangahau
ğŸ’ˆ	kaikuti-makawe, kutinga-makawe, pou, pou kaikuti-makawe
ğŸª	manini rau, tÄ“neti, tÄ“neti manini rau
ğŸš‚	mamaoa, pÅ«kaha, pÅ«kaha tereina, rerewÄ“, tereina
ğŸšƒ	pÅ«hiko, rerewÄ“, tarÄme, tereina, waka, waka pÄhiko, waka rerewÄ“
ğŸš„	rerewÄ“, shinkansen, tere, tereina, tereina tino tere
ğŸš…	matÄ, rerewÄ“, shinkansen, tere, tereina, tereina tino tere ihu matÄ
ğŸš†	rerewÄ“, tereina
ğŸš‡ï¸	rarowhenua, rerewÄ“ rarowhenua
ğŸšˆ	rerewÄ“, rerewÄ“ mÄmÄ
ğŸš‰	rerewÄ“, teihana, tereina
ğŸšŠ	tarÄme, waka pÄhiko
ğŸš	rÅautahi, waka
ğŸš	maunga, rerewÄ“, rerewÄ“ maunga, waka
ğŸš‹	tarÄme, waka, waka pÄhiko, waka tarÄme
ğŸšŒ	pahi, waka
ğŸšï¸	anga mai, pahi, pahi anga mai
ğŸš	pahi, tarÄme, waka pÄhiko
ğŸš	pahi, pahi iti
ğŸš‘ï¸	waka, waka tÅ«roro
ğŸš’	ahi, mÄ«hini, taraka, waka tinei ahi
ğŸš“	motokÄ, pirihimana, tira, waka pirihimana
ğŸš”ï¸	anga mai, motokÄ, pirihimana, waka pirihimana anga mai
ğŸš•	takihÄ«, waka
ğŸš–	anga mai, takihÄ«, takihÄ« anga mai
ğŸš—	motokÄ
ğŸš˜ï¸	anga mai, motokÄ, motokÄ anga mai
ğŸš™	hÄkinakina, taraka hÄkinakina
ğŸšš	taraka, taraka tiki, tiki
ğŸš›	hemi, taraka, taraka tautÅ
ğŸšœ	tarakita, waka
ğŸï¸	motokÄ, motokÄ tauwhainga, tauwhainga
ğŸï¸	motopaika, tauwhainga
ğŸ›µ	hÅ«paika, pÅ«kaha
ğŸš²ï¸	pahikara
ğŸ›´	kuta, kuta whana, whana
ğŸš	pahi, tÅ«nga, tÅ«nga pahi
ğŸ›£ï¸	ara, huanui
ğŸ›¤ï¸	ara rerewÄ“, rerewÄ“, tereina
ğŸ›¢ï¸	hinu, taramu, taramu hinu
â›½ï¸	hinu, papu, papu hinu, papuhinu, penehÄ«ni, teihana
ğŸš¨	hurihuri, motokÄ, mÄmÄ, pirihimana, rama, rama waka pirihimana
ğŸš¥	ngÄ waka, poutohu, rama, rama huarahi haupae
ğŸš¦	ngÄ waka, poutohu, rama, rama huarahi poutÅ«
ğŸ›‘	tapawaru, tohu, tohu tÅ«, tÅ«
ğŸš§	hangatanga, tauÄrai
âš“ï¸	punga, utauta, waipuke
â›µï¸	moana, pere rua, poti, waka pere, wÄhi hararei
ğŸ›¶	poti, waka
ğŸš¤	poti, wakatere
ğŸ›³ï¸	kaipuke, kaipuke pÄhihi, pÄhihi
â›´ï¸	poti, pÄhihi, waka kawekawe
ğŸ›¥ï¸	poti, waka pÅ«kaha
ğŸš¢	kaipuke, poti, pÄhihi
âœˆï¸	rererangi, waka rererangi
ğŸ›©ï¸	rererangi, rererangi iti, waka rererangi
ğŸ›«	ngÄ wehenga, pae takiuru, rererangi, waka rererangi, wehenga, wehenga rererangi
ğŸ›¬	ngÄ taunga mai, rererangi, tau ana, tau mai ana, taunga rererangi, waka rererangi
ğŸ’º	nohoanga, tÅ«ru
ğŸš	toparere, waka
ğŸšŸ	rerewÄ“, rerewÄ“ whakairi, whakairi
ğŸš 	arataura maunga, maunga, taura, waka taura
ğŸš¡	aratarÄme, aratarÄme rererangi, taura, waka, Ä-rangi
ğŸ›°ï¸	Ämiorangi, Ätea
ğŸš€	tÄkirirangi, Ätea
ğŸ›¸	waka tuarangi kÄore i mÅhiotia, waka Ätea nÅ ao kÄ“
ğŸ›ï¸	hÅtÄ“ra, kaikawe, pere, pere kaikawe
âŒ›ï¸	karÄhe-hÄora, kirikiri, pÅ«taki
â³ï¸	karÄhe-hÄora, karÄhe-hÄora kirikiri rere, kirikiri, pÅ«taki
âŒšï¸	karaka, matawÄ
â°	karaka, karaka pÅ«oho, pÅ«oho
â±ï¸	karaka, matawÄ-tÅ«
â²ï¸	karaka, karaka pÅ«taki, pÅ«taki
ğŸ•°ï¸	karaka, karaka whatanga-ahi
ğŸ•›ï¸	00, 12, 12:00, karaka, o ngÄ hÄora, te tekau-mÄ-rua o ngÄ hÄora, tekau-mÄ-rua
ğŸ•§	12, 12:30, 30, karaka, te tekau-mÄ-rua me te toru tekau meneti, tekau-mÄ-rua, toru tekau
ğŸ•ï¸	00, 1, 1:00, karaka, o ngÄ hÄora, tahi, te tahi o ngÄ hÄora
ğŸ•œ	1, 1:30, 30, karaka, tahi, te tahi me te toru tekau meneti, toru tekau
ğŸ•‘ï¸	00, 2, 2:00, karaka, o ngÄ hÄora, rua, te rua o ngÄ hÄora
ğŸ•	2, 2:30, 30, karaka, rua, te rua me te toru tekau meneti, toru tekau
ğŸ•’ï¸	00, 3, 3:00, karaka, o ngÄ hÄora, te toru o ngÄ hÄora, toru
ğŸ•	3, 30, 3:30, karaka, te toru me te toru tekau meneti, toru, toru tekau
ğŸ•“ï¸	00, 4, 4:00, karaka, o ngÄ hÄora, te whÄ o ngÄ hÄora, whÄ
ğŸ•Ÿ	30, 4, 4:30, karaka, te whÄ me te toru tekau meneti, toru tekau, whÄ
ğŸ•”ï¸	00, 5, 5:00, karaka, o ngÄ hÄora, rima, te rima o ngÄ hÄora
ğŸ• 	30, 5, 5:30, karaka, rima, te rima me te toru tekau meneti, toru tekau
ğŸ••ï¸	00, 6, 6:00, karaka, o ngÄ hÄora, ono, te ono o ngÄ hÄora
ğŸ•¡	30, 6, 6:30, karaka, ono, te ono me te toru tekau meneti, toru tekau
ğŸ•–ï¸	00, 7, 7:00, karaka, o ngÄ hÄora, te whitu o ngÄ hÄora, whitu
ğŸ•¢	30, 7, 7:30, karaka, te whitu me te toru tekau meneti, toru tekau, whitu
ğŸ•—ï¸	00, 8, 8:00, karaka, o ngÄ hÄora, te waru o ngÄ hÄora, waru
ğŸ•£	30, 8, 8:30, karaka, te waru me te toru tekau meneti, toru tekau, waru
ğŸ•˜ï¸	00, 9, 9:00, iwa, karaka, o ngÄ hÄora, te iwa o ngÄ hÄora
ğŸ•¤	30, 9, 9:30, iwa, karaka, te iwa me te toru tekau meneti, toru tekau
ğŸ•™ï¸	00, 10, 10:00, karaka, o ngÄ hÄora, te tekau o ngÄ hÄora, tekau
ğŸ•¥	10, 10:30, 30, karaka, te tekau me te toru tekau meneti, tekau, toru tekau
ğŸ•šï¸	00, 11, 11:00, karaka, o ngÄ hÄora, te tekau-mÄ-tahi o ngÄ hÄora, tekau-ma-tahi
ğŸ•¦	11, 11:30, 30, karaka, te tekau-mÄ-tahi me te toru tekau meneti, tekau-ma-tahi, toru tekau
ğŸŒ‘	marama, marama kÅhiti, pÅuri
ğŸŒ’	hua, marama, marama hua tipihori, pewa
ğŸŒ“	hauwhÄ, marama, marama ahotÅ«
ğŸŒ”	hua, kipuha, marama, marama hua
ğŸŒ•ï¸	marama, rÄkaunui
ğŸŒ–	kipuha, marama, marama roroku, roroku
ğŸŒ—	hauwhÄ, marama, marama korekore
ğŸŒ˜	marama, marama tohi, pewa, roroku
ğŸŒ™	marama, marama pewa, pewa
ğŸŒš	marama, mata, mata marama kÅhiti
ğŸŒ›	hauwhÄ, marama, marama ahotÅ« whai mata, mata
ğŸŒœï¸	hauwhÄ, marama, marama korekore whai mata, mata
ğŸŒ¡ï¸	huarere, inemahana
â˜€ï¸	ihi, kanapa, paki, rÄ
ğŸŒ	kanapa, kÄ«, marama, mata, rÄkaunui whai mata
ğŸŒ	kanapa, mata, rÄ, rÄ whai mata
â­ï¸	whetÅ«, whetÅ« mÄ waenga
ğŸŒŸ	hana, korakora, tÄ«aho, wheriko, whetÅ«, whetÅ« mumura
ğŸŒ 	hinga ana, unahi, unahi o takero, whetÅ«
ğŸŒŒ	ikarangi, Ätea
â˜ï¸	huarere, kapua
â›…ï¸	kapua, rÄ, rÄ muri kapua
â›ˆï¸	kapua, kapua me te uira me te ua, ua, whatitiri
ğŸŒ¤ï¸	kapua, rÄ, rÄ muri kapua iti
ğŸŒ¥ï¸	kapua, rÄ, rÄ muri kapua nui
ğŸŒ¦ï¸	kapua, rÄ, rÄ muri kapua ua, ua
ğŸŒ§ï¸	kapua, kapua me te ua, ua
ğŸŒ¨ï¸	hukarere, kapua, kapua me te hukarere, makariri
ğŸŒ©ï¸	kapua, kapua me te uira, uira
ğŸŒªï¸	kapua, paroro, ÄwhÄ
ğŸŒ«ï¸	kapua, kohu
ğŸŒ¬ï¸	hau, kanohi, kanohi hau, kapua, pupuhi
ğŸŒ€	huripari, kurahau awatea, paroro, Ämaimai
ğŸŒˆ	kahukura, ua
ğŸŒ‚	hÄmarara, hÄmarara kopi, kÄkahu, ua
â˜‚ï¸	hÄmarara, kÄkahu, ua
â˜”ï¸	hÄmarara, hÄmarara me ngÄ kÅpata ua, kÄkahu, kÅpata, ua
â›±ï¸	hÄmarara, hÄmarara i te papa, rÄ, ua
âš¡ï¸	hiko, mÅrearea, ngaohiko, ngaohiko teitei, uira, whana
â„ï¸	hukarere, makariri, whÄ hukarere
â˜ƒï¸	hukarere, makariri, tÄne-hukarere
â›„ï¸	hukarere, makariri, tÄne-hukarere, tÄne-hukarere kore hukarere
â˜„ï¸	unahiroa, Ätea
ğŸ”¥	ahi, mura, utauta
ğŸ’§	kÅpata, kÅpata wai, makariri, werawera, whakakata
ğŸŒŠ	moana, ngaru, ngaru wai, wai
ğŸƒ	haki, harowÄ“ne, rama, rama kanohi paukena, whakanuinga
ğŸ„	Kirihimete, rÄkau, rÄkau Kirihimete, whakanuinga
ğŸ†	pahÅ«ahi, whakanuinga
ğŸ‡	korakora, pahÅ«ahi, whakakorakora, whakanuinga
âœ¨	he korakora, korakora, whetÅ«
ğŸˆ	pÅ«angi, whakanuinga
ğŸ‰	pahÅ«, pahÅ« whakangahau, tarÄ, whakangahau, whakanuinga
ğŸŠ	pÅro, pÅro wÄhi pepa, whakanuinga, wÄhi-pepa ririki
ğŸ‹	HapanÄ«hi, kara, rÄkau, rÄkau tanapata, whakanuinga
ğŸ	HapanÄ«hi, inanga, paina, whakanuinga, whakarei rÄkau paina
ğŸ	HapanÄ«hi, karetao, karetao HapanÄ«hi, taurima, whakanuinga
ğŸ	haki, haki ika, ika, whakanuinga
ğŸ	hau, pere, pere hau, whakanuinga
ğŸ‘	marama, taurima, taurima tiro marama, whakanuinga
ğŸ€	rÄ«pene, whakanuinga
ğŸ	koha, perehana, perehana takai, pouaka, takai, whakanuinga
ğŸ—ï¸	rÄ«pene, rÄ«pene whakamahara, whakamahara, whakanuinga
ğŸŸï¸	tÄ«kiti, tÄ«kiti tomonga, whakatomo
ğŸ«	tomonga, tÄ«kiti
ğŸ–ï¸	metara, metara ope tauÄ, ope tauÄ, whakanuinga
ğŸ†ï¸	paraihe, tohu toa
ğŸ…	mÄ“tara, mÄ“tara hÄkinakina
ğŸ¥‡	kÅura, mÄ“tara, mÄ“tara wÄhi 1, tuatahi
ğŸ¥ˆ	hiriwa, mÄ“tara, mÄ“tara wÄhi 2, tuarua
ğŸ¥‰	mÄ“tara, mÄ“tara wÄhi 3, parÄhe, tuatoru
âš½ï¸	poi whana, poiwhana, pÅro, whutupÅro
âš¾ï¸	pÄ“hipÅro, pÅro
ğŸ€	mÅwhiti, poitÅ«kohu, pÅro
ğŸ	kÄ“mu, poirewa, pÅro
ğŸˆ	amerikana, pÅro, whutupÅro, whutupÅro amerikana
ğŸ‰	pÅro, rakapi, whutupÅro, whutupÅro rakapi
ğŸ¾	pÅro, rÄkete, tÄ“nehi
ğŸ³	kÄ“mu, poipÄ«rori, pÅro
ğŸ	kÄ“mu, kÄ“mu kirikiti, pÅro, rÄkauhau
ğŸ‘	haupoi, haupoi papa tÄkaro, kÄ“mu, papa tÄkaro, pÅro, rÄkau
ğŸ’	haupoi, haupoi huka, huka, kÄ“mu, puki, rÄkau
ğŸ“	kÄ“mu, paopao, patu, pÅro, rÄkauhau, tÄ“pu tÄ“nehi
ğŸ¸	kÄ“mu, manu, patukoko, pÅ«kura, rÄkete
ğŸ¥Š	karapu, karapu mekemeke, mekemeke
ğŸ¥‹	huro, karate, kÄkahu, kÄkahu toi whawhai, taekwondo, toi whawhai
ğŸ¥…	neti, neti Å«hunga, Å«hunga
â›³ï¸	haupÅro, kara rÅ kÅhao, kÅhao
â›¸ï¸	huka, reti, retireti keo
ğŸ£	ika, matira, matira hÄ« ika
ğŸ½	hÄte, hÄte omaoma, omaoma, rÄ«pene, whakataetae
ğŸ¿	hukarere, papa retihuka, retihuka
ğŸ›·	kÅneke, panuku
ğŸ¥Œ	kÄ“mu, pÅhatu whakakÅrino, toka
ğŸ¯	karu, kÄ“mu, pere, pironga, pÄ, pÄ hÄngai, pÅ«ru
ğŸ±	8, kÄ“mu, piriota, piriota 8 pÅro, pÅro, waru
ğŸ”®	atamaha, matakite, moemoeÄ, pakiwaitara, pÅro, pÅro atamaha, utauta
ğŸ®ï¸	kÄ“mu, kÄ“mu ataata, pÅ«whakahaere
ğŸ•¹ï¸	kÄ“mu, kÄ“mu ataata, rÄkau mana
ğŸ°	kÄniwha, kÄ“mu, mÄ«hini kaimoni
ğŸ²	kÄ“mu, tapaono, tapaono kÄ“mu
â™ ï¸	hÅ«tu pÄ“ti, kÄri, kÄ“mu
â™¥ï¸	hÅ«tu hÄte, kÄri, kÄ“mu
â™¦ï¸	hÅ«tu taimana, kÄri, kÄ“mu
â™£ï¸	hÅ«tu karapu, kÄri, kÄ“mu
ğŸƒ	kÄri, kÄrimohowao, kÄ“mu, tioka
ğŸ€„ï¸	kÄ“mu, mahjong, tarakona whero mahjong, whero
ğŸ´	HapanÄ«hi, kÄri, kÄri purei putiputi, kÄ“mu, purei, putiputi
ğŸ­ï¸	ngÄ toi whakaaturanga, toi, whakaaturanga, whare tapere, Ärai
ğŸ–¼ï¸	anga, papa tongarewa, pikitia, pikitia whai anga, toi, toi peita
ğŸ¨	papa tongarewa, papapeita, papapeita tohunga toi, toi, toi peita
ğŸ‘“ï¸	karu, kÄkahu, mÅhiti, mÅhiti karu
ğŸ•¶ï¸	karu, mÅhiti, mÅhitirÄ, pÅuri
ğŸ‘”	kÄkahu, neketai
ğŸ‘•	hÄte, kÄkahu, tÄ«-hÄte
ğŸ‘–	kÄkahu, tarau, tarau tÄngari
ğŸ§£	kakÄ«, kÄmeta
ğŸ§¤	karapu, ringa
ğŸ§¥	koti
ğŸ§¦	tÅkena
ğŸ‘—	kÄkahu
ğŸ‘˜	kimono, kÄkahu
ğŸ‘™	kaukau, kÄkahu, pikÄ«ni
ğŸ‘š	kÄkahu, kÄkahu wahine, wahine
ğŸ‘›	kÄkahu, moni uka, pÄhi
ğŸ‘œ	kÄkahu, pÄhi, pÄhi Ä-ringa, pÄ“ke
ğŸ‘	kÄkahu, pÄhi hopu, pÄ“ke, pÅ«koro
ğŸ›ï¸	hokohoko, hÅtÄ“ra, pÄ“ke, pÄ“ke hokohoko
ğŸ’	kura, pÄ“ke, pÄ“ke tari, pÄ“ketuarÄ kura
ğŸ‘	hÅ«, hÅ« tÄne, kÄkahu, tÄne
ğŸ‘Ÿ	hÅ«, hÅ« ngohengohe, hÅ« omaama, kÄkahu, whakataetae
ğŸ‘ 	hÅ«, hÅ« rekereke-teitei, kÄkahu, rekereke, wahine
ğŸ‘¡	hÅ«, kopa, kopa wahine, kÄkahu, wahine
ğŸ‘¢	hÅ«, kÄkahu, pÅ«tu, pÅ«tu wahine, wahine
ğŸ‘‘	karauna, kuini, kÄkahu, kÄ«ngi
ğŸ‘’	kÄkahu, pÅtae, pÅtae wahine, wahine
ğŸ©	kÄkahu, pÅtae, pÅtae tihi, tihi
ğŸ“ï¸	kape, kape whiwhinga tohu, kÄkahu, paetahi, pÅtae, whakanuinga
ğŸ§¢	kape ngutu-parera, kape pÄ“hipÅro
â›‘ï¸	kanohi, pÅtae, pÅtae mÄrÅ, pÅtae mÄrÅ kaimahi whakaora, rÄ«peka, Äwhina
ğŸ“¿	inoi, karakia, kÄkahu, ngÄ poria inoi, poria, reikakÄ«
ğŸ’„	ngÄ whakanako, paningutu, whakapaipai kanohi
ğŸ’	mÅwhiti matimati, taimana
ğŸ’	kÅhatu mÄpuna, mÄpuna, rei, taimana
ğŸ”‡	hÅ«, ngÅ«, tukuoro, tukuoro whakangÅ«
ğŸ”ˆï¸	pÄpaku, tukuoro kahaoro pÄpaku
ğŸ”‰	tukuoro kahaoro waenga, waenga
ğŸ”Š	nui, tukuoro kahaoro teitei
ğŸ“¢	kÅrero tÅ«matanui, nui, tukuoro
ğŸ“£	pÅ«whakarahireo, umere ana
ğŸ“¯	haona, haona poutÄpeta, poutÄpeta, pÅhi
ğŸ””	pere
ğŸ”•	hÅ«, kore, kÄo, ngÅ«, pere, pere whai rÄ«taha, rÄhuitia, whakakore
ğŸ¼	puoro, tuhinga, tuhinga puoro
ğŸµ	puoro, tohu waiata
ğŸ¶	ngÄ tohu, ngÄ tohu waiata, puoro, tohu
ğŸ™ï¸	hopuoro, hopuoro taiwhanga, puoro, taiwhanga
ğŸšï¸	puoro, rÄ“reti, rÄ“reti puoro, taumata
ğŸ›ï¸	ngÄ puku, ngÄ puku mana, paemana, puoro
ğŸ¤	hopuoro, karaoke
ğŸ§ï¸	maupane, purutaringa
ğŸ“»ï¸	ataata, irirangi
ğŸ·	puoro, pÅ«tohe, whakatangi
ğŸ¸	kitÄ, puoro, whakatangi
ğŸ¹	papapurei, papapurei puoro, piana, puoro, whakatangi
ğŸº	puoro, pÅ«awanui, whakatangi
ğŸ»	puoro, tÅiri, whakatangi
ğŸ¥	pahÅ«, patupahÅ«, puoro
ğŸ“±	pÅ«koro, waea, waea pÅ«koro, waeakawe
ğŸ“²	pere, pÅ«koro, pÅ«whiwhi, waea, waea pÅ«koro me te pere, waeakawe
â˜ï¸	waea
ğŸ“	pÅ«whiwhi, pÅ«whiwhi waea, waea
ğŸ“Ÿï¸	pÅ«oho
ğŸ“ 	mÄ«hini waeatuhi, waeatuhi
ğŸ”‹	pÅ«hiko
ğŸ”Œ	hiko, puru, puru hiko
ğŸ’»ï¸	paparorohiko, rorohiko, rw, whaiaro
ğŸ–¥ï¸	papamahi, rorohiko, rorohiko papamahi
ğŸ–¨ï¸	pÅ«reretÄ, rorohiko
âŒ¨ï¸	papapÄtuhi, rorohiko
ğŸ–±ï¸	kiore rorohiko, rorohiko
ğŸ–²ï¸	pÅrotaki, rorohiko
ğŸ’½	kÅpae, kÅpae rorohiko, kÅpae-iti, rorohiko, whatu
ğŸ’¾	kÅpae, kÅpae pÄ«ngore, pÄ«ngore, rorohiko
ğŸ’¿ï¸	kÅpae, kÅpae whatu, kÅpaepae, rorohiko, whatu
ğŸ“€	blu-ray, kam, kÅpae, rorohiko, whatu
ğŸ¥	kÄmera, pÅ« hopuata, whare whitiÄhua, whitiÄhua
ğŸï¸	anga, anga whitiÄhua, whare whitiÄhua, whitiÄhua
ğŸ“½ï¸	ataata, tukuata, tukuata whitiÄhua, whare whitiÄhua, whitiÄhua
ğŸ¬ï¸	papa papaki, papaki, whitiÄhua
ğŸ“ºï¸	ataata, pouaka whakaata
ğŸ“·ï¸	ataata, pÅ«whakaahua
ğŸ“¸	ataata, hikohiko, pÅ«whakaahua, pÅ«whakaahua whai hikohiko
ğŸ“¹ï¸	ataata, pÅ«whakaahua, pÅ«whakaahua ataata
ğŸ“¼	ataata, rÄ«pene, rÄ«pene-ataata, vhs
ğŸ”	karÄhe, kÄrÄhe whÄrahi anga mauÄ«, rapu, utauta, whÄrahi
ğŸ”	karÄhe, karÄhe whÄrahi anga matau, rapu, utauta, whÄrahi
ğŸ•¯ï¸	kÄnara, rama
ğŸ’¡	hiko, mÄrama, puku, puku mÄrama, whakaaro, whakakata
ğŸ”¦	hiko, kÅrama, mÄrama, utauta
ğŸ®	mÄrama, pae, rama, rÄtana pepa whero, whero
ğŸ“”	pukapuka, pukatuhipoka, pukatuhipoka whai uhi whakairoiro, uhi, whakairoiro
ğŸ“•	kopi, pukapuka, pukapuka kopi
ğŸ“–	pukapuka, pukapuka tuwhera, tuwhera
ğŸ“—	kÄkÄriki, pukapuka, pukapuka kÄkÄriki
ğŸ“˜	kikorangi, pukapuka, pukapuka kikorangi
ğŸ“™	karaka, pukapuka, pukapuka karaka
ğŸ“šï¸	ngÄ pukapuka, pukapuka
ğŸ““	pukatuhipoka
ğŸ“’	puka kaute, pukatuhipoka
ğŸ“ƒ	piko, tuhinga, whÄrangi, whÄrangi whai piko
ğŸ“œ	pepa, tuhinga pÅkai
ğŸ“„	tuhinga, whÄrangi, whÄrangi anga ake
ğŸ“°	nÅ«pepa, pepa, rongo
ğŸ—	nÅ«pepa, nÅ«pepa pÅkai, pepa, pÅkai, rongo
ğŸ“‘	ngÄ ripa, ripa tohuwÄhi, tohu, tohuwÄhi
ğŸ”–	tohu, tohuwÄhi
ğŸ·ï¸	tapanga
ğŸ’°ï¸	moni, pÄ“ke, pÄ“ke moni, tÄra
ğŸ’´	momo moni, moni, monipepa, monipepa Yen, pepa, pire, pÄ“ke, yen
ğŸ’µ	momo moni, moni, monipepa, monipepa tÄra, pepa, pire, pÄ“ke, tÄra
ğŸ’¶	momo moni, moni, monipepa, monipepa uro, pepa, pire, pÄ“ke, uro
ğŸ’·	momo moni, moni, monipepa, monipepa pauna, pauna, pepa, pire, pÄ“ke
ğŸ’¸	moni, moni whai parirau, monipepa, parirau, pepa, pire, pÄ“ke, rere, tÄra
ğŸ’³ï¸	kÄri, kÄri tÄwere, moni, pÄ“ke, tÄwere
ğŸ’¹	au, aupiki, kauwhata, momo moni, moni, mÄkete, pÄ“ke, tipunga, tÅ«tohi, tÅ«tohi aupiki me te yen, whakarunga, yen
âœ‰ï¸	kÅpaki, reta, Ä«mÄ“ra
ğŸ“§	mÄ“ra, reta, Ä«mÄ“ra
ğŸ“¨	kÅpaki, kÅpaki taumai, mÄ“ra, reta, tau mai, whiwhi, Ä«-mÄ“ra, Ä«mÄ“ra
ğŸ“©	iho, kua tuku, kÅpaki, kÅpaki whai kÅpere, mÄ“ra, pere, reta, tuku atu, Ä«-mÄ“ra, Ä«mÄ“ra
ğŸ“¤ï¸	heri, heri pouakaputa, kua tuku, mÄ“ra, pouaka, pouakaputa, reta
ğŸ“¥ï¸	heri, heri pouakauru, mÄ“ra, pouaka, pouakauru, reta, whiwhi
ğŸ“¦ï¸	mÅkihi, mÅkÄ«, pouaka
ğŸ“«ï¸	kati, mÄ“ra, pouaka pÅhi, pouakamÄ“ra, pouakamÄ“ra kopi whai kara whakarewa
ğŸ“ªï¸	kati, mÄ“ra, pouaka pÅhi, pouakamÄ“ra, pouakamÄ“ra kopi whai kara whakaheke, whakaheke
ğŸ“¬ï¸	mÄ“ra, pouaka pÅhi, pouakamÄ“ra, pouakamÄ“ra tuwhera whai kara whakarewa, tuwhera
ğŸ“­ï¸	mÄ“ra, pouaka pÅhi, pouakamÄ“ra, pouakamÄ“ra tuwhera whai kara whakaheke, tuwhera, whakaheke
ğŸ“®	mÄ“ra, pouaka poutÄpeta, pouakamÄ“ra
ğŸ—³ï¸	pouaka, pouaka pÅti me te pÅti, pÅti
âœï¸	penerÄkau
âœ’ï¸	pene, timopene, timopene pango
ğŸ–‹ï¸	pene, pene puna, puna
ğŸ–Šï¸	pene, penepÅro
ğŸ–Œï¸	parahi peita, peitatanga
ğŸ–ï¸	pene hinu
ğŸ“	manatu, penerÄkau
ğŸ’¼	kopamÄrÅ
ğŸ“	kÅnae, kÅpaki, kÅpaki kÅnae
ğŸ“‚	kÅnae, kÅpaki, kÅpaki kÅnae tuwhera, tuwhera
ğŸ—‚ï¸	kuputohu, kÄri, ngÄ whakawehe kÄri kuputohu, whakawehe
ğŸ“…	maramataka, te rÄ
ğŸ“†	maramataka, maramataka tÄ«hae
ğŸ—’ï¸	pukatuhi, pukatuhi tÅrino, tuhipoka, tÅrino
ğŸ—“ï¸	maramataka, maramataka tÅrino, pukatuhi, tÅrino
ğŸ“‡	kuputohu, kuputohu Ä-kÄri, kÄri, rolodex
ğŸ“ˆ	au, kauwhata, tipunga, tÅ«tohi, tÅ«tohi aupiki, whakarunga
ğŸ“‰	au, kauwhata, tÅ«tohi, tÅ«tohi auheke, whakaheke
ğŸ“Š	kauwhata, pae, tÅ«tohi, tÅ«tohi pae
ğŸ“‹ï¸	paparawhi
ğŸ“Œ	pine, pinepana
ğŸ“	pine, pinepana, pinepana porohita
ğŸ“	rawhipepa
ğŸ–‡ï¸	hono, ngÄ rawhipepa honohono, rawhipepa
ğŸ“	rÅ«ri, rÅ«ri torotika, torotika
ğŸ“	huinga, rÅ«ri, rÅ«ri tapatoru, tapatoru
âœ‚ï¸	kutikuti, tapahitanga, utauta
ğŸ—ƒï¸	kÄri, kÅnae, pouaka, pouaka kÅnae kÄri
ğŸ—„ï¸	kÄpata, kÄpata kÅnae, kÅnae, whakaraupapa kÅnae
ğŸ—‘ï¸	pÄhikete para
ğŸ”’ï¸	kua kati, kua maukati
ğŸ”“ï¸	maukati, wetemaukati, whakatuwhera
ğŸ”	maukati, maukati mÄ te pene, pene, timopene, tÅ«mataitinga, waituhi
ğŸ”	haumaru, kati, kÄ«, maukati, maukati mÄ te kÄ«
ğŸ”‘	kupuhipa, kÄ«, maukati
ğŸ—ï¸	kÄ«, kÄ« tawhito, maukati, tawhito, tÄ«whiri
ğŸ”¨	hama, utauta
â›ï¸	keri kÅhuke, keriwhenua, utauta
âš’ï¸	hama, hama me te keriwhenua, keriwhenua, utauta
ğŸ› ï¸	hama, hama me te wÄwÄhi, mauhiri, utauta, wÄwÄhi
ğŸ—¡ï¸	naihi, oka, rÄkau-riri
âš”ï¸	hoari, hoari whakawhiri, rÄkau-riri, whakawhiri
ğŸ”«	pÅ«, pÅ« hurihuri, pÅ« Ä-ringa, rÄkau-riri, utauta
ğŸ¹	Sagittarius, kaikÅpere, kÅpere, kÅpere me ngÄ pere, kÅperetanga, pere, poutiriao, rÄkau-riri, utauta
ğŸ›¡ï¸	pÄkai, rÄkau-riri
ğŸ”§	mauhiri, utauta, wÄwÄhi
ğŸ”©	nati, nati me te whaowiri, utauta, whaowiri
âš™ï¸	taputapu, utauta
ğŸ—œï¸	kuku, purimau, utauta, whakakÅpeke
âš–ï¸	Libra, poutiriao, taumaha, utauta, whakawÄ, whÄrite, Årite, Årite whÄrite
ğŸ”—	hononga
â›“ï¸	mekameka, ngÄ mekameka
âš—ï¸	mÄtai matÅ«, taputapu iheunga, utauta
ğŸ”¬	pÅ«taiao, pÅ«whÄrahi, utauta
ğŸ”­	karu whakatata, pÅ«taiao, utauta
ğŸ“¡	amiorangi, pÅ«hihi, pÅ«hihi amiorangi, rÄ«hi
ğŸ’‰	mate, ngira, pota, rata, rongoÄ, utauta
ğŸ’Š	mate, pire, rata, rongoÄ
ğŸšª	kÅ«waha
ğŸ›ï¸	hÅtÄ“ra, moe, moenga
ğŸ›‹ï¸	hÅtÄ“ra, nohoanga roa, nohoanga roa me te rama, rama
ğŸš½	heketua
ğŸš¿	uwhiuwhi, wai
ğŸ›	kaukau, tÄpukaukau
ğŸ›’	hokohoko, kÄta, tÄiki panapana
ğŸš¬	hikareti, momi hikareti
âš°ï¸	kÄwhena, matenga
âš±ï¸	ipu, ipu tangihanga, mate, ngÄrehu, tangihanga
ğŸ—¿	kanohi, moai, moyai, whakapakoko
ğŸ§	atm, kaiwhitimoni, pÄ“ke, tohu ATM, whakaaunoa
ğŸš®	ipu para, para, tohu para roto ipu
ğŸš°	inu, wai, wai pai, wai pai hei unu
â™¿ï¸	tohu kÅrea, urunga
ğŸš¹ï¸	heketua, rÅ«ma whakatÄ, taiwhanga tÄne, tÄne, wharepaku
ğŸšºï¸	heketua, rÅ«ma whakatÄ, taiwhanga wÄhine, wahine, wharepaku
ğŸš»	heketua, rÅ«ma whakatÄ, wharepaku
ğŸš¼ï¸	pÄ“pi, tohu pÄ“pi, whakapaipai
ğŸš¾	heketua, rÅ«ma whakatÄ, taiwhanga, wai, wharepaku
ğŸ›‚	mana, mana uruwhenua, uruwhenua
ğŸ›ƒ	tari taupare
ğŸ›„	kerÄ“me, kerÄ“me pÄhi, pÄhi
ğŸ›…	pÄhi, pÄhi mahue, raraka
âš ï¸	whakatÅ«pato
ğŸš¸	kaihÄ«koi, ngÄ waka huarahi, tamaiti, tamariki e whakawhiti ana, whakawhiti
â›”ï¸	kaua e tomo, kore, kÄo, ngÄ waka huarahi, rÄhuitia, tÄuru, whakakÄhore
ğŸš«	kore, kua whakakore, kÄo, tomonga
ğŸš³	kaua he pahikara, kore, kua whakakore, kÄo, pahikara, rÄhuitia
ğŸš­ï¸	kaipaipa, kaua e kaipaipa, kore, kua whakakore, kÄo, rÄhuitia
ğŸš¯	kaua e mahi para, kore, kua whakakore, kÄo, para, rÄhuitia
ğŸš±	kaua e unu, wai, wai kÄore e pai hei unu
ğŸš·	kaihÄ«koi, kaua he kaihÄ«koi, kore, kua whakakore, kÄo, rÄhuitia
ğŸ“µ	kaua te waea pÅ«koro, kore, kÄo, pÅ«koro, rÄhuitia, waea, whakakorea
ğŸ”	18, kia tekau-mÄ-waru ake, kore, kÄo, rahuitanga pakeke, rÄhuitia, tamariki tonu, tekau-mÄ-waru, whakakorea
â˜¢ï¸	ira-rukeruke, tohu
â˜£ï¸	pÅ«mate koiora, tohu
â¬†ï¸	ahunga, matua, pere, pere ake, raki
â†—ï¸	ahunga, pere, pere ake-matau, rÄwhiti-mÄ-raki, waenga-matua
â¡ï¸	ahunga, matua, pere, pere matau, rÄwhiti
â†˜ï¸	ahunga, pere, pere iho-matau, rÄwhiti-mÄ-tonga, waenga-matua
â¬‡ï¸	ahunga, iho, matua, pere, pere iho, tonga
â†™ï¸	ahunga, pere, pere iho-mauÄ«, uru-mÄ-tonga, waenga-matua
â¬…ï¸	ahunga, matua, pere, pere mauÄ«, uru
â†–ï¸	ahunga, pere, pere ake-mauÄ«, uru-mÄ-raki, waenga-matua
â†•ï¸	pere, pere ake-iho
â†”ï¸	pere, pere mauÄ«-matau
â†©ï¸	pere, pere matau piko mauÄ«
â†ªï¸	pere, pere mauÄ« piko matau
â¤´ï¸	pere, pere matau piko ake
â¤µï¸	iho, pere, pere matau piko iho
ğŸ”ƒ	pere, pere poutÅ« whakatekaraka, uta anÅ, whakatekaraka
ğŸ”„	kÅaro, pere, pÄtene pere kÅaro
ğŸ”™	hoki, pere, pere HOKI
ğŸ”š	mutunga, pere, pere MUTUNGA
ğŸ”›	kÄ, pere, pere KÄ€!, tohu
ğŸ”œ	pere, pere Ä€KUANEI, Äkuanei
ğŸ”	ake, pere, pere RUNGA, runga
ğŸ›	karakia, momo karakia, wÄhi karakia
âš›ï¸	kaiwhakakÄhore-atua, ngota, tohu ngota
ğŸ•‰ï¸	Hiniru, momo karakia, om
âœ¡ï¸	HÅ«rae, RÄwiri, momo karakia, whetÅ«, whetÅ« o RÄwiri
â˜¸ï¸	Putihi, momo karakia, tÄrama, wÄ«ra, wÄ«ra o tÄrama
â˜¯ï¸	momo karakia, tangata tao, tao, yang, yin, yin yang
âœï¸	karaitiana, momo karakia, rÄ«peka, rÄ«peka ratini
â˜¦ï¸	karaitiana, momo karakia, rÄ«peka, rÄ«peka tukuiho
â˜ªï¸	ihirama, momo karakia, muhurimi, whetÅ« me pewa
â˜®ï¸	rongomau, tohu rongomau
ğŸ•	menoraha, momo karakia, tÅ«nga kÄnara, whatanga-kÄnara
ğŸ”¯	matakite, whetÅ«, whetÅ« ono-pito iraira
â™ˆï¸	Aries, poutiriao, rÄme
â™‰ï¸	Taurus, poutiriao, pÅ«ru
â™Šï¸	Gemini, ngÄ mÄhanga, poutiriao
â™‹ï¸	Cancer, poutiriao, pÄpaka
â™Œï¸	Leo, poutiriao, raiona
â™ï¸	Virgo, poutiriao
â™ï¸	Libra, poutiriao, whakawÄ, whÄrite, Årite
â™ï¸	Scorpius, kopio, kopiona, poutiriao
â™ï¸	Sagittarius, kaikÅpere, poutiriao
â™‘ï¸	Capricorn, koati, poutiriao
â™’ï¸	Aquarius, kaikawe, poutiriao, wai
â™“ï¸	Pisces, ika, poutiriao
â›	Ophiuchus, kaikawe, nÄkahi, poutiriao
ğŸ”€	pere, pÄtene ranu riu, whakawhiri
ğŸ”	pere, pÄtene tukurua, tukurua, whakatekaraka
ğŸ”‚	pere, pÄtene tukurua kotahi, whakatekaraka, wÄ kotahi
â–¶	matau, pere, purei, pÄtene purei, tapatoru
â©	pere, pÄtene tere whakamua, taurua, tere, whakamua
â­	pere, pÄtene riu panuku, riu panuku, tapatoru, tironga panuku
â¯	matau, pere, purei, pÄtene purei, taihoa rÄnei, taihoa, tapatoru
â—€	mauÄ«, pere, pÄtene whakamuri, tapatoru, whakamuri
âª	pere, pÄtene tere whakamuri, taurua, whakahoki
â®	pere, pÄtene riu tÅmuri, riu tÅmua, tapatoru, tironga tÅmua
ğŸ”¼	pere, pÄtene, pÄtene ake, whero
â«	pere, pÄtene tere ake, taurua
ğŸ”½	iho, pere, pÄtene, pÄtene iho, whero
â¬	iho, pere, pÄtene tere iho, taurua
â¸ï¸	pae, poutÅ«, pÄtene taihoa, taihoa, taurua
â¹ï¸	pÄtene tÅ«, tapawhÄ, tÅ«
âºï¸	porohita, pÄtene tÄhopu, tÄhopu
âï¸	pÄtene tuwha, tuwha
ğŸ¦	pÅ«whakaahua, rÄ«pene whitiÄhua, whare whitiÄhua, whitiÄhua
ğŸ”…	kanapa, kaurehu, pÄpaku, pÄtene whakakaurehu
ğŸ”†	kanapa, kanapatanga, pÄtene kanapa
ğŸ“¶	irirangi, pae, pae pÅ«hÄ«hÄ«, pÅ«hÄ«hÄ«, pÅ«koro, waea
ğŸ“³	aratau, aratau wiriwiri, pÅ«koro, waea, wiriwiri
ğŸ“´	pÅ«koro, waea, waea pÅ«koro weto, weto
â™€ï¸	tohu wahine, wahine
â™‚ï¸	tohu tÄne, tÄne
âœ–ï¸	whakakore, whakarea, whakareatanga, x, x whakarea taumaha
â•	pÄngarau, tohu tÄpiri taumaha, tÄpiri
â–	pÄngarau, tango, tohu tango taumaha
â—	pÄngarau, tohu whakawehe taumaha, whakawehe
â€¼ï¸	tohu, tohuhÄ, tohuhÄ taurua, tohutuhi
â‰ï¸	pÄtai, tohu, tohu tohuhÄ-pÄtai, tohuhÄ, tohuhÄ-pÄtai, tohutuhi
â“ï¸	pÄtai, tohu, tohu pÄtai, tohutuhi
â”	pÄtai, tohu, tohu pÄtai mÄ, tohutuhi, whakahuahua
â•	tohu, tohuhÄ, tohuhÄ mÄ, tohutuhi, whakahuahua
â—ï¸	tohu, tohu reo, tohuhÄ
ã€°ï¸	karekare, pÄ«hono, pÄ«hono karekare, tohutuhi
ğŸ’±	momo moni, moni, pÄ“ke, whakawhitinga momo moni, whakawhitiwhiti
ğŸ’²	momo moni, moni, tohu tÄra taumaha, tÄra
âš•ï¸	pou, rata, rongoÄ, tohu rongoÄ
â™»ï¸	tohu tukurua, tukurua
âšœ	putiputi rengarenga
ğŸ”±	mÄrau, punga, tohu, tohu mÄrau, utauta, waipuke
ğŸ“›	ingoa, tohu, tohu ingoa
ğŸ”°	HapanÄ«hi, kaitÄ«mata, kaokao, kÄkÄriki, kÅwhai, rau, tohu HapanÄ«hi mÅ te tauhou, utauta
â­•ï¸	o, porohita, porohita rahi taumaha
âœ…	taki, tohu, tohu taki mÄ taumaha
â˜‘ï¸	pouaka, pouaka pÅti whai taki, pÅti, taki
âœ”ï¸	taki, tohu, tohu taki taumaha
âŒ	tohu, tohu whiri, whakakore, whakarea, whakareatanga, x
â	pÄtene tohu whiri, tapawhÄ, tohu
â°	hÅ«menge, koromeke, koromeke hÅ«menge
â¿	hÅ«menge, koromeke, koromeke hÅ«menge taurua, taurua
ã€½ï¸	tohu, tohu wÄhi whirihoa, wÄhi
âœ³ï¸	whetÅ«riki, whetÅ«riki waru-pito
âœ´ï¸	whetÅ«, whetÅ« waru-pito
â‡ï¸	korakora
Â©ï¸	manatÄrua
Â®ï¸	rÄ“hitatia
â„¢ï¸	tohu, tohu hoko, tohuhoko
ğŸ” 	ABCD, ngÄ pÅ«, pÅ«matua, ratini, tÄuru, tÄuru pÅ«matua ratini
ğŸ”¡	abcd, ngÄ pÅ«, pÅ«riki, ratini, tÄuru, tÄuru pÅ«riki ratini
ğŸ”¢	1234, ngÄ tau, tÄuru, tÄuru tau
ğŸ”£	tÄuru, tÄuru tohu, ã€’â™ª&%
ğŸ”¤	abc, ngÄ pÅ«, ratini, tÄtai reta, tÄuru, tÄuru pÅ« ratini
ğŸ…°ï¸	a, momo toto, pÄtene A (momo toto)
ğŸ†	ab, momo toto, pÄtene AB (momo toto)
ğŸ…±ï¸	b, momo toto, pÄtene B (momo toto)
ğŸ†‘	cl, pÄtene CL
ğŸ†’	pÄtene RAWE, rawe
ğŸ†“	koreutu, pÄtene KOREUTU
â„¹ï¸	i, mÅhiohio
ğŸ†”	pÄtene TT, tt, tuakiri
â“‚ï¸	M porohitatia, m, porohita
ğŸ†•	hÅu, pÄtene HÅŒU
ğŸ†–	ng, pÄtene NG
ğŸ…¾ï¸	momo toto, o, pÄtene O (momo toto)
ğŸ†—	pÄtene Ä€E, Ä€E
ğŸ…¿ï¸	pÄtene P, turanga waka
ğŸ†˜	pÄtene SOS, sos, Äwhina
ğŸ†š	ki, ki a, pÄtene VS
ğŸˆ	"i konei", HapanÄ«hi, katakana, pÄtene HapanÄ«hi "i konei", ã‚³ã‚³
ğŸˆ‚ï¸	"utu ratonga", HapanÄ«hi, katakana, pÄtene HapanÄ«hi "utu ratonga", ã‚µ
ğŸˆ·	"nuinga Ä-marama", HapanÄ«hi, pÄtene HapanÄ«hi "nuinga Ä-marama", tohuwhakairo, æœˆ
ğŸˆ¶	"ehara i te koreutu", HapanÄ«hi, pÄtene HapanÄ«hi "ehara i te koreutu", tohuwhakairo, æœ‰
ğŸˆ¯	"rÄhuitia", HapanÄ«hi, pÄtene HapanÄ«hi "rÄhuitia", tohuwhakairo, æŒ‡
ğŸ‰	"utu ngÄwari", HapanÄ«hi, pÄtene HapanÄ«hi "utu ngÄwari", tohuwhakairo, å¾—
ğŸˆ¹	"kua whakaheke", HapanÄ«hi, pÄtene HapanÄ«hi "kua whakaheke", tohuwhakairo, å‰²
ğŸˆš	"kÄore he utu", HapanÄ«hi, pÄtene HapanÄ«hi "kÄore he utu", tohuwhakairo, ç„¡
ğŸˆ²	"kua whakakore", HapanÄ«hi, pÄtene HapanÄ«hi "kua whakakore", tohuwhakairo, ç¦
ğŸ‰‘	"ka whakaaetia", HapanÄ«hi, pÄtene HapanÄ«hi "ka whakaaetia", tohuwhakairo, å¯
ğŸˆ¸	"taupÄnga", HapanÄ«hi, pÄtene HapanÄ«hi "taupÄnga", tohuwhakairo, ç”³
ğŸˆ´	"whiwhinga pÄhi", HapanÄ«hi, pÄtene HapanÄ«hi "whiwhinga pÄhi", tohuwhakairo, åˆ
ğŸˆ³	"wÄteatanga", HapanÄ«hi, pÄtene HapanÄ«hi "wÄteatanga", tohuwhakairo, ç©º
ãŠ—ï¸	"tau kÄ“", HapanÄ«hi, pÄtene HapanÄ«hi "tau kÄ“", tohuwhakairo, ç¥
ãŠ™ï¸	"pirikoko", HapanÄ«hi, pÄtene HapanÄ«hi "pirikoko", tohuwhakairo, ç§˜
ğŸˆº	"tuwhera mÅ te pakihi", HapanÄ«hi, pÄtene HapanÄ«hi "tuwhera mÅ te pakihi", tohuwhakairo, å–¶
ğŸˆµ	"kore wÄteatanga", HapanÄ«hi, pÄtene HapanÄ«hi "kore wÄteatanga", tohuwhakairo, æº€
ğŸ”´	porohita, porohita whero, whero, Ähuahanga
ğŸ”µ	kikorangi, porohita, porohita kikorangi, Ähuahanga
âš«ï¸	porohita, porohita pango, Ähuahanga
âšªï¸	porohita, porohita mÄ, Ähuahanga
â¬›ï¸	tapawhÄ rite, tapawhÄ rite pango rahi, Ähuahanga
â¬œï¸	tapawhÄ rite, tapawhÄ rite mÄ rahi, Ähuahanga
â—¼ï¸	tapawhÄ rite, tapawhÄ rite pango waenga, Ähuahanga
â—»ï¸	tapawhÄ rite, tapawhÄ rite mÄ waenga, Ähuahanga
â—¾ï¸	tapawhÄ rite, tapawhÄ rite pango waenga-iti, Ähuahanga
â—½ï¸	tapawhÄ rite, tapawhÄ rite mÄ waenga-iti, Ähuahanga
â–ªï¸	tapawhÄ rite, tapawhÄ rite pango iti, Ähuahanga
â–«ï¸	tapawhÄ rite, tapawhÄ rite mÄ iti, Ähuahanga
ğŸ”¶	karaka, taimana, taimana karaka rahi, Ähuahanga
ğŸ”·	kikorangi, taimana, taimana kikorangi rahi, Ähuahanga
ğŸ”¸	karaka, taimana, taimana karaka iti, Ähuahanga
ğŸ”¹	kikorangi, taimana, taimana kikorangi iti, Ähuahanga
ğŸ”º	tapatoru whero tohu ake, whero, Ähuahanga
ğŸ”»	iho, tapatoru whero tohu iho, whero, Ähuahanga
ğŸ’ 	roto, taimana, taimana whai ira, whakakata, Ähuahanga
ğŸ”˜	irirangi, pÄtene, pÄtene irirangi, Ähuahanga
ğŸ”³	pÄtene, pÄtene tapawhÄ mÄ, tapawhÄ rite, whakahuahua, Ähuahanga
ğŸ”²	pÄtene, pÄtene tapawhÄ pango, tapawhÄ rite, Ähuahanga
ğŸ	kara pÄtikitiki, pÄtikitiki, tauwhÄinga motokÄ
ğŸš©	kara tapatoru, pou
ğŸŒ	HapanÄ«hi, kara whakawhiri, whakanuinga, whakawhiri, whiri
ğŸ´	kara pango, piupiu ana
ğŸ³ï¸	kara mÄ, piupiu ana
ğŸ³â€ğŸŒˆ	kahukura, kara kahukura
Â¤	Moni TÄ“ MÅhiotia
ğŸ»	kiri Ähua, kiri Ähua mÄmÄ, momo 1â€“2
ğŸ¼	kiri Ähua, kiri Ähua mÄmÄ-waenga, momo 3
ğŸ½	kiri Ähua, kiri Ähua waenga, momo 4
ğŸ¾	kiri Ähua, kiri Ähua waenga-parauri, momo 5
ğŸ¿	kiri Ähua, kiri Ähua parauri, momo 6
