ğŸ˜€	jidÄ§aq Ä§afna, wiÄ‹Ä‹, wiÄ‹Ä‹ jidÄ§ak Ä§afna
ğŸ˜ƒ	jitbissem, miftuÄ§, wiÄ‹Ä‹, wiÄ‹Ä‹ jidÄ§aq bil-Ä§alq miftuÄ§, Ä§alq
ğŸ˜„	gÄ§ajn, jitbissem, miftuÄ§, wiÄ‹Ä‹, wiÄ‹Ä‹ jidÄ§aq bâ€™Ä§alq miftuÄ§ u gÄ§ajnejn jitbissmu, Ä§alq
ğŸ˜	gÄ§ajn, jidÄ§aq Ä§afna, jitbissem, wiÄ‹Ä‹, wiÄ‹Ä‹ jidÄ§ak Ä§afna bâ€™gÄ§ajnejn jitbissmu
ğŸ˜†	jidÄ§q, jitbissem, miftuÄ§, sodisfatti, wiÄ‹Ä‹, wiÄ‹Ä‹ jidÄ§aq bâ€™Ä§alq miftuÄ§ u gÄ§ajnejn magÄ§luqa, Ä§alq
ğŸ˜…	gÄ§araq, jitbissem, kiesaÄ§, miftuÄ§, wiÄ‹Ä‹, wiÄ‹Ä‹ jidÄ§aq bâ€™Ä§alq miftuÄ§ u gÄ§araq kiesaÄ§
ğŸ¤£	art, irrumblar, jidÄ§aq, jirrombla mal-art jidÄ§aq, wiÄ‹Ä‹
ğŸ˜‚	daÄ§q, demgÄ§a, ferÄ§, wiÄ‹Ä‹, wiÄ‹Ä‹ bi dmugÄ§ taâ€™ ferÄ§
ğŸ™‚	jitbissem, wiÄ‹Ä‹, wiÄ‹Ä‹ jitbissem ftit
ğŸ™ƒ	taâ€™ taÄ§t fuq, wiÄ‹Ä‹, wiÄ‹Ä‹ taâ€™ taÄ§t fuq
ğŸ˜‰	hemeÅ¼, wiÄ‹Ä‹, wiÄ‹Ä‹ jehmeÅ¼
ğŸ˜Š	gÄ§ajn, jitbissem, jiÄ§mar, wiÄ‹Ä‹, wiÄ‹Ä‹ jitbissem bâ€™gÄ§ajnejn jitbissmu
ğŸ˜‡	anÄ¡lu, fantasija, innoÄ‹enti, jitbissem, raÄ¡Ä¡iera, wiÄ‹Ä‹, wiÄ‹Ä‹ jitbissem bâ€™raÄ¡Ä¡iera, Ä§rafa
ğŸ˜	gÄ§ajn, imÄ§abba, jitbissem, wiÄ‹Ä‹, wiÄ‹Ä‹ jitbissem bâ€™gÄ§ajnejn bil-qlub
ğŸ¤©	gÄ§ajnejn, jitbissem, star, star-struck, wiÄ‹Ä‹
ğŸ˜˜	bewsa, wiÄ‹Ä‹, wiÄ‹Ä‹ jitfaâ€™ bewsa
ğŸ˜—	bewsa, wiÄ‹Ä‹, wiÄ‹Ä‹ ibewwes
â˜ºï¸	jitbissem, rilassat, spjegati, wiÄ‹Ä‹, wiÄ‹Ä‹ jitbissem
ğŸ˜š	bewsa, gÄ§ajn, magÄ§luqin, wiÄ‹Ä‹, wiÄ‹Ä‹ ibewwes bâ€™gÄ§ajnejn magÄ§luqin
ğŸ˜™	bewsa, gÄ§ajn, jitbissem, wiÄ‹Ä‹, wiÄ‹Ä‹ ibewwes bâ€™gÄ§ajnejn jitbissmu
ğŸ˜‹	delizzjuÅ¼, iduq, jitbissem, um, wiÄ‹Ä‹, wiÄ‹Ä‹ iduq ikel delizzjuÅ¼, yum
ğŸ˜›	ilsien, wiÄ‹Ä‹, wiÄ‹Ä‹ bâ€™ilsien barra
ğŸ˜œ	gÄ§ajn, hemÅ¼a, ilsien, wiÄ‹Ä‹, wiÄ‹Ä‹ bâ€™ilsien barra u gÄ§ajn tehmeÅ¼, Ä‹ajta
ğŸ¤ª	gÄ§ajnejn, kbar, wiÄ‹Ä‹ miÄ¡nun, Å¼gÄ§ar
ğŸ˜	gÄ§ajnejn, ilsien, orribbli, togÄ§ma, wiÄ‹Ä‹, wiÄ‹Ä‹ bâ€™ilsien barra u gÄ§ajnejn magÄ§luqin
ğŸ¤‘	flus, wiÄ‹Ä‹, wiÄ‹Ä‹ bâ€™Ä§alq tal-flus, Ä§alq
ğŸ¤—	jgÄ§annaq, qed jgÄ§annaq, wiÄ‹Ä‹, wiÄ‹Ä‹ jgÄ§annaq
ğŸ¤­	whoops, wiÄ‹Ä‹ bl-idejn fuq il-Ä§alq
ğŸ¤«	kwiet, skiet, wiÄ‹Ä‹ qed isikket
ğŸ¤”	wiÄ‹Ä‹, wiÄ‹Ä‹ Ä§osbien, Ä§osbien
ğŸ¤	wiÄ‹Ä‹, wiÄ‹Ä‹ bâ€™Ä§alq bâ€™Å¼ipp, Ä§alq, Å¼ipp
ğŸ¤¨	nuqqas taâ€™ fiduÄ‹ja, wiÄ‹Ä‹ bâ€™Ä§uÄ¡bejn imtellaâ€™, xettiku
ğŸ˜ï¸	mingÄ§ajr emozzjoni, newtrali, wiÄ‹Ä‹, wiÄ‹Ä‹ newtrali
ğŸ˜‘	mingÄ§ajr espressjoni, mâ€™gÄ§andux espressjoni, nieqes minn espressjoni, wiÄ‹Ä‹, wiÄ‹Ä‹ mingÄ§ajr espressjoni
ğŸ˜¶	kwieta, siekta, wiÄ‹Ä‹, wiÄ‹Ä‹ mingÄ§ajr Ä§alq, Ä§alq
ğŸ˜	jitkerraÄ§, wiÄ‹Ä‹, wiÄ‹Ä‹ jitkerraÄ§
ğŸ˜’	mhux ferrieÄ§i, mhux kuntent, wiÄ‹Ä‹, wiÄ‹Ä‹ mhux ferrieÄ§i
ğŸ™„	gÄ§ajnejn, iduru, wiÄ‹Ä‹, wiÄ‹Ä‹ bâ€™gÄ§ajnejn iduru
ğŸ˜¬	jistmerraÄ§, wiÄ‹Ä‹, wiÄ‹Ä‹ jistmerraÄ§
ğŸ¤¥	jigdeb, pinocchio, wiÄ‹Ä‹, wiÄ‹Ä‹ jigdeb
ğŸ˜Œ	sollevat, wiÄ‹Ä‹, wiÄ‹Ä‹ sollevat
ğŸ˜”	imÄ§asseb, skoraÄ¡Ä¡ut, wiÄ‹Ä‹, wiÄ‹Ä‹ imÄ§asseb
ğŸ˜ª	rieqed, wiÄ‹Ä‹, wiÄ‹Ä‹ bi ngÄ§as
ğŸ¤¤	ibeÅ¼laq, wiÄ‹Ä‹, wiÄ‹Ä‹ ibeÅ¼laq
ğŸ˜´	rieqed, wiÄ‹Ä‹, wiÄ‹Ä‹ rieqed, Å¼Å¼Å¼
ğŸ˜·	kiesaÄ§, maskra, mediÄ‹ina, morda, tabib, wiÄ‹Ä‹, wiÄ‹Ä‹ bil-maskra medika
ğŸ¤’	marid, morda, termometru, wiÄ‹Ä‹, wiÄ‹Ä‹ bâ€™termometru
ğŸ¤•	faxxa, muÄ¡ugÄ§, wiÄ‹Ä‹, wiÄ‹Ä‹ bâ€™faxxa mar-ras, Ä§sara
ğŸ¤¢	jirremetti, vomtu, wiÄ‹Ä‹, wiÄ‹Ä‹ jirremetti
ğŸ¤®	mard, remettar, wiÄ‹Ä‹ qed jirremetti
ğŸ¤§	gesundheit, gÄ§atsa, wiÄ‹Ä‹, wiÄ‹Ä‹ jagÄ§tas
ğŸ˜µ	sturdut, wiÄ‹Ä‹, wiÄ‹Ä‹ sturdut
ğŸ¤¯	maÄ§sud, ras tisplodi
ğŸ¤ 	cowboy, cowgirl, kappell, wiÄ‹Ä‹, wiÄ‹Ä‹ bâ€™kappell tal-cowboys
ğŸ˜	gÄ§ajn, imdawwal, jitbissem, modern, nuÄ‹Ä‹ali, nuÄ‹Ä‹ali tax-xemx, nuÄ‹Ä‹alijiet, wiÄ‹Ä‹, wiÄ‹Ä‹ jitbissem bâ€™nuÄ‹Ä‹ali tax-xemx, xemx
ğŸ¤“	nerd, stramb, wiÄ‹Ä‹, wiÄ‹Ä‹ nerd
ğŸ§	bla arja, wiÄ‹Ä‹ bil-monokolu
ğŸ˜•	konfuÅ¼, wiÄ‹Ä‹, wiÄ‹Ä‹ konfuÅ¼
ğŸ˜Ÿ	inkwetat, wiÄ‹Ä‹, wiÄ‹Ä‹ inkwetat
ğŸ™	imkemmex, wiÄ‹Ä‹, wiÄ‹Ä‹ imkemmex ftit
â˜¹ï¸	imkemmex, wiÄ‹Ä‹, wiÄ‹Ä‹ imkemmex
ğŸ˜®	miftuÄ§, simpatiku, wiÄ‹Ä‹, wiÄ‹Ä‹ bâ€™Ä§alq miftuÄ§, Ä§alq
ğŸ˜¯	imsikket, sorpriÅ¼, stordut, wiÄ‹Ä‹, wiÄ‹Ä‹ imsikket
ğŸ˜²	ixxokkjat, skantat, totalment, wiÄ‹Ä‹, wiÄ‹Ä‹ skantat
ğŸ˜³	ruxxan, sturdut, wiÄ‹Ä‹, wiÄ‹Ä‹ ruxxan
ğŸ˜¦	imkemmex, tiftaÄ§, wiÄ‹Ä‹, wiÄ‹Ä‹ imkemmex bâ€™Ä§alq miftuÄ§, Ä§alq
ğŸ˜§	imdejjaq Ä§afna, wiÄ‹Ä‹, wiÄ‹Ä‹ imdejjaq Ä§afna
ğŸ˜¨	biÅ¼aâ€™, imbeÅ¼Å¼aâ€™, tal-biÅ¼aâ€™, wiÄ‹Ä‹, wiÄ‹Ä‹ imbeÅ¼Å¼aâ€™
ğŸ˜°	blu, gÄ§araq, kiesaÄ§, mgÄ§aÄ¡Ä¡el, miftuÄ§, wiÄ‹Ä‹, wiÄ‹Ä‹ bâ€™Ä§alq miftuÄ§ u gÄ§araq kiesaÄ§, Ä§alq
ğŸ˜¥	diÅ¼appuntat, gÄ§all-erwieÄ§, sollevat, wiÄ‹Ä‹, wiÄ‹Ä‹ diÅ¼appuntat iÅ¼da sollevat
ğŸ˜¢	dmugÄ§, imdejjaq, jibki, wiÄ‹Ä‹, wiÄ‹Ä‹ jibki
ğŸ˜­	dmugÄ§, imdejjaq, jibki, jolfoq, wiÄ‹Ä‹, wiÄ‹Ä‹ jibki jgÄ§ajjat
ğŸ˜±	biÅ¼aâ€™, gÄ§omod, imbeÅ¼Å¼aâ€™, tal-biÅ¼aâ€™, werÅ¼aq, wiÄ‹Ä‹, wiÄ‹Ä‹ iwerÅ¼aq bil-biÅ¼aâ€™
ğŸ˜–	imÄ§awwad, wiÄ‹Ä‹, wiÄ‹Ä‹ imÄ§awwad
ğŸ˜£	perseveranti, wiÄ‹Ä‹, wiÄ‹Ä‹ perseveranti
ğŸ˜	diÅ¼appuntat, wiÄ‹Ä‹, wiÄ‹Ä‹ diÅ¼appuntat
ğŸ˜“	gÄ§araq, kiesaÄ§, wiÄ‹Ä‹, wiÄ‹Ä‹ bâ€™gÄ§araq kiesaÄ§
ğŸ˜©	gÄ§ajjien, gÄ§eja, wiÄ‹Ä‹, wiÄ‹Ä‹ mimli gÄ§eja
ğŸ˜«	gÄ§ajjien, wiÄ‹Ä‹, wiÄ‹Ä‹ gÄ§ajjien
ğŸ˜¤	rebaÄ§, rebbieÄ§, wiÄ‹Ä‹, wiÄ‹Ä‹ bid-duÄ§Ä§an Ä§iereÄ¡ mill-imnieÄ§er
ğŸ˜¡	aÄ§mar, irrabjat, irrabjat Ä§afna, rabja kbira, sporÄ¡a xofftejh, wiÄ‹Ä‹, wiÄ‹Ä‹ jisporÄ¡i x-xofftejn
ğŸ˜ 	irrabjat, irrabjat Ä§afna, wiÄ‹Ä‹, wiÄ‹Ä‹ irrabjat
ğŸ¤¬	dagÄ§a, wiÄ‹Ä‹ bis-simboli fuq il-Ä§alq
ğŸ˜ˆ	fantasija, qrun, tbissem, wiÄ‹Ä‹, wiÄ‹Ä‹ jitbissem bil-qrun, Ä§rafa
ğŸ‘¿	dimonju, fantasija, gÄ§afrit, wiÄ‹Ä‹, wiÄ‹Ä‹ irrabjat bil-qrun, xitan, Ä§rafa
ğŸ’€	kranju, mewt, mostru, wiÄ‹Ä‹, Ä§rafa
â˜ ï¸	crossbones, kranju, kranju u crossbones, mewt, mostru, wiÄ‹Ä‹
ğŸ’©	demel, komiku, mostru, munzell Ä§mieÄ¡, purgar, wiÄ‹Ä‹, Ä§mieÄ¡
ğŸ¤¡	buffu, wiÄ‹Ä‹, wiÄ‹Ä‹ taâ€™ buffu
ğŸ‘¹	fantasija, kreatura, mostru, orku, wiÄ‹Ä‹, Ä§rafa
ğŸ‘º	fantasija, goblin, kreatura, mostru, wiÄ‹Ä‹, Ä§rafa
ğŸ‘»	fantasija, fatat, kreatura, mostru, wiÄ‹Ä‹, Ä§rafa
ğŸ‘½ï¸	UFO, aljen, extraterrestrijali, fantasija, kreatura, mostru, wiÄ‹Ä‹, Ä§rafa
ğŸ‘¾	UFO, aljen, extraterrestrijali, fantasija, mostru, mostru aljen, wiÄ‹Ä‹, Ä§rafa
ğŸ¤–	mostru, robot, wiÄ‹Ä‹, wiÄ‹Ä‹ taâ€™ robot
ğŸ˜º	jitbissem, miftuÄ§, qattus, wiÄ‹Ä‹, wiÄ‹Ä‹ taâ€™ qattus jitbissem bâ€™Ä§alq miftuÄ§, Ä§alq
ğŸ˜¸	gÄ§ajn, jidÄ§aq, jitbissem, qattus, wiÄ‹Ä‹, wiÄ‹Ä‹ taâ€™ qattus jidÄ§ak Ä§afna bâ€™gÄ§ajnejn jitbissmu
ğŸ˜¹	dmugÄ§, kant, qattus, wiÄ‹Ä‹, wiÄ‹Ä‹ taâ€™ qattus bi dmugÄ§ taâ€™ ferÄ§
ğŸ˜»	gÄ§ajn, imÄ§abba, jitbissem, qattus, wiÄ‹Ä‹, wiÄ‹Ä‹ taâ€™ qattus jitbissem bâ€™gÄ§ajnejn bil-qlub
ğŸ˜¼	imqarras, ironiku, jitbissem, qattus, wiÄ‹Ä‹, wiÄ‹Ä‹ taâ€™ qattus bi tbissima mqarrsa
ğŸ˜½	bewsa, gÄ§ajn, qattus, wiÄ‹Ä‹, wiÄ‹Ä‹ taâ€™ qattus ibewwes bâ€™gÄ§ajnejn magÄ§luqin
ğŸ™€	gÄ§ajjien, mistgÄ§aÄ¡eb, oh, qattus, wiÄ‹Ä‹, wiÄ‹Ä‹ taâ€™ qattus gÄ§ajjien
ğŸ˜¿	dmugÄ§, imdejjaq, jibki, qattus, wiÄ‹Ä‹, wiÄ‹Ä‹ taâ€™ qattus jibki
ğŸ˜¾	jisporÄ¡i x-xofftejn, qattus, wiÄ‹Ä‹, wiÄ‹Ä‹ taâ€™ qattus jisporÄ¡i x-xofftejn
ğŸ™ˆ	ara, ma, mhux, pprojbit, pprojbiti, wiÄ‹Ä‹, xadina, xadina li ma tara ebda Ä§aÅ¼en, Ä¡esti, Ä§aÅ¼en
ğŸ™‰	ismaâ€™, ma, mhux, pprojbit, pprojbiti, wiÄ‹Ä‹, xadina, xadina li ma tismaâ€™ ebda Ä§aÅ¼en, Ä¡esti, Ä§aÅ¼en
ğŸ™Š	ma, mhux, pprojbit, pprojbiti, tkellem, wiÄ‹Ä‹, xadina, xadina li ma titkellem ebda Ä§aÅ¼en, Ä¡esti, Ä§aÅ¼en
ğŸ’‹	bews, marka taâ€™ bewsa, xofftejn
ğŸ’Œ	imÄ§abba, ittra, ittra taâ€™ mÄ§abba, posta, qalb
ğŸ’˜	kupidu, qalb bi vleÄ¡Ä¡a, vleÄ¡Ä¡a
ğŸ’	qalb bâ€™Ä‹off, valentinu, Å¼igarella
ğŸ’–	eÄ‹Ä‹itat, qalb tfexfex, tfexfex
ğŸ’—	eÄ‹Ä‹itat, nervuÅ¼a, polz, qalb tikber, tkabbir
ğŸ’“	qalb tÄ§abbat, taÄ§bita tal-qalb, tÄ§abbat
ğŸ’	iduru, qlub iduru
ğŸ’•	imÄ§abba, Å¼ewÄ¡t iqlub
ğŸ’Ÿ	dekorazzjoni taâ€™ qalb, qalb
â£ï¸	esklamazzjoni, esklamazzjoni taâ€™ qalb miÄ¡ugÄ§a, marka, punteÄ¡Ä¡jatura
ğŸ’”	kisser, maqsuma, qalb maqsuma
â¤ï¸	qalb, qalb Ä§amra
ğŸ§¡	oranÄ¡jo, qalb oranÄ¡jo
ğŸ’›	isfar, qalb safra
ğŸ’š	aÄ§dar, qalb Ä§adra
ğŸ’™	blu, qalb blu
ğŸ’œ	qalb vjola, vjola
ğŸ–¤	iswed, qalb sewda, Ä§aÅ¼en, Ä§aÅ¼in
ğŸ’¯	100, mija, mitt punt, punteÄ¡Ä¡, sÄ§iÄ§
ğŸ’¢	irrabjat, irrabjat Ä§afna, komiku, simbolu taâ€™ rabja
ğŸ’¥	boom, komiku, Ä§abta
ğŸ’«	kewkba, komiku, stordut
ğŸ’¦	gÄ§araq, komiku, qed itajjar, qtar tal-gÄ§araq
ğŸ’¨	jaÄ§rab â€™l hemm, komiku, qed jiÄ¡ri, sing
ğŸ•³ï¸	toqba
ğŸ’£ï¸	bomba, komiku
ğŸ’¬	buzzieqa, buÅ¼Å¼ieqa, buÅ¼Å¼ieqa tad-diskors, djalogu, komik, taÄ§dit
ğŸ‘â€ğŸ—¨	buÅ¼Å¼ieqa tad-diskors, gÄ§ajn, gÄ§ajnejn fâ€™buÅ¼Å¼ieqa tad-diskors, xhud
ğŸ—¨ï¸	buÅ¼Å¼ieqa tad-diskors fuq ix-xellug, diskors, djalogu
ğŸ—¯ï¸	buzzieqa, buÅ¼Å¼ieqa, buÅ¼Å¼ieqa taâ€™ rabja fuq il-lemin, irrabjat, irrabjat Ä§afna
ğŸ’­	buÅ¼Å¼ieqa, buÅ¼Å¼ieqa tal-Ä§sibijiet, djalogu, komiku, taÄ§dit
ğŸ’¤	irqad, komiku, zzz
ğŸ‘‹	id, id ixxejjer, qed ixejjer, xejjer
ğŸ¤š	id minn wara, id minn wara mgÄ§ollija, mgÄ§ollija
ğŸ–ï¸	id, id mgÄ§ollija bl-iswabaâ€™ mfettÄ§a, mfettÄ§a, subaâ€™
âœ‹	id, id mgÄ§ollija
ğŸ––	id, salut taâ€™ vulcan, spock, subaâ€™, vulcan
ğŸ‘Œ	OK, id, id OK
âœŒï¸	id, id tar-rebÄ§a, rebÄ§a, v
ğŸ¤	bl-idejn, inkroÄ‹ja, subgÄ§a, swaba nkroÄ‹jati, xorti
ğŸ¤Ÿ	ILY, id, Ä¡est taâ€™ mÄ§abba
ğŸ¤˜	id, qrun, rock-on, sinjal tal-qrun, subaâ€™
ğŸ¤™	id, id Ä‹empilli, sejÄ§a
ğŸ‘ˆï¸	bâ€™lura, idejn, indiÄ‹i, indiÄ‹i bâ€™lura iipponta lejn ix-xellug, punt, subaâ€™
ğŸ‘‰ï¸	bâ€™lura, idejn, indiÄ‹i, indiÄ‹i bâ€™lura li jipponta lejn il-lemin, punt, subaâ€™
ğŸ‘†ï¸	id, indiÄ‹, indiÄ‹i bâ€™lura, indiÄ‹i bâ€™lura li jipponta â€™l fuq, ipponta, subaâ€™, â€™l fuq
ğŸ–•	id, subaâ€™, subaâ€™ tan-nofs
ğŸ‘‡ï¸	id, indiÄ‹i, indiÄ‹i bâ€™lura, indiÄ‹i bâ€™lura li jipponta â€™l isfel, punt, subaâ€™, â€™l isfel
â˜ï¸	id, indiÄ‹i, indiÄ‹i li jipponta â€™l fuq, ipponta, subaâ€™, â€™l fuq
ğŸ‘ï¸	+1, behem, behem â€™il fuq, id, â€™il fuq
ğŸ‘ï¸	-1, behem, behem â€™l isfel, id, â€™l isfel
âœŠ	daqqa taâ€™ ponn, id, ponn, ponn mgÄ§olli, Ä§afen
ğŸ‘Š	daqqa taâ€™ ponn, id, ponn, ponn dieÄ§el, Ä§afen
ğŸ¤›	l-ewwel, lejn ix-xellug, ponn iÄ§ares lejn ix-xellug
ğŸ¤œ	l-ewwel, lejn il-lemin, ponn iÄ§ares lemin
ğŸ‘	id, idejn iÄ‹apÄ‹pu, Ä‹apÄ‹ap
ğŸ™Œ	bl-idejn, hooray, idejn mgÄ§ollija, mgÄ§ollija, Ä‹elebrazzjoni, Ä¡esti
ğŸ‘	id, idejn miftuÄ§a, miftuÄ§a
ğŸ¤²	pali tal-idejn flimkien, talb
ğŸ¤	bâ€™idejn, ftehim, handshake, laqgÄ§a, Ä§u, Ä§u bl-idejn
ğŸ™	Staqsi, bl-idejn, grazzi, idejn magÄ§luqa, inkina, jekk jogÄ§Ä¡bok, jitolbu, magÄ§luqa, Ä¡esti
âœï¸	id, id li tikteb biha, tikteb
ğŸ’…	dwiefer, kosmetiÄ‹i, kura, manicure, nail polish, polish
ğŸ¤³	kamera, stessu, telefown
ğŸ’ª	biceps, biceps bil-muskoli, flex, komiku, muskoli
ğŸ‘‚ï¸	widna, Ä¡isem
ğŸ‘ƒ	imnieÄ§er, Ä¡isem
ğŸ§ 	intelliÄ¡enti, moÄ§Ä§
ğŸ‘€	gÄ§ajn, gÄ§ajnejn, wiÄ‹Ä‹
ğŸ‘ï¸	gÄ§ajn
ğŸ‘…	ilsien
ğŸ‘„	xufftejn, Ä§alq
ğŸ‘¶	tarbija
ğŸ§’	newtrali fil-Ä¡eneru, tfal, Å¼gÄ§aÅ¼agÄ§
ğŸ‘¦	tifel, Å¼agÄ§Å¼ugÄ§
ğŸ‘§	Virgo, tifla, Å¼gÄ§aÅ¼agÄ§, Å¼odjaku
ğŸ§‘	adult, newtrali fil-Ä¡eneru
ğŸ‘±	persuna bâ€™xagÄ§ar isfar, xagÄ§ara isfar
ğŸ‘¨	raÄ¡el
ğŸ§”	baffi, persuna bil-baffi
ğŸ‘±â€â™‚	raÄ¡el, raÄ¡el bâ€™xagÄ§ar isfar, xagÄ§ar isfar
ğŸ‘©	mara
ğŸ‘±â€â™€	mara, mara bâ€™xagÄ§ar isfar, xagÄ§ar isfar
ğŸ§“	adulti anzjan, anzjan, newtrali fil-Ä¡eneru
ğŸ‘´	raÄ¡el, raÄ¡el xiÄ§, xiÄ§
ğŸ‘µ	mara, mara xiÄ§a, xiÄ§a
ğŸ™	persuna titkerrah, titkerrah, Ä¡esti
ğŸ™â€â™‚	jitkerrah, raÄ¡el, raÄ¡el jitkerrah, Ä¡esti
ğŸ™â€â™€	mara, mara titkerrah, titkerrah, Ä¡esti
ğŸ™	jisporÄ¡i x-xofftejn, persuna tisporÄ¡i x-xofftejn, Ä¡esti
ğŸ™â€â™‚	jisporÄ¡i x-xofftejn, raÄ¡el, raÄ¡el jisporÄ¡i x-xofftejn, Ä¡esti
ğŸ™â€â™€	mara, mara tisporÄ¡i x-xofftejn, tisporÄ¡i x-xofftejn, Ä¡esti
ğŸ™…	bl-idejn, ma, mhux, persuna tagÄ§mel sinjal taâ€™ LE, pprojbiti, projbit, Ä¡esti
ğŸ™…â€â™‚	bl-idejn, mhux, pprojbiti, projbit, raÄ¡el, raÄ¡el jagÄ§mel sinjal taâ€™ LE, Ä¡esti
ğŸ™…â€â™€	bl-idejn, mara, mara tagÄ§mel sinjal taâ€™ LE, mhux, pprojbiti, projbit, Ä¡esti
ğŸ™†	OK, bl-idejn, persuna tagÄ§mel sinjal taâ€™ OK, Ä¡esti
ğŸ™†â€â™‚	OK, bl-idejn, raÄ¡el, raÄ¡el jagÄ§mel sinjal taâ€™ OK, Ä¡esti
ğŸ™†â€â™€	OK, bl-idejn, mara, mara tagÄ§mel sinjal taâ€™ OK, Ä¡esti
ğŸ’	gÄ§ajnuna, idha, l-informazzjoni, persuna tbaxxi idha, tbaxxi, tost
ğŸ’â€â™‚	raÄ¡el, raÄ¡el ibaxxi idejh, tbaxxija tal-idejn, tost
ğŸ’â€â™€	mara, mara tbaxxi idha, tbaxxija tal-idejn, tost
ğŸ™‹	bl-idejn, gÄ§olli, kuntentizza, persuna tgÄ§olli idha, Ä¡esti
ğŸ™‹â€â™‚	jgÄ§olli l-idejn, raÄ¡el, raÄ¡el jgÄ§olli idejh, Ä¡esti
ğŸ™‹â€â™€	gÄ§olli l-idejn, mara, mara tgÄ§olli idha, Ä¡esti
ğŸ™‡	apoloÄ¡ija, inkina, jiddispjaÄ‹ina, persuna tinkina, Ä¡esti
ğŸ™‡â€â™‚	apoloÄ¡ija, favur, inkina, jiddispjaÄ‹ih, raÄ¡el jikina, reÄ¡el, Ä¡esti
ğŸ™‡â€â™€	apoloÄ¡ija, favur, inkina, jiddispjaÄ‹ih, mara, mara tikina, Ä¡esti
ğŸ¤¦	eÅ¼asperazzjoni, ma jitwemminx, pala, persuna tagÄ§mel facepalm, wiÄ‹Ä‹
ğŸ¤¦â€â™‚	eÅ¼asperazzjoni, facepalm, ma jitwemminx, raÄ¡el, raÄ¡el jagÄ§mel facepalming
ğŸ¤¦â€â™€	eÅ¼asperazzjoni, facepalm, ma jitwemminx, mara, mara tagÄ§mel facepalming
ğŸ¤·	dubju, indifferenza, injoranza, persuna xxengel spallejha, xengel spallejn
ğŸ¤·â€â™‚	dubju, gÄ§olli spallejn, indifferenzi, injoranza, raÄ¡el, raÄ¡el ixengel spallejh
ğŸ¤·â€â™€	dubju, gÄ§olli spallejn, indifferenzi, injoranza, mara, mara xxengel spallejha
ğŸ‘¨â€âš•	bniedem, infermiera, kura tas-saÄ§Ä§a, tabib, terapista, Ä§addiem fil-kura tal-bniedem
ğŸ‘©â€âš•	infermiera, kura tas-saÄ§Ä§a, mara, mara fil-kura tas-saÄ§Ä§a, tabib, terapista
ğŸ‘¨â€ğŸ“	gradwat, raÄ¡el, student, student maskil
ğŸ‘©â€ğŸ“	gradwat, mara, student, student femminil
ğŸ‘¨â€ğŸ«	gÄ§alliem, professur, raÄ¡el
ğŸ‘©â€ğŸ«	gÄ§alliem, gÄ§alliema, mara, professur
ğŸ‘¨â€âš–	imÄ§allef maskil, miÅ¼ien, raÄ¡el, Ä¡ustizzja
ğŸ‘©â€âš–	imÄ§allef, imÄ§allef mara, mara, miÅ¼ien
ğŸ‘¨â€ğŸŒ¾	bidwi, bidwi maskil, raÄ¡el, raÄ§Ä§al, Ä¡ardinar
ğŸ‘©â€ğŸŒ¾	bidwi, bidwi femminil, mara, raÄ§Ä§al, Ä¡ardinar
ğŸ‘¨â€ğŸ³	chef, kok, kok maskil, raÄ¡el
ğŸ‘©â€ğŸ³	chef, kok, kok femminil, mara
ğŸ‘¨â€ğŸ”§	electrician, mekkanik, mekkanik maskili, plumber, raÄ¡el, Ä§addiem tas-sengÄ§a
ğŸ‘©â€ğŸ”§	electrician, mara, mekkanik, mekkanik mara, plumber, Ä§addiem tas-sengÄ§a
ğŸ‘¨â€ğŸ­	assemblaÄ¡Ä¡, fabbrika, industrijali, raÄ¡el, Ä§addiem, Ä§addiem tal-fabbrika
ğŸ‘©â€ğŸ­	assemblaÄ¡Ä¡, fabbrika, industrijali, mara, Ä§addiem, Ä§addiema tal-fabbrika
ğŸ‘¨â€ğŸ’¼	maniÄ¡er, negozju, perit, raÄ¡el, raÄ¡el jaÄ§dem fâ€™uffiÄ‹Ä‹ju, uffiÄ‹Ä‹ju, Ä§addiema professjonali
ğŸ‘©â€ğŸ’¼	maniÄ¡er, mara, mara taÄ§dem fâ€™uffiÄ‹Ä‹ju, negozju, perit, uffiÄ‹Ä‹ju, Ä§addiema professjonali
ğŸ‘¨â€ğŸ”¬	bijologu, fiÅ¼iÄ‹ist, inÄ¡iniera, matematiku, raÄ¡el, spiÅ¼jar, xjenzat, xjenzat maskili
ğŸ‘©â€ğŸ”¬	bijologu, fiÅ¼iÄ‹ist, inÄ¡inier, mara, matematiku, spiÅ¼jar, xjenzat, xjenzata mara
ğŸ‘¨â€ğŸ’»	inventur, kodifikatur, raÄ¡el, softwer, teknoloÄ¡ist, teknoloÄ¡ist maskili, Å¼viluppatur
ğŸ‘©â€ğŸ’»	coder, inventur, mara, softwer, teknoloÄ¡ist, teknoloÄ¡ist femminili, Å¼viluppatur
ğŸ‘¨â€ğŸ¤	attur, entertainer, kantant, kantant maskili, raÄ¡el, rock, star
ğŸ‘©â€ğŸ¤	attur, entertainer, kantant, katant femminil, mara, rock, star
ğŸ‘¨â€ğŸ¨	artist, artist maskili, paletta, raÄ¡el
ğŸ‘©â€ğŸ¨	artist, artist femminil, mara, tavlozza
ğŸ‘¨â€âœˆ	ajruplan, pilota, pilota tal-bniedem, raÄ¡el
ğŸ‘©â€âœˆ	ajruplan, mara, pilota, pilota mara
ğŸ‘¨â€ğŸš€	astronawt, astronawt maskil, raÄ¡el, rokit
ğŸ‘©â€ğŸš€	astronawt, astronawta mara, mara, rokit
ğŸ‘¨â€ğŸš’	raÄ¡el, vettura tat-tifi tan-nar, Ä§addiem tat-tifi tan-nar, Ä§addiem tat-tifi tan-nar maskil
ğŸ‘©â€ğŸš’	mara, vettura tat-tifi tan-nar, Ä§addiem tat-tifi tan-nar, Ä§addiem tat-tifi tan-nar femminil
ğŸ‘®	pulizija, tal-pulizija, uffiÄ‹jal, uffiÄ‹jal tal-pulizija
ğŸ‘®â€â™‚	pulizija, raÄ¡el, tal-pulizija, uffiÄ‹jal, uffiÄ‹jal tal-pulizija raÄ¡el
ğŸ‘®â€â™€	mara, pulizija, tal-pulizija, uffiÄ‹jal, uffiÄ‹jal tal-pulizija mara
ğŸ•µï¸	ditektiv, spija
ğŸ•µâ€â™‚	ditektiv, ditektiv raÄ¡el, raÄ¡el, spija
ğŸ•µâ€â™€	ditektiv, ditektiv mara, mara, spija
ğŸ’‚	gwardjan
ğŸ’‚â€â™‚	gwardjan, gwardjan raÄ¡el, raÄ¡el
ğŸ’‚â€â™€	gwardjan, gwardjan mara, mara
ğŸ‘·	kappell, kostruzzjoni, Ä§addiem, Ä§addiem tal-kostruzzjoni
ğŸ‘·â€â™‚	kostruzzjoni, raÄ¡el, Ä§addiem, Ä§addiem tal-kostruzzjoni maskili
ğŸ‘·â€â™€	kostruzzjoni, mara, Ä§addiem, Ä§addiem tal-kostruzzjoni femminili
ğŸ¤´	prinÄ‹ep
ğŸ‘¸	fantasija, prinÄ‹ipessa, Ä§rafa
ğŸ‘³	persuna liebsa turban, turban
ğŸ‘³â€â™‚	raÄ¡el, raÄ¡el liebes turban, turban
ğŸ‘³â€â™€	mara, mara liebsa turban, turban
ğŸ‘²	gua pi mao, kappell, raÄ¡el, raÄ¡el bâ€™kappell ÄŠiniÅ¼
ğŸ§•	hijab, mantilla, mara bâ€™velu, tichel, velu
ğŸ¤µ	gÄ§arus, raÄ¡el, raÄ¡el bâ€™tuxedo, tuxedo
ğŸ‘°	gÄ§arusa, gÄ§arusa bâ€™velu, velu, Å¼wieÄ¡
ğŸ¤°	mara, mara tqila, tqila
ğŸ¤±	irdigÄ§, sider, tarbija, treddigÄ§
ğŸ‘¼	anÄ¡lu, anÄ¡lu tarbija, fantasija, tarbija, wiÄ‹Ä‹, Ä§rafa
ğŸ…	Milied, Santa Klaws, klaws, missier, santa, Ä‹elebarazzjoni
ğŸ¤¶	Is-Sinjura, Is-Sinjura Klaws, Klaws, il-Milied, omm, Ä‹elebarazzjoni
ğŸ§™	magu, saÄ§Ä§ar, saÄ§Ä§ara
ğŸ§™â€â™‚	assistent, raÄ¡el magu, saÄ§Ä§ar
ğŸ§™â€â™€	mara magu, saÄ§Ä§ar, saÄ§Ä§ara
ğŸ§š	Oberon, Puck, Titania, fatatina
ğŸ§šâ€â™‚	Oberon, Puck, fatat maskil
ğŸ§šâ€â™€	Titania, fatat femminil
ğŸ§›	Dracula, qam mil-mewt, vampira
ğŸ§›â€â™‚	Dracula, qam mil-mewt, raÄ¡el vampira
ğŸ§›â€â™€	mara vampira, qam mil-mewt
ğŸ§œ	merman, merperson, merwoman, serena
ğŸ§œâ€â™‚	Triton, merman
ğŸ§œâ€â™€	merwoman, serena
ğŸ§	gÄ§afrit, maÄ¡iku
ğŸ§â€â™‚	gÄ§afrit raÄ¡el, maÄ¡iku
ğŸ§â€â™€	gÄ§afrit mara, maÄ¡iku
ğŸ§	djinn, Ä¡enju
ğŸ§â€â™‚	djinn, Ä¡enju raÄ¡el
ğŸ§â€â™€	djinn, Ä¡enju mara
ğŸ§Ÿ	mejtin jimxu, qam mil-mewt, Å¼ombi
ğŸ§Ÿâ€â™‚	mejtin jimxu, qam mil-mewt, raÄ¡el Å¼ombi
ğŸ§Ÿâ€â™€	mara Å¼ombi, mejtin jimxu, qam mil-mewt
ğŸ’†	massaÄ¡Ä¡i, persuna tingÄ§ata massaÄ¡Ä¡, salon, wiÄ‹Ä‹
ğŸ’†â€â™‚	massaÄ¡Ä¡i, raÄ¡el, raÄ¡el jingÄ§ata massaÄ¡Ä¡, wiÄ‹Ä‹
ğŸ’†â€â™€	mara, mara tingÄ§ata massaÄ¡Ä¡, massaÄ¡Ä¡i, wiÄ‹Ä‹
ğŸ’‡	parrukkier, persuna taqtaâ€™ xagÄ§arha, qatgÄ§a xagÄ§ar, tas-sbuÄ§ija, Ä§anut
ğŸ’‡â€â™‚	qatgÄ§a xagÄ§ar, raÄ¡el, raÄ¡el jaqtaâ€™ xagÄ§aru
ğŸ’‡â€â™€	mara, mara taqtaâ€™ xagÄ§arha, qatgÄ§a xagÄ§ar
ğŸš¶	bil-mixi, mixja, persuna timxi, Ä§ajk
ğŸš¶â€â™‚	mixja, raÄ¡el, raÄ¡el miexi, Ä§ajk
ğŸš¶â€â™€	mara, mara miexja, mixja, Ä§ajk
ğŸƒ	maratona, persuna tiÄ¡ri, qed jiÄ¡ri
ğŸƒâ€â™‚	maratona, qed ittellaq, qed jiÄ¡ri, raÄ¡el, raÄ¡el qed jiÄ¡ri
ğŸƒâ€â™€	mara, mara qed tiÄ¡ri, maratona, qed ittellaq, qed tiÄ¡ri
ğŸ’ƒ	mara, mara tiÅ¼fen, tiÅ¼fen
ğŸ•º	jiÅ¼fen, raÄ¡el, raÄ¡el jiÅ¼fen
ğŸ•´ï¸	libsa, negozju, raÄ¡el, raÄ¡el jillevita bâ€™libsa taâ€™ negozju
ğŸ‘¯	jiddevertu, persuni bâ€™widnejn taâ€™ fenek jiddevertu, widnejn taâ€™ fenek, Å¼effien
ğŸ‘¯â€â™‚	jiddevertu, rÄ¡iel, rÄ¡iel bâ€™widnejn taâ€™ fenek jiddevertu, widnejn taâ€™ fenek, Å¼effien
ğŸ‘¯â€â™€	jiddevertu, nisa, nisa bâ€™widnejn taâ€™ fenek jiddevertu, widnejn taâ€™ fenek, Å¼effien
ğŸ§–	kamra tal-fwar, persuna fâ€™kamra tal-fwar, sawna
ğŸ§–â€â™‚	kamra tal-fwar, raÄ¡el fâ€™kamra tal-fwar, sawna
ğŸ§–â€â™€	kamra tal-fwar, mara fâ€™kamra tal-fwar, sawna
ğŸ§—	persuna li titlaâ€™, persuna tielaâ€™
ğŸ§—â€â™‚	persuna li titlaâ€™, raÄ¡el tielaâ€™
ğŸ§—â€â™€	mara tielaâ€™, persuna li titlaâ€™
ğŸ¤º	fencer, fencing, persuna fencing, xabla
ğŸ‡	itellaq, jockey, Å¼iemel, Å¼iemel itellaq, Å¼iemel tat-tlielaq
â›·ï¸	silÄ¡, skier, skis
ğŸ‚ï¸	silÄ¡, skis, snowboard, snowboarder
ğŸŒï¸	ballun, golf, persuna tilgÄ§ab il-golf
ğŸŒâ€â™‚	golf, raÄ¡el, raÄ¡el jilgÄ§ab il-golf
ğŸŒâ€â™€	golf, mara, mara tilgÄ§ab il-golf
ğŸ„ï¸	persuna surfing, surfing
ğŸ„â€â™‚	raÄ¡el, raÄ¡el surfing, surfing
ğŸ„â€â™€	mara, mara surfing, surfing
ğŸš£	dgÄ§ajsa, dgÄ§ajsa bil-moqdief, persuna taqdef dgÄ§ajsa
ğŸš£â€â™‚	dgÄ§ajsa, dgÄ§ajsa bil-moqdief, raÄ¡el, raÄ¡el taqdef dgÄ§ajsa
ğŸš£â€â™€	dgÄ§ajsa, dgÄ§ajsa bil-moqdief, mara, mara taqdef dgÄ§ajsa
ğŸŠï¸	gÄ§awma, persuna tgÄ§um
ğŸŠâ€â™‚	gÄ§awma, raÄ¡el, raÄ¡el jgÄ§um
ğŸŠâ€â™€	mara, mara tgÄ§um, tgÄ§um
â›¹ï¸	ballun, persuna tqabbeÅ¼ ballun
â›¹â€â™‚	ballun, raÄ¡el, raÄ¡el iqabbeÅ¼ ballun
â›¹â€â™€	ballun, mara, mara tqabbeÅ¼ ballun
ğŸ‹ï¸	irfigÄ§, jerfaâ€™, persuna terfaâ€™ l-piÅ¼, piÅ¼
ğŸ‹â€â™‚	jerfaâ€™ l-piÅ¼, raÄ¡el, raÄ¡el jerfaâ€™ l-piÅ¼ijiet
ğŸ‹â€â™€	mara, mara terfaâ€™ l-piÅ¼ijiet, terfaâ€™ l-piÅ¼
ğŸš´	persuna ssuq rota, rota, Ä‹iklist, Ä¡iri bir-rota
ğŸš´â€â™‚	raÄ¡el, raÄ¡el isuq rota, rota, Ä‹iklist, Ä¡iri bir-rota
ğŸš´â€â™€	mara, mara ssuq rota, rota, Ä‹iklist, Ä¡iri bir-rota
ğŸšµ	muntanja, persuna ssuq mountain bike, persuna ssuq rota, rota, Ä‹iklist
ğŸšµâ€â™‚	muntanja, persuna ssuq rota, raÄ¡el, raÄ¡el isuq mountain bike, rota
ğŸšµâ€â™€	mara, mara ssuq mountain bike, muntanja, persuna ssuq rota, rota, Ä‹iklist
ğŸ¤¸	gabrijola, persuna tagÄ§mel gabrijoli, Ä¡innastika
ğŸ¤¸â€â™‚	gabrijola, raÄ¡el, raÄ¡el jagÄ§mel gabrijoli, Ä¡innastika
ğŸ¤¸â€â™€	gabrijola, mara, mara tagÄ§mel gabrijoli, Ä¡innastika
ğŸ¤¼	persuna jagÄ§mlu r-wrestling, wrestle, wrestler
ğŸ¤¼â€â™‚	irÄ¡iel, irÄ¡iel jagÄ§mlu r-wrestling, wrestle
ğŸ¤¼â€â™€	nisa, nisa jagÄ§mlu r-wrestling, wrestle
ğŸ¤½	ilma, persuna tilgÄ§ab il-waterpolo, polo
ğŸ¤½â€â™‚	raÄ¡el, raÄ¡el jilgÄ§ab il-waterpolo, water polo
ğŸ¤½â€â™€	mara, mara tilgÄ§ab il-waterpolo, water polo
ğŸ¤¾	ballun, handball, persuna tilgÄ§ab il-handball
ğŸ¤¾â€â™‚	handball, raÄ¡el, raÄ¡el jilgÄ§ab il-handball
ğŸ¤¾â€â™€	handball, mara, mara tilgÄ§ab il-handball
ğŸ¤¹	bilanÄ‹, juggle, multitask, persuna tagÄ§mel il-juggling, Ä§ila
ğŸ¤¹â€â™‚	juggling, multitask, raÄ¡el, raÄ¡el jagÄ§mel il-juggling
ğŸ¤¹â€â™€	juggling, mara, mara tagÄ§mel il-juggling, multitask
ğŸ§˜	joga, meditazzjoni, persuna fil-poÅ¼izzjoni taâ€™ lotus
ğŸ§˜â€â™‚	joga, meditazzjoni, raÄ¡el fil-poÅ¼izzjoni taâ€™ lotus
ğŸ§˜â€â™€	joga, mara fil-poÅ¼izzjoni taâ€™ lotus, meditazzjoni
ğŸ›€	banju, persuna tieÄ§u banju
ğŸ›Œ	lukanda, persuna fis-sodda, rqad
ğŸ‘­	idejn, koppja, mara, Å¼ewÄ¡ nisa jÅ¼ommu jdejhom, Å¼omm
ğŸ‘«	idejn, koppja, mara, raÄ¡el, raÄ¡el u mara jÅ¼ommu jdejhom, Å¼omm
ğŸ‘¬	Gemini, idejn, koppja, raÄ¡el, tewmin, Å¼ewÄ¡t irÄ¡iel iÅ¼ommu jdejhom, Å¼odjaku, Å¼omm
ğŸ’	bewsa, koppja
ğŸ’‘	imÄ§abba, koppja, koppja bâ€™qalb
ğŸ‘ªï¸	familja
ğŸ—£ï¸	jitkellmu, ras, silwett, titkellem, titkellem ras, wiÄ‹Ä‹
ğŸ‘¤	bust, bust fâ€™silwett, silwett
ğŸ‘¥	bust, busti fâ€™silwett, silwett
ğŸ‘£	impronta, ipprintja, marki tas-saqajn, Ä§wejjeÄ¡
ğŸµ	wiÄ‹Ä‹, wiÄ‹Ä‹ taâ€™ xadina, xadina
ğŸ’	xadina
ğŸ¦	gorilla
ğŸ¶	kelb, pet, wiÄ‹Ä‹, wiÄ‹Ä‹ taâ€™ kelb
ğŸ•ï¸	kelb, pet
ğŸ©	kelb, poodle
ğŸº	lupu, wiÄ‹Ä‹, wiÄ‹Ä‹ taâ€™ lupu
ğŸ¦Š	volpi, wiÄ‹Ä‹, wiÄ‹Ä‹ taâ€™ volpi
ğŸ±	pet, qattus, wiÄ‹Ä‹, wiÄ‹Ä‹ taâ€™ qattus
ğŸˆï¸	pet, qattus
ğŸ¦	Iljun, Leo, wiÄ‹Ä‹, wiÄ‹Ä‹ taâ€™ ljun, Å¼odjaku
ğŸ¯	tigra, wiÄ‹Ä‹, wiÄ‹Ä‹ taâ€™ tigra
ğŸ…	tigra
ğŸ†	leopard
ğŸ´	wiÄ‹Ä‹, wiÄ‹Ä‹ taâ€™ Å¼iemel, Å¼iemel
ğŸ	ekwestri, tlielaq, Å¼iemel, Å¼iemel tat-tiÄ¡rija
ğŸ¦„	unikornu, wiÄ‹Ä‹, wiÄ‹Ä‹ taâ€™ unikornu
ğŸ¦“	strixxa, Å¼ebra
ğŸ¦Œ	Ä‹erva
ğŸ®	baqra, wiÄ‹Ä‹, wiÄ‹Ä‹ taâ€™ baqra
ğŸ‚	Taurus, barri, bhima, Å¼odjaku
ğŸƒ	buflu, buflu tal-ilma, ilma
ğŸ„	baqra
ğŸ·	majjal, wiÄ‹Ä‹, wiÄ‹Ä‹ taâ€™ Ä§anÅ¼ir
ğŸ–	Ä§anÅ¼ir, Ä§anÅ¼ira
ğŸ—	Ä‹ingjal, Ä§anÅ¼ir
ğŸ½	imnieÄ§er, imnieÄ§er taâ€™ Ä§anÅ¼ir, majjal, wiÄ‹Ä‹
ğŸ	Aries, maskili, muntun, nagÄ§aÄ¡, Å¼odjaku
ğŸ‘	femminil, nagÄ§aÄ¡, nagÄ§Ä¡a
ğŸ	Capricorn, mogÄ§Å¼a, Å¼odjaku
ğŸª	dromedarju, Ä¡emel, Ä§otba
ğŸ«	baktrijan, Ä¡emel, Ä¡emel bâ€™Å¼ewÄ¡ Ä§otob, Ä§otba
ğŸ¦’	tikek, Ä¡iraff
ğŸ˜	iljunfant
ğŸ¦	rinoÄ‹eronti
ğŸ­	wiÄ‹Ä‹, wiÄ‹Ä‹ taâ€™ Ä¡urdien, Ä¡urdien
ğŸ	Ä¡urdien
ğŸ€	far
ğŸ¹	pet, wiÄ‹Ä‹, wiÄ‹Ä‹ taâ€™ Ä§amster, Ä§amster
ğŸ°	fenek, pet, wiÄ‹Ä‹, wiÄ‹Ä‹ taâ€™ fenek
ğŸ‡	fenek, pet
ğŸ¿ï¸	chipmunk
ğŸ¦”	bix-xewk, qanfud
ğŸ¦‡	farfett il-lejl, vampira
ğŸ»	ors, wiÄ‹Ä‹, wiÄ‹Ä‹ taâ€™ ors
ğŸ¨	koala, ors
ğŸ¼	panda, wiÄ‹Ä‹, wiÄ‹Ä‹ taâ€™ panda
ğŸ¾	ipprintja, marki tas-saqajn taâ€™ annimal, saqajn, saqajn taâ€™ annimal
ğŸ¦ƒ	dundjan, gÄ§asfur
ğŸ”	gÄ§asfur, tiÄ¡ieÄ¡, tiÄ¡ieÄ¡a
ğŸ“	gÄ§asfur, serduk
ğŸ£	fellus, fellus qed ifaqqas, gÄ§asfur, tfaqqis, Å¼gÄ§ir
ğŸ¤	fellus, fellus Å¼gÄ§ir, gÄ§asfur, Å¼gÄ§ir
ğŸ¥	fellus, fellus Å¼gÄ§ir iÄ§ares â€™il quddiem, gÄ§asfur, Å¼gÄ§ir
ğŸ¦ï¸	gÄ§asfur
ğŸ§	gÄ§asfur, pingwin
ğŸ•Šï¸	gÄ§asfur, itir, paÄ‹i, Ä§amiema
ğŸ¦…	ajkla, gÄ§asfur
ğŸ¦†	gÄ§asfur, papra
ğŸ¦‰	gÄ§aqli, gÄ§asfur, kokka
ğŸ¸	wiÄ‹Ä‹, wiÄ‹Ä‹ taâ€™ Å¼rinÄ¡, Å¼rinÄ¡
ğŸŠ	kukkudrill
ğŸ¢	fekruna, terrapin
ğŸ¦	rettili, wiÅ¼aâ€™
ğŸ	Ophiuchus, portatur, serp, serpent, Å¼odjaku
ğŸ²	dragun, wiÄ‹Ä‹, wiÄ‹Ä‹ taâ€™ dragun, Ä§rafa
ğŸ‰	dragun, Ä§rafa
ğŸ¦•	brakkjosawru, brontosawru, diplodoku, sawropodu
ğŸ¦–	T-Rex, Tirannosawru Rex
ğŸ³	baliena, baliena tfawwar l-ilma, tfawwar, wiÄ‹Ä‹
ğŸ‹	baliena
ğŸ¬	denfil, Ä¡ewnaÄ§
ğŸŸï¸	Pisces, Ä§ut, Å¼odjaku
ğŸ 	tropikali, Ä§ut, Ä§ut tropikali
ğŸ¡	blowfish, Ä§ut
ğŸ¦ˆ	kelb il-baÄ§ar, Ä§ut
ğŸ™	qarnita
ğŸš	qoxra, qoxra spirali, spirali
ğŸŒ	bebbuxu
ğŸ¦‹	farfett, insett, sabiÄ§
ğŸ›	insett
ğŸœ	insett, nemla
ğŸ	insett, naÄ§al, Å¼unÅ¼ana
ğŸ	insett, nanna kola, Ä§anfusa
ğŸ¦—	cricket, Ä¡urat
ğŸ•·ï¸	brimba, insett
ğŸ•¸ï¸	brimba, gÄ§anqbuta
ğŸ¦‚	Scorpius, scorpio, skorpjun, Å¼odjaku
ğŸ’	bukkett, fjura
ğŸŒ¸	fjur, fjur taÄ‹-Ä‹irasa, fjuri, Ä‹irasa
ğŸ’®	fjura, fjura bajda
ğŸµï¸	pjanta, roÅ¼etta
ğŸŒ¹	fjura, warda
ğŸ¥€	fjura, fjura mitbiela, mitbiela
ğŸŒº	fjura, hibiscus
ğŸŒ»	fjura, xemx, Ä¡irasol
ğŸŒ¼	fjur, fjura
ğŸŒ·	fjura, tulipan
ğŸŒ±	Å¼erriegÄ§a, Å¼gÄ§aÅ¼agÄ§
ğŸŒ²	siÄ¡ra, siÄ¡ra tÄ§addar
ğŸŒ³	deÄ‹iduÅ¼a, iwaqqgÄ§u, siÄ¡ra, siÄ¡ra deÄ‹iduÅ¼a
ğŸŒ´	palm, siÄ¡ra, siÄ¡ra tal-palm
ğŸŒµ	kaktus, pjanta
ğŸŒ¾	gÄ§arma ross, qamÄ§, ross, widna
ğŸŒ¿	werqa, Ä§wawar
â˜˜ï¸	pjanta, xamrok
ğŸ€	4, erbaâ€™, silla, silla taâ€™ erbaâ€™ werqiet, werqa
ğŸ	aÄ¡Ä¡ru, jaqgÄ§u, werqa, werqa tal-aÄ¡Ä¡ru
ğŸ‚	jaqgÄ§u, werqa, werqa mwaqqaâ€™
ğŸƒ	onfoÄ§, riÄ§, tixxejjer, werqa, werqa tixxejjer fir-riÄ§
ğŸ‡	frott, gÄ§enba, gÄ§eneb
ğŸˆ	bettieÄ§a, frott
ğŸ‰	dulliegÄ§a, frott
ğŸŠ	frott, larinÄ¡a, mandolina
ğŸ‹	frott, lumija, Ä‹itru
ğŸŒ	banana, frott
ğŸ	ananas, frott
ğŸ	aÄ§mar, frott, tuffieÄ§a, tuffieÄ§a Ä§amra
ğŸ	aÄ§dar, frott, tuffieÄ§a, tuffieÄ§a Ä§adra
ğŸ	frott, lanÄ¡asa
ğŸ‘	frott, Ä§awÄ§a
ğŸ’	frott, Ä‹irasa
ğŸ“	berry, frawla, frott
ğŸ¥	frotta, frotta tal-kiwi, ikel, kiwi
ğŸ…	frott, tadama, Ä§axix
ğŸ¥¥	palma, piÃ±a colada, Ä¡ewÅ¼ tal-indi
ğŸ¥‘	avokado, frott, ikel
ğŸ†	brunÄ¡iel, brunÄ¡iela, Ä§axix
ğŸ¥”	ikel, patata, Ä§axix
ğŸ¥•	ikel, zunnerija, Ä§axix
ğŸŒ½	qamÄ§, qamÄ§irrum, qamÄ§irrun, widna, widna tal-qamÄ§
ğŸŒ¶ï¸	bÅ¼ar, bÅ¼ar jaÄ§raq, jaÄ§raq
ğŸ¥’	ikel, immarinat, Ä§axix, Ä§jara
ğŸ¥¦	brokkoli, kaboÄ‹Ä‹a selvaÄ¡Ä¡a
ğŸ„	faqqiegÄ§a, fungu velenuÅ¼
ğŸ¥œ	ikel, karawett, lewÅ¼, Ä§axix
ğŸŒ°	pjanta, qastan
ğŸ	Ä§obÅ¼, Ä§obÅ¼a
ğŸ¥	croissant, franÄ‹iÅ¼, ikel, panina forma taâ€™ nofs qamar, Ä§obÅ¼
ğŸ¥–	baguette, franÄ‹iÅ¼, ikel, Ä§obÅ¼, Ä§obÅ¼ baguette
ğŸ¥¨	mibruma, pretzel
ğŸ¥	crÃªpe, hotcake, ikel, pancake, pancakes
ğŸ§€	biÄ‹Ä‹a Ä¡obon, Ä¡obon
ğŸ–	gÄ§adma, laÄ§am, laÄ§am fuq l-gÄ§adma
ğŸ—	gÄ§adma, sieq, sieq taâ€™ tjur, tiÄ¡ieÄ¡a, tjur
ğŸ¥©	biÄ‹Ä‹a, biÄ‹Ä‹a laÄ§am, kustilja tal-majjal, kustilja tal-muntun, steak
ğŸ¥“	bejken, ikel, laÄ§am
ğŸ”	burger, hamburger
ğŸŸ	Ä‹ips
ğŸ•	pizza, slajs, Ä¡obon
ğŸŒ­	frankfurter, hot dog, hotdog, zalzett
ğŸ¥ª	sandwich, Ä§obÅ¼
ğŸŒ®	messikan, taco
ğŸŒ¯	burrito, messikan, wrap
ğŸ¥™	falafel, gyro, ikel, kebab, mimli, Ä§obÅ¼ Ä‹att, Ä§obÅ¼ Ä‹att mimli
ğŸ¥š	bajda, ikel
ğŸ³	bajda, borma, qali, tisjir
ğŸ¥˜	baxx, ikel, paella, pagna, taÄ¡en, taÄ¡en baxx tal-Ikel
ğŸ²	borma, borma tal-ikel, stuffat
ğŸ¥£	congee, kolazzjon, skutella bâ€™mgÄ§arfa, Ä‹ereali
ğŸ¥—	ikel, insalata, insalata Ä§adra, Ä§adra
ğŸ¿	popcorn
ğŸ¥«	ikel fil-laned, landa
ğŸ±	bento, bento box, box
ğŸ˜	craker, rice cracker, ross
ğŸ™	ballun, pulpetta tar-ross, ross, Ä appuniÅ¼
ğŸš	imsajjar, ross, ross imsajjar
ğŸ›	karÃ¬, ross, ross tal-karÃ¬
ğŸœ	bieqja, bieqja tal-fwar, fwar, noodle, ramen
ğŸ	gÄ§aÄ¡in, spagetti
ğŸ 	mixwija, patata, patata Ä§elwa mixwija, Ä§elwa
ğŸ¢	frott tal-baÄ§ar, kebab, oden, skewer, stikka
ğŸ£	sushi
ğŸ¤	gambli, gambli moqli, moqli, tempura
ğŸ¥	gÄ§aÄ¡ina, innokkla, pulpetta, pulpetta tal-Ä§ut innokklata, Ä§ut
ğŸ¡	dango, deÅ¼erta, skewer, stikka, Ä appuniÅ¼, Ä§elwa
ğŸ¥Ÿ	dumpling, empanada, gyÅza, jiaozi, pierogi, potsticker
ğŸ¥ 	fortune cookie, profezija
ğŸ¥¡	kaxxa tat-takeout, oyster pail
ğŸ¦€	Cancer, granÄ‹, Å¼odjaku
ğŸ¦	frott tal-baÄ§ar, gamblu, ikel, Å¼gÄ§ir
ğŸ¦‘	ikel, klamari, mollusk
ğŸ¦	artab, deÅ¼erta, krema, silÄ¡, Ä¡elat, Ä¡elat artab, Ä§elu
ğŸ§	deÅ¼erta, imqaxxar, silÄ¡, silÄ¡ imqaxxar, Ä§elu
ğŸ¨	deÅ¼erta, krema, silÄ¡, Ä¡elat, Ä§elu
ğŸ©	deÅ¼erta, donut, doughnut, Ä§elu
ğŸª	deÅ¼erta, gallettina, Ä§elwa
ğŸ‚	deÅ¼erta, gÄ§aÄ¡ina, gÄ§eluq is-snin, kejk, kejk taâ€™ gÄ§eluq is-snin, Ä‹elebarazzjoni, Ä§elwa
ğŸ°	deÅ¼erta, gÄ§aÄ¡ina, kejk, shortcake, slajs, Ä§elu
ğŸ¥§	gÄ§aÄ¡ina, mili, torta
ğŸ«	biÄ‹Ä‹a, biÄ‹Ä‹a Ä‹ikkulata, deÅ¼erta, Ä‹ikkulata, Ä§elwa
ğŸ¬	deÅ¼erta, Ä§elu, Ä§elwa
ğŸ­	deÅ¼erta, lolipop, Ä§elu, Ä§elwa
ğŸ®	deÅ¼erta, kastard, pudina, Ä§elwa
ğŸ¯	gÄ§asel, vaÅ¼ett, vaÅ¼ett gÄ§asel, vaÅ¼ett tal-gÄ§asel, Ä§elu
ğŸ¼	flixkun, flixkun tat-trabi, tarbija, xarba, Ä§alib
ğŸ¥›	tazza, tazza Ä§alib, xarba, Ä§alib
â˜•ï¸	fwar, kafÃ¨, sÄ§un, te, xarba, xarba sÄ§una, xorb
ğŸµ	kikkra, kikkra tat-te mingÄ§ajr manku, tazza, te, xarba
ğŸ¶	bar, flixkun, sake, tazza, xarba, xorb
ğŸ¾	bar, flixkun, flixkun bâ€™tapp tas-sufra jinfetaÄ§, jinfetaÄ§, sufra, xarba
ğŸ·	bar, inbid, tazza, tazza nbid, xarba, xorb
ğŸ¸ï¸	bar, cocktail, tazza, tazza tal-cocktails, xarba
ğŸ¹	bar, tropikali, xarba, xarba tropikali
ğŸº	bar, birra, magg, magg birra, xarba
ğŸ»	bar, birra, iÄ‹ekÄ‹ku, magg, maggijiet tal-birra jÄ‹ekÄ‹ku, xarba
ğŸ¥‚	tazza, tazzi jÄ‹ekÄ‹ku, tiÄ‹Ä‹elebra, xarba, Ä‹ekÄ‹ek
ğŸ¥ƒ	likur, shot, tazza, tazza kbira, tazza kbira tal-Ä§Ä¡ieÄ¡, whisky
ğŸ¥¤	luminata, meraq, tazza bi stro
ğŸ¥¢	chopsticks, hashi
ğŸ½ï¸	furketta, furketta u sikkina maâ€™ platt, platt, sikkina, tisjir
ğŸ´	furketta, furketta u sikkina, sikkina, tisjir
ğŸ¥„	mgÄ§arfa, oÄ¡Ä¡etti tal-mejda
ğŸ”ª	arma, gÄ§odda, hocho, sikkina, sikkina tal-kÄ‹ina, tisjir
ğŸº	Aquarius, anfora, arma, buqar, gÄ§odda, tisjir, xarba, Å¼odjaku
ğŸŒ	Afrika, dinja, globu, globu juri l-Ewropa-Afrika, l-Ewropa
ğŸŒï¸	dinja, globu, globu juri l-Ameriki, l-Ameriki
ğŸŒ	dinja, globu, globu juri l-Asja-Awstralja, l-Asja, l-Awstralja
ğŸŒ	dinja, globu, globu bil-meridjani, meridjani
ğŸ—ºï¸	dinja, mappa, mappa tad-dinjija
ğŸ—¾	mappa, mappa tal-Ä appun, Ä appun
ğŸ”ï¸	kiesaÄ§, muntanja, muntanja miksija bis-silÄ¡, silÄ¡
â›°ï¸	muntanja
ğŸŒ‹	eruzzjoni, muntanja, vulkan
ğŸ—»	fuji, muntanja, muntanja fuji
ğŸ•ï¸	kampeÄ¡Ä¡
ğŸ–ï¸	bajja, bajja bâ€™umbrella, umbrella
ğŸœï¸	deÅ¼ert
ğŸï¸	deÅ¼ert, gÅ¼ira, gÅ¼ira deÅ¼ert
ğŸï¸	park, park nazzjonali
ğŸŸï¸	stadium
ğŸ›ï¸	bini klassiku, klassiku
ğŸ—ï¸	kostruzzjoni, kostruzzjoni tal-bini
ğŸ˜ï¸	djar
ğŸšï¸	dar, dar mitluqa, mitluqa
ğŸ ï¸	binja, dar
ğŸ¡	dar, dar bil-Ä¡nien, Ä¡nien
ğŸ¢	bini, bini tal-uffiÄ‹Ä‹ju
ğŸ£	posta, uffiÄ‹Ä‹ju tal-posta Ä appuniÅ¼, Ä appuniÅ¼
ğŸ¤	Ewropea, posta, uffiÄ‹Ä‹ju tal-posta
ğŸ¥	mediÄ‹ina, sptar, tabib
ğŸ¦	bank, bini
ğŸ¨	bini, lukanda
ğŸ©	imÄ§abba, lukanda, lukanda tal-imÄ§abba
ğŸª	tal-merÄ‹a, Ä§anut, Ä§anut tal-merÄ‹a
ğŸ«	bini, skola
ğŸ¬	stabbiliment
ğŸ­ï¸	bini, fabbrika
ğŸ¯	kastell, kastell Ä appuniÅ¼, Ä appuniÅ¼
ğŸ°	Ewropew, kastell
ğŸ’’	imÄ§abba, kappella, tieÄ¡
ğŸ—¼	Tokjo, torri, torri taâ€™ Tokjo
ğŸ—½	Statwa tal-LibertÃ , libertÃ , statwa
â›ªï¸	Kristjan, knisja, reliÄ¡jon, salib
ğŸ•Œ	Islam, Musulmana, moskea, reliÄ¡jon
ğŸ•	Lhudi, reliÄ¡jon, sinagoga, tempju
â›©ï¸	maqdes, maqdes shinto, reliÄ¡jon, shinto
ğŸ•‹	Islam, Musulmana, kaaba, reliÄ¡jon
â›²ï¸	funtana
â›ºï¸	kampeÄ¡Ä¡, tinda
ğŸŒ	imÄ‹ajpar, Ä‹par
ğŸŒƒ	bil-lejl, lejl bl-istilel, stilla
ğŸ™ï¸	belt, silwett tal-belt
ğŸŒ„	filgÄ§odu, muntanja, tlugÄ§ ix-xemx, tlugÄ§ ix-xemx fuq il-muntanji, xemx
ğŸŒ…	filgÄ§odu, tlugÄ§ ix-xemx, xemx
ğŸŒ†	belt, fl-gÄ§axija, inÅ¼ul ix-xemx, pajsaÄ¡Ä¡, silwett tal-belt fi nÅ¼ul ix-xemx, xemx, Å¼erniq
ğŸŒ‡	nÅ¼ul ix-xemx, xemx, Å¼erniq
ğŸŒ‰	billejl, pont, pont billejl
â™¨ï¸	fwar, nixxigÄ§at, nixxigÄ§at sÄ§an, sÄ§un
ğŸ 	karusell, Å¼iemel, Å¼iemel tal-karusell
ğŸ¡	ferris, ferris wheel, park tad-divertiment, rota
ğŸ¢	coaster, park tad-divertiment, roller, roller coaster
ğŸ’ˆ	arblu, arblu tal-barbier, barbier, qatgÄ§a xagÄ§ar
ğŸª	tinda, tinda taÄ‹-Ä‹irklu, Ä‹irklu
ğŸš‚	ferrovija, lokomottiva, magna, tal-fwar
ğŸšƒ	elettriku, ferrovija, karozza, karozza tal-ferrovija, tramm, trolleybus
ğŸš„	ferrovija, ferrovija bâ€™velocitÃ  gÄ§olja, shinkansen, veloÄ‹itÃ 
ğŸš…	bullet, ferrovija, ferrovija bâ€™veloÄ‹itÃ  gÄ§olja bil-bullet nose, shinkansen, veloÄ‹itÃ 
ğŸš†	ferrovija
ğŸš‡ï¸	metro, subway
ğŸšˆ	ferrovija, ferrovija Ä§afifa
ğŸš‰	ferrovija, stazzjon
ğŸšŠ	tramm, trolleybus
ğŸš	monorail, vettura
ğŸš	ferrovija, ferrovija tal-muntanji, karozza, muntanja
ğŸš‹	karozza tat-tramm, karozzi, tramm, trolleybus
ğŸšŒ	vettura, xarabank
ğŸšï¸	xarabank, xarabank Ä¡ejja â€™l hawn, Ä¡ejja â€™l hawn
ğŸš	tramm, trolley, trolleybus, xarabank
ğŸš	minibus, xarabank
ğŸš‘ï¸	ambulanza, vettura
ğŸš’	magna, nar, trakk, vettura tat-tifi tan-nar
ğŸš“	karozza, karozza tal-pulizija, pulizija, ronda
ğŸš”ï¸	karozza, karozza tal-pulizija Ä¡ejja â€™l hawn, pulizija, Ä¡ejja â€™l hawn
ğŸš•	taxi, vettura
ğŸš–	taxi, taxi Ä¡ejja â€™l hawn, Ä¡ejja â€™l hawn
ğŸš—	karozza
ğŸš˜ï¸	karozza, karozza Ä¡ejja â€™l hawn, Ä¡ejja â€™l hawn
ğŸš™	rikreazzjoni, utilitÃ  sportiva, vettura gÄ§al utilitÃ  sportiva
ğŸšš	konsenji, trakk, trakk tal-konsenji
ğŸš›	semi, trakk, trakk artikolat
ğŸšœ	trattur, vettura
ğŸï¸	karozza, tlielaq, tlielaq tal-karozzi
ğŸï¸	mutur, tlielaq
ğŸ›µ	mutur, scooter, scooter bil-mutur
ğŸš²ï¸	rota
ğŸ›´	kick, scooter
ğŸš	Waqqaf, bus stop, busstop, xarabank
ğŸ›£ï¸	awtostrada, highway, triq
ğŸ›¤ï¸	ferrovija, linja tal-ferrovija
ğŸ›¢ï¸	landa, landa Å¼ejt, Å¼ejt
â›½ï¸	gass, karburant, pompa, pompa tal-petrol
ğŸš¨	dawl, dawl tal-karozza tal-pulizija, karozza, li jduru, pulizija
ğŸš¥	dawl, dawl tat-traffiku orizzontali, sinjal, traffiku
ğŸš¦	dawl, dawl tat-traffiku vertikali, sinjal, traffiku
ğŸ›‘	ieqaf, ottagonali, sinjal, sinjal biex tieqaf
ğŸš§	barriera, kostruzzjoni
âš“ï¸	ankra, bastiment, gÄ§odda
â›µï¸	baÄ§ar, dgÄ§ajsa, dgÄ§ajsa bil-qlugÄ§, jott, resort
ğŸ›¶	canoe, dgÄ§ajsa
ğŸš¤	dgÄ§ajsa, speedboat
ğŸ›³ï¸	passiÄ¡Ä¡ieri, vapur, vapur tal-passiÄ¡Ä¡ieri
â›´ï¸	dgÄ§ajsa, lanÄ‹a, passiÄ¡Ä¡ieri
ğŸ›¥ï¸	dgÄ§ajsa, dgÄ§ajsa bil-mutur
ğŸš¢	dgÄ§ajsa, passiÄ¡Ä¡ieri, vapur
âœˆï¸	ajruplan
ğŸ›©ï¸	ajruplan, ajruplan Å¼gÄ§ir
ğŸ›«	ajruplan, check in, tluq, tluq taâ€™ ajruplan
ğŸ›¬	ajruplan, jaslu, landing, wasla taâ€™ ajruplan, wasliet
ğŸ’º	sedil, siÄ¡Ä¡u
ğŸš	elikotteru, vettura
ğŸšŸ	ferrovija, ferrovija fuq sospensjoni, sospensjoni
ğŸš 	funikular tal-muntanji, gondola, kejbil, muntanja
ğŸš¡	gondola, karozai, kejbil, linja tat-ramm fl-ajru, linja tat-tramm, mill-ajru
ğŸ›°ï¸	satellita, spazju
ğŸš€	rokit, spazju
ğŸ›¸	UFO, flying saucer
ğŸ›ï¸	bellhop, lukanda, qanpiena, qanpiena taâ€™ bellhop
âŒ›ï¸	klessidra, kronometru, ramel
â³ï¸	klessidra, klessidra bir-ramel nieÅ¼el, kronometru, ramel
âŒšï¸	arloÄ¡Ä¡
â°	arloÄ¡Ä¡, Å¼veljarin
â±ï¸	arloÄ¡Ä¡, stopwatch
â²ï¸	arloÄ¡Ä¡, kronometru, kronometru tal-arloÄ¡Ä¡
ğŸ•°ï¸	arloÄ¡Ä¡, arloÄ¡Ä¡ taâ€™ fuq l-ixkaffa
ğŸ•›ï¸	00, 12, 12:00, arloÄ¡Ä¡, nofsinhar
ğŸ•§	12, 12:30, 30, arloÄ¡Ä¡, in-nofs siegÄ§a
ğŸ•ï¸	00, 1, 1:00, arloÄ¡Ä¡, is-siegÄ§a
ğŸ•œ	1, 1:30, 30, arloÄ¡Ä¡, is-siegÄ§a u nofs
ğŸ•‘ï¸	00, 2, 2:00, arloÄ¡Ä¡, is-sagÄ§tejn
ğŸ•	2, 2:30, 30, arloÄ¡Ä¡, is-sagÄ§tejn u nofs
ğŸ•’ï¸	00, 3, 3:00, arloÄ¡Ä¡, it-tlieta
ğŸ•	3, 30, 3:30, arloÄ¡Ä¡, it-tlieta u nofs
ğŸ•“ï¸	00, 4, 4:00, arloÄ¡Ä¡, l-erbgÄ§a
ğŸ•Ÿ	00, 4, 4:00, arloÄ¡Ä¡, l-erbgÄ§a u nofs
ğŸ•”ï¸	00, 5, 5:00, arloÄ¡Ä¡, il-Ä§amsa, Ä§ames
ğŸ• 	00, 5, 5:00, arloÄ¡Ä¡, il-Ä§amsa u nofs, Ä§ames
ğŸ••ï¸	00, 6, 6:00, arloÄ¡Ä¡, is-sitta
ğŸ•¡	30, 6, 6:30, arloÄ¡Ä¡, is-sitta u nofs
ğŸ•–ï¸	00, 7, 7:00, arloÄ¡Ä¡, is-sebgÄ§a
ğŸ•¢	30, 7, 7:30, arloÄ¡Ä¡, is-sebgÄ§a u nofs
ğŸ•—ï¸	00, 8, 8:00, arloÄ¡Ä¡, it-tmienja
ğŸ•£	00, 8, 8:00, arloÄ¡Ä¡, it-tmienja u nofs
ğŸ•˜ï¸	00, 9, 9:00, arloÄ¡Ä¡, id-disgÄ§a
ğŸ•¤	00, 9, 9:00, arloÄ¡Ä¡, id-disgÄ§a u nofs
ğŸ•™ï¸	00, 10, 10:00, arloÄ¡Ä¡, l-gÄ§axra
ğŸ•¥	10, 10:30, 30, arloÄ¡Ä¡, l-gÄ§axra u nofs
ğŸ•šï¸	00, 11, 11:00, clock, il-Ä§dax
ğŸ•¦	11, 11:30, 30, arloÄ¡Ä¡, il-Ä§dax u nofs
ğŸŒ‘	qamar, qamar Ä¡did, skur
ğŸŒ’	felli, felli qamar qed jikber, qamar, qed jikber
ğŸŒ“	kwart, l-ewwel kwart tal-qamar, qamar
ğŸŒ”	akbar minn nofs, qamar, qamar akbar minn nofs li qed jikber, qed jikber
ğŸŒ•ï¸	qamar, qamar sÄ§iÄ§, sÄ§iÄ§
ğŸŒ–	akbar minn nofs, qamar, qamar akbar minn nofs li qed jonqos, qed jonqos
ğŸŒ—	kwart, l-aÄ§Ä§ar kwart tal-qamar, qamar
ğŸŒ˜	felli, felli qamar li qed jonqos, qamar, qed jonqos
ğŸŒ™	felli, felli qamar, qamar
ğŸŒš	qamar, wiÄ‹Ä‹, wiÄ‹Ä‹ taâ€™ qamar Ä¡did
ğŸŒ›	kwart, qamar, wiÄ‹Ä‹, wiÄ‹Ä‹ tal-ewwel kwart tal-qamar
ğŸŒœï¸	kwart, qamar, wiÄ‹Ä‹, wiÄ‹Ä‹ tal-aÄ§Ä§ar kwart tal-qamar
ğŸŒ¡ï¸	temp, termometru
â˜€ï¸	raÄ¡Ä¡i, tleqq, xemx, xemxi
ğŸŒ	qamar, sÄ§iÄ§, tleqq, wiÄ‹Ä‹, wiÄ‹Ä‹ taâ€™ qamar sÄ§iÄ§
ğŸŒ	tleqq, wiÄ‹Ä‹, xemx bâ€™wiÄ‹Ä‹, xemxi
â­ï¸	stilla, stilla medja bajda
ğŸŒŸ	jiddi, stilla, stilla tiddi, tiddi, tlellex, tleqq
ğŸŒ 	feÄ¡Ä¡a, stilla, stilla feÄ¡Ä¡a, taqaâ€™
ğŸŒŒ	spazju, triq taâ€™ Santâ€™Anna
â˜ï¸	sÄ§aba, temp
â›…ï¸	sÄ§aba, xemx, xemx wara sÄ§aba
â›ˆï¸	ragÄ§ad, sÄ§aba, sÄ§aba bâ€™sajjetti u x-xita, xita
ğŸŒ¤ï¸	sÄ§aba, xemx, xemx wara sÄ§aba Å¼gÄ§ira
ğŸŒ¥ï¸	sÄ§aba, xemx, xemx wara sÄ§aba kbira
ğŸŒ¦ï¸	sÄ§aba, xemx, xemx wara sÄ§aba tax-xita, xita
ğŸŒ§ï¸	sÄ§aba, sÄ§aba bix-xita, xita
ğŸŒ¨ï¸	kiesaÄ§, silÄ¡, sÄ§aba, sÄ§aba bis-silÄ¡
ğŸŒ©ï¸	sajjetti, sÄ§aba, sÄ§aba bis-sajjetti
ğŸŒªï¸	buffuri, sÄ§aba, tornado
ğŸŒ«ï¸	sÄ§aba, Ä‹par
ğŸŒ¬ï¸	jonfoÄ§, riÄ§, sÄ§aba, wiÄ‹Ä‹, wiÄ‹Ä‹ tar-riÄ§
ğŸŒ€	stordut, tifun, twister, Ä‹iklun
ğŸŒˆ	qawsalla, xita
ğŸŒ‚	umbrella, umbrella magÄ§luqa, xita, Ä§wejjeÄ¡
â˜‚ï¸	umbrella, xita, Ä§wejjeÄ¡
â˜”ï¸	qattra, umbrella, umbrella bi qtar tax-xita, xita, Ä§wejjeÄ¡
â›±ï¸	umbrella, umbrella fuq art, xemx, xita
âš¡ï¸	elettriku, l-elettriku, periklu, sajjetti, vultaÄ¡Ä¡, vultaÄ¡Ä¡ gÄ§oli, Å¼ap
â„ï¸	farka borra, kiesaÄ§, silÄ¡
â˜ƒï¸	borrinu, kiesaÄ§, silÄ¡
â›„ï¸	borrinu, borrinu mingÄ§ajr borra, kiesaÄ§, silÄ¡
â˜„ï¸	kometa, spazju
ğŸ”¥	fjamma, gÄ§odda, nar
ğŸ’§	gÄ§araq, kiesaÄ§, komiku, qattra
ğŸŒŠ	ilma, mewÄ¡a, mewÄ¡a ilma, oÄ‹ean
ğŸƒ	halloween, jack, jack-o-lantern, lantern, Ä‹elebrazzjoni
ğŸ„	Milied, siÄ¡ra, siÄ¡ra tal-Milied, Ä‹elebrazzjoni
ğŸ†	logÄ§ob tan-nar, Ä‹elebrazzjoni
ğŸ‡	logÄ§ob tan-nar, sparkler, tlellex, Ä‹elebrazzjoni
âœ¨	sparkle, stilla, tlellix
ğŸˆ	buÅ¼Å¼ieqa, Ä‹elebrazzjoni
ğŸ‰	party, party popper, popper, tada, Ä‹elebrazzjoni
ğŸŠ	ballun, ballun konfetti, konfetti, Ä‹elebrazzjoni
ğŸ‹	siÄ¡ra, siÄ¡ra tat-tanabata, strixxun, Ä‹elebrazzjoni, Ä appuniÅ¼
ğŸ	arÅ¼nu, bambÃ¹, dekorazzjoni tal-arÅ¼nu, Ä‹elebrazzjoni, Ä appuniÅ¼
ğŸ	festival, pupa, pupi Ä appuniÅ¼i, Ä‹elebrazzjoni, Ä appuniÅ¼
ğŸ	karpjun, streamer, streamer taâ€™ karpjun, Ä‹elebrazzjoni
ğŸ	qanpiena, qniepen tar-riÄ§, riÄ§, Ä‹elebrazzjoni
ğŸ‘	qamar, Ä‹elebrazzjoni, Ä‹erimonja, Ä‹erimonja biex tara l-qamar
ğŸ€	Ä‹elebrazzjoni, Å¼igarella
ğŸ	kaxxa, mgeÅ¼wra, rigal, rigal imgeÅ¼wer, Ä‹elebrazzjoni
ğŸ—ï¸	tfakkira, Ä‹elebrazzjoni, Å¼igarella, Å¼igarella taâ€™ tfakkira
ğŸŸï¸	biljett, biljetti tad-dÄ§ul, dÄ§ul
ğŸ«	biljett, dÄ§ul
ğŸ–ï¸	midalja, midalja militari, militari, Ä‹elebrazzjoni
ğŸ†ï¸	premju, trofew
ğŸ…	midalja, midalja sportiva
ğŸ¥‡	l-ewwel, midalja, midalja tal-1 post, tad-deheb
ğŸ¥ˆ	it-tieni, midalja, midalja tat-2 post, tal-fidda
ğŸ¥‰	bronÅ¼, it-tielet, midalja, midalja tat-3 post
âš½ï¸	ballun, ballun tal-futbol, futbol, soccer
âš¾ï¸	ballun, baseball
ğŸ€	ballun, basketball, hoop
ğŸ	ballun, logÄ§ba, volleyball
ğŸˆ	amerikan, ballun, futbol, futbol Amerikan
ğŸ‰	ballun, futbol, futbol tar-rugby, rugby
ğŸ¾	ballun, pala, tennis
ğŸ³	ballun, bowling, logÄ§ba
ğŸ	ballun, logÄ§ba, logÄ§ba tal-cricket, pala
ğŸ‘	ballun, field, field hockey, hockey, logÄ§ob, stikka
ğŸ’	disk, hockey, ice hockey, logÄ§ba, silÄ¡, stikka
ğŸ“	ballun, logÄ§ba, pala, ping pong, table tennis
ğŸ¸	badminton, birdie, logÄ§ba, pala, shuttlecock
ğŸ¥Š	ingwanta, ingwanta tal-boxing, tal-boxing
ğŸ¥‹	arti marzjali, judo, karate, taekwondo, uniformi, uniformi tal-arti marzjali
ğŸ¥…	tal-gowl, xibka, xibka tal-gowl
â›³ï¸	bandiera fit-toqba, golf, toqba
â›¸ï¸	silÄ¡, skate, skating fuq is-silÄ¡
ğŸ£	qasba, qasba tas-sajd, Ä§ut
ğŸ½	l-atletika, qmis, qmis tal-Ä¡iri, terÄ§a, Ä¡iri
ğŸ¿	silÄ¡, skis
ğŸ›·	slitta
ğŸ¥Œ	blata, logÄ§ba, Ä¡ebla tal-curling
ğŸ¯	-mira, bull, bullseye, gÄ§ajn, logÄ§ba, tir, tir dirett, vleÄ¡Ä¡a
ğŸ±	8, ballun, ballun taâ€™ pool 8, billiard, logÄ§ba, tmien
ğŸ”®	ballun, boÄ‹Ä‹a tal-kristal, fantasija, fortuna, gÄ§odda, kristall, Ä§rafa
ğŸ®ï¸	kontrollur, logÄ§ba, video game
ğŸ•¹ï¸	joystick, logÄ§ba, video game
ğŸ°	logÄ§ba, slot, slot machine
ğŸ²	dada, dadi, dadi tal-logÄ§ob, logÄ§ba
â™ ï¸	karta, logÄ§ba, taqsima tal-ispati
â™¥ï¸	karta, logÄ§ba, taqsima tal-kwori
â™¦ï¸	karta, logÄ§ba, taqsima tad-denari
â™£ï¸	karta, logÄ§ba, taqsima tal-fjuri
ğŸƒ	joker, karta, tal-logÄ§ob, wildcards
ğŸ€„ï¸	logÄ§ba, mahjong, mahjong red dragon, red
ğŸ´	fjuri, fjuri tal-karti tal-logÄ§ob, jilgÄ§ab, karta, logÄ§ba, Ä appuniÅ¼
ğŸ­ï¸	arti, arti, Å¼fin u muÅ¼ika, maskra, performattivi, teatru
ğŸ–¼ï¸	arti, frejm, muÅ¼ew, pittura, stampa, stampa fi frejm
ğŸ¨	arti, muÅ¼ew, pittura, tavlozza
ğŸ‘“ï¸	gÄ§ajn, nuÄ‹Ä‹ali, nuÄ‹Ä‹alijiet, Ä§wejjeÄ¡
ğŸ•¶ï¸	gÄ§ajn, nuÄ‹Ä‹ali, nuÄ‹Ä‹ali tax-xemx, skur
ğŸ‘”	ingravata, Ä§wejjeÄ¡
ğŸ‘•	qmis, t-shirt, tshirt, Ä§wejjeÄ¡
ğŸ‘–	jeans, qalziet, qliezet, Ä§wejjeÄ¡
ğŸ§£	gÄ§onq, xalpa
ğŸ§¤	id, ingwanti
ğŸ§¥	kowt, Ä¡akketta
ğŸ§¦	kalzetti qosra, stoking
ğŸ‘—	libsa, Ä§wejjeÄ¡
ğŸ‘˜	kimono, Ä§wejjeÄ¡
ğŸ‘™	bikini, gÄ§awm, Ä§wejjeÄ¡
ğŸ‘š	mara, Ä§wejjeÄ¡, Ä§wejjeÄ¡ taâ€™ mara
ğŸ‘›	munita, portmoni, Ä§wejjaÄ¡
ğŸ‘œ	borÅ¼a, handbag, portmoni, Ä§wejjeÄ¡
ğŸ‘	borÅ¼a, kartiera, pouch, Ä§wejjeÄ¡
ğŸ›ï¸	basktijiet tax-xiri, borÅ¼a, lukanda, xiri
ğŸ’	basket tal-iskola, borÅ¼a, satchel, skola
ğŸ‘	raÄ¡el, Ä§wejjeÄ¡, Å¼arbun, Å¼arbun tal-irÄ¡iel
ğŸ‘Ÿ	atletika, papoÄ‹Ä‹ tal-Ä¡iri, sneaker, Ä§wejjeÄ¡, Å¼arbun
ğŸ‘ 	mara, takkuna, Ä§wejjeÄ¡, Å¼arbun, Å¼arbun bâ€™takkuna gÄ§olja
ğŸ‘¡	mara, sandli, sandli taâ€™ mara, Ä§wejjeÄ¡, Å¼arbun
ğŸ‘¢	buts, buts taâ€™ mara, mara, Ä§wejjeÄ¡, Å¼arbun
ğŸ‘‘	kuruna, re, reÄ¡ina, Ä§wejjeÄ¡
ğŸ‘’	kappell, kappell taâ€™ mara, mara, Ä§wejjeÄ¡
ğŸ©	kappell, kpiepel top, quÄ‹Ä‹ata, tophat, Ä§wejjeÄ¡
ğŸ“ï¸	berettin, berettin tal-gradwazzjoni, gradwazzjoni, kappell, Ä‹elebrazzjoni, Ä§wejjeÄ¡
ğŸ§¢	beritta tal-baseball, kappell
â›‘ï¸	elmu, gÄ§ajnuna, jaqsmu, kappell, l-elmu tal-Ä§addiem tas-salvataÄ¡Ä¡, wiÄ‹Ä‹
ğŸ“¿	misteru, reliÄ¡jon, Ä¡iÅ¼irana, Ä§wejjeÄ¡, Å¼ibeÄ¡, Å¼ibeÄ¡ tat-talb
ğŸ’„	kosmetiÄ‹i, lipstick, makeup
ğŸ’	djamanti, Ä‹urkett
ğŸ’	djamanti, Ä¡awhra, Ä§adra
ğŸ”‡	kwieta, muted ta â€™ l-ispiker, mutes, siekta, spiker
ğŸ”ˆï¸	artab, speaker volum baxx
ğŸ”‰	medju, speaker volum medju
ğŸ”Š	speaker volum gÄ§oli, Ä§sejjes gÄ§olja
ğŸ“¢	indirizz pubbliku, loudspeaker, Ä§sejjes gÄ§olja
ğŸ“£	cheering, megafonu
ğŸ“¯	posta, postali, qrun, tromba postali
ğŸ””	qanpiena
ğŸ”•	kwieta, ma, mhux, mute, pprojbiti, qanpiena, qanpiena bi slash, siekta
ğŸ¼	muÅ¼ika, partitura, partitura muÅ¼ikali
ğŸµ	muÅ¼ika, nota, nota muÅ¼ikali
ğŸ¶	muÅ¼ika, nota, noti, noti muÅ¼ikali
ğŸ™ï¸	mik, mikrofonu, mikrofonu tal-istudjo, muÅ¼ika, studjo
ğŸšï¸	livell, muÅ¼ika, slajder, slajder tal-livell
ğŸ›ï¸	kontroll, pumi, pumi tal-kontroll, tal-muÅ¼ika
ğŸ¤	karaoke, mik, mikrofonu
ğŸ§ï¸	earbud, headphone
ğŸ“»ï¸	radju, vidjo
ğŸ·	muÅ¼ika, sassafonu, sassofonu, strument
ğŸ¸	kitarra, muÅ¼ika, strument
ğŸ¹	muÅ¼ika, pjanu, strument, tastiera, tastiera muÅ¼ikali
ğŸº	muÅ¼ika, strument, trumbetta
ğŸ»	muÅ¼ika, strument, vjolin
ğŸ¥	drumsticks, muÅ¼ika, tanbur
ğŸ“±	mowbajl, telefown
ğŸ“²	jirÄ‹ievu, mowbajl, mowbajl bi vleÄ¡Ä¡a, telefon, telefown, vleÄ¡Ä¡a, Ä‹empel
â˜ï¸	telefon, telefown
ğŸ“	riÄ‹evitur, riÄ‹evitur tat-telefon, telefon
ğŸ“Ÿï¸	pejÄ¡er
ğŸ“ 	fax, magna tal-fax
ğŸ”‹	batterija
ğŸ”Œ	Ipplaggja, elettriku, l-elettriku, plagga elettrika
ğŸ’»ï¸	kompjuter, kompjuter laptop, pc, personali
ğŸ–¥ï¸	desktop, kompjuter, kompjuter desktop
ğŸ–¨ï¸	kompjuter, printer
âŒ¨ï¸	kompjuter, tastiera
ğŸ–±ï¸	kompjuter, maws tal-kompjuter
ğŸ–²ï¸	kompjuter, trackball
ğŸ’½	diska, diska tal-kompjuter, kompjuter, minidisk, ottiÄ‹i
ğŸ’¾	diska, diskett, floppy, kompjuter
ğŸ’¿ï¸	cd, diska, diska ottika, kompjuter, ottiÄ‹i
ğŸ“€	blu-ray, diska, dvd, kompjuter, ottiÄ‹i
ğŸ¥	filmat, kamera, kamera tal-films, Ä‹inema
ğŸï¸	film, filmat, frejms, frejms tal-film, Ä‹inema
ğŸ“½ï¸	film, filmat, projettur, projettur tal-filmati, vidjo, Ä‹inema
ğŸ¬ï¸	clapper, clapper board, filmat
ğŸ“ºï¸	televiÅ¼joni, tv, vidjo
ğŸ“·ï¸	kamera, vidjo
ğŸ“¸	flash, kamera, kamera bi flash, vidjo
ğŸ“¹ï¸	kamera, vidjo, vidjo kamera
ğŸ“¼	tejp, vhs, videocassette, vidjo
ğŸ”	fittex, gÄ§odda, lenti tat-tkabbir tipponta xellug, tkabbir ottiku, Ä§Ä¡ieÄ¡
ğŸ”	fittex, gÄ§odda, lenti tat-tkabbir tipponta Lemin, tkabbir ottiku, Ä§Ä¡ieÄ¡
ğŸ•¯ï¸	dawl, xemgÄ§a
ğŸ’¡	bozza, dawl, elettriku, idea, komiku
ğŸ”¦	dawl, elettriku, gÄ§odda, torÄ‹
ğŸ®	aÄ§mar, bar, dawl, lanterna, lanterna tal-karti Ä§amra
ğŸ“”	imÅ¼ejna, kopertura, ktieb, notebook, notebook bâ€™kopertura dekorattiva
ğŸ“•	ktieb, ktieb magÄ§luq, magÄ§luq
ğŸ“–	ktieb, ktieb miftuÄ§, miftuÄ§
ğŸ“—	aÄ§dar, ktieb, ktieb aÄ§dar
ğŸ“˜	blu, ktieb, ktieb blu
ğŸ“™	ktieb, ktieb oranÄ¡jo, oranÄ¡jo
ğŸ“šï¸	kotba, ktieb
ğŸ““	notebook
ğŸ“’	leÄ¡er, notebook
ğŸ“ƒ	dokument, nokkla, paÄ¡na, paÄ¡na bâ€™nokkla
ğŸ“œ	karta, skrollja
ğŸ“„	dokument, paÄ¡na, paÄ¡na wiÄ‹Ä‹ha â€™l fuq
ğŸ“°	gazzetta, l-aÄ§barijiet, tal-karta
ğŸ—	aÄ§barijiet, gazzetti, gazzetti rromblati, karta, rromblati
ğŸ“‘	bookmarks, marka, markatur, tabs, tabs tal-bookmarks
ğŸ”–	bookmark, marka
ğŸ·ï¸	tikketta
ğŸ’°ï¸	borÅ¼a, borÅ¼a tal-flus, dollaru, flus
ğŸ’´	bank, flus, karta, karta tal-flus, karta tal-flus yen, munita, nota, yen
ğŸ’µ	bank, dollaru, flus, karta, karta tal-flus, karta tal-flus dollaru, munita, nota
ğŸ’¶	bank, euro, flus, karta, karta tal-flus, karta tal-flus ewro, munita, nota
ğŸ’·	bank, flus, karta, karta tal-flus, karta tal-flus lira sterlina, lira, munita, nota
ğŸ’¸	bank, dollaru, flus, flus bil-Ä¡wienaÄ§, fly, karta, karta tal-flus, nota, Ä¡wienaÄ§
ğŸ’³ï¸	bank, flus, karta, karta tal-kreditu, kreditu
ğŸ’¹	bank, flus, graff, munita, suq, tendenza, tkabbir, tlugÄ§, yen, Ä‹art, Ä‹art tiÅ¼died bil-yen, â€™l fuq
âœ‰ï¸	envelop, indirizz elettroniku, ittra
ğŸ“§	indirizz elettroniku, ittra, posta, posta elettronika
ğŸ“¨	deÄ§lin, envelop, envelop dieÄ§el, indirizz elettroniku, ittra, jirÄ‹ievu, posta, posta elettronika
ğŸ“©	barra, envelop, envelop bi vleÄ¡Ä¡a, indirizz elettroniku, isfel, ittra, mibgÄ§uta, posta, posta elettronika, vleÄ¡Ä¡a, â€™
ğŸ“¤ï¸	ittra, jintbagÄ§tu, kaxxa, messaÄ¡Ä¡i Ä§erÄ¡in, posta, trej, trej tal-posta Ä§ierÄ¡a
ğŸ“¥ï¸	ittra, kaxxa, messaÄ¡Ä¡i Ä§erÄ¡in, posta, rÄ‹ivuta, trej, trej tal-posta rÄ‹ivuta
ğŸ“¦ï¸	kaxxa, pakkett
ğŸ“«ï¸	kaxxa tal-ittri, kaxxa tal-ittri magÄ§luqa bil-bandiera mtellgÄ§a, kaxxa tal-posta, magÄ§luqa, posta
ğŸ“ªï¸	kaxxa tal-ittri, kaxxa tal-ittri magÄ§luqa bil-bandiera mniÅ¼Å¼la, kaxxa tal-posta, magÄ§luqa, mniÅ¼Å¼la
ğŸ“¬ï¸	IftaÄ§, aÄ§barijiet, kaxxa tal-ittri miftuÄ§a bil-bandiera mtellgÄ§a, posta, postbox
ğŸ“­ï¸	kaxxa tal-ittri, kaxxa tal-ittri miftuÄ§a bil-bandiera mniÅ¼Å¼la, kaxxa tal-posta, miftuÄ§a, mniÅ¼Å¼la, posta
ğŸ“®	kaxxa tal-ittri, posta
ğŸ—³ï¸	kaxxa, kaxxa tal-votazzjoni bâ€™votazzjoni, votazzjoni
âœï¸	lapes
âœ’ï¸	pinna, ponta, ponta sewda
ğŸ–‹ï¸	fountain, fountain pen, pen
ğŸ–Šï¸	ballpoint, pinna
ğŸ–Œï¸	pinzell, pittura
ğŸ–ï¸	crayon
ğŸ“	lapes, memo
ğŸ’¼	briefcase
ğŸ“	fajl, fowlder, fowlder tal-fajls
ğŸ“‚	fajl, fowlder, fowlder tal-fajls miftuÄ§, miftuÄ§
ğŸ—‚ï¸	dividers, indiÄ‹i, kard, kard dividers tal-indiÄ‹i tal-biljett
ğŸ“…	data, kalendarju
ğŸ“†	kalendarju, kalendarju bil-karti jitqaÄ‹Ä‹tu
ğŸ—’ï¸	nota, notepad spirali, pad, spirali
ğŸ—“ï¸	kalendarju, kalendarju spirali, pad, spirali
ğŸ“‡	indiÄ‹i, indiÄ‹i tal-kards, kard, rolodex
ğŸ“ˆ	graff, tendenza, tkabbir, Ä‹art, Ä‹art tiÅ¼died, â€™il fuq
ğŸ“‰	graff, tendenza, Ä‹art, Ä‹art tonqos, â€™l isfel
ğŸ“Š	bar, barÄ‹art, graff, Ä‹art
ğŸ“‹ï¸	klibbord
ğŸ“Œ	pin, pushpin
ğŸ“	pin, pushpin, pushpin tond
ğŸ“	paperclip
ğŸ–‡ï¸	link, paperclip, paperclips illinkjati
ğŸ“	riga, riga dritta, xifer dritt
ğŸ“	riga, riga trijangulari, set, trijangolu
âœ‚ï¸	gÄ§odda, imqass, qtugÄ§
ğŸ—ƒï¸	fajl, kard, kaxxa, kaxxa tal-biljetti tal-fajl
ğŸ—„ï¸	fajl, iffajljar, kabinet, kabinet tal-fajls
ğŸ—‘ï¸	landa tal-iskart
ğŸ”’ï¸	imsakkar, magÄ§luqa
ğŸ”“ï¸	iftaÄ§, mhux imsakkar, sakkar
ğŸ”	imsakkar, imsakkar bâ€™pinna, linka, pinna, ponta, privatezza
ğŸ”	imsakkar, magÄ§luqa, msakkar bâ€™Ä‹avetta, sigur, Ä‹avetta
ğŸ”‘	password, sakkar, Ä‹avetta
ğŸ—ï¸	antik, sakkar, Ä‹avetta, Ä‹avetta qadima, Ä§jiel
ğŸ”¨	gÄ§odda, martell
â›ï¸	agÄ§Å¼el, gÄ§odda, mini
âš’ï¸	fies, gÄ§odda, martell, martell u fies
ğŸ› ï¸	gÄ§odda, martell, martell u spaner, spaner
ğŸ—¡ï¸	arma, sikkina, stallet
âš”ï¸	arma, inkroÄ‹jati, xwabel, xwabel inkroÄ‹jati
ğŸ”«	arma, gÄ§odda, pistola, revolvers, xkubetta
ğŸ¹	Sagittarius, arma, arÄ‹ier, gÄ§odda, qaws, qaws u vleÄ¡Ä¡a, sparar bil-qaws, vleÄ¡Ä¡a, zodjaku
ğŸ›¡ï¸	arma, tarka
ğŸ”§	martell, spaner, spanner
ğŸ”©	gÄ§odda, skorfina, vit, vit u skorfina
âš™ï¸	apparat, gÄ§odda
ğŸ—œï¸	gÄ§odda, ikkompressa, klamp, morsa
âš–ï¸	Libra, bilanÄ‹, gÄ§odda, miÅ¼ien, piÅ¼, zodjaku, Ä¡ustizzja
ğŸ”—	katina
â›“ï¸	katina, ktajjen
âš—ï¸	gÄ§odda, kimika, lampik
ğŸ”¬	gÄ§odda, mikroskopju, xjenza
ğŸ”­	gÄ§odda, teleskopju, xjenza
ğŸ“¡	antenna, antenna tas-satellita, dixx, satellita
ğŸ’‰	gÄ§odda, labra, marid, mediÄ‹ina, siringa, tabib, vaÄ‹Ä‹in
ğŸ’Š	marid, mediÄ‹ina, pillola, tabib
ğŸšª	bieb
ğŸ›ï¸	lukanda, rqad, sodda
ğŸ›‹ï¸	fanal, lukanda, sufan, sufan u lampa
ğŸš½	toilet
ğŸš¿	doxxa, ilma
ğŸ›	banju
ğŸ›’	basket, basket tax-xiri, troli, xiri
ğŸš¬	sigarett, tipjip
âš°ï¸	mewt, tebut
âš±ï¸	funerali, irmied, mewt, urna, urna tal-funerali
ğŸ—¿	moai, moyai, statwa, wiÄ‹Ä‹
ğŸ§	atm, awtomatiku, bank, kaxxiera, tabella tal-ATM
ğŸš®	barmil taÅ¼-Å¼ibel, tabella taâ€™ barmil taÅ¼-Å¼ibel, Å¼ibel
ğŸš°	ilma, ilma tax-xorb, tax-xorb, xorb
â™¿ï¸	aÄ‹Ä‹ess, simbolu taâ€™ siÄ¡Ä¡u tar-roti
ğŸš¹ï¸	kamra tal-irÄ¡iel, latrina, raÄ¡el, toilet, wc
ğŸšºï¸	kamra tan-nisa, latrina, mara, toilet, wc
ğŸš»	WC, lavatory, toilet, toilets
ğŸš¼ï¸	simbolu taâ€™ trabi, tarbija, tbiddel
ğŸš¾	ilma, kmajra, latrina, toilet, wc
ğŸ›‚	kontroll, kontroll tal-passaport, passaport
ğŸ›ƒ	dwana
ğŸ›„	bagalji, uffiÄ‹Ä‹ju, uffiÄ‹Ä‹ju tal-bagalji
ğŸ›…	bagalji, bagalji mitlufa, loker
âš ï¸	twissija
ğŸš¸	pedonali, qsim, tfal, tfal jaqsmu, traffiku
â›”ï¸	dÄ§ul, ebda dÄ§ul, ma, mhux, pprojbit, pprojbiti, traffiku
ğŸš«	dÄ§ul, ma, mhux, pprojbit, projbit
ğŸš³	ebda rota, ma, mhux, pprojbit, projbit, rota
ğŸš­ï¸	ma, mhux, pprojbit, pprojbiti, tipjip, tipjip mhux permess
ğŸš¯	ebda rimi, ma, mhux, pprojbit, pprojbiti, skart
ğŸš±	ilma, ilma mhux tajjeb gÄ§ax-xorb, mhux tajjeb gÄ§ax-xorb
ğŸš·	ebda nies pedonali, ma, mhux, pedonali, pprojbit, pprojbiti
ğŸ“µ	ebda mowbajl, ma, mhux, mowbajl, pprojbiti, telefown
ğŸ”	18, ma, mhux, pprojbiti, restrizzjoni tal-etÃ , taÄ§t l-etÃ , tmintax, Ä§add taÄ§t it-tmintax
â˜¢ï¸	radjoattiv, sinjal
â˜£ï¸	perikolu bijoloÄ¡iku, sinjal
â¬†ï¸	direzzjoni, kardinal, tramuntana, vleÄ¡Ä¡a, vleÄ¡Ä¡a â€™l fuq
â†—ï¸	direzzjoni, grigal, interkardinal, vleÄ¡Ä¡a, vleÄ¡Ä¡a â€™l fuq leminija
â¡ï¸	direzzjoni, il-lvant, kardinal, vleÄ¡Ä¡a, vleÄ¡Ä¡a leminija
â†˜ï¸	direzzjoni, interkardinal, vleÄ¡Ä¡a, vleÄ¡Ä¡a â€™l isfel leminija, xlokk
â¬‡ï¸	direzzjoni, kardinal, nofsinhar, vleÄ¡Ä¡a, vleÄ¡Ä¡a â€™l isfel, â€™l isfel
â†™ï¸	direzzjoni, interkardinal, lbiÄ‹, vleÄ¡Ä¡a, vleÄ¡Ä¡a xellugija â€™l isfel
â¬…ï¸	direzzjoni, il-punent, kardinal, vleÄ¡Ä¡a, vleÄ¡Ä¡a xellugija
â†–ï¸	direzzjoni, interkardinal, majjistral, vleÄ¡Ä¡a, vleÄ¡Ä¡a xellugija â€™l fuq
â†•ï¸	vleÄ¡Ä¡a, vleÄ¡Ä¡a â€™l isfel u â€™l isfel
â†”ï¸	vleÄ¡Ä¡a, vleÄ¡Ä¡a â€™l isfel xellugija
â†©ï¸	vleÄ¡Ä¡a, vleÄ¡Ä¡a leminija mgÄ§awÄ¡a lejn ix-xellug
â†ªï¸	vleÄ¡Ä¡a, vleÄ¡Ä¡a tax-xellug mgÄ§awÄ¡a lejn il-lemin
â¤´ï¸	vleÄ¡Ä¡a, vleÄ¡Ä¡a leminija mgÄ§awÄ¡a â€™l fuq
â¤µï¸	vleÄ¡Ä¡a, vleÄ¡Ä¡a leminija mgÄ§awÄ¡a â€™l isfel, â€™l isfel
ğŸ”ƒ	favur l-arloÄ¡Ä¡, terÄ¡aâ€™ ttellaâ€™, vleÄ¡eÄ¡ vertikali favur l-arloÄ¡Ä¡, vleÄ¡Ä¡a
ğŸ”„	buttuna vleÄ¡eÄ¡ kontra l-arloÄ¡Ä¡, kontra l-arloÄ¡Ä¡, vleÄ¡Ä¡a, withershins
ğŸ”™	lura, vleÄ¡Ä¡a, vleÄ¡Ä¡a BACK
ğŸ”š	tmiem, vleÄ¡Ä¡a, vleÄ¡Ä¡a END
ğŸ”›	fuq, marka, vleÄ¡Ä¡a, vleÄ¡Ä¡a ON!
ğŸ”œ	mill-aktar fis, vleÄ¡Ä¡a, vleÄ¡Ä¡a SOON
ğŸ”	fuq, vleÄ¡Ä¡a, vleÄ¡Ä¡a TOP, â€™il fuq
ğŸ›	post taâ€™ qima, qima, reliÄ¡jon
âš›ï¸	ateu, atomu, simbolu tal-atomu
ğŸ•‰ï¸	Hindu, om, reliÄ¡jon
âœ¡ï¸	David, Lhudi, l-istilla taâ€™ David, reliÄ¡jon, stilla
â˜¸ï¸	Buddhist, dharma, ir-rota taâ€™ dharma, reliÄ¡jon, rota
â˜¯ï¸	reliÄ¡jon, tao, taoist, yang, yin, yin yang
âœï¸	Kristjan, reliÄ¡jon, salib, salib latin
â˜¦ï¸	Kristjan, reliÄ¡jon, salib, salib ortodoss
â˜ªï¸	Islam, Musulmana, reliÄ¡jon, stilla u nofs qamar
â˜®ï¸	is-simbolu tal-paÄ‹i, paÄ‹i
ğŸ•	gandelabru, gandlier, menora, reliÄ¡jon
ğŸ”¯	fortuna, stilla, stilla bit-tikek bâ€™sitt ponot
â™ˆï¸	Aries, muntun, Å¼odjaku
â™‰ï¸	Taurus, barri, bhima, Å¼odjaku
â™Šï¸	Gemini, it-tewmin, Å¼odjaku
â™‹ï¸	Cancer, granÄ‹, Å¼odjaku
â™Œï¸	Leo, iljun, Å¼odjaku
â™ï¸	Virgo, Å¼odjaku
â™ï¸	Libra, bilanÄ‹, miÅ¼ien, Ä¡ustizzja, Å¼odjaku
â™ï¸	Scorpius, scorpio, skorpjun, Å¼odjaku
â™ï¸	Sagittarius, arÄ‹ier, Å¼odjaku
â™‘ï¸	Capricorn, mogÄ§Å¼a, Å¼odjaku
â™’ï¸	Aquarius, ilma, portatur, Å¼odjaku
â™“ï¸	Pisces, Ä§ut, Å¼odjaku
â›	Ophiuchus, portatur, serp, serpent, Å¼odjaku
ğŸ”€	buttuna shuffle tracks, inkroÄ‹jata, vleÄ¡Ä¡a
ğŸ”	buttuna irrepeti, favur l-arloÄ¡Ä¡, irrepeti, vleÄ¡Ä¡a
ğŸ”‚	buttuna irrepeti darba, darba, favur l-arloÄ¡Ä¡, vleÄ¡Ä¡a
â–¶	aqra, dritt, il-buttuna aqra, trijangolu, vleÄ¡Ä¡a
â©	buttuna fast-forward, doppju, veloÄ‹i, vleÄ¡Ä¡a, â€™il quddiem
â­	buttuna trekk li jmiss, trekk li jmiss, trijangolu, vleÄ¡Ä¡a, xena li jmiss
â¯	aqra, buttuna aqra jew issospendi, dritt, issospendi, trijangolu, vleÄ¡Ä¡a
â—€	bil-maqlub, buttuna reverse, tax-xellug, trijangolu, vleÄ¡Ä¡a
âª	buttuna fast reverse, doppja, irriwajndja, vleÄ¡Ä¡a
â®	buttuna l-aÄ§Ä§ar trekk, it-trekk preÄ‹edenti, trijangolu, vleÄ¡Ä¡a, xena preÄ‹edenti
ğŸ”¼	buttuna, buttuna up, vleÄ¡Ä¡a, Ä§amra
â«	buttuna fast up, doppja, vleÄ¡Ä¡a
ğŸ”½	buttuna, buttuna down, isfel, vleÄ¡Ä¡a, Ä§amra
â¬	buttuna fast down, doppja, isfel, vleÄ¡Ä¡a
â¸ï¸	bar, buttuna issospendi, doppju, issospendi, vertikali
â¹ï¸	buttuna waqqaf, kwadru, waqqaf
âºï¸	buttuna tar-rekord, rekord, Ä‹irku
âï¸	il-buttuna oÄ§roÄ¡, oÄ§roÄ¡
ğŸ¦	film, filmat, kamera, Ä‹inema
ğŸ”…	baxx, buttuna dim, dim, qawwa tad-dawl
ğŸ”†	bright, buttuna bright, qawwa tad-dawl
ğŸ“¶	antenna, mowbajl, sinjal, telefown, virga, virgi tal-antenna
ğŸ“³	mod, mod taâ€™ vibrazzjoni, mowbajl, telefown, vibrazzjoni
ğŸ“´	mitfi, mowbajl, mowbajl mitfi, telefown
â™€ï¸	mara, sinjal femminili
â™‚ï¸	raÄ¡el, sinjal maskili
âœ–ï¸	ikkanÄ‹ella, immoltiplika, multiplikazzjoni, multiplikazzjoni grassett x, x
â•	matematika, plus, sinjal plus grassett
â–	matematika, minus, sinjal minus grassett
â—	diviÅ¼joni, matematika, sinjal diviÅ¼joni grassett
â€¼ï¸	bangbang, esklamazzjoni, marka, punt doppju esklamattiv, punteÄ¡Ä¡jatura
â‰ï¸	esklamazzjoni, interrobang, marka, mistoqsija, punt interrogattiv taâ€™ esklamazzjoni, punteÄ¡Ä¡jatura
â“ï¸	marka, mistoqsija, punt interrogattiv, punteÄ¡Ä¡jatura
â”	marka, mistoqsija, punt interrogattiv abjad, punteÄ¡Ä¡jatura, spjegati
â•	esklamazzjoni, marka, punt esklamattiv abjad, punteÄ¡Ä¡jatura, spjegati
â—ï¸	esklamazzjoni, marka, punt esklamattiv, punteÄ¡Ä¡jatura
ã€°ï¸	mmewwweÄ¡, punteÄ¡Ä¡jatura, sing, sing immewwweÄ¡
ğŸ’±	bank, flus, kambju tal-munita, munita, skambju
ğŸ’²	dollaru, flus, munita, sinjal tad-dollaru grassett
âš•ï¸	aesculapius, mediÄ‹ina, persunal, simbolu mediku
â™»ï¸	irriÄ‹ikla, simbolu tar-riÄ‹iklaÄ¡Ä¡
âšœ	fleur-de-lis
ğŸ”±	ankra, bastiment, emblema, emblema trident, gÄ§odda, trident
ğŸ“›	beÄ¡Ä¡, beÄ¡Ä¡ bl-isem, isem
ğŸ”°	aÄ§dar, chevron, gÄ§odda, isfar, prinÄ‹ipjant, simbolu Ä appuniÅ¼ gÄ§al prinÄ‹ipjant, werqa, Ä appuniÅ¼
â­•ï¸	o, Ä‹irku, Ä‹irku kbir grassett
âœ…	marka, marka taâ€™ verifika bajda grassett, verifika
â˜‘ï¸	kaxxa, kaxxa tal-votazzjoni bâ€™marka, marka, votazzjoni
âœ”ï¸	marka, marka taâ€™ verifika grassett, verifika
âŒ	ikkanÄ‹ella, immoltiplika, marka, marka salib, multiplikazzjoni, x
â	buttuna taâ€™ marka salib, kwadru, marka
â°	innukklata, loop, loop innukklata
â¿	doppju, innukklata, loop, loop innukklata doppja
ã€½ï¸	marka, marka taâ€™ alternanza taâ€™ parti, parti
âœ³ï¸	stilla, stilla bi tmien linji
âœ´ï¸	stilla, stilla bi tmien ponot
â‡ï¸	ileÄ§Ä§
Â©ï¸	drittijiet tal-awtur
Â®ï¸	reÄ¡istrati
â„¢ï¸	marka, tm, trade mark, trademark
ğŸ” 	ABCD, input, input latin kapitali, ittri, kapitali, latin
ğŸ”¡	abcd, input, input latin ittra Å¼gÄ§ira, ittra Å¼gÄ§ira, ittri, latin
ğŸ”¢	1234, input, numri, numri tal-input
ğŸ”£	input, simboli tal-input, ã€’â™ª&%
ğŸ”¤	abc, alfabett, input, input ittri latin, ittri, latin
ğŸ…°ï¸	a, buttuna A (tip tad-demm), tip tad-demm
ğŸ†	ab, buttuna AB (tip tad-demm), tip tad-demm
ğŸ…±ï¸	b, buttuna B (tip tad-demm), tip tad-demm
ğŸ†‘	buttuna CL, cl
ğŸ†’	buttuna COOL, cool
ğŸ†“	buttuna FREE, free
â„¹ï¸	i, informazzjoni
ğŸ†”	buttuna ID, id, identitÃ 
â“‚ï¸	m, Ä‹irku, Ä‹irku M
ğŸ†•	buttuna NEW, new
ğŸ†–	buttuna NG, ng
ğŸ…¾ï¸	buttuna O (tip tad-demm), o, tip tad-demm
ğŸ†—	OK, buttuna OK
ğŸ…¿ï¸	buttuna P, pparkjar
ğŸ†˜	buttuna SOS, gÄ§ajnuna, sos
ğŸ†š	buttuna VS, versus, vs
ğŸˆ	buttuna Ä appuniÅ¼ â€œhawnâ€, katakana, Ä appuniÅ¼, â€œhawnâ€, ã‚³ã‚³
ğŸˆ‚ï¸	buttuna Ä appuniÅ¼ â€œimpostaâ€™ gÄ§al servizzâ€œ, katakana, Ä appuniÅ¼, â€œimposta tas-servizzâ€, ã‚µ
ğŸˆ·	buttuna Ä appuniÅ¼ â€œammont taâ€™ kull xaharâ€, ideograff, Ä appuniÅ¼, â€œammont taâ€™ kull xaharâ€, æœˆ
ğŸˆ¶	buttuna Ä appuniÅ¼ â€œmhux Bla Ä¦lasâ€, ideograff, Ä appuniÅ¼, â€œmhux bâ€™xejnâ€, æœ‰
ğŸˆ¯	buttuna Ä appuniÅ¼ â€œriservatâ€, ideograff, Ä appuniÅ¼, â€œriservatâ€, æŒ‡
ğŸ‰	buttuna Ä appuniÅ¼ â€œbargainâ€, ideograff, Ä appuniÅ¼, â€œbargainâ€, æŒ‡
ğŸˆ¹	buttuna Ä appuniÅ¼ â€œskontâ€, ideograff, Ä appuniÅ¼, â€œskontâ€, æŒ‡
ğŸˆš	buttuna Ä appuniÅ¼ â€œbla Ä§lasâ€, ideograff, Ä appuniÅ¼, â€œbâ€™xejnâ€, æœ‰
ğŸˆ²	buttuna Ä appuniÅ¼ â€œprojbitâ€, ideograph, Ä appuniÅ¼, â€œprojbitâ€, ç¦
ğŸ‰‘	buttuna Ä appuniÅ¼ â€œaÄ‹Ä‹ettabbliâ€, ideograff, Ä appuniÅ¼, â€œaÄ‹Ä‹ettabbliâ€, æœ‰
ğŸˆ¸	buttuna Ä appuniÅ¼ â€œapplikazzjoniâ€, ideograff, Ä appuniÅ¼, â€œapplikazzjoniâ€, æœ‰
ğŸˆ´	buttuna Ä appuniÅ¼ â€œli jgÄ§addi l-gradâ€, ideograff, Ä appuniÅ¼, â€œli jgÄ§addi l-gradâ€, æœ‰
ğŸˆ³	buttuna Ä appuniÅ¼ â€œpost battalâ€, ideograff, Ä appuniÅ¼, â€œpost battalâ€, æœ‰
ãŠ—ï¸	buttuna Ä appuniÅ¼ â€œawguriâ€, ideograph, Ä appuniÅ¼, â€œawguriâ€, ç¥
ãŠ™ï¸	buttuna Ä appuniÅ¼ â€œsigrietâ€, ideograff, Ä appuniÅ¼, â€œsigrietâ€, æœ‰
ğŸˆº	buttuna Ä appuniÅ¼ â€œmiftuÄ§ gÄ§an-negozjuâ€, ideograph, Ä appuniÅ¼, â€œmiftuÄ§a gÄ§an-negozjuâ€, å–¶
ğŸˆµ	buttuna Ä appuniÅ¼ â€œebda post battalâ€, ideograff, Ä appuniÅ¼, â€œebda post battalâ€, æœ‰
ğŸ”´	aÄ§mar, Ä‹irku, Ä‹irku aÄ§mar, Ä¡eometriku
ğŸ”µ	blu, Ä‹irku, Ä‹irku blu, Ä¡eometriku
âš«ï¸	Ä‹irku, Ä‹irku iswed, Ä¡eometriku
âšªï¸	Ä‹irku, Ä‹irku abjad, Ä¡eometriku
â¬›ï¸	kwadrat kbir iswed, kwadru, Ä¡eometrika
â¬œï¸	kwadrat kbir abjad, kwadru, Ä¡eometrika
â—¼ï¸	kwadrat medju iswed, kwadru, Ä¡eometrika
â—»ï¸	kwadrat medju abjad, kwadru, Ä¡eometrika
â—¾ï¸	kwadrat medju Å¼gÄ§ar iswed, kwadru, Ä¡eometrika
â—½ï¸	kwadrat medju Å¼gÄ§ar abjad, kwadru, Ä¡eometrika
â–ªï¸	kwadri Å¼gÄ§ir iswed, kwadru, Ä¡eometrika
â–«ï¸	kwadrat Å¼gÄ§ir abjad, kwadru, Ä¡eometrika
ğŸ”¶	djamant kbir oranÄ¡jo, djamanti, oranÄ¡jo, Ä¡eometrika
ğŸ”·	blu, djamant kbir blu, djamanti, Ä¡eometrika
ğŸ”¸	djamant Å¼gÄ§ir oranÄ¡jo, djamanti, oranÄ¡jo, Ä¡eometrika
ğŸ”¹	blu, djamant Å¼gÄ§ir blu, djamanti, Ä¡eometrika
ğŸ”º	aÄ§mar, trijangolu aÄ§mar jipponta â€™l fuq, Ä¡eometrika
ğŸ”»	aÄ§mar, trijangolu aÄ§mar jipponta â€™l isfel, Ä¡eometriku, â€™l isfel
ğŸ’ 	djamant bâ€™tikka, djamanti, komiku, Ä¡eometrika, Ä¡ewwa
ğŸ”˜	buttuna, buttuna tal-gÄ§aÅ¼la, radju, Ä¡eometrika
ğŸ”³	buttuna, buttuna kwadra bajda, kwadra, spjegati, Ä¡eometrika
ğŸ”²	buttuna, buttuna kwadra sewda, kwadra, Ä¡eometrika
ğŸ	bandiera bil-kaxxi, bil-kaxxi, tlielaq
ğŸš©	bandiera trijangolari, posta
ğŸŒ	bnadar inkroÄ‹jati, inkroÄ‹ja, inkroÄ‹jati, Ä‹elebrazzjoni, Ä appuniÅ¼
ğŸ´	bandiera sewda, ixejjer
ğŸ³ï¸	bandiera bajda, ixejjer
ğŸ³â€ğŸŒˆ	bandiera tal-qawsalla, qawsalla
Â¤	Munita Mhix MagÄ§rufa jew Mhix Valida
ğŸ»	tip 1â€“2, ton tal-Ä¡ilda, ton Ä‹ar tal-Ä¡ilda
ğŸ¼	tip 3, ton medju-Ä‹ar tal-Ä¡ilda, ton tal-Ä¡ilda
ğŸ½	tip 4, ton medju tal-Ä¡ilda, ton tal-Ä¡ilda
ğŸ¾	tip 5, ton medju-skur tal-Ä¡ilda, ton tal-Ä¡ilda
ğŸ¿	tip 6, ton skur tal-Ä¡ilda, ton tal-Ä¡ilda
