_	تر خط لاندې, زیرکی, ټیټ پوټکی, ټیټه کرښه, ډش, کرښه
-	منفي, هایفن, هایفن منفي, ډش
‐	هایفن, ډش
–	پای, پای کرښک, کرښک
—	اوږده, اوږده کرښک, کرښک
―	افقي پټه, بار, ليکه, ډش
・	انټرپانکټ, میډوت, نقطې, کټکانا, کټکانا منځنۍ نقطه
,	،, کوما
،	عربي, عربي کوما, کوما
、	ایډیولوژیک, ایډیګرافیک کوما, کوما
;	نیمه کولون
؛	عربي, عربي نیمه کولون, نیم کولون
:	کولون
!	بنګ, ویاړ, ویاړ ټکی, ویلو نښه
¡	بدل شوی, بدل شوی ویلو نښه, بنګ, ویاړ, ویلو نښه, ویلو ټکی
?	پوښتنې, پوښتنې نښه
¿	بدل شوی, بدل شوی پوښتنې نښه, پوښتنې, پوښتنې نښه
؟	عربي, عربي پوښتنې نښه, پوښتنې, پوښتنې نښه
.	بشپړ درول, دوره, موده, ډوټ
…	بیضوی, غلا کول, نقطې
。	ایډیولوژیک, ایډیولوژیکه دوره, بشپړ درول, دوره
·	درونی, منځوني, مینځني ټکي, ټکي
'	حواله, د اسټروپروف, سمارټ حواله, ټايپ رېټر اسټروپروف, یوه حواله
‘	اسټروپروف, حواله, هوښیاري رایی, چپ اسټروپروف, یوه برخه
’	حواله, د اسټروپروف, سمارټ حواله, ښیې ایسستروف, یوه حواله
‚	اسټروپروف, حواله, ټیټ حواله, ټیټ ښی اسټروپروف
“	حواله, دوه حواله, سمارټ وینالېږد, وینالېږد, چپ وینالېږد نښه
”	حواله, دوه حواله, سمارټ وینالېږد, وینالېږد, ښیې وینالېږد نښه
„	حواله, دوه حواله, سمارټ وینالېږد, ټیټه وینالېږد, ټیټې ښیې وینالېږد نښه
«	اخيستنښه, زاویه, قوسونه, هشتکونه, ښی وینالېږد نښه, کيڼ وینالېږد نښه, کیڼ, کیڼحولی
»	اخيستنښه, زاویه, قوسونه, هشتکونه, ښی, ښی وینالېږد نښه, کیڼحولی
)	غونډ بند, قوس, قوسونه, نږدى ځاځي, پارنز, پیرن
[	بریکٹ, مربع قوس, مربع قوس خلاص, کروک
]	لیندۍ, مربع قوس, مربع قوس بند, کروک
{	خلاص تاو قوس, قوس, کوسه, کوږ تړلی وزر, کوږ قوس, ګولینګ
}	تړل کوږ تړنه, کوسه, کوږ تړلی کرکیټ, ګرګوتي, ګولینګ
〈	د هندی غزو, زاویې بریکس خلاص, زاویې لیندۍ مهم ټکی, شیورون, قوس, کوچنی
〉	د هندی غزو, زاویې لیندۍ مهم ټکی, شیورون, قوس, نږدې زاویې لیندۍ, کوچنی
《	دوه زاویې قوه, دوه ګوني زاویې خلاص کړئ, قوس
》	دوه زاویې قوه, دوه ګوني زاویې وتړئ, قوس
「	قوس, کونج خلاص خط, کونج کونکی
」	قوس, نژدې کونج قوس, کونج کونکی
『	تشه کونج قوس, خالي کونج کونړ خلاص کړئ, قوس
』	تشه کونج قوس, خالي کونج قوس بند کړئ, قوس
【	خلاص تور لینز قوس خلاص, د غاړې کنده, قوس, لینز قوس
】	د تور لینز قوس بند, د لینز قوس, غاړې کنده, قوس
〔	خلاص شمشتې قوس, خولۍ قوس, قوس, کيشپ خولۍ قوس
〕	خولۍ قوس, قوس, کيشپ خولۍ قوس, کيشپ خولۍ قوس بند
〖	تش لینز قوس, تشې لینټیکالر قوس, خلاص تش لینګونه قوس, قوس
〗	تش لینز قوس, تشې لینټیکالر قوس, د تش لاسونو قوس بند کړئ, قوس
§	برخه, سلکرو, پاراګراف
¶	ایلینا, پارا, پاراګراف, پاراګراف نښه, پیلوټ
@	اروبا, اروبیس, امپرات, سوداګري په, سټودیل, په نښه
*️	ستوری, سټریک, ځنګلي کارت
/	جامد, ريونده, سلیش, وهل, ویرجول
\	شالید, وډ, پرځای جامع
&	امپرسند, امپرسنده, او, نور
#️	lb, شمیره, هشتګ, هوس, هوسۍنښه, پونډ
%	سلنه
‰	پر میل, پرامیل, پرمیل
†	خنجر, د خنجر نښه, ویش نښه
‡	دوګني ویش نښه, ویش نښه, ډیګر
•	ټکي, ګلوله
‧	لوړ ټکی, هایفن, ټکی, ډش
′	لومړی
″	دوه ګونی لومړی, لومړی
‴	درې ګونی لومړی, لومړی
※	حواله نښه
`	تلفظ, جدي, جدي تلفظ, لهجه
´	تلفظ, حاد, حاد تلفظ, لهجه
^	تلفظتلفظ, خولۍ, شیورون, محور, محور تلفظ, نښې, نښې نښه, پخه, ځواک, کنټرول, کیټ
¨	املت, ترمه, دیارزیس
°	ثبوت, درجه, ساعت
℗	ثبتول, د غږ ثبتولو نسخه حقوق, د نسخه حق, غږ
←	غشی, کي- ښکارونکی غشی, کي-- ښکارونکی غشی, کيڼ
→	غشی, ښي - ښکارونکی غشی, ښۍ
↑	بره, غشی, غځېدونکې غشی
↓	غشی, ښکته, ښکته-ښکارونکی غشی
⇅	بره, بره-ښیې او ښکته-ښیې غشی, غشی, ښکته
⇆	غشی, ښي, کيڼ, کيڼ اشاره باندې ښي اشاره غشي
∆	اضافه, مثلث
∇	دریڅنډي, نسکوره دریڅنډي
∈	د عنصر, شامل لري, عنصر, غړیتوب, مجموعه, څخه عنصر
+	جمع, جمع نښه, نښه
±	جمع منفي
÷	ویش نښه, وېش, وېش نښه, وېش کول
×	ضرب, ضرب نښه, ضرب ورکول, ضرف نښه, ځله
<	خلاص ټاګ, لږ - څخه, ټاګ
=	مساوي
≠	مساوي نه, نابرابري
>	لوی - څخه, نږدې نښه, ټاګ
¬	نفي, نه
|	vbar, بار, د شفر ټکان, عمودي ليکه, عمودي پټه, وهل, پايپ, پایک, چپک, کرښه
~	ټیلډ
−	ماتول, منفي, منفي نښه
⁻	بالانوشت, بالانوشت منفي, منفي
√	اصل عدد, افراطي, بنسټ, جذر, غیرناطق, مربع
∞	لامحدود, لامحدود نښهلامحدود نښه
∩	تقاطع, مجموعه
∪	اتحاد, مجموعه, ټولګه
≈	نږدې, نږدې مساوي
≡	ته یکسان, دری چنده, ورته, یکسان
≤	لږ یا مساوي, لږ-بیا, مساوي, نابرابري
≥	لوی - له مساوي, لوی یا مساوي, مساوي, نابرابري
⊂	زیر مجموعه, زیر مجموعه له, زیر مجموعه څخه, مجموعه
▲	غشی, مثلث, پورته, ډک شوی, ډکونکی - څرګندونې مثلث, ډکونکی - ښودونکی مثلث
▼	غشی, مثلث, ډک شوی, ډک شوی - نښې ښودونکی مثلث, ډک ښکته-اشاره د مثلث, ښکته
◊	الماس, روميبس, لوزینج, لوزینګ
○	تشه حلقه, تشه دایره, حلقه, زنګ
●	دایره, ډک شوی دایره
◯	حلقه, زنګ, لوی تش تشې حلقه, لوی تشه دایره
♪	اتم, اتم یادښت, سندره, یادښت
♭	سندره, فلیټ, هوار, یادښت
♯	تېز, تېزې, سندره, یادونه
😀	خندېدلی مخ, مخ, مسکا, مسکېدلی مخ
😃	خله, مخ, مسکا, مسکېدلی مخ د غټو سترګو سره, پېرته
😄	برسېره, خله, سترګه, مخ, مسکا, مسکېدلی مخ د مسکېدلی سترګو, مسکېدلی مخ د مسکېدلی سترګو سره
😁	خندا, سترګه, مخ, مسکا, پړقېدونکی مخ دمسکېدلي سترګو سره
😆	خله, خندا, قانع, مخ, مسکا, مسکېدلی نيمکښ مخ
😅	برسېره, خوله, مخ, مسکا, مسکېدلی مخ د خولو سره, يخ
🤣	خندل, د خندا نه په فرش رغړېدل, فرش, مخ
😂	اوښکې, خندا, خوشالي, د خوشحالۍ د اوښکو مخ, مخ
🙂	لږ مسکېدلی مخ, مخ, مسکا
🙃	مخ, نسکور, نسکور مخ
🫠	تحلیل, خټکی مخ, مایع, منګول, ورکیدل
😉	سترګه وهل, سترګه وهونکی مخ, مخ
😊	سترګه, شرمېدل, مخ, مسکېدونکی مخ د مسکېدونکې سترګو
😇	فرشته, مخ, مسکېدونکی مخ د هالې سره, معصوم, هاله
🥰	د زړه مينه, زړونه, ماتول, مسکېدونکی, مسکېدونکی مخ د زړونو سره, په مينه کې
😍	سترګه, مخ, مسکا, مسکېدونکی مخ د زړه سترګو سره, مينه
🤩	خندل, سترګې, ستورو وهلی, ستوری, مخ
😘	د الوزونکي مچولو مخ, مخ, مچول
😗	مخ, مچول, مچوونکی مخ
☺️	آوټلاين, دمه, مخ, مسکا, مسکېدلی مخ
😚	بندې, سترګه, مخ, مچول, مچوونکی مخ د بندو سترګو سره
😙	سترګه, مخ, مسکا, مچول, مچوونکی مخ د مسکېدلې سترګو سره
🥲	اوښکې, خندېدونکی, خندېدونکی مخ د اوښکو سره, قانع, مغرور, منندويه, پارېدلی
😋	خوند اخيستنه, خوندور, له خوړو خوند اخيستونکی مخ, مخ, مسکا, يم
😛	د ژبې مخ, مخ, ژبه
😜	سترګه, سترګه وهل, سترګه وهونکی مخ سره د ژبې, مخ, ملنډه, ژبه
🤪	احمق, ستر, سترګه, مسخره مخ, کوچني
😝	خوند, د کږو سترګو مخ سره د ژبې, سترګه, مخ, ډاروونکې, ژبه
🤑	خوله, د پېسو د خولې مخ, مخ, پېسې
🤗	غاړه ورکوونکی مخ, غېږه, غېږه کې نيول, مخ
🤭	سوځول, لاس په خوله مخ
🫢	حیرانتیا, د خلاص سترګو سره مخ او په خولې لاس, شرم ویره, ویره, کفر
🫣	د راوتلی سترګو سره مخ, لیدل, مایل, کتل
🤫	غلی, کرارول, کرارونکی مخ
🤔	فکرمند, فکرمند مخ, مخ
🫡	سرتیري, سلام مخ, سلام کول, سمه ده, لمر, هو
🤐	خوله, د ځنځير د خولې مخ, مخ, ځنځير
🤨	بدګماني, د اوچتو شويو وريځو مخ, شکمن
😐️	بې پلوه, بې پلوه مخ, مخ, ځای په ځاي
😑	بې اثره, بې تاثيره, بې تاثيره مخ, بې هيجانه, مخ
😶	خله, غلې, مخ, پرته له خولې مخ, په قلاره
🫥	خپګان, د نه لیدو وړ, مخاطب, نخښه شوی لیکې مخ, ورکیدل, پټول
😶‍🌫	سر په ورېځو کې, غیرحاضر, په وريځو مخ, په وريځو کې مخ, په ګند کې مخ
😏	د ملنډو خندا, د ملنډو د خندا مخ, مخ
😒	غمجن, مخ, ناخوشاله, پښيمانه مخ
🙄	تاووهونکې, د تاوهونکو سترګو مخ, سترګې, مخ
😬	بړوستوب, بړوسېدلی مخ, مخ
😮‍💨	خولې, د تنفس مخ, راحت, ساه ایستل, سیټي, څاڅکی, ګاز
🤥	دروغ, دروغ مخ, مخ, پينوشو
😌	خوشحاله, خوشحاله مخ, مخ
😔	د فکر مخ, غمجن, فکرمند, مخ
😪	خوب, خوبيولى مخ, مخ
🤤	د خندا وړ, د خندا وړ مخ, مخ
😴	خوب, د خوب مخ, ززز, مخ
😷	سره د طبي ماسک مخ, سوړ, مخ, ناروغه, ډاکټر
🤒	ترماميټر, رنځور, سره ترمامیتر مخ, مخ, ناروغه
🤕	بنداژ, زخمي, سره سر-بنداژ مخ, مخ بنداژ, ژوبل
🤢	زړه بدوالی مخ, قي کول, مخ
🤮	قي کول, قی کوونکی مخ, ناروغه
🤧	مخ, پرنجېدل, پرنجېدونکی مخ, ګيسونهيټ
🥵	تود, تود مخ, د تودوخې, د خولې, سور مخ, ګرم
🥶	آسماني رنګ مخ, آيسيکل, سوړ, سوړ مخ, کنګل, کنګل شوې
🥴	خندور مخ, خوځيدونکې خوله, سرګرځېدونکې, پرکاله, ګډوډي سترګې
😵	سرګرزنی, سرګرزنی مخ, مخ
😵‍💫	ستونزه, سرپل, مخ سرپل سترګې, هه, هیپنوټائز, چکر
🤯	حيران, چاودیدلی سر
🤠	خولۍ, د چروایي خولۍ مخ, غوبنه, غوبه, مخ
🥳	خولۍ, نمانځنه, پارټي, پارټي کوونکی مخ, ښکر
🥸	اصل ماهيت بدلوونکی مخ, عېنکې, ماهيت بدلول, مخ, نه پېژندونکی, پوزه
😎	د لمر عينکې, لمر, مخ, مسکېدونکی مخ د لمر دعينکو سره, پړقېدونکې, کول
🤓	بيګانه, بېګانه مخ, مخ, ګيک
🧐	تړبوخته, د يوې سترګې عينکې مخ
😕	مخ, وارخطا, وارخطا مخ
🫤	بې باوري, د مثلث خولې سره مخ, شکمن, مایوسه, میه
😟	اندېښمن, اندېښمن مخ, مخ
🙁	تريو تندې, د لږ تريو تندي مخ, مخ
☹️	تريو تندې, د تريو تندي مخ, مخ
😮	بيرته, خوا خوږي, خوله, د بېرته خولې مخ, مخ
😯	حيران, د چپې خولې مخ, مخ, چپ, ګنګس
😲	بشپړ, حيران, حيران مخ, مخ, پښيمانه
😳	سر ګرځيدل, سور او تود, سور او تود مخ, مخ
🥺	ادعا کول, رحم, وکالت کوونکی مخ, وکالت کوونکے مخ, پپي سترګې
🥹	خفه, د اوښکو شاته نیولو مخ, غوسه, مقاومت, وياړ, ژړا
😦	د تريو تندې او خلاصې خولې مخ, د خلاصې خولې سره ځړونکی مخ
😧	مخ, کړوونکی, کړوونکی مخ
😨	مخ, ډار, ډارونکی, ډارونکی مخ, ډارېدلی
😰	آسماني رنګ, اندېښمن مخ د خولې سره, بې مينې, تندي, خوله, مخ
😥	اف, دمه, مايوسه, مخ, پښيمانه خو دمه مخ
😢	اوښکې, مخ, پښيمانه, ژړل, ژړېدونکی مخ
😭	اوښکې, سلګۍ, لوړ غږ ژړا مخ, مخ, په لوړ غږ ژړا مخ, پښيمانه, ژړل
😱	غې مخ, په ډار کې ژړېدونکی مخ, چ, ډار, ډارېدلې
😖	مخ, ګډوډ, ګډوډ مخ
😣	سخت سری, سخت سری مخ, مخ
😞	مايوسه, مايوسه مخ, مخ
😓	بې مينې, خوله, غمجن مخ سره د خولې, مخ
😩	بېزاره مخ, ستومانه, ستړې, مخ
😫	ستړى, ستړي مخ, مخ
🥱	ارږمی کول, تنګ شوی, د ارږمي مخ, ستړی
😤	بريا, د پوزې د پخار مخ, فتح, مخ
😡	د بوڅې شونډې مخ, سور, شونډه بوڅول, غصه, قهرجن, لېوني, مخ
😠	قهرجن, قهرجن مخ, ليونې, مخ
🤬	قسم خوړل, په خوله کې د سمبول مخ
😈	د ښاپېرو کيسه, مخ, مسکا, مسکېدلی مخ د ښکرو سره, ښکر
👿	د شيطان بچي, شيطان, قهرجن مخ د ښکرو سره, مخ, وهم
💀	د ښاپېرو کيسه بلا, مخ, مرګ, کوپړۍ
☠️	اووښتي هډوکي, بلا, مخ, مرګ, کوپړۍ او اووښتي هډوکي, کوپړۍ او اووښي هډوکي
💩	پو دا پخی
🤡	مخ, ټوکي, ټوکي مخ
👹	بلا, د ښاپېرو کيسه, ديو, مخ, مخلوق
👺	بلا, د ښاپېرو کيسه, مخ, مخلوق, پېری
👻	بلا, د ښاپيرو کيسه, شيشکه, مخ, مخلوق
👽️	اوفو, توريد, د بلې زمکې, مخ, مخلوق, پرديو, پردیو
👾	اوفو, بلا, د بلې زمکې, مخ, مخلوق, ناشنا, ناشنا بلا
🤖	بلا, روبوټ, مخ
😺	برسېره, خندېدونکی, خوله, د پيشو خندېدونکی مخ, مخ, مسکا, پيشو
😸	خندېدونکی, خندېدونکی پيشو د مسکېدونکي سترګو ستره, سترګه, مخ, مسکا, پيشو
😹	اوښکې, خوشالي, مخ, پيشو, پيشو د خوشالۍ د اوښکو سره
😻	زړه, سترګه, مخ, مسکا, مسکېدلی پيشو د زړه د سترګو سره, مينه, پيشو
😼	د ملنډې مسکا, مخ, مسکا, پيشو, پيشو د کږې خندا سره, کوږ
😽	سترګه, مخ, مچول, مچوونکی پيشو, پيشو
🙀	او, حيران, ستړی, ستړی پيشو, مخ, پيشو
😿	اوښکې, خپه, مخ, پيشو, ژړل, ژړېدونکی پيشو
😾	مخ, پيشو, ډېوه خولی, ډېوه خولی پيشو
🙈	وګورئ بریښنايي بندر
🙉	اوریدل بریښنايي بندر
🙊	غږېدل بریښنايي بندر
💋	شونډي, مچو, مچو نښه
💌	د مینې لیک, زړه, لیک, مینه
💘	تیر, تیر وهلی زړه, تیر وهلۍ زړه, کاپي
💝	تړلۍ, تړلۍ زړه, عاشقانو ورځ
💖	زړه پوری, ځلاداره, ځلاداره زړه
💗	زړه پوری, ضربان, غټیدونکې, غټیدونکې زړه, وارخطا
💓	زړه ضربان, ضربان, ضربان زړه, ځړولی
💞	تړلۍ, تړلۍ زړونه
💕	دوه زړونه, مینه
💟	زړه, سینګار زړه
❣️	د زړه ندا, ندا, نښه, وقفه
💔	مات, مات زړه, مات شوی
❤‍🔥	زړه, زړه اور, سوځول, سپیڅلی زړه, شوق, مینه
❤‍🩹	حي, روغول, وده کول, ښه, ښه کول, ښه کول زړه
❤️	زړه, سور زړه
🧡	نارنجی, نارنجی زړه
💛	ژیړ, ژیړ زړه
💚	شین, شین زړه
💙	اسماني, اسماني زړه
💜	بنفش, بنفش زړه
🤎	زړه, نسواري, نسواري زړه
🖤	بد, تور, تور زړه, شر
🤍	زړه, سپين, سپين زړه
💯	100, بشپړه, سل, سل ټکي, نمرې
💢	د قهر نښه, قهر, لیونۍ, مسخره
💥	بوم, تکړ, مسخر, ټکر
💫	ستورۍ, سربدال, مسخره
💦	خوله, خولو څاڅکی, لري کول, مسخره
💨	لري, لري کول, مسخره, منډه وهل
🕳️	سورۍ
💣️	بم, مسخره
💬	بیان, بیان پوګاڼه, خبري, مسخره, پوګاڼه
👁‍🗨	سترګه, شاهد, غږ پوقاڼه, غږ پوقاڼه کې سترګه, غږ پوګاڼه کې سترګه
🗨️	بیان, خبري, د بیان چپه پوګاڼه
🗯️	قهر, لیونۍ, پوګاڼه, ښې خوا قهر پوګاڼه, ښې خوا قهرپوګاڼه
💭	د خبرو پوقانه, فکر, مسخره l, پوګاڼه
💤	zzz, خوب, مسخره
👋	خورول, خوځول, لاس, لاس خورول
🤚	اوچت, لاس شاخوا, لاس شاخوا اچوتول
🖐️	لاس, پنجه, ګوته
✋	اوچت لاس, لاس
🖖	لاس, ټوپ, ښه, ښه راغلاست, ګوتي
🫱	لاس, ښي, ښي لاس, ښي لاس ته
🫲	لاس, کی, کیڼ اړخ ته, کیڼ لاس
🫳	بو, غورځول, ورغوې ښکته اړخ لاس, ګوښه کول
🫴	اشاره, راځئ, نیول, ورغوس پورته لاس, وړاندیز
👌	اوکی, اوکی لاس, لاس
🤌	تفتيش, تنزيه, د لاس اشاره, چونګ, چونګ ګوتې, ګوتې
🤏	سکونډونکی لاس, کوچنی مقدار
✌️	v, بریا, د بریا نښه, لاس
🤞	بخت, لاس, متقاطع, متقاطع ګوتي, ګوتي
🫰	د شاخص د ګوتو او ګوتو سره لاس تېر شو, زړه, سنیپ, مینه, پیسې, ګران
🤟	ILY, د مینې اشاره, لاس
🤘	دوشاخ, دوشاخه, لاس, مست, ګوتي
🤙	زنګ, زنګ وهلو اشاره, لاس
👈️	اشاره, د لاس شا, شهادت ګوته, لاس, په چپ لاس په شهادت ګوته اشاره کول, ګوته
👉️	اشاره, د لاس شا, شهادت ګوته, لاس, په ښي لاس په شهادت ګوته اشاره کول, ګوته
👆️	شهادت ګوته, شهادت ګوته لاس شاخوا پورته نیول, شهادت ګوته پورته نیول, لاس, پورته, ګوته
🖕	لاس, منځنې ګوته, ګوته
👇️	اشاره, شهادت ګوته, لاس, لاس شاخوا, لاندي, په شهادت ګوته لاس شاخوا لاندي اشاره کول, ګوته
☝️	شهادت ګوته, شهادت ګوته پورته نیول, لاس, پورته, ګوته
🫵	point, you, شاخص لیدونکی ته اشاره کول
👍️	+1, غټه ګوته, لاس, پورته, ډیر ښه
👎️	+1, غټه ګوته, لاس, ډیر بد
✊	سوک, لاس, موټي, موټۍ پورته نیول
👊	سوک, لاس, مخامخ موټۍ, موټۍ
🤛	موټۍ, چپ خوا, چپ موټۍ
🤜	موټۍ, ښۍ خوا, ښۍ موټۍ
👏	لاس, لاسونه پړکول, پړکول
🙌	اشاره, اوچت, لاس, لاسونه اوچتول, لاسونه اوچول, لمانځل, هوری
🫶	زړه لاسونه, مینه
👐	خلاص, خلاص لاسونه, لاس
🤲	عبادت, لپه لاسونه
🤝	خوځول, ستړې مشي, لاس, ملاقات, موافقه
🙏	اشاره, بند, عبادت, غوښتل, لاس, مننه, مننې لاسونه, مهربانی, پوښتنه
✍️	لاس, لیکل, لیکونکې لاس
💅	رنګ, مانیکیور, نوک, نوکانو رنګ, پاملرنه, کاسمټکیس
🤳	سيلفي, فون, کامره
💪	انعطاف, انعطافی مټې, عضلي, مسخره, مټې
🦾	لاسرسی, مصنوعي اندام, ميخانيکي مټ
🦿	لاسرسی, مصنوعي اندام, ميخانيکي پنډۍ
🦵	اندام, لته, پنډۍ
🦶	لته, په موټي وهنه, پښه
👂️	بدن, غوږ
🦻	غوږ د اورېدنې د مرستې سره, لاسرسی, په غوږونو کوڼ
👃	بدن, پوزه
🧠	ذکاوت, مغز
🫀	د زړه درزا, د زړه عضو, د زړونو پوهه, درزا, عضو, مرکز
🫁	سا اخيستل, سا راکښل, سا ويستل, سګي, عضو
🦷	دندان ساز, غاښ
🦴	هډوکی, ډهانچه
👀	سترګي, سرتګه, مخ
👁️	بدن, سترګه
👅	بدن, ژبه
👄	خوله, شونډي
🫦	اعصاب, اندیښنه, د ټي کولو شونډی, نا ارامه, ناز وهنه, ویره
👶	ځوان, کوچنی
🧒	بې پلوه جنسیت, غیرمعین جنس, ماشوم, ځوان
👦	هلک, ځوان
👧	د وږي مياشت, زېږگه, نجلۍ, ځوان
🧑	بالغ, شخص, نامعلومه جنس, نرښځۍ
👱	د زيړ ويښتانو, د زيړ ويښتانو شخص, شخص: د سرو ويښتانو, وېښتان
👨	سړی
🧔	سړی, سړی: ږيره, شخص, ږيره
🧔‍♂	سړی, سړی: ږیره, ږیره
👱‍♂	د زېړ ويښتانو, د زېړ وېښتانو سړی, سړی, سړی: د زيړ وېښتانو, وېښتان
👩	ښځه
🧔‍♀	ږیره, ښځه, ښځه: ږیره
👱‍♀	د زېړ ويښتانو ښځه, زېړ ويښتان, ويښتان, ښځه, ښځه: د زېړ وېښتانو
🧓	بالغ, زوړ, زوړ شخص, نامعلومه جنس, نر ښځۍ
👴	بالغ, زوړ, زوړ سړی, سړی
👵	بالغ, زوړ, زړه ښځه, ښځه
🙍	اشاره, شخص وروځې راغورځوي, وروځې روغورځول
🙍‍♂	اشاره, سړی, سړی وروځې راغورځوي, وروځې راغورځول
🙍‍♀	اشاره, وروځې راغورځول, ښځه, ښځه وروځې راغورځوي
🙎	اشاره, تندی کوت کول, شخص تندی کوت کوي
🙎‍♂	اشاره, تندی کوت کول, سړی, سړی تندی کوت کوي
🙎‍♀	اشاره, تندی کوت کول, ښځه, ښځه تندی کوت کوي
🙅	اشاره, شخص د نه اشاره کوي, لاس, ممنوع, منع کول
🙅‍♂	اشاره, سړی د نه اشاره کوي, لاس, ممنوع, منع کول
🙅‍♀	اشاره, لاس, ممنوع, منع کول, ښځه د نه اشاره کوي
🙆	اشاره, او کی, شخص د او کی اشاره کوي, لاس
🙆‍♂	اشاره, او کی, سړی, سړی د او کی اشاره کوي, لاس
🙆‍♀	اشاره, او کی, لاس, ښځه, ښځه د او کی اشاره کوي
💁	شخص لاس ښايي, لاس, لاس ښوول, مرسته, معلومات
💁‍♂	ساسي, سړی, سړی لاس ښايي, لاس ښوول
💁‍♀	ساسي, لاس ښوول, ښځه, ښځه لاس ښايي
🙋	اشاره, اوچت کړي, خوشاله, شخص لاس اوچتوي, لاس
🙋‍♂	اشاره, سړی, سړی لاس اوچتوي, لاس اوچتول
🙋‍♀	اشاره, لاس اوچتول, ښځه, ښځه لاس اوچتوي
🧏	اورېدل, غوږ, لاسرسی, کوڼ, کوڼ شخص
🧏‍♂	سړی, کوڼ, کوڼ سړی
🧏‍♀	ښځه, کڼه, کڼه ښځه
🙇	اشاره, بخښنه, شخص ښکته کيږي, شخص ښکته کيږې, معذرت, ښکته کېدل
🙇‍♂	اشاره, بخښنه, سړی, سړی ښکته کيږي, مرسته, معذرت, ښکته کېدل
🙇‍♀	اشاره, بخښنه, معذرت, ښځه, ښځه ښکته کيږې, ښکته کېدل
🤦	بې زړه کيدل, بې يقيني, شخص مخ ته لاس نيولي, شخص مخ ته لاس نيولی, مخ ته لاس نيول, ورغوی
🤦‍♂	بې زړه کيدل, بې يقيني, سړي مخ ته لاس نيولی, سړی, مخ ته لاس نيول
🤦‍♀	بې زړه کيدل, بې يقيني, مخ ته لاس نيول, ښځه, ښځې مخ ته لاس نيولی
🤷	اوږې وهل, بې توپيرتوب, شخص اوږې پورته کوي, شک, ناپوهي
🤷‍♂	اوږې وهل, بې توپيرتوب, سړی اوږې پورته کوي, شک, ناپوهي
🤷‍♀	اوږې وهل, بې توپيرتوب, شک, ناپوهي, ښځه اوږې پورته کوي
🧑‍⚕	تهراپسټ, روغتيا ساتنه, روغتيايي کارمند, نرس, ډاکټر
👨‍⚕	تهراپسټ, د روغتيا پاملرنه, سړی روغتيايي کارکوونکی, نرس, ډاکټر
👩‍⚕	تهراپسټ, د روغتيا پاملرنه, نرس, ډاکټر, ښځه روغتيايي کارکوونکي
🧑‍🎓	محصل, ګرېجوېټ
👨‍🎓	سړی, سړی محصل, محصل, ګريجويټ
👩‍🎓	ښځه محصل
🧑‍🏫	معلم, پروفيسر, ښوونکی
👨‍🏫	سړی ښوونکی, سړی، ښوونکی پروفيسر، معلم
👩‍🏫	ښوونکی، پروفيسر، معلم، ښځه, ښځه ښوونکي
🧑‍⚖	تلې, قاضي
👨‍⚖	انصاف، سړی، سړی قاضي، تلې, سړی قاضي
👩‍⚖	تلې, قاضي, ښځه, ښځه قاضي
🧑‍🌾	بزګر, مالي, پادوان
👨‍🌾	بزګر، مالي، سړی، رينچر, سړی بزګر
👩‍🌾	بزګر, مالي, پادوان, ښځه, ښځه د بزګر
🧑‍🍳	اشپز, چف
👨‍🍳	اشپز, سړی, سړی پخوونکی, پخوونکی
👩‍🍳	اشپز, پخوونکی, ښځه, ښځه پخوونکی
🧑‍🔧	سوداګر, مستري, مېخانيک, پلمبر
👨‍🔧	تجار, سړی, سړی مستري, مستري, ميخانيک, پلمبر
👩‍🔧	تجار, مستري, ميخانيک, پلمبر, ښځه, ښځه مستري
🧑‍🏭	د فابريکې کارمند, صنعتي, فابريکه, يوځای کول, کارمند
👨‍🏭	سړی, سړی د فابريکې کارګر, صنعتي, فابريکه, يوځای کول, کار کوونکی
👩‍🏭	صنعتي, فابريکه, يوځای کول, ښځه, ښځه د فابريکې کارګر, کار کوونکی
🧑‍💼	دفتري کارمند, سپين کالر, مدير, مهندس, کاروبار
👨‍💼	سپين پوس, سړی, سړی دفتري کارګر, منتظم, مهندس, کاروبار
👩‍💼	سپين پوس, سړی دفتري کارګر, منتظم, مهندس, ښځه دفتر کارګر, کاروبار
🧑‍🔬	انجينير, د فزکس پوهاند, نبات پوه, څېړونکی, کمياګر
👨‍🔬	انجينير, د بيالوژي پوهاند, د فزکس پوهاند, سائينس دان, سړي څېړونکی, کيميا ګر
👩‍🔬	انجينير, د بيالوژي پوهاند, د فزکس پوهاند, سائينس دان, ښځه څېړونکی, کيميا ګر
🧑‍💻	تيکنالوجست, سافټ ويير, موجد, ډيويلپر, ښځه, ښځه تکنالوجست, کوډر
👨‍💻	تيکنالوجست, سافټ ويير, سړی, سړی تکنالوجست, موجد, ډيويلپر, کوډر
👩‍💻	تيکنالوجست, سافټ ويير, موجد, ډيويلپر, ښځه, ښځه تکنالوجست, کوډر
🧑‍🎤	اکټر, خوشالوونکی, راک, ستوری, سندرغاړی, ښځه, ښځه سندرغاړی, ښځه سندرغاړې
👨‍🎤	اکټر, خوشالوونکی, راک, ستوری, سندرغاړی, سړی, سړی سندرغاړی
👩‍🎤	اکټر, خوشالوونکی, راک, ستوری, سندرغاړی, ښځه, ښځه سندرغاړې
🧑‍🎨	فنکار, پليټ
👨‍🎨	سړی, سړی فنکار, فنکار, پليټ
👩‍🎨	تخته, فنکار, ښځه, ښځه فنکار
🧑‍✈	الوتکه, پيلوټ
👨‍✈	الوتکه, سړی, سړی پيلوټ, پيلوټ
👩‍✈	الوتکه, پيلوټ, ښځه, ښځه پيلوټ
🧑‍🚀	راکټ, فضانورد
👨‍🚀	راکټ, سړی, سړی فضانورد, فضانورد
👩‍🚀	راکټ, فضانورد, ښځه, ښځه فضانورد
🧑‍🚒	اور وژونکی, د اور وژنې کارمند, د اور ټرک
👨‍🚒	اور وژونکی, د اور وژنې ټرک, سړی, سړی اور وژونکی
👩‍🚒	اور وژونکی, د اور وژنې ټرک, ښځه, ښځه اور وژونکی
👮	افسر, د پولیسو افسر, پوليس, کاپ
👮‍♂	افسر, سړی, سړی د پولیسو افسر, پوليس, کاپ
👮‍♀	افسر, پوليس, ښځه, ښځه د پولیسو افسر, کاپ
🕵️	جاسوس, پټ پوليس, کشفي
🕵‍♂	جاسوس, سړی, سړی کشفي, پټ پوليس, کشفي
🕵‍♀	جاسوس, پټ پوليس, ښځه, ښځه کشفي, کشفي
💂	ساتونکی
💂‍♂	ساتونکي, سړی, سړی ساتونکي
💂‍♀	ساتونکي, ښځه, ښځه ساتونکي
🥷	جنګېدونکی, ننجا, په پټه, پټ
👷	خولۍ, ساختماني, ساختماني کارکونکي, کارکونکي
👷‍♂	ساختماني, سړی, سړی ساختماني کارګر, کارګر
👷‍♀	ساختماني, ښځه, ښځه ساختماني کارګر, کارګره
🫅	د تاج کس, رائلټي, ریګال, نوبل, پاچا
🤴	شهزاده
👸	خيال, د ښاپيرو کيسه, شهزادګی, شهزادګۍ, شهزادگۍ
👳	شخص لونګۍ په سر, لونګۍ
👳‍♂	سړی, سړی لونګۍ په سر, لونګۍ
👳‍♀	لونګۍ, ښځه, ښځه لونګۍ په سر
👲	خولۍ, سړی, سړی د چینایی کیپ سره, ګو پي ماو
🧕	سرتړونی, منټيلا, ټيچل, پرده, ښځه د سرکوف سره
🤵	سړی په ټکسيډو کې, ټکسيډو, چنغل
🤵‍♂	سړی, سړی په تکزیدو, سړی په ټکسیدو, ټکسیدو
🤵‍♀	ټکسیدو, ښځه, ښځه په ټکسیدو
👰	حجاب, ناوي په حجاب کې, ناوې, واده
👰‍♂	سړی, سړی د پرده لرونکی, سړی د پردې, پرده
👰‍♀	پرده, ښځه, ښځه د پردې سره
🤰	امیندواره, امیندواره ښځه, ښځه
🫃	امیندواره, امیندواره سړی, بشپړ, نس, پړسیدلی
🫄	امیندواره, امیندواره کس, بشپړ, نس, پړسیدلی
🤱	د سينې شيدې ورکول, سينه, شيدې ورکول, ماشوم, نرسنګ
👩‍🍼	خواړه ورکول, رنځورپالنه, سړی, ماشوم, ښځه ماشوم تغذیه کوي
👨‍🍼	خواړه ورکول, رنځورپالنه, شخص, ماشوم, یو شخص ماشوم ته خواړه ورکوي
🧑‍🍼	شخص ماشوم ته خواړه ورکوي, ماشوم ، خواړه ورکول، رنځورپالنه، شخص, یو شخص ماشوم ته خواړه ورکوي
👼	خيال, د ښاپيرو کيسه, فرشته, ماشوم, ماشوم فرښته, مخ
🎅	بابا, سانټا, سانټا کلاز, لمانځل, کرسمس, کلاز
🤶	سانټا, لمانځل, مور, ميرمن کلاز, کرسمس, کلاز
🧑‍🎄	میکس کلاز, کلاز، کرسمس
🦸	اتل, اتله, لوي اتل, لوي قوت, ښه
🦸‍♂	اتل, سړی, سړی لوي اتل, لوي قوت, ښه
🦸‍♀	اتل, اتله, لوي اتل, ښځه, ښځه لوي اتله
🦹	جنايتکار, خراب, لوي قوت, لوي ورانکاری, ورانکاری
🦹‍♂	جنايتکار, خراب, سړی لوي ورانکاری, لوي قوت, ورانکاری
🦹‍♀	جنايتکار, خراب, لوي قوت, ورانکاری, ښځه لوي ورانکاری, ښځه لوي ورانکارې
🧙	جادوګر, جادوګره, مداري, ويزارډ, کوډګره
🧙‍♂	جادوګره, سړی جادوګر, کوډګر
🧙‍♀	جادوګره, ښځه جادوګره, کوډګره
🧚	اوبيرون, تيتانيه, پک, ښاپيرۍ
🧚‍♂	اوبيرون, سړی خاپېری, پک
🧚‍♀	تيتانيه, ښځه ښاپيرۍ
🧛	بلا, نامړ, ډریکولا
🧛‍♂	سړی بلا, نا مړ, ډریکولا
🧛‍♀	نامړ, ښځه بلا
🧜	مرميډ مرمين, مرپرسن, مرښځه
🧜‍♂	مرمین, ټريټان
🧜‍♀	مرمیڈ
🧝	جادويي, ګوړا
🧝‍♂	جادويي, سړی ګوړا
🧝‍♀	جادويي, ښځه ګوړا
🧞	جين, جینی
🧞‍♂	جين, سړی جینی
🧞‍♀	جين, ښځه جینی
🧟	زومبي, زومبی, مړ ګرځېدل, نا مړ
🧟‍♂	سړی زومبي, سړی زومبی, نامړ, ګرځنده مړی
🧟‍♀	نامړ, ښځه زومبي, ښځه زومبی, ګرځنده مړی
🧌	افسانوی کيسه, خیال, مونسٹر, پیری
💆	سالون, شخص مالش ترلاسه کوي, مالش, مخ
💆‍♂	سړی, سړی مالش ترلاسه کوي, مالش, مخ
💆‍♀	مالش, مخ, ښځه, ښځه مالش ترلاسه کوي
💇	شخص پرېټ کوي, نايي, پارلر, پرېټ, ښکلا
💇‍♂	سړی, سړی پرېټ کوي, پرېټ
💇‍♀	پرېټ, ښځه, ښځه پرېټ کوي
🚶	تګ, روان, روان شخص, په غر ختل
🚶‍♂	تګ, روان سړی, سړی, په غر ختل
🚶‍♀	تګ, روانه ښځه, په غر ختل, ښځه
🧍	ولاړ, ولاړ شخص, پاڅه
🧍‍♂	سړی, ولاړ, ولاړ سړی
🧍‍♀	ولاړه, ولاړه ښځه, ښځه
🧎	شخص چوکېږي, چوکېدل, چوکېږي
🧎‍♂	سړی, سړی چوکېږي, چوکېږي
🧎‍♀	چوکېږي, ښځه, ښځه چوکېږي
🧑‍🦯	شخص د معلولينو د امسا سره, لاسرسی, ړوند
👨‍🦯	سړی, سړی د معلولينو د همسا سره, لاسرسی, ړوند
👩‍🦯	رسوړتيا, ړوند, ښځه, ښځه د معلولينو د همسا سره
🧑‍🦼	د معلولينو چوکۍ, شخص د معلولينو په موټر چوکۍ کې, لاسرسی
👨‍🦼	د معلولينو چوکۍ, رسوړتيا, سړی, سړی د معلولينو په موټر چوکۍ کې
👩‍🦼	د معلولينو چوکۍ, رسوړتيا, ښځه, ښځه د معلولينو په موټر چوکۍ کې
🧑‍🦽	د معلولينو چوکۍ, شخص د معلولينو په لاسي چوکۍ کې, لاسرسی
👨‍🦽	د معلولينو چوکۍ, رسوړتيا, سړی, سړی د معلولينو په لاسي چوکۍ کې
👩‍🦽	د معلولينو چوکۍ, رسوړتيا, ښځه, ښځه د معلولينو په لاسي چوکۍ کې
🏃	شخص ځغلي, ميراتن, ځغښټ
🏃‍♂	سړی, سړی ځغلي, منډه وهل, ميراتن, ځغښت
🏃‍♀	منډه وهل, ميراتن, ځغښت, ښځه, ښځه ځغلي
💃	نڅا, ښځه, ښځه نڅيږې
🕺	سړی, سړی نڅيږې, نڅا
🕴️	سوټ, سړي په کالو کې اوچتيږي, سړی, کاروبار
👯	خلک د سويې غوږونو سره, د سويې غوږ, نڅا کوونکی, پارټي کول
👯‍♂	د سويې غوږ, سړی د سويې غوږونو سره, نڅا کوونکی, پارټي کول
👯‍♀	د سويې غوږ, نڅا کوونکی, پارټي کول, ښځه د سويې غوږونو سره, ښځې د سويې غوږونو سره
🧖	د پخار خونه, ساونا, شخص د پخار په خونه کې
🧖‍♂	د پخار خونه, ساونا, سړی د پخار په خونه کې
🧖‍♀	د پخار خونه, ساونا, ښځه د پخار په خونه کې
🧗	ختونکی, شخص هسکيږې, شخص هسکېږي
🧗‍♂	ختونکی, سړی هسکيږې, سړی هسکېږي
🧗‍♀	ختونکی, ښځه هسکيږې
🤺	توره, جنګېدل, جنګېدونکی, شخص جنګېدل
🏇	آس, آس ځغلي, جوکي, د ځغښټ آس, ځغښت
⛷️	سکي, سکير, سکیر, واوره
🏂️	سنو بورډ, سنو بورډر, سکي, واوره
🏌️	بال, شخص ګالف کوي, ګالف
🏌‍♂	سړی, سړی ګالف کوي, ګالف
🏌‍♀	ښځه, ښځه ګالف کوي, ګالف
🏄️	سرفنګ, شخص سرفنګ کوي, شخص سرفنگ کوي
🏄‍♂	سرففنګ, سړی, سړی سرفنګ
🏄‍♀	سرفنګ, ښځه, ښځه سرفنګ
🚣	شخص کښتۍ چلوي, کښتۍ, کښتۍ چلول
🚣‍♂	سړی, سړی کښتۍ چلوي, کښتۍ, کښتۍ چلول
🚣‍♀	ښځه, ښځه کښتۍ چلوي, کښتۍ, کښتۍ چلول
🏊️	شخص لامبو وهي, لامبو
🏊‍♂	سړی, سړی لامبو وهي, لامبو
🏊‍♀	لامبو, ښځه, ښځه لامبو وهي
⛹️	بال, شخص بال تمبوي
⛹‍♂	بال, سړی, سړی بال تمبوي
⛹‍♀	بال, ښځه, ښځه بال تمبوي
🏋️	اوچتوونکی, شخص وزن پورته کوي, وزن
🏋‍♂	سړی, سړی وزن پورته کوي, وزن اوچتوونکی
🏋‍♀	وزن اوچتوونکی, ښځه, ښځه وزن پورته کوي
🚴	بايسيکل, سايکل چلول, سيکل چلوونکی, شخص بايک چلوي
🚴‍♂	بايسيکل, سايکل چلول, سيکل چلوونکی, سړی, سړی بايک چلوي
🚴‍♀	بايسيکل, بايکنګ, سايکل چلوونکی, ښځه, ښځه بايک چلوي
🚵	بايسيکل, بايسيکل چلوونکی, سايکل چلوونکی, شخص په غر بايک چلوي, غر
🚵‍♂	بايسيکل, بايسيکل چلوونکی, سايکل چلوونکی, سړی په غر بايک چلوي, غر
🚵‍♀	بايسيکل, بايسيکل چلوونکی, سايکل چلوونکی, غر, ښځه, ښځه په غر بايک چلوي
🤸	جمناسټک, سړی کارټ ويلنګ کوي, شخص کارټ ويلنګ کوي, کلابازي
🤸‍♂	جمناسټک, سړی, سړی کارټ ويلنګ کوي, کلابازي
🤸‍♀	جمناسټک, ښځه, ښځه کارټ ويلنګ کوي, کالبازي
🤼	خلک پهلواني کوي, پهلوان, پهلواني
🤼‍♂	سړي, سړي پهلواني کوي, پهلواني
🤼‍♀	پهلواني, ښځې, ښځې پهلواني کوي
🤽	اوبه, شخص د اوبو پولو لوبه کوي, پولو
🤽‍♂	د اوبو پولو, سړی, سړی د اوبو پولو لوبه کوي
🤽‍♀	د اوبو پولو, ښځه, ښځه د اوبو پولو لوبه کوي
🤾	بال, شخص د هنډبال لوبه کوي, هينډ بال
🤾‍♂	سړی, سړی د هنډ بال لوبه کوي, سړی د هنډبال لوبه کوي, هينډ بال
🤾‍♀	هينډ بال, ښځه, ښځه د هنډبال لوبه کوي
🤹	توازن, زيات کارونه, شخص جادو کوي, مهارت, کرتب
🤹‍♂	جادو کول, زيات کارونه, سړی, سړی جادو کوي
🤹‍♀	جادو کول, زيات کارونه, ښځه, ښځه جادو کوي
🧘	شخص د پرلت په حالت کې, مراقبه, يوګا
🧘‍♂	سړی د پرلت په حالت کې, مراقبه, يوګا
🧘‍♀	مراقبه, يوګا, ښځه د پرلت په حالت کې
🛀	د غسل ټب, شخص غسل کوي, غسل
🛌	خوب, شخص په بستره کې, هوتل
🧑‍🤝‍🧑	جوړه, خلکو لاسونه نيولي, شخص, لاس, لاسونه نيول, نيول
👭	جوړه, دوه ښځو لاسونه نيولي, لاس, لاسونه نيول, ښځه
👫	جوړه, سړی, سړی او ښځه لاس په لاس کې, لاس, نيول, ښځه
👬	جوړه, جيميني, دوه سړو لاسونه نيولي, سړی, غبرګوني, لاسونه نيول, مرغومی
💏	جوړه, مچول
💑	جوړه, د زړه سره جوړه, مينه
👪️	کورنۍ
🗣️	بې مخ, خبرې کول, د خبرو سر, سر, مخ, وييل
👤	بسټ, بې مخ, بې مخه سړی
👥	بسټ, بې مخ, بې مخه سړي, پرته له مخ سړي
🫂	خدای پامانيۍ, خلک غاړۍ کيږې, مننه, هيلو
👣	لباس, نښه, پښو نښه, پښو نښي
🦰	جينګر, سره ويښتان, سور سر
🦱	افرو, لوپه, لوپه ويښتان, کجک
🦳	بوډا, خړ, سپين, سپين ويښتان, ويښتان
🦲	بې ويښانو, بې ويښتو, خرېدلې, کيموتراپي, ګنجى
🐵	بيزو, د بيزو مخ, مخ
🐒	بيزو
🦍	ګوریلا
🦧	بيزو, وحشي سړى
🐶	سپی, سپی مخ, مخ, کورنی څاروی
🐕️	سپی, کورنی څاروی
🦮	لارښود, لارښوونی سپی, لاسرسی, ړوند
🐕‍🦺	خدمت, د خدمت سپی, سپی, لاسرسی, ملاتړ
🐩	ببر سپی, سپی
🐺	لېوه, مخ
🦊	مخ, ګيدړه
🦝	حيادار, رکون, پلټونکی
🐱	مخ, پيشو, پيشو مخ, کورنی څاروی
🐈️	پيشو, کورنی څاروی
🐈‍⬛	بدمرغه, توره, توره پیشو, پیشو
🦁	اسد, شېر, ليو, مرغومی
🐯	مخ, پړانګ, پړانګ مخ
🐅	پړانګ
🐆	چيته
🐴	آس, د آس مخ, مخ
🐎	آس, چغل، آس، د ځغښت آس، ځغښت
🦄	مخ, يو ښکر لرونکی ژوي
🦓	زبرا, پټې، زيبرا
🦌	هوسۍ
🦬	اروپايي بايسن, بايسن, رمه, مېښۀ
🐮	غوا مخ
🐂	غوايي، غويي، ټاورس، مرغومی, غوایی
🐃	د اوبو مېښه, مېښه، اوبه
🐄	غوا
🐷	د سور مخ, مخ، سور
🐖	سور, سور، سو
🐗	بور, بور, سور
🐽	سور پوزه, نخ، پوزه، سور
🐏	پسه, پسه، نر، ورې، ګډه، مرغومی
🐑	ميږه، ښځينه۔ ګډه, مېږه
🐐	غرڅه، وزه، مرغومی, وزه
🐪	اوښ, اوښ، د يو بوک اوښ، بوک
🐫	باکتريان، اوښ، بوک، د دوه بوکو اوښ, د دوه بوکو اوښ
🦙	الپاکا، ګوناکو، لاما، ويکونا، وړۍ, لاما
🦒	زرافه, زرافه، نښانونه
🐘	هاتي
🦣	لوی
🦏	ګرګدن
🦛	د اوبو آس
🐭	مخ، موږک, موږک مخ
🐁	موږک
🐀	خاڼی
🐹	مخ, موش خرما, کورنی ځناور
🐰	سويه مخ, سويه، مخ، کورنی څاروی،
🐇	سويه, سويه، کورنی څاروی
🐿️	چپمنک, چپمنګ، خاڼې
🦫	داوبو سپى, مورينه
🦔	شکوڼ, شکوڼ، سپايني
🦇	ماښامی, ماښامی, ښاپيرک
🐻	اېږ, د اېږ مخ
🐻‍❄	آرټیک, خرس, سپین, قطبي خرس, قطبی خرس
🐨	کوالا, کوالا، ايږ
🐼	مخ, پانډا
🦥	دجنوبي امريکا ژوى, سست, لټ
🦦	خوشاله, د اوبو ژوى, کبان نيول
🦨	ناوړه بوى, يوډول امريکايي پيش پړانګ
🦘	آسټراليا، جوي، ټوپ، کينګرو، مارسوپيل, کينګرو
🦡	ګورګښه, ګورګښه، د شاتو ګوګښه، پسټر
🐾	د پنجې نښانونه, پښه، پنجه، د پنجې نښانونه، نښان
🦃	مرغ، پيل مرغ, پيل مرغ
🐔	مرغۍ، چرګ, چرګ
🐓	بانګي, مرغۍ، بانګي
🐣	چرګوړی راوتل, کوچنی، مرغۍ، چرګوړی، راوتل
🐤	چرګوری, کوچنی، مرغۍ، چرګوړی
🐥	مخامخ چرګوری, کوچنۍ، مرغه، چرګوړی، مخامخ چرګوړی،
🐦️	مرغه
🐧	مرغه، پينګوين, پینگوین
🕊️	مرغۍ، کوتره، الوتل، امن, کوتره
🦅	عقاب, مرغۍ، عقاب
🦆	مرغه، هيلۍ, هيلۍ
🦢	قو, مرغه، سيګنت، قو، بدشکله د هيلۍ بچی
🦉	مرغه، کونګ، اوښيار, کونګ
🦤	ختمديل, لوی, ماريشس, ډوډو
🪶	الوتل, بڼې, سپک, مرغۍ, وزرې
🦩	حاره, غزى، ډينګ, ځلند
🦚	،مرغه، رنګارنګ، طاوس، طاوسه،, طاوس
🦜	طوطي, مرغه، طوطي، ډاکو، خبرې کول
🐸	مخ, ځينګښ
🐊	تمساح
🐢	شمشتۍ, کيشپ، شمشتۍ
🦎	لټکه, لټکه، ريپټايل
🐍	بيرر، اوپيوچس، ښامار، مار، مرغومی, مار
🐲	ژدهار مخ, ژدهار، مخ، د ښاپيرو کيسه
🐉	ژدهار, ژدهار، د ښاپيرو کيسه
🦕	سوروپډ
🦖	ټایرانوساروس-ریکس, ټي-ریکس
🐳	مخ، ګرداوی، ويل, ګرداوی ويل
🐋	ويل
🐬	دولفين, دولفين، فليپر
🦭	د اوبو زمری, سيل
🐟️	زوډیک, پیسس, کب
🐠	ګرمسير کب
🐡	بلوکب, کب
🦈	شارک, کب شارک
🐙	اکتوپس
🐚	ګول سيپۍ, ګول، سيپۍ
🪸	سمندر, مرجان, ټاپوزمه
🐌	شاپېټی
🦋	پتنګ, پتنګ، حشره، ښايسته, کمبلۍ
🐛	سپږۍ, شپږۍ، حشره
🐜	ميږی, ميږی، حشره
🐝	د شاتو مچۍ, مچۍ، د شاتو مچۍ، حشره
🪲	حشره, خزدکه, سپږۍ, پالپونکه
🐞	پالپونکه, پالپونکه، حشره، ګنګوټۍ
🦗	حشره, حشره، ملخ
🪳	حشره, روچ, مضره حشره, ګړندى
🕷️	حشره، غڼې, غڼې
🕸️	د غڼې ويب
🦂	شوبلکه, شوبلکه، لړم، مرغومی
🦟	غوماشه, ناروغي، تبه، حشره، مليريا، غوماشه، ويروس
🪰	حشره, سخا کېدل, مضره حشره, مچ, ناروغي
🪱	د زمکې چينجی, طفيله, چينجی
🦠	اميبا، بيکتيريا، ميکروب، ويروس, مايکروب
💐	دګلوګېډى, دګلوګېډى، ګل
🌸	د سرکۍ ګل, ګل، سرکۍ، ګل
💮	سپين ګل, ګل، سپين ګل
🪷	بودیزم, خالص, نيلو فر, هند, هندوزم, ویتنام, ګل
🏵️	بوټى، وريښمين ګل, وريښمين ګلى
🌹	ګل، ګلاب, ګلاب
🥀	مړاوي ګل
🌺	هميش ګل, ګل، هميش ګل
🌻	لمر ګلی, ګل، لمر، لمر ګلى
🌼	غوزه, غوزه، ګل
🌷	غاټول, ګل، غاټول
🌱	تخم, تخم، ځوان
🪴	بې هدفه, تنګوونکی, د ننګرۍ بوټی, لويدل, لويدونکی, ډيم, کور
🌲	تل زرغون ونه
🌳	غورځونکي ونې, غورځونکې ونې، غورځونکې، ونه
🌴	خجوره، ونه, د خجورې ونه
🌵	کيکټس، بوټی, کیکټس
🌾	شولې, غوږ، دانه، وريجې، شولې
🌿	بوټی, بوټی، پاڼه
☘️	بوټي، شفتل, شفتل
🍀	د څلورو پاڼو شفتل, ۴، شفتل، څلور، د څلورو پاڼو شفتل، پاڼه
🍁	غورځېدونکې، پاڼه، ميپل, میپل پاڼی
🍂	غورځېدلې پاڼه, غورځېدلې پاڼه، غورځېدونکې، پاڼه
🍃	الوتل، خوزېدل، پاڼه، په باد کې خوزېدونکې پاڼه، باد, په باد کې خوزېدونکې پاڼه
🪹	تش ځاله, ځال ځړول
🪺	د هګو سره ځاله, ځاله ځړول
🍇	انګور, شنه ميوه
🍈	خټکى, شنه مېوه
🍉	شنه مېوه, هندواڼه
🍊	سنتره, شنه مېوه, مالټا
🍋	تريو, شنه مېوه, ليمو
🍌	شنه مېوه, کيله
🍍	انناس, شنه مېوه
🥭	آم, شنه مېوه, ګرمسېر
🍎	سره مڼه, مڼه، ميوه، سره
🍏	شنه مڼه, مڼه، مېوه، شنه
🍐	مېوه، ناشپاتۍ, ناشپاټي
🍑	شفتالو, مېوه، شفتالو
🍒	بيري، سرکۍ، مېوه، سور, سرکۍ
🍓	بيري، مېوه، ځمکنی توت, ځمکنی توت
🫐	اسماني, بلبري, بلو بيري, بلو بيريز, توت
🥝	خواړه، مېوه، کيوي, کیوی میوه
🍅	رومي, مېوه، رومي، سبزي
🫒	خواړه, زيتون
🥥	کو پره, کوپره، پام، پينا کولاډا
🥑	پاپيته, پاپيته، خواړه، مېوه
🍆	تور بانجان، سبزي, توربانجان
🥔	آلو, خواړه، آلو، سبزي
🥕	زردکه, زردکه، خواړه، سبزي
🌽	جوار، وږې، د جوار وږې، جوار, د جوار وږی
🌶️	مرچ, ګرم, ګرم مرچ
🫑	سبزي, شمله مرچ, مرچ, مرچکي
🥒	بادرنګ, بادرنګ، خواړه، اچار، سبزي
🥬	بکچوي، بند ګوپي، کيل، سلاد، کاهو, سلاد
🥦	ګوپې, ګوپې، ځنګلي بند ګوپي
🧄	خوند, ووږه
🧅	خوند, پياز
🍄	مرخېړى, مرخېړى، ګوڅي
🥜	خواړه، نټ، مونګ پلی، مونګ پلي، سبزي, مونګ پلي
🫘	خواړه, لوبيا, پلۍ, پښتورګو
🌰	خورماني, خورماني، ونه
🍞	ډوډۍ, ډوډۍ، ټکړه
🥐	ډوډۍ، د کلچو رول، کلچه، خواړه، فرنچ, کلچه
🥖	بکيټ، ډوډۍ، خواړه، فرنچ, بګیټ ډوډۍ
🫓	اريپا, نان, نرۍ ډوډۍ, پيتا, ډوډۍ
🥨	تروه کلچه, تروه کلچه، تاو شوې
🥯	بيکري, شميير, يو ډول کلچه
🥞	پینکیکونه, کريپ، خواړه، هاټ کيک، پينکيک، پينکيکونه
🧇	اوسپنه, بې تصميمه, کولچه
🧀	د پنیر پیښه, پنير، د پنير پاڼه
🍖	د هډوکي غوښه, هډوکي، غوښه، د هډوکي غوښه
🍗	د چرګانو پښه, هډوکی، چرګ، ډرمسټک، پښه، چرګ
🥩	د غوښې ټکړه, غوڅول، د غوښې ټکړه، د پيسه غوښه، د سور غوښه، تيکې
🥓	د خنځير غوښه, د خنځير غوښه، خواړه، غوښه
🍔	برګر، هامبرګر, هامبرګر
🍟	چپس
🍕	پنير، پيزا، ټکړه, پیزا
🌭	فرينکفرټر، هاټ ډاګ، هاټډاګ، چټني, هاټ ډاګ
🥪	سانډویچ
🌮	ټکو
🌯	بريټو
🫔	تاو شوې, تمالا, ميکسيکي
🥙	خړوب شوي ډک
🧆	غونډاری, فلافل, نخود
🥚	هګۍ, هګۍ، خواړه
🍳	پخلي, پخلي، هګۍ، وريتول، پان
🥘	د خواړو سطحي هرکاره, کيسيرول، خواړه، پايلا، هرکاره، سطحي، د خواړو سطحي هرکاره
🍲	د خوړو لوښي, لوښي، د خوړو لوښي،
🫕	ارکاره, سويس, لوښی, ويلي شوي, پنير, چکليټ
🥣	پياله او کاچوغه، سبانارې، سيريل، کونجي, پياله د کاچوغې سره
🥗	شنه سلاد
🍿	د جوارونينې
🧈	لبنيات, کوچ
🧂	مالګه, مساله، مالګه، شيکر
🥫	بند کړل شوي خواړه, بند، بند کړل شوي خواړه
🍱	د بینټو بکس
🍘	د وريجو کريکر, کريکر، وريجې
🍙	بال، جاپاني، وريجې, د وريجو بال
🍚	پخې وريجې, پخې، وريجې
🍛	وریجی, کري, کري وریجی
🍜	بړاس کوونکې پياله, پياله، مينچې، رامين، بخار کوونکې
🍝	مکروني, پاسته، مکروني
🍠	آلو، سور شوی، خوږ, سور شوی خوږ آلو
🍢	اوډین, سمندري خواړه, سټک, سکیور, کباب
🍣	سوشي
🍤	سور شوی چنګاښ, سور شوی، چنګاښ، شريمپ، تيمپورا
🍥	مچھلی کیک
🥮	سپوږمۍ کيک, فستيوال, منی, يوبنګ
🍡	ډانګو
🥟	غونډاری
🥠	د بخت بسکوټ, د بخت بسکوټ، پيش وينا
🥡	اویسټر پیل, وباسل بکس
🦀	سرطان, سرطان، چنګاښ، مرغومی
🦞	بسک، پنجه، لوبسټر، بحري خواړه, لوبسټر
🦐	خواړه، شل کب، چنګاښ، کوچنی, چنګاښ
🦑	خواړه، مولسک، سکويډ, سکویډ
🦪	سمندري صدف, غوپه وهل, مرواري
🍦	نرم آيس کریم
🍧	صحرا، کنګل، پالوده، خوږ, پالوده
🍨	آیس کریم, کريم، صحرا، کنګل، خوږ
🍩	خواږه، ډونټ، خوږ, ډونټ
🍪	بسکوټ, بسکوټ، خواږه، خوږ
🎂	د زېږېدنې ورځ، کيک، لمانځل، خواږه، پيسټري، خوږ, د زېږېدنې کیک
🍰	لنډ کیک, کيک، خواږه، پاسټري، لنډ کيک، ټکړه، خوږ
🧁	بيکري، کپ کيک، خوږ, کپ کيک
🥧	پائی, ډکول، پاسټري، پاي
🍫	بار، چاکليټ، خواږه، خوږ, د چاکلیټ بار
🍬	پتاسه, کينډي، خواږه، خوږ
🍭	لالیپپ, کينډي، خواږه، لاليپپ، خوږ
🍮	فرني, فرني، خواږه، شيريرنج، خوږ
🍯	د شاتو لوښی, شات، د شاتو لوښی، لوښی، خوږ
🍼	د ماشوم بوتل, ماشوم، بوتل، څښاک، شيدې
🥛	د شيدو ګيلاس, څښاک، ګيلاس، د شيدو ګيلاس، شيدې
☕️	څښاک، کافي، څکل، تود، جوشېدونکي، چاي, ګرم څښاک
🫖	د چای لوښی, لوښی, څښاک, چای
🍵	بې لاستي پياله, څښاک، پياله، څکل، چاي، د چاي پياله، بې لاستي پياله
🍶	بار، څښاک، بوتل، پياله، څکل، سيک, سیک
🍾	بار، بوتل، د پوپنګ کارک بوتل، کارک، څکل، پوپنګ, د پوپنګ کارک بوتل
🍷	بار، څښاک، څکل، ګيلاس، شراب, د شرابو ګلاس
🍸️	بار، کاکټيل، څکل، ګيلاس, د کاکټیل ګلاس
🍹	بار، څښاک، ګرمسېر, ګرمسېر څښاک
🍺	بار، بير، څکل، پياله, بير پياله
🍻	بار، بير، شړنګېدونکي د بير ګيلاسونه، څکل، غټ ګيلاس, د بير شړنګېدونکی غټ ګيلاس
🥂	شړنګېدونکی غټ ګيلاس, لمانځل، شړنګېدل، شړنګېدونکي ګيلاسونه، څکل، ګيلاس
🥃	جام ګلاس, ګيلاس، شراب، شاټ، جام، ويسکي
🫗	تویول, خالي, د مایع اچول, شیشه, څښاک
🥤	پياله د نيچې سره, پياله د نيچې سره، جوس، سوډا
🧋	الماس, ببل, ببل چای, شيدې, چای
🧃	د جوسو دبلی, د څښاک دبلی
🧉	يو ډول څښاک, څښاک
🧊	د کنګل مکعب, د کنګل يوه لويه ټکړه, سوړ, کنګل
🥢	چوپسټيکس, چوپسټيکس، هاشي
🍽️	پخلی، ښاخۍ، ښاخۍ او چاقو د پليټ سره، چاقو، پليټ, ښاخۍ او چاقو د پليټ سره
🍴	پخلی، چوړکۍ، ښاښۍ، ښاښۍ او چاقو، چاقو, ښاخۍ او چاقو
🥄	ټیبل ویر, کاشوغه
🔪	د پخلنځی چاقو, پخلی، هوچو، د پخلنځی چاقو، چاقو، وسله
🫙	خالي, ساس, مرتبان, مساله, پلورنځي, کانټینر
🏺	امفورا, امفورا، ايکويريس، پخلی، څکل، جګ، مرغومی
🌍	اروپا, افريقا, زمکه, نړۍ, نړۍ ښيي اروپا-افریقا, کره
🌎️	امريکا, زمکه, نړۍ, نړۍ ښيي امریکا
🌏	آسيا, آسټراليا, نړۍ, نړۍ ښيي آسیا - آسټرالیا, ځمکه
🌐	د نصف لنهار ليکه, نصف لنهار, نړۍ, نړۍ د نصف لنهارليکې سره, ځمکه, کره
🗺️	د نړۍ نقشه, نقشه, نړۍ
🗾	جاپان, د جاپان نقشه, نقشه
🧭	اورنټيرينګ, قطب نما, مقناطيسي, پلټنه
🏔️	د واورې ډک غر, غر, واوره, يخ
⛰️	غر
🌋	آتش فشان غر, آتش فشاڼ, راوتل, غر
🗻	د فوجي غر, غر, فوجي
🏕️	کیمپنګ
🏖️	ساحل د چتری سره, ساحل، ساحل د چترۍ سره، چترۍ
🏜️	دښته
🏝️	دښته، ټاپو, دښتې ټاپو
🏞️	ملي پارک, پارک
🏟️	لوبغالی
🏛️	کلاسيکي, کلاسيکې ودانۍ, کلاسیکي ودانۍ
🏗️	رغول, وداني رغول
🧱	خټه, خښته, خښتې, دېوال, مارټر
🪨	تړ, دروند, سخت, پرښه, ګټ
🪵	سلېپر, لاګ, لرګی, ګيلۍ
🛖	جونګړه, کور, کوډله, ګول کور
🏘️	کورونه
🏚️	متروک کور, کور
🏠️	استوګنځی, کور
🏡	استوګنځی, باغ, کور, کور د باغ سره
🏢	دفتري وداني, وداني
🏣	جاپاني, د جاپان پوستي دفتر, د جاپان پوستې دفتر, پوسته
🏤	اروپايي, پوسته, پوستي دفتر, پوستې دفتر
🏥	درمل, روغتون, ډاکټر
🏦	بانک, وداني
🏨	هوټل, وداني
🏩	د مينې هوټل, مينه, هوټل
🏪	اسانتیا, د آسانتيا پلورنځی, پلورنځی
🏫	وداني, ښوونځی
🏬	د څانګې, د څانګې پلورنځی, پلورنځی
🏭️	فابريکه, فابریکه, وداني
🏯	جاپاني, جاپاني کلا, کلا
🏰	اروپايي, کلا
💒	مينه, واده, وړه کليسا
🗼	توکيو, د توکیو ټاور, ټاور
🗽	خپلواکي, د خپلواکۍ مجسمه, مجسمه
⛪️	صليب, عيسايي, مذهب, کليسا, کلیسا
🕌	اسلام, جومات, مذهب, مسلمان
🛕	د هندوانو معبد, معبد, هندو
🕍	د يهودانو جومات, مذهب, يهود, يهودي, ګرجا
⛩️	شینټو, شینټو مزار, مذهب, مزار
🕋	اسلام, مذهب, مسلمان, کعبه
⛲️	مورينه
⛺️	خيمه, خيمه رغول
🌁	خوپه, دهند
🌃	ستوری, شپه, شپه د ستورو سره
🏙️	د ښار منظره, ښار
🌄	سهار, غر, لمر, لمر راختل, په غرونو کې لمر
🌅	سهار, لمر, لمر خاته, لمرخاته
🌆	د ښار منظره په ماښام کې, لمر لوېده, ماښام, منظره, ښار
🌇	لمر, لمر لوېده, ماښام
🌉	شپه, پل, په شپه کې پل
♨️	تود, تودې چينې, خوټکېدونکې, چينې
🎠	آس, کارطوس, کارطوس آس
🛝	Vote د لوبې د میدان ښویندې, تفریحي پارک, لوبه
🎡	د فيرس پايه, د لوبو ټوقو پارک, فيرس, پايه
🎢	رولر کوستر
💈	د نايي نښه, نايي, نښه, ويښتان پريکول
🎪	خیمه, د سرکس خیمه, سرکس
🚂	انجن, اور ګاړی, ريلوی, لوکوموتيو, پخار
🚃	اور ګاډی, برېښنايي, د اورګاډي موټر, ريلوی, موټر, ټرالي بس, ټرام
🚄	اور ګاډی, ريلوی, زيات سرعت ريل, زیات سرعت ريل, سرعت, شنکانسن
🚅	اور ګاډی, بلت, بلت ريل, ريلوی, سرعت, شنکانسن
🚆	اور ګاډی, ريلوی
🚇️	سبوی, ميترو, میترو
🚈	ريلوی, کوچنی اور کاډی
🚉	اور کاډی, تمځای, ريلوی
🚊	ټرالي بس, ټرام
🚝	مونوريل, مونوریل, ګاډی
🚞	د غره پټلۍ, ريلوی, غر, موټر
🚋	موټر, ټرالي بس, ټرام, ټرام موټر
🚌	بس, ګاډی
🚍️	بس, راتلونکی, راتلونکی بس
🚎	بس, ټرالي, ټرالي بس, ټرام
🚐	بس, کوچنی بس
🚑️	امبولانس, ګاړی
🚒	انجن, اور, د اور وژونکی انجن, ټرک
🚓	دپولیس موټر, موټر, پوليس, ګشت
🚔️	راتلونکی, راتلونکی پولیس موټر, موټر, پولیس
🚕	ټیکسي, ګاډی
🚖	راتلونکی, راتلونکی ټیکسي, ټیکسي
🚗	موټر, ګاډي, ګاډی
🚘️	راتلونکی, راتلونکی ګاډي, موټر, ګاړی
🚙	تفريحي, د سپورټ استعمال, د سپورټ د استعمال موټر
🛻	ټرک, پيکپ, پک اپ
🚚	د وړاندې کولو لارۍ, لارۍ, وړاندې کول
🚛	دوه سرويسه, لارۍ, نيمکړې, ټرک
🚜	ټراکټور, ګاړی
🏎️	ریسنگ, ریسنگ موټر, موټر
🏍️	ريسنګ, موټر سيکل, موټرسیکل
🛵	سکوټر, موټر, موټر سکوټر
🦽	د معلولينو لاسي چوکۍ, رسوړتيا
🦼	د معلولينو موټري چوکۍ, رسوړتيا
🛺	آټو رکشه, ټک ټک
🚲️	بايسکل, بايک
🛴	سکوټر, کک, کک سکوټر
🛹	تخته, سکيټبورډ
🛼	رولر, رولر سکيټ, سکيټ
🚏	بس, تم ځای, د بس تم ځای
🛣️	سړک, لوی سړک, موټروی
🛤️	اور ګاډی, د اورګاډي پټلۍ, ټرين
🛢️	تيل, د تیلو ډرم, ډرم
⛽️	د سونګ پمپ, سونګ, سټيشن, پمپ, ډيزل, ګاز
🛞	حلقه, موړ, ټایر, څرخ
🚨	تاوېدونکی, د رڼا مينار, د پولیسو موټر رڼا, رڼا, موټر, پوليس
🚥	افقي ټرافيکي رڼا, افقی ټرافيکي رڼا, رڼا, نښه, ټرافيک
🚦	رڼا, عمودي ټرافيکي رڼا, عمودی ټرافيکي رڼا, نښه, ټرافيک
🛑	اته ګوټې, تم ځای نښانې, نښه, ودرېږه
🚧	جوړول, خنډ, د جوړولو
⚓️	اله, بېړۍ, د لنګر, لنګر
🛟	خوندیتوب, زنګ وهونکی, لاموزن, ژغورنه, ژوند ژغورونکی
⛵️	بادباني کښتۍ, بحر, د سيل ځای, سيلبوټ, سیلبوټ, کښتۍ
🛶	وړه بېړۍ, کښتۍ
🚤	چټک کښتۍ, کښتۍ
🛳️	آبګوټ, مسافر, مسافر آبګوټ
⛴️	بېړۍ, مسافر, کښتۍ
🛥️	موټر کشتۍ, موټر کښتۍ, موټرکښتۍ, کښتۍ
🚢	بيړۍ, مسافر, کښتۍ
✈️	هوایی الوتکه
🛩️	هوايي الوتکه, کوچنی هوایی الوتکه
🛫	د هوايي الوتکې روانېدنه, روانېدنه, روانېدنې, ننوتل, هوايي الوتکه
🛬	د هوايي الوتکې رارسېدنه, رارسېدنه, رارسېدنې, هوايي الوتکه, هوایی الوتکه راتګ, کوزېدل
🪂	سکايي ډايو, پارا سېل, پارا ګلائيډ, پاراشوټ
💺	سيټ, څوکۍ
🚁	چورلکه, ګاډی
🚟	ريلوی, هوايي, هوايي اور ګاډی
🚠	د غرونو کيبل وی, د غرونو کیبل وي, غرونه, کيبل, ګندوله
🚡	موټر, هوايي, هوای ټرام وی, ټرام وی, کيبل, ګندوله
🛰️	خلا, سپوږمکۍ
🚀	خلا, راکټ
🛸	الوتونکى نا لبکى, الوتونکى نالبکى, يو ايف او
🛎️	زنګ, لاسي زنګ, هوتل
🧳	بندول, سامان, سفر
⌛️	شګه, ټايمر, ګړۍ لوښې ترسره
⏳️	شګه, ټايمر, کړۍ لوښی ندی ترسره, ګړۍ لوښی, ګړۍ لوښی ندی ترسره
⌚️	ساعت, ګړۍ
⏰	زنګ, زنګ وهونکې ګړۍ, ګړۍ
⏱️	ساعت, سپورټي ګړۍ
⏲️	ساعت, ټايمر, ټايمر ساعته
🕰️	ساعت, مينټل پيس ساعت
🕛️	00, 12, 12:00, دولس, دولس بجې, ساعت, پوره
🕧	12, 12:30, دولس, دولس نيمې, ديرش, ساعت
🕐️	00, 1, 1:00, بجې, ساعت, يوه, یوه بجې
🕜	1, 1:30, ديرش, ساعت, يوه نيمه
🕑️	00, 2, 2:00, بجې, دوه, دوه بجې, ساعت
🕝	2, 2:30, دوه نيمې, ديرش, ساعت
🕒️	2, 2:30, درې بجې, دوه نيمې, ديرش, ساعت
🕞	2, 2:30, درې نيمې, ديرش, ساعت
🕓️	00, 4, 4:00, بجې, ساعت, څلور, څلور بجې
🕟	4, 4:30, ديرش, ساعت, څلور, څلور نيمې
🕔️	00, 5, 5:00, بجې, ساعت, پنځه, پنځه بجې
🕠	5, 5:30, ديرش, ساعت, منځه, پنځه نيمې
🕕️	00, 6, 6:00, بجې, ساعت, شپږ, شپږ بجې
🕡	6, 6:30, ديرش, ساعت, شپږ, شپږ نيمې
🕖️	00, 7, 7:00, اووه, اووه بجې, ساعت, پوره
🕢	7, 7:30, اووه نيمې, ديرش, ساعت, ووه نيمې
🕗️	00, 8, 8:00, اته, اته بجې, ساعت, پوره
🕣	8, 8:30, اته, اته نيمې, ديرش, ساعت
🕘️	00, 9, 9:00, بجې, ساعت, نهه, نهه بجې
🕤	9, 9:30, ديرش, ساعت, نهه, نهه نيمې
🕙️	00, 10, 10:00, بجې, ساعت, لس, لس بجې
🕥	10, 10:30, ديرش, ساعت, لس, لس نيمې
🕚️	00, 11, 11:00, بجې, ساعت, يولس, یولس بجې
🕦	11, 11:30, ديرش, يولس, يولس نيمې, يوولس نيمې
🌑	تياره, سپوږمۍ, نوې سپوږمۍ
🌒	رغېدونکې, رغېدونکې هلال سپوږمۍ, سپوږمۍ, هلال
🌓	د لومړۍ ربعې سپوږمۍ, ربع, سپوږمۍ
🌔	رغېدونکې, رغېدونکې شاټوغې سپوږمۍ, سپوږمۍ, شاټوغې
🌕️	بشپړه, بشپړه سپوږمۍ, سپوږمۍ
🌖	سپوږمۍ, شاټوغې, کمېدونکې, کمېدونکې شاټوغې سپوږمۍ
🌗	د ورستۍ ربع سپوږمۍ, ربع, سپوږمۍ
🌘	سپوږمۍ, هلال, کمېدونکې, کمېدونکې هلال سپوږمۍ
🌙	سپوږمۍ, هلال, هلال سپوږمۍ
🌚	د نوې سپوږمۍ مخ, سپوږمۍ, مخ, نوې سپوږمۍ مخ
🌛	د لومړۍ ربع سپوږمۍ مخ, ربع, سپوږمۍ, مخ, په لومړۍ ربع سپوږمۍ مخ
🌜️	د ورستۍ ربع د سپوږمۍ مخ, ربع, سپوږمۍ, مخ
🌡️	ترماميتر, ترمامیتر, موسم
☀️	رڼا, لمر, لمريز, پړقيدونکي
🌝	بشپړه, د بشپړه سپوږمۍ مخ, سپوږمۍ, مخ, پړقېدونکې
🌞	لمر, لمر د مخ سره, مخ, پړقېدونکې
🪐	زحل, سيټورنين, کړۍ داره سپوږمکۍ
⭐️	ستوری
🌟	ستوری, پړقېدونکی, پړقېدونکی ستوری, ځلا, ځلېدونکی
🌠	د ډزو ستوري, ستوری, لوېدونکی, ويشتونکی
🌌	ځای, کهکشان
☁️	موسم, وريځ
⛅️	لمر, لمر د ريځې شا ته, وريځ
⛈️	باران, وريځ, وريځ د باران او پړقا سره, پړقا
🌤️	لمر, لمر د کوچنۍ وريځې شا ته, وريځ
🌥️	لمر, لمر د لوی وريځې شا ته, وريځ
🌦️	باران, لمر, لمر د باران د وريځ شا ته, وريځ
🌧️	باران, وريځ, وريځ سره باران, ورېځ سره باران
🌨️	واوره, ورېځ, ورېځ سره واوره, يخ
🌩️	وريځ, وريځ د پړقا سره, ورېځ د پړقا سره, پړقا
🌪️	بادامه, بړبوکۍ, ورېځ
🌫️	خوپټه, خوپڼه, ورېځ
🌬️	الوتل, باد, د باد مخ, مخ, ورېځ
🌀	بړبوکۍ, تاويدونکي, سايکلون, سایکلون, سر تاوېدل, طوفان
🌈	باران, شنه زرغونه
🌂	باران, تړل شوي چترۍ, تړل شوې چترۍ, چترۍ, کالي
☂️	باران, رخت, چترۍ
☔️	باران, رخت, څاڅکي, چترۍ, چترۍ سره د باران څاڅکي
⛱️	باران, لمر, چترۍ, چترۍ پر ځمکه
⚡️	برېښنايي, خطر, لوړ ولیټیج, پړقا
❄️	د واورې غونډوسکی, ساړه, سنوفليک, واوره
☃️	د واورې سړی, سوړ, واوره
⛄️	د واورې ښځه, د واورې ښځه پرته له واورې, سوړ, واوره
☄️	خلا, لکۍ دار ستوری
🔥	اله, اور, لمبه
💧	خوله, د څاڅکو په, سوړ, لکۍ دار, څاڅکي, څاڅکی
🌊	اوبه, بحر, د اوبو څپه, څپه
🎃	جيک, د کدو لالټين, لالټين, لمانځنه, هالووين
🎄	د کريسمس ونه, لمانځنه, ونه, کريسمس
🎆	اورلوبې, لمانځنه
🎇	الماس, اورلوبې, لمانځنه, پړقا
🧨	اورلوبې, نميټ, پټاکۍ, چاودونکي
✨	*, ستوری, پړقېده, پړقېدونکي
🎈	لمانځنه, پوکاڼۍ
🎉	لمانځنه, ټاډا, پارټي, پاپر, ګوند پاپر
🎊	بال, لمانځنه, کنفټی, کنفټی بال
🎋	بينر, جاپاني, د تناباتا ونې, د تناباتي ونه, لمانځنه, ونه
🎍	بانس, جاپاني, لمانځنه, پائن سجاې, پاين
🎎	جاپاني, جاپاني ګوډاګی, فستيوال, لمانځنه, ګوډاګی
🎏	سټريمر, لمانځنه, کارپ, کارپ سټریمر
🎐	باد, د باد زنګ, زنګ, لمانځنه
🎑	د سپوږمۍ لیدنې مراسم, رسم, سپوږمۍ, لمانځنه
🧧	سره لفافه, لاي سي, هينګبو, پېسې, ډالۍ, ښه نصيب
🎀	لمانځنه, پټۍ
🎁	بسته بندي شوې ډالۍ, بوکسه, لمانځنه, نغښتې, ډالۍ
🎗️	د یادونې پټۍ, رايادونه, لمانځنه, پټۍ
🎟️	د داخلې ټکټونه, داخله, ټکټ
🎫	داخله, ټکټ
🎖️	لمانځنه, مډال, پوځي, پوځي مډال
🏆️	جايزه, مډال
🏅	سپورتي مډال, مډال
🥇	د لومړي مقام مډال, سره زر, لومړی, مډال
🥈	د دوهم مقام مډال, دوهم, سلوري, مډال
🥉	د دریم مقام مډال, دريم, ميډال, پيتل
⚽️	بال, د فوټبال توپ, فوټبال
⚾️	بال, بيسبال, بیسبال
🥎	بال, د مټ لاندې, دستکله, نرم بال
🏀	باسليټبال, باسکیټبال, بال, کړۍ
🏐	بال, لوبه, واليبال, والیبال
🏈	امريکايي, امریکايي فوټبال, بال, فوټبال
🏉	بال, د رګبي فوټبال, رګبي, فټبال
🎾	بال, ريکټ, ټنیس, ټينس
🥏	آخيري, الوتونکی ککوړی
🎳	بال, بالنګ, لوبه
🏏	بال, بيټ, د کرکټ لوبه, لوبه
🏑	بال, د میدان هاکي, سټيک, لوبه, ميدان, هاکي
🏒	د یخ هاکي, سټيک, لوبه, هاکي, پک, کنګل
🥍	بال, سټک, لوکروس, ليکروس, ګول
🏓	بال, بيټ, لوبه, ټيبل ټينس, پنګ پونګ, پيډل
🏸	برډي, بيډمنټن, بیډمنټن, ريکيټ, شټل کاک, لوبه
🥊	د سوک وهلو دستکشه, دستکشه, سوک وهنه
🥋	تکوانډو, جوډو, رزمي يونيفارم, رزمي یونیفورم, يونيفارم, کراټې
🥅	د ګول وهلو جال
⛳️	سوري, په سوري کې بيرغ, په سوري کې بیرغ, ګولف
⛸️	آیس, آیس سکیټ, سکیټ
🎣	خاده, د کب نیوني خاده, کب
🤿	د غوټې وهلو څېره, غوټې وهل, لامبو وهل, ډوبېدل
🎽	اتليتيکس, د منډې وهلو کمیس, ساش, منډه وهل, کميس
🎿	سکي, سکيز, واوره
🛷	سلي, سليج, ښويېدونی
🥌	تيګه, د کورلینګ ډبره, لوبه
🎯	د غويي سترګه, لوبه, مستقيم ويشتنه, مستقیم ویشتنه, ويشتنه, په نښه کول, ډارټ
🪀	يو يو, پر يوه حال نه پاته کېدل، لوبتکه
🪁	الوتل, پتنګ, په پورته تلل
🎱	اته, بليارډ, توپ, د پول ۸ توپ, لوبه, ۸
🔮	اله, بال, تخيل, د ښاپيرو کيسه, نصيب, کرسټال بال, کرسټل
🪄	جادو, جادوګر, د جادو لښته, ساحره
🧿	بد نظر, تسبيح, جادو, د نظر تعويذ, نظر
🪬	تعویض, حمصه, فاطمه, لاس, محافظت, مریم, میریم
🎮️	قابو کوونکی, لوبه, ويډيو لوبې, ویډیو لوبې
🕹️	جوی سټيک, جوی سټیک, لوبه, ويډيو ګيم
🎰	سلاټ, سلاټ ماشين, لوبه
🎲	د کمسايي لوبه, لوبه, ډايي, کمسايي
🧩	اشاره, د معما ټکړه, معما, يوځای کول, ټکړه, ګرده اره
🧸	ايږ, د لوبو څيز, لوبتکه, نانځکه, ډک شوي
🪅	لمانځنه, پارټي, پناتا
🪩	نڅا, پارټي, چمک, ډیسکو, ښیښې بال
🪆	روسي, نانځکه, ځاله کول, ځاله کوونکې نانځکه
♠️	تاش, د قرې پته, لوبه
♥️	تاش, د تپان پته, لوبه
♦️	تاش, د الماس پته, لوبه
♣️	تاش, د کلب پته, لوبه
♟️	تېرايستل, د سترنج ګوټک, سترنج, غځېدونکی
🃏	تاش, جوکر, لوبه, ويل کارډ
🀄️	د ماهجونګ سور خامار, سور, لوبه, ماهجونګ
🎴	تاش, جاپاني, د ګل تاش, لوبه, لوبول, ګل
🎭️	تهيټر, عملي, عملي فنون, فن, ماسکه
🖼️	انځور, رنګول, فن, موزيم, چوکاټ, چوکاټ شوی انځور
🎨	تخته, رنګول, فن, فنکار تخته, موزيم
🧵	تار, رسۍ, ستن, ګنډل, ګوټ
🪡	بخۍ, د ګنډلو ستن, ستن, ګل کاري, ګنده, ګنډل
🧶	بال, بڼل, خامک ګنډل, مزی
🪢	تاو, تړل, جاخ, غبرګ, غوټه, پړی
👓️	سترګو عینکې, سترګې, عینکې, کالی
🕶️	تیاره, سترګه, عینکې, لمر عینکې
🥽	د سترګو حفاظت, عينکې, لامبو وهل, کوشيرول
🥼	د لابراتور کرتۍ, سائينس دان, څېړنه, ډاکټر
🦺	بيړنه, حفاظت, حفاظتي ملابند, سينه بند
👔	لباس, نیکټائي
👕	شرټ, لباس, ټی شرټ, ټیشرټ
👖	لباس, پتلون, کاوبای پتلون
🧣	غاړه, غاړې دسمال
🧤	دستکشی, لاس
🧥	جامپر, جاکټ
🧦	اوږدي جرابي, جرابي
👗	لباس, کمیس
👘	لباس, کیمینو
🥻	جامې, ساړې, کالي
🩱	د لامبلو سوټ, يو ستوی د لامبو سوټ
🩲	جانګی, د لامبلو سوټ, لنډ جانګی, يو ستوے د لامبو سوټ
🩳	جانګی, د لامبلو سوټ, پتلون
👙	بکینی, لامبل, لباس
👚	لباس, ښځه, ښځینه لباس
👛	لباس, پرس, کاین
👜	بکس, دسکول, لباس, پرس
👝	بټوه, بکس, لباس, کڅوړي بکسه
🛍️	بکس, خریداری, خریدارۍ بکسه, هوټل
🎒	بکس, د مکتب بکسه, مکتب
🩴	beach sandals, د ګورت چپلې, زوري, سينډل, واهه چپلې, ګورت
👞	بوټان, لباس, نارینه, نارینه بوټان
👟	بوټان, د منډي بوټان, لباس, نخی بوټان, ورزشي
🥾	بوټ, په شا سامان تړل, په غره ختل, په غره د ختلو بوټ, کامپنګ
🥿	بيلټ هوار, سلپ آن, هوار پېزار, چپل
👠	بوټان, لباس, ښځه, کوری-بلند بوټان, کورۍ
👡	بوټان, سینډل, لباس, ښځه, ښځینه سینډل
🩰	د نڅا پېزار, نڅا, يو ډول نڅا
👢	بوټان, لباس, موزي, ښځه, ښځینه موزي
👑	تاج, لباس, ملکه, پاچا
👒	خولۍ, لباس, ښځه, ښځینه خولۍ
🎩	تندی خولۍ, تندۍ, خولۍ, لباس
🎓️	خولۍ, فراغت, فراغت خولۍ, لباس, لمانځل
🧢	بیسبال خولۍ, پيکداره خولۍ
🪖	جنګېدونکی, خولۍ, عسکر, فوځ, فوځي, پوځي خولۍ
⛑️	خولۍ, د ژغورنې کارمندانو هیلمټ, غلط نښه, مخ, مرسته, هیلمټ
📿	تسبیح, دین, غاړه کۍ, لباس, لمونز
💄	لب شیرین, میک اپ, کاسمټیکس
💍	الماس, ګوتې
💎	الماس, قیمتي ډبره, ډبره, ګاڼه
🔇	سپيکر, غلی, چپ, ګونګ, ګونګ شوی سپیکر
🔈️	د سپیکر ټیټ غږ, نرم
🔉	د سپیکر منځنی غږ, منځنی
🔊	د سپیکر لوړ غږ, لوړ
📢	اولسي خطاب, لاوډ, لاوډ سپيکر, لاوډسپیکر
📣	ميګافون, میګافون, چغې وهل
📯	هارن, پستي هارن, پوست, پوسته
🔔	زنګ
🔕	خاموش, زنګ, سلش لرونکی زنګ, غلې, ممنوع
🎼	د موسیقۍ نمرې, موسيقي, نمرې
🎵	د موسیقۍ یادښت, موسيقي, يادښت
🎶	د موسیقۍ ساز, ساز, سازونه, موسيقي
🎙️	د سټوډیو مایکروفون, سټوډيو, مايک, مايکروفون, موسيقي
🎚️	سلايډر, ليول, لیول سلایډر, موسيقي
🎛️	د کنټرول غوټې, غوټې, موسيقي, کنټرول
🎤	مايک, مايکروفون, میکروفون, کاروک
🎧️	غوږۍ, غوږۍ ګوشکه, ګوشکه
📻️	راډیو
🎷	اله, ساکس, ساکسفون, موسيقي
🪗	اکورديون, د دباوهلو بوکسه, کسرټينا
🎸	اله, موسيقي, ګيتار, ګیتار
🎹	اله, د موسیقي کیبورډ, موسيقي, پيانو, کيبورډ
🎺	اله, سورنی, موسيقي
🎻	اله, موسيقي, ويلون
🪕	بينجو, مزي شوې, موزيک
🥁	د ډول لختې, موسيقي, ډول
🪘	اوږود ډول, موسيقي, وهل, ډول, کونګا
📱	سل, فون, موبايل, ټيليفون, ګرځنده ټېلیفون
📲	ترلاسه کول, غشی, غشی لرونکی ګرځنده ټېلیفون, فون, موبايل
☎️	فون, ټليفون, ټیلیفون
📞	د ټیلیفون رسیور, رسيور, فون, ټيليفون
📟️	پیجر
📠	د فکس ماشين, د فکس ماشین, فکس
🔋	بیټري
🪫	بریښنایی ټیټ انرژي, ټیټه بیټرۍ
🔌	برېښنا, برېښنايي, برېښنايي پلګ, پلګ
💻️	شخصي, لپټاپ کمپيوټر, لپټاپ کمپیوټر, پي سي, کمپيوټر
🖥️	ډیسکټاپ, ډیسکټاپ کمپیوټر, کمپیوټر
🖨️	پرنټر
⌨️	کمپیوټر, کیبورډ
🖱️	د کمپیوټر موږک, کمپیوټر
🖲️	ټریکبال, کمپیوټر
💽	آپتيکي, د کمپیوټر ډیسک, مني ډسک, ډسک, کمپيوټر
💾	فلاپي, فلاپي ډیسک, ډسک, کمپيوټر
💿️	آپتيکي, آپتيکي ډسک, سي ډې, ډسک, کمپيوټر
📀	آپتيکي, بليو ری, ډسک, ډي وي ډي, کمپيوټر
🧮	ابيکس, حساب کتاب
🎥	د فلم کامره, سنيما, فلم, کامره
🎞️	د فلم چوکاټ, سنيما, فلم, مووي, چوکاټونه
📽️	د فلم پروجیکټر, سنيما, فلم, مووي, ويډيو, پروجيکټر
🎬️	د کلیپر تخته, فلم, کليپر
📺️	تلويزيون, تلویزیون, ويډيو, ټي وي
📷️	ويډيو, کامره
📸	فلش, فلش لرونکې کامره, ويډيو, کامره
📹️	ویډیو کامره
📼	وي ايچ ايس, ويډيو, ويډيو کيسټ, ویډیو کیسټ, ټيپ
🔍	اله, لويوونکې, لويوونکې ښيښه چپ اړخ ته کږه, لټون, ښيښه
🔎	اله, لويوونکې, لويوونکې ښيښه ښۍ اړخ ته کږه, لټون, ښي لور ته ذره بین لرونکې ښیښه, ښيښه
🕯️	رڼا, شمع
💡	برېښنايي, بلب, د رڼا بلب, د رڼا ګروپ, رڼا, لکۍ دار, نظر
🔦	اله, برېښنايي, بيټري, رڼا, لاسي څراغ
🏮	بار, د سور کاغذ لاټين, رڼا, سور, لاټين
🪔	تيل, څراغ, ډيوه, ډيوه څراغ
📔	جلد, د ښايسته جلد کاپي, ښايسته, کاپي, کتاب
📕	بند, بند کتاب, کتاب
📖	خلاص, خلاص کتاب, کتاب
📗	شنه کتاب
📘	آسماني رنګ, آسماني رنګ کتاب, کتاب
📙	نارنجي, نارنجي کتاب, کتاب
📚️	کتاب, کتابونه
📓	کاپي
📒	ليجر, کاپي
📃	تاو, سند, پاڼه, پاڼه د تاو سره
📜	اڼه اړول
📄	سند, پاڼه, پاڼه سره مخ کړي
📰	خبرونه, ورځپاڼه, ورځپاڼې, کاغذ
🗞	تړل شوی ورځپاڼې, تړل شوې, خبرونه, ورځپاڼه, کاغذ
📑	د کتاب نښه, د کتاب نښې ټيبز, مارکر, نښه, ټيبز
🔖	د کتاب نښه, نښه
🏷️	لیبل
💰️	د پيسو کڅوړه, پيسې, ډالر, کڅوړه
🪙	خزانه, سره زر, سلور, سکه, فلز, پېسې
💴	بل, د بانک نوټ, نوټ, ين, ين بانک نوټ, پيسې
💵	بل, د بانک نوټ, نوټ, پيسې, ډالر, ډالر بانک نوټ
💶	بل, د بانک نوټ, نوټ, يورو, يورو بانک نوټ, پيسې
💷	بل, د بانک نوټ, نوټ, پونډ, پونډه بانک نوټ, پيسې
💸	بل, د بانک نوټ, وزرې, پيسې, پيسې د وزرونو, پیسې د وزرونو
💳️	پېسې, کارت, کریډیټ, کریډیټ کارت
🧾	ثبوت, حساب کتاب, دليل, رسيد, کتاب ساتنه
💹	وده, يين, پېسې, چارټ, چارټ د یین سره زیاتیږي, ګراف
✉️	برېښناليک, لفافه, ليک
📧	برېښناليک, برېښنليک, ليک, ميل
📨	برېښناليک, ترلاسه کول, راتلونکی, راتلونکی لفافه, ليک
📩	برېښناليک, بهر تلونکی, غشی, لفافه, لفافه د غشي سره
📤️	آوټ باکس, آوټ باکس ټری, باکس, ليږلې, ليک, ټری
📥️	ان باکس ټری, باکس, ترلاسه کول, ليک, ټری
📦️	بنډل, بوکسه, لېږدونه
📫️	بند, تړل شوی میل باکس د هسک بېرغ سره, ليک بکسه, پوست بکسه
📪️	بند, بند ميل باکس د د ښکته بېرغ سره, تړل شوی میل باکس د ښکته بېرغ سره, ليک بکسه, پوست بکسه, ښکته
📬️	خلاص, خلاص ميل باکس د هسک بېرغ سره, ليک, ليک بوکسه, پوست بکسه
📭️	خلاص میل باکس د ښکته بېرغ سره, ليک, ميل بکس, پوسته بکسه, ښکته
📮	ليک, ليک بکسه, پوست بکسه, پوسته بکسه
🗳️	بوکسه, د ووټونو بوکسه د ووټ سره, ووټ
✏️	پنسل
✒️	تور نب, قلم, نب
🖋️	د فونټين قلم, فونټين, قلم
🖊️	بال پين, قلم
🖌️	د رنګونې برش, رنګول
🖍️	کريان
📝	د يادښت کتابچه, پينسل
💼	بسته
📁	دوتنې, دوتنې پوښۍ, پوښۍ
📂	خلاص, دوتنه, دوتنه پوښۍ خلاص, پوښۍ
🗂️	جدول, وېشونکي, کارت, کارت جدول وېشونکي
📅	جنتري, نېټه
📆	جنتري, د شلولو جنتري
🗒️	حلزوني, حلزوني يادښت پېډ, ياددښت, پېډ
🗓️	جنتري, حلزوني, حلزوني جنتري, پېډ
📇	جدول, رولوډاکس, کارت, کارت جدول
📈	وده, پورته, چارټ, چارټ زیاتوالی, ګراف
📉	ټرينډ, چارټ, چارټ کمېدونکی, ښکته, ګراف
📊	بار, بار چارټ, چارټ, ګراف
📋️	کلیپ بورډ
📌	پن, ګل مېخ
📍	پن, ګل مېخ, ګول ګل مېخ
📎	کاغذ نيوونى
🖇️	تړل شوي کاغذ نيووني, تړل شوي کاغز نيووني, ربط, کاغذ نيوونى
📏	خط کش, سيدها خطکش, سيدها ګوټونه
📐	خطکش, درې کنجه خطکش, درې ګوټى, سيټ
✂️	اله, بياتي, پريکول
🗃️	بکس, دوتنې, کارت, کارت دوتنې بکس
🗄️	د دوتنې کابينټ, دوتنه, دوتنه کول, کابينټ
🗑️	د ضایع ټوکر
🔒️	تړل شوی, کلپ شوی
🔓️	خلاص شوی, خلاصول, قفل, کلپ
🔏	د قلم سره تړل شوی, سياهي, قلم, محرمتيا, نب, کلپ
🔐	بند شوی, خوندي, د کیلي سره تړل شوی, کلپ, کيلي, کيلي سره تړل شوی
🔑	پاسورډ, کلپ, کيلي, کیلي
🗝️	اشاره, زاړه کیلي, زوړ, کلپ, کيلي
🔨	اله, څټک
🪓	تبر, تبرګى, جلا کول, لرګی, څيرل
⛏️	اله, دوه سري کلنګ, کان کنستل, کلنګ
⚒️	اله, څټک, څټک او کلنګ, کلنګ
🛠️	اله, رنچ, څټک, څټک او رنچ
🗡️	خنجر, وسله, چاقو
⚔️	اوړېدلې, اوړېدلې تورې, تورې, وسله
🔫	اله, ريوالور, طمانچه, لاسي ټوپک, وسله, ټوپک
🪃	آستراليا, راتمبېدل, عکس العمل, کږه لکړه
🏹	غشی, غشی او لينده, غشی ويشتونکی, لينده, مرغومې
🛡️	وسله, ډال
🪚	اره, اله, د نجارۍ اره, لرګی, نجار
🔧	اله, تاوهونکی, رنچ
🪛	اله, سکورو, پيچ کش
🔩	اله, بولټ, نټ, نټ او بولټ
⚙️	اله, د کيرارو پايه, غاښ, کيرارۍ, ګيرارۍ
🗜️	اله, رکاب, شکنجه, شکنجه کول
⚖️	انصاف, ترازو, تله, توازن, متوازن تله, مرغومی
🦯	د معلولينو همسا, لاسرسی, ړوند
🔗	ربط
⛓️	زنځير, زنځيرونه
🪝	تاؤ, د خرڅلاو ځای, رانيول, نيول, کنډه, کږه
🧰	اله, بوکسه, د اوزارو بوکسه, ميخانيک
🧲	د آس نال, راکش کول, مقناطيس, مقناطيسي
🪜	ختل, زينه, قدم, پړاو
⚗️	اله, اليمبک, کيميا
🧪	سائينس, لابراتور, ټسټ تيوب, کيميا, کيميا ګر
🧫	بيالوژي, بکتيريا, د بيالوژي پوهاند, لابراتور, پيټري ډش, کلتور
🧬	ارتقاء, جينيايي, د بيالوژي پوهاند, ډي اين ای, ژوند
🔬	اله, سائينس, مايکروسکوپ, مایکروسکوپ
🔭	اله, سائينس, ټيلي سکوپ, ټیلي سکوپ
📡	انټينا, د سپوږمکۍ انټينا, سپوږمکۍ, ډش
💉	درمل, ستن, سرنج, سيرنج, ناروغ, وهل
🩸	حيض, د وينې څاڅکی, درمل, وينه ورکول
💊	درمل, ناروغ, ډاکټر, ګولۍ
🩹	نښلېدونکې پټۍ, پټۍ
🩼	د خوځښت مرسته, معلولیت, ټپي کول, چاره, چپنه, ګنی
🩺	درمل, زړه, ستېتوسکوپ, ډاکټر
🩻	اکسرې, طبي, هډوکي, هډوکی, ډاکټر
🚪	دروازه
🛗	لاسرسی, لوړګر, هسک ګر, هسکول
🪞	آينه, انعکاس, منکس کوونکی, هنداره
🪟	برسيره کول, تازه هوا, شفاف, نظاره, چوکاټ, کړکۍ
🛏️	بستره, هوتل, ويده کېدل
🛋️	سوفه, سوفه او څراغ, سوفې او څراغ, هوتل, څراغ
🪑	سيټ, چوکۍ, کښيناستل
🚽	تشناب
🪠	تشناب, راکښل, غاب, پلنجر, ګلکار
🚿	اوبه, شاور
🛁	د لامبلو ټب, لامبل
🪤	تېرايستل, جال, شومه, لټ
🪒	تېره, خريينه, چاړه (د ږيرې)
🧴	د لمر څخه حفاظت, د مرهم بوتل, شامبو, لوشن, نرموونکی
🧷	بکسوه, حفاظتي پن, ډايپر
🧹	جارو, جارو کول, پاکول, کوډ ګره
🧺	سيل, ټوکرۍ, کالي مينځل, کرونده
🧻	د تشناب کاغذ, د کاغذ بنډل, د کاغذ تولياګانې
🪣	بالټی, ستل, چاټۍ, کاسک
🧼	صابن, صابن دانه, لامبل, پاکول, پوستکې, چکۍ
🫧	ارږی, د اوبو لاندې, د اوبو لاندېburp, صابون, پاک, پوکڼۍ
🪥	برش, د غاښو, د غاښو برش, غاښ, غسل خانه, نظافت, پاک
🧽	اسفنج, راکښل, سوري دار, پاکول
🧯	اور, اور وژونکی, مړ کول, وژل
🛒	د سودا لاس ګاړۍ, سودا کول, کراچۍ, ګاړۍ
🚬	سګريټ, سګريټ نوشي
⚰️	تابوت, مړېنه
🪦	اديره, د سر ګټه, د قبر تکتۍ, سيمټري, شناخته, قبر
⚱️	ايره, جنازه, د جنازې ګلدان, مرګ, ګلدان
🗿	مجسمه, مخ, موي, موياي
🪧	احتجاج, لاريون, نخښه, پلی کارت, پيکټ
🪪	ID, امنیت, د پیژندنې کارت, سندونه, منښتليک
🏧	اټوماټ, ای ټي ايم, بانک, د ای ټي ايم نښه, ټيلر
🚮	د ورخړ فاضلدانۍ, ورخړ, ورخړ په فاضلدانۍ کې نښه
🚰	اوبه, د څښاک اوبه, څښاک, څکل
♿️	د ويلچير نښه, د ویلچیر نښه, لاسرسی
🚹️	تشناب, د آرام خونه, د نارينه خونه, د نارینه خونه, سړی, ډبليو سي
🚺️	تشناب, د آرام خونه, د ښځو خونه, ډبليو سي, ښځه
🚻	تشناب, د آرام خونه, ډبليو سي
🚼️	بدلول, د ماشوم نښه, ماشوم
🚾	اوبه, تشناب, د آرام خونه, د اوبو لوښی, د تشناب د اوبو لوښی, ډبليو سي
🛂	د پاسپورت کنټرول, پاسپورټ, کنټرول
🛃	ګمرک
🛄	ادعا, د سامانونو ادعا, سامان
🛅	توخه, سامان, پاتې سامان, پاتې سامانونو, کلپ خانه
⚠️	خبرداری
🚸	تېرېدل, ماشوم, ماشومان تيريږي, ماشومان تېرېږي, ټرافيک, پېدل تلونکي
⛔️	داخلېدل, داخلېدل منع دي, ممنوع, منع, نه, ټرافيک
🚫	داخلېدل, ممنوع, منع, منع شوی, نه
🚳	بايسيکل, بايسکلانو ته اجازه نشته, بايک, بایسکلانو ته اجازه نشته, ممنوع, منع, نه
🚭️	سګريټ څکل, سګرټ څکول منع دي, ممنوع, منع, نه
🚯	ممنوع, منع, نه, ورخړ, ورخړ خپرول منع دي
🚱	اوبه, د څښاک اوبه نه دي, د څښاک نه, د څکلو وړ نه
🚷	ممنوع, منع, نه, پياده, پياده منع دي, پیاده منع دي
📵	سل, فون, منع, موبايل, نه, ګرځنده تیلیفونونه منع دي
🔞	18, د عمر قيد, له اتلس کالو څخه کم عمر کسان منع دي, منع, نابالغ
☢️	راډيو اکټيو, نښه
☣️	بايو خطر, بایو خطر, نښه
⬆️	اساسي, اړخ, شمال, غشی, پورته غشی
↗️	انتر کارډينل, اړخ, شمال ختيځ, غشی, پورته ښي غشی
➡️	اساسي, اړخ, ختيځ, غشی, ښي غشی
↘️	انټر کارډينل, اړخ, سويلي ختيځ, غشی, ښکته ښي غشی, ښۍ ښکته غشی
⬇️	اساسي, اړخ, سويل, غشی, ښکته, ښکته غشی
↙️	انټر کارډينل, اړخ, سويلي ختيځ, غشی, چپ ښکته غشی, ښکته چپ اړخ ته غشی
⬅️	اساسي, اړخ, غشی, لوېديځ, چپ غشی
↖️	انټر کارډينل, اړخ, سويلي ختيځ, غشی, پورته چپ غشی
↕️	غشی, پورته ښکته غشی
↔️	غشی, ښۍ چپ غشی
↩️	غشی, ښۍ غشی چپ اړخ ته کوږ
↪️	غشی, چپ غشی ښۍ اړخ ته کوږ
⤴️	غشی, ښۍ غشی پورته ته کوږ, ښۍ غشی پورته کوږ
⤵️	غشی, ښکته, ښۍ غشی ښکته کوږ
🔃	بيا لوډ, غشي, کلاک وايز, کلاک وايز عمودي غشي
🔄	خلاف کلاک وايز, خلاف کلاک وايز غشي بټن, غشي, ويدر شاين
🔙	شاته, شاته غشی, غشی
🔚	د پای غشی, غشی, پای
🔛	غشی, نښه, چالو, چالو! غشی
🔜	غشی, ژر, ژر غشی
🔝	سر, غشی, په سر غشی, پورته
🛐	د عبادت ځای, عبادت, مذهب
⚛️	ايټم, د ايټم سمبول, کافر
🕉️	اوم, مذهب, هندو
✡️	د ډیویډ ستوری, ستوری, مذهب, يهودي, ډيويډ
☸️	بده مت, د دهرما پايه, دهرما, مذهب, پايه
☯️	مذهب, ين, ينګ, ټاو, ټاوسټ, ین یانگ
✝️	صليب, عيسايي, لاتيني صليب, لاتیني صلیب, مذهب
☦️	ارتودکس صليب, د ارتودکس صلیب, صليب, عيسايي, مذهب
☪️	اسلام, مذهب, مسلمان, هلال او ستوری
☮️	د سولې سمبول, سوله
🕎	مذهب, مينوره, مینوره, کينډلبرم, کينډلسټک
🔯	داغدار شپږ ګوټی ستوری, ستوری, نصيب
♈️	مرغومی, وری, ګډ
♉️	تورس, غوايي, مرغومی
♊️	جمني, غبرګوني, مرغومی
♋️	د سرطان ناروغي, سرطان, مرغوم, کوني ګبر
♌️	اسد, شير, مرغومی
♍️	زاڼه, مرغومی
♎️	انصاف, ترازو, تله, توازن, مرغومی
♏️	سکارپيو, لړم, مرغومی
♐️	مرغومی, نخښه ويشتونکی, ښکارزن
♑️	بيزه, غرڅه, مرغومی
♒️	اوبه, دلو, مرغومی, وړونکی
♓️	حوت, مرغومی, کب
⛎	اوفیوچس, اژدها, مار, مرغومی, وړونکی
🔀	اووښتې, شفل ټريک بټن, غشی
🔁	تکرار, تکرار بټن, غشی, کلاک وايز
🔂	تکرار بټن, غشی, يو ځل, يو ځل تکرار بټن, کلاک وايز
▶	د غږولو بټن, درې ګوټی, غشی, غږول, ښۍ
⏩	دوه غبرګ, غشی, وړاندې, چټک, چټک مخکی بټن
⏭	درې ګوټی, راتلونکي ټريک بټن, راتلونکی ټريک, راتلونکې منظره, غشی
⏯	د غږولو يا وقفې بټن, درې ګوټی, غشی, غږول, وقفه, ښۍ
◀	بيرته, د بيرته تلو بټن, رې ګوټی, غشی, چپ
⏪	بيرته تګ, د چټک بيرته تلو بټن, دوه ګونه, غشی
⏮	درې ګوټی, غشی, لومړی ټريک, لومړۍ منظره, وروستی ټريک بټن
🔼	بټن, د پورته تلو بټن, سور, غشی
⏫	دوه ګونه, غشی, چټک پورته بټن
🔽	بټن, سور, غشی, ښکته, ښکته بټن
⏬	دوه ګونه, غشی, چټک ښکته بټن, ښکته
⏸️	بار, د وقفې بټن, دوه ګونه, عمودي, وقفه
⏹️	د درولو بټن, درول, مربع
⏺️	د ريکارډ بټن, دايره, ريکارډ
⏏️	د ويستلو بټن, ويستل
🎦	سنيما, فلم, مووي, کامره
🔅	تت, تته بټن, روښانتيا, لاندي
🔆	روښانه, روښانه بټن, روښانوالی
📶	اينټينا, اينټينا بارونه, اینټینا بارونه, بار, سل, فون, موبايل
📳	تليفون, خوځښت, خوځښت موډ, فون, موبايل, موډ
📴	بند, تليفون, د ګرځنده تلیفون بند, سل, فون, موبايل
♀️	ښځه, ښځينه نښه, ښځینه نښه
♂️	نارينه, نارينه نښه
⚧️	جنس بدلوونکی, د جنس بدلوونکي سمبول
✖️	x, ×, د ضرب نښه, ضرب, ضرب کول, فسخ کول, لوی د ضرب x, نښه
➕	+, جمع, د جمع نښه, رياضي, نښه
➖	-, د منفي نښه, رياضي, منفي, نښه, −
➗	÷, تقسيم, د تقسيم نښه, رياضي, نښه
🟰	دروند مساوي نښه, ریاضی, مساوات
♾️	تلپاتې, عالمي, لا محدود, ډېر زيات
‼️	!, !!, بينګ بينګ, غبرګ, غبرګې ندا نښې, ندا, نښه, وقفه
⁉️	!, !?, ?, انټروبينګ, ندا, ندا پوښتنښه, نښه, وقفه, پوښتنه
❓️	?, د وقفې علامت, نښه, پوښتنه, پوښتنښه
❔	حاشيه, د وقفې علامت, سپينه پوښتنښه, نښه, پوښتنه
❕	حاشيه, د وقفې علامت, سپينه ندا نښه, ندا, نښه
❗️	!, د وقفې علامت, ندا, ندا نښه, نښه
〰️	د وقفې علامت, ډيش, کوږ, کوږ ډيش
💱	اسعار, بانک, تبادله, د اسعارو تبادله, پيسې
💲	اسعار, د دروند ډالر نښان, پيسې, ډالر
⚕️	ايسکولاپيس, درمل, طبي سمبول, عمله
♻️	د ري سايکلنګ سمبول, ري سايکل
⚜	فليور دي لوس
🔱	اله, بادبان, بېړۍ, د درې غاښۍ نښه, درې غاښۍ, نښه
📛	بيج, نوم, نوم بیج
🔰	ابتکار, جاپاني, د ابتکار لپاره جاپاني سمبول, پاڼه, چيوران
⭕️	o, دايره, سره, لوی, ګوګ سره دايره
✅	بټن, د خوښنښې بټن, نښه, چيک, ✓
☑️	بوکسه, چيک, چيک بوکسه د چيک سره, ✓
✔️	خوښنښه, نښه, چيک, ✓
❌	x, ×, د صليب نښه, ضرب, ضرب کول, فسخ کول, نښه
❎	x, ×, د کراس نښې بټن, مربع, نښه
➰	تاو, تاو کړۍ, کړۍ
➿	تاو, دوه ځل, دوه ځل تاو کړۍ, کړۍ
〽️	برخه, برخه بدلول نښه, د برخې بدلولو نښه, نښه
✳️	*, اته کوټی اسټيريسک, اته ګوټې اسټيريسک, اسټيريسک
✴️	*, اته ګوټی ستوري, اته ګوټی ستوری, ستوری
❇️	*, ځلېدل
©️	د چاپ حق, سي
®️	آر, راجستر شوی
™️	تجارتي نښان, تجارتي نښه, نښه, ټي ايم
🔠	ای بي سي ډې, توري, شاملتوب, شاملتوب لاتینې لوړ الفبا, لاتيني, لوړ الفبا
🔡	ای بي سي ډې, توري, شاملتوب, شاملتوب لاتینې ټيټه الفبا, لاتيني, ټيټه الفبا
🔢	1234, شاملتوب, شاملتوب شمیرې, شمېرې
🔣	شاملتوب, شاملتوب سمبولونه, 〒♪&%
🔤	الفبا, ای بي سي, توري, شاملتوب, شاملتوب لاتینې الفبا, لاتيني
🅰️	A بټن (د وینې ډول), a, د وينې ډول
🆎	AB بټن (د وینې ډول), ای بي, د وينې ډول
🅱️	B بټن (د وینې ډول), بي, د وينې ډول
🆑	سي ايل, سي ايل بټن
🆒	د سوړ بټن, سوړ
🆓	آزاد, د آزاد بټن
ℹ️	معلومات
🆔	آي ډي, آي ډي بټن, آي ډې بټن, پېژندګلو
Ⓜ️	ايم, دايره, دايره ايم
🆕	نوې, نوې بټن
🆖	اين جي, اين جي بټن
🅾️	او, او بټن (د وينې ډول), او بټن (د وینې ډول), د وينې ډول
🆗	او کی, او کی بټن
🅿️	P بټن, ودرېدل
🆘	ايس او ايس, ايس او ايس بټن, مرسته
🆙	نښه, پورته, پورته! بټن
🆚	اي ايس, وي ايس بټن, پرتله
🈁	"دلته", جاپاني, جاپاني "دلته" بټن, کټاکنا, ココ
🈂️	"خدمت بټن", جاپاني, د جاپاني "خدمت چارج"بټن, کټاکنا, サ
🈷	"مياشتنۍ پيسې", آيډوګراپ, جاپاني, د جاپان د "میاشتنی پيسې" بټن, 月
🈶	"وړيا نه", آيډوګراف, جاپاني, جاپاني "وړیا نه" بټن, 有
🈯	"اضافي", آيډوګراف, جاپاني, جاپاني "د اضافي" بټن, 指
🉐	"جوړجاړ", آيډوګراف, جاپاني, جاپاني "جوړ جاړ" بټن, 得
🈹	"رعايت", آيډوګراف, جاپاني, د جاپاني د "رعایت" بټن, 割
🈚	"وړیا", Jجاپاني "وړیا"بټن, آيډوګراف, جاپاني, جاپاني "وړیا"بټن, 無
🈲	"منع شوي", آيډوګراف, جاپاني, جاپاني "منع شوي" بټن, 禁
🉑	"منلو وړ", آيډوګراف, جاپاني, جاپاني "منلو وړ"بټن, 可
🈸	"غوښتنليک", آيډوګراف, جاپاني, د جاپاني "غوښتنليک" بټن, 申
🈴	"تیریدو درجه", آيډوګراف, جاپاني, د جاپاني "تیریدو درجه" بټن, 合
🈳	"د خالي ځايونو", آيډيوګراف, جاپاني, د جاپان د "د خالي ځايونو" بټن, 空
㊗️	"مبارکۍ", آيډيوګراف, جاپاني, د جاپان د "مبارکۍ" بټن, 祝
㊙️	"پټ", آيډيوګراف, جاپاني, د جاپان د "پټ" بتن, د جاپان د "پټ" بټن, 秘
🈺	"د سوداګرۍ لپاره پرانستې", آيډيوګراف, جاپاني, جاپاني "د سوداګرۍ لپاره پرانستې" بټن, 営
🈵	"خالي ځايونه نشته", آيډيوګراف, جاپاني, د جاپان د "خالي ځايونه نشته" بټن, 満
🔴	جيوميتريکي, دايره, سره, سره دايره
🟠	دايره, نارنجي, نارنجي دايره
🟡	دايره, زېړه, زېړه دايره
🟢	دايره, شنه, شنه دايره
🔵	آسماني رنګ, آسماني رنګ دايره, جيوميتريکي, دايره
🟣	ارغواني, ارغواني دايره, دايره
🟤	دايره, نسواري, نسواري دايره
⚫️	توره دايره, جيوميتريکي, دايره
⚪️	جيوميتريکي, دايره, سپينه دايره
🟥	سره, سره مربع, مربع
🟧	مربع, نارنجي, نارنجي مربع
🟨	زېړه, زېړه مربع, مربع
🟩	شنه, شنه مربع, مربع
🟦	آسماني رنګ, آسماني رنګ مربع, مربع
🟪	ارغواني, ارغواني مربع, مربع
🟫	مربع, نسواري, نسواري مربع
⬛️	توره لوی مربع, جيوميتريکي, مربع
⬜️	جيوميتريکي, سپينه لوی مربع, مربع
◼️	توره منځنۍ مربع, جيوميتريکي, مربع
◻️	جيوميتريکي, سپينه ميانه مربع, مربع
◾️	توره ميانه کوچنۍ مربع, جيوميتريکي, مربع
◽️	جيوميتريکي, سپينه ميانه کوچنۍ مربع, مربع
▪️	توره کوچنۍ مربع, جيوميتريکي, مربع
▫️	جيوميتريکي, سپينه کوچنۍ مربع, مربع
🔶	الماس, جيوميتريکي, لوی نارنجي الماس, نارنجي
🔷	آسماني رنګ, الماس, جيوميتريکي, لوي آسماني رنګ الماس
🔸	الماس, جيوميتريکي, نارنجي, کوچنی نارنجي رنګ الماس
🔹	آسماني رنګ, الماس, جيوميتريکي, کوچنی آسماني رنګ الماس
🔺	جيوميتريکي, سور, سور مثلث پورته
🔻	جيوميتريکي, سور, سور مثلث ښکته, ښکته
💠	الماس, الماس د ټکي سره, جيوميتريکي, دننه, کامک
🔘	بټن, جيوميتريکي, د راديو بټن, راديو
🔳	بټن, جيوميتريکي, سپینه مربع بټن, مربع, چاپيره
🔲	بټن, توره مربع بټن, جيوميتريکي, مربع
🏁	داغدار, رنګدار, رنګداره بېرغ, ريسنګ
🚩	درې کنجه بيراغ, درې کنجه بېرغ, ستنه،
🎌	جاپاني, لمانځنه, کراس, کراسډ, کراسډ بېرغي, کراسډ بېرغې
🏴	تور بیراغ, تور بېرغ, خوځېدونکې
🏳️	خوځېدونکې, سپين بېرغ, سپین بیراغ
🏳‍🌈	د بوډۍ تال بېرغ, د بوډۍ ټال, د بوډۍ ټال بېرغ
🏳‍⚧	آسماني رنګ، ګلابي، او سپينه بېرغ
🏴‍☠	بحري ډاکو, جولي راجر, خزانه, د بحري ډاکوانو بېرغ, لوټ کول
¤	نامعلومه مروجه پېسې
¢	سینټ
$	USD, پیسو, پیسې, ډالر
£	اسعار, بریتاني پونډ, مصري پونډ, پونډ
¥	اسعار, جاپاني ین, چینايی ین, چینایي ین, ین
֏	ارمينيايي ډرام
؋	افغانۍ
৳	بنګالۍ ټاکه
฿	تهايي بات
៛	کمبوډي ريل
₡	کوسټا ريکن کولون
₥	ملی
₦	نايجيري نايرا
₩	KPW, KRW, وګټله
₪	اسرايلي نيو شيکل
₫	ويتنامي ډونګ
€	اسعار, یورو
₭	لاشې کپ
₮	منګوليايي توګريک
₱	پیسې
₲	پيراګوين ګوراني
₴	اوکرايني هريونيا
₵	ګانين سيډي
₸	قازقستاني ټينج
₹	اسعار, روپئ, هندي روپئ, هندي روپۍ
₺	ترکي ليرا
₼	آزربايجاني منت
₽	اسعار, روبل
₾	جارجیاېي لارې
₿	BTC, بټ سکه
¹	بالانوشت, یو, یو بالانوشت
²	بالانوشت, بالانوشت دوه, دوه, څلوریځ
³	بالانوشت, بالانوشت دری, دری, درییځ
µ	مائیکرو نښه, پیمائش
🏻	د روڼ پوستکي ټون, روښانه پوستکۍ, پوستکۍ, ډول ۲–۱
🏼	غنمی-روښانه پوستکۍ, پوستکۍ, ډول ۳
🏽	غنم رنګه, غنم رنګه پوستکۍ, پوستکۍ, ډول ۴
🏾	غنمی-تورنګه پوستکۍ, منځنۍ-تور غنمی پوستکۍ, پوستکۍ, ډول ۵
🏿	تور پوستکۍ, پوستکۍ, ډول ۶
