â€¾	siqisqa, takay, vinculum
_	rakichikuq, siqi, siqichay, uran rakichikuq, uran rakichikuqpi, uran siqi
-	qichuna, rakichikuq, siqi, siqi qichuna
â€	rakichikuq, siqi
â€“	qichuna, uchuy, uchuy qichuna
â€”	hatun, hatun qichuna, qichuna
â€•	kinrampa siqin, rakichikuq, siqi, warra
ãƒ»	chawpi chiku, chikukuna, interpunct, katakana, katakana chawpi chiku
,	samachimpu
ØŒ	arabico, arabico samachimpu, samachimpu
ã€	ideografico, ideografico samachimpu, samachimpu
;	chiku samachimpu, chiku-samachimpu
Ø›	arabico, arabico chiku samachimpu, chiku samachimpu, chiku-samachimpu
:	chiku
!	bang, qapariq, qapariq cchimpu, qapariq chiku, qapariq yupiy
Â¡	bang, qapariq, qapariq chiku, qapariq chimpu, tikrasqa, tikrasqa qapariq chimpu
?	tapukuna yupiy, tapuna, tapuna yupiy
Â¿	tapuna, tapuna chimpu, tikrasqa, tikrasqa tapuna yupiy
ØŸ	arabico, arabico tapuna yupiy, tapuna, tapuna chimpu
â€½	interabang, interrobang nisqa
.	chiku, qurpa chiku, tukuq chiku
â€¦	chikukuna, elipsis, sayachiy
ã€‚	chiku, ideografico, ideografico chiku, tukuq chiku
Â·	chawpi, chawpi chiku, chiku, interpunct
'	apostrofe, apostrofe maquina qillqaywan, huklla willakuy, yapa willakuy
â€˜	apostrofe, huklla yapa willakuy, lluqi apostrofe, umayuq yapa willakuy, yapa willakuy
â€™	apostrofe, huklla yapa willakuy, paÃ±a apostrofe, umayuq yapa willakuy, yapa willakuy
â€š	apostrofe, pisi paÃ±a apostrofe, pisi yapa willakuy, uran paÃ±a apostrofe, yapa willakuy
â€œ	iskay kumilla, kumilla, lluqi kumilla, lluqi kumilla unancha, umayuq kumilla, yapa willakuy
â€	iskay yapa willakuy, kumilla, paÃ±a kumilla, umayuq kumilla, yapa willakuy
â€	iskay yapa kumilla, kumilla, umayuq kumilla, uran kumilla, uran paÃ±a kumilla, yapa willakuy
Â«	allin tuqyaq, cheuron, kuchu, kurchitikuna, lluqi, lluqi francesa kumilla, yapa willakuy
Â»	allin tuqyaq, cheuron, kuchu, kurchitikuna, paÃ±a, paÃ±a francesa kumilla, yapa willakuy
)	muyusqa parentesis, parentesis, wichqay parentesis
[	kichay tawakuchusqa parentesis, korchiti, parentesis, tawakuchusqa kurchiti
]	kurchiti, parentesis, tawakuchusqa kurchiti, wichqay tawakuchusqa parentesis
{	gullwing nisqa, kichay kurchiti, kurchiti, llawi, wichqay kurchiti
}	gullqing nisqa, kurchiti, llawi, wichqay kurchiti
ã€ˆ	cheuron, diamante hina kurchiti, kichay kuchuwan kurchiti, kuchuwan kurchiti, kurchiti, tupla
ã€‰	cheuron, diamante kurchiti, kuchuwan kurchiti, kurchiti, tupla, wichqay kuchuwan kurchiti
ã€Š	iskay kichasqa kuchuwan kurchiti, iskaychasqa kuchuwan kurchiti, kichay iskaychasqa kuchuwan kurchiti, kurchiti
ã€‹	iskaychasqa kuchuwan kurchiti, kurchiti, wichqay iskaychasqa kuchuwan kurchiti
ã€Œ	kichay kuchuman kurchiti, kuchuman kurchiti, kurchiti
ã€	kuchuman kurchiti, kurchiti, wichqay kuchuman kurchiti
ã€	kichay ukun kuchuman kurchiti, kurchiti, ukun kuchuman kurchiti
ã€	kurchiti, wichqay ukun kuchuwan kurchiti
ã€	kichay yana kurchiti, kurchiti, lenticular kurchiti
ã€‘	kurchiti, lenticular kurchiti, wichqay yana kurchiti
ã€”	kichay turtuga hina kurchiti, kurchiti, turtuga hina kurchiti
ã€•	kurchiti, turtuga hina kurchiti, wichqay turtuga hina kurchiti
ã€–	kichay ukunwan kurchiti, kurchiti, ukunwan kurchiti, ukunwan lenticular kurchiti
ã€—	kurchiti, ukunwan kurchiti, ukunwan lenticular kurchiti, wichqay ukunwan kurchiti
Â§	hatun qillqa raki, raki, ruwana, silcrow
Â¶	alinea, hatun qillqa raki, hatun qillqa raki chimpu, pilcrow, rubrica
@	ampersat, arobase, arroba, arroba chimpu, arroba qatu, arroba unancha, arroba yupiy
*ï¸	asterisco, comodin, quyllur
/	raki chimpu, raki sananpa, siqa, solidus, warra
\	qipaman raki sananpa, raki chimpu, tikrasqa solidus
&	amperson, chaymanta, hinaspa
#ï¸	hash, hash chimpu, hashtag, lb, libra, yupay
%	pachakchasqa, sapa pachak, sapa-pachak
â€°	permil, permille, sapa milla, sapa waranqa
â€ 	daga, daga chimpu, daga unancha, obelisco, obelus
â€¡	daqa, iskay, iskay daga unancha, obelisco, obelus
â€¢	chiku, viÃ±eta
â€§	chiku, rakichikuq, rakisqa chiku, siqi
â€²	qapaq
â€³	iskay qapaq, qapaq
â€´	kimsa qapaq, qappaq
â€¸	allin tuqyaq
â€»	willakuy chimpu
â‚	asterismo, dinkus, quyllurkuna
`	grave, grave kunka, kunka, tonu
Â´	agudu, agudu kunka, kunka, tonu
^	chuku, circunflejo, circunflejo raki, kallpa, kuchu, patachay, qimiq, raki unancha
Â¨	dieresis, trÃ©ma, umlaut
Â°	gradu, prueba, ura
â„—	copyright, grawasqa, uyarina, uyarina copyright nisqawan grawasqa
â†	lluqi, qawasqa lluqiman wachi, wachi
â†š	lluqiman siqi wachi
â†’	paÃ±a qawasqa paÃ±a wachi, qawasqa paÃ±a wachi, wachi
â†›	paÃ±aman siqi wachi
â†‘	hanaq, qawasqa hanaqman wachi, wachi
â†“	qawasqa uranman wachi, uran, wachi
â†œ	lluqiman wayrawayra wachi
â†	paÃ±aman wayrawayra wachi
â†	lluqiman iskay umawan wachi
â†Ÿ	hanaqman iskay umawan wachi
â† 	paÃ±aman iskay umawan wachi
â†¡	uranman iskay umawan wachi
â†¢	lluqiman wachi chupiyuq
â†£	paÃ±aman wachi chupiyuq
â†¤	lluqiman wachi warramanta
â†¥	hanaqman wachi warramanta
â†¦	paÃ±aman wachi warramanta
â†§	uranman wachi warramanta
â†¨	uranmanta hanaqman wachi siqiwan
â†«	lluqiman wachi lazowan
â†¬	paÃ±aman wachi lazowan
â†­	lluqi paÃ±a wayrawayra wachi
â†¯	uranman zigzag hina wachi, zigzag nisqa
â†°	hanaqman wachi Ã±awchiwan lluqiman
â†±	hanaqman wachi Ã±awchiwan paÃ±aman
â†²	uranman wachi Ã±awchiwan lluqiman
â†³	uranman wachi Ã±awchiwan paÃ±aman
â†´	paÃ±aman wachi kuchuwan uranman
â†µ	uranman wachi kuchuwan lluqiman
â†¶	tikrasqa ura qatichkanku hanaqpi kuska muyusqa wachi
â†·	ura qatichkanku hanaqpi kuska muyusqa wachi
â†¸	chincha kunti wachi hatun warrawan
â†¹	lluqiman wachi paÃ±aman wachipi
â†º	tikrasqa ura qatispa kichasqa muyuwan wachi
â†»	ura qatispa kichasqa muyuwan wachi
â†¼	lluqiman arpon puya hina hanaqman, puya
â†½	lluqiman arpon puya hina uranman
â†¾	hanaqman arpon puya hina paÃ±aman, puya
â†¿	hanaqman arpon puya hina lluqiman, puya hina
â‡€	paÃ±aman arpon puya hina hanaqman, puya
â‡	paÃ±aman arpon puya hina uranman, puya
â‡‚	puya, uranman arpon puya hina paÃ±aman
â‡ƒ	puya, uranman arpon hina lluqiman, uranman arpon puya hina lluqiman
â‡„	paÃ±aman wachi lluqiman wachipi
â‡…	hanaq, qawasqa hanaqman hinaspa qawasqa uranman wachikuna, qawasqa hanaqman-uranman wachikuna, uran, wachi
â‡†	lluqi, paÃ±a, qawasqa lluqi qawasqa paÃ±api wachikuna, qawasqa lluqiman paÃ±api wachikuna, wachi
â‡‡	iskaychasqa lluqiman wachikuna
â‡ˆ	iskaychasqa hanaqman wachikuna
â‡‰	iskaychasqa paÃ±aman wachikuna
â‡Š	iskaychasqa uranman wachikuna
â‡‹	lluqiman arpon paÃ±aman arponpi
â‡Œ	paÃ±aman arpon lluqiman arponpi
â‡	lluqiman iskay wachi
â‡	lluqiman iskay wachi siqiwan
â‡‘	hanaqman iskay wachi
â‡’	paÃ±aman iskay wachi
â‡	paÃ±aman iskay wachi siqiwan
â‡“	uranman iskay wachi
â‡”	lluqiman paÃ±aman iskay wachi
â‡	lluqiman paÃ±aman iskay wachi siqiwan
â‡–	chinchaman kuntiman iskay wachi
â‡—	chinchaman antiman iskay wachi
â‡˜	qullaman antiman iskay wachi
â‡™	qullaman kuntiman iskay wachi
â‡š	lluqiman kimsa wachi
â‡›	paÃ±aman kimsa wachi
â‡œ	lluqiman siqikunawan wachi
â‡	paÃ±aman siqikunawan wachi
â‡	hanaqman wachi iskay siqikunawan
â‡Ÿ	uranman wachi iskay siqikunawan
â‡ 	lluqi chikukunawan wachi, lluqiman chikukunawan wachi
â‡¡	hanaqman chikukunawan wachi
â‡¢	paÃ±aman chikukunawan wachi
â‡£	uranman chikukunawan wachi
â‡¤	lluqiman warrawan wachi
â‡¥	paÃ±aman warrawan wachi
â‡¦	lluqiman ukunman wachi, lluqiman ukunwan wachi
â‡§	hanaqman ukunman wachi
â‡¨	paÃ±aman ukunman wachi
â‡©	uranman ukunman wachi
â‡ª	hanaqman ukunman warramanta wachi
â‡µ	uranman wachi lluqipi uranman wachiwan
âˆ€	llapa, llapapaq, lliw, qusqa, wakin
âˆ‚	diferencial, kuska diferencial
âˆƒ	kaymiÃ±a
âˆ…	chusaq huÃ±u, huÃ±u llamkaq, matematicas
âˆ†	kimsakuchu, yapay
âˆ‡	nabla, nabla kimsakuchu
âˆˆ	huÃ±u, ima, ima kaymanta, intigranti, tiyan
âˆ‰	ima, mana huk imayuq
âˆ‹	ima, intigranti hina tiyan
âˆ	halmos, lapida, q.e.d., qed, tukuq mallina
âˆ	logico, mana tukukuq ruru, ruru
âˆ‘	mana tukukuq yapaynin, matematicas, yapaynin
+	yapana, yapana unancha, yapay
Â±	yapana qichuna, yapana-qichuna
Ã·	obelus, rakina, rakina unancha, rakiy
Ã—	mirachina, mirachina unancha, mirachiy, pachakuna
<	pisi kayhina, pisi-kayhina, sutichaq, sutichaq kichay
â‰®	mana kikin, mana pisin, matematicas
=	kikin, kikinkuna
â‰ 	ama kikinkaq, mana kikin, mana kikin kay
>	aswan hatun kayhina, aswan hatun-kayhina, qaylla sutichaq, sutichaq
â‰¯	mana kikin, mana kuraqnin, matematicas
Â¬	ama, mana
|	kuqmu, qispi, sayampa siqin, sayampa warran, sheffer warra, siqi, warra
~	asintu
âˆ’	qichuna, qichuna unancha, qichuy
â»	hatun qillqa, hatun qillqa qichuna, qichuna
âˆ“	qichuna uta yapana, qichuna utaq yapana, qichuna-yapana
âˆ•	rakina warra, siqi, virgula, warra
â„	chiqta warra, siqi, virgula
âˆ—	asterisku llamkaq, quyllur
âˆ˜	huÃ±uynin, llamkaq, siwi llamkaq
âˆ™	llamkaq, siqichana yupi llamkaq
âˆš	iskaychasqa sapi, radical, sapi, surd, tawakuchu
âˆ	proporcional, proporcionalidad
âˆ	wiÃ±aypaq, wiÃ±aypaq wiÃ±aynin unancha
âˆŸ	matematicas, paÃ±a kuchu
âˆ 	agudu, kuchu
âˆ£	rakina, rakiq
âˆ¥	paralilu
âˆ§	ac, atque, logico kaywan, patma
âˆ©	huÃ±u, siqi tinkuy
âˆª	huÃ±u, huÃ±usqa, tinkuy
âˆ«	lliw, yupachay
âˆ¬	iskay lliw, yupachay
âˆ®	muyusqa lliw
âˆ´	chantapas, logicu
âˆµ	imarayku, logico
âˆ¶	chaychÃ¡
âˆ·	proporcion, proporcionalidad
âˆ¼	llamkaq, tilde llamkaq
âˆ½	tikrasqa tilde, tilde
âˆ¾	tikrasqa s sananpa
â‰ƒ	asintota, kikin asintoticamente nisqa, matematicas
â‰…	congruencia, isomorfismo, kikinkaq, matematicas, yaqa kikin
â‰ˆ	kikinÃ±a, qayllachispa, qayllachiy
â‰Œ	kikinkaq, llapa kikin, matematicas
â‰’	yaqa kikin rikchaynin hina
â‰–	kikinkaq, matematicas, siwi kikin chimpupi
â‰¡	kikillantaq, kikin, kimsa, riqsichisqa
â‰£	chiqa kikin, kikinkaq, matematicas
â‰¤	kikin, kikinkuna, mana kikinkaq, pisi kayhin utaq kikin, pisi kayhina utaq kikin, pisi-kayhina
â‰¥	aswan hatun kayhina, aswan hatun kayhina utaq kikin, kikin, kikinkuna, mana kikinkaq
â‰¦	kikinkaq, matematicas, pisin kikin chimpupi
â‰§	kuraqnin kikin chimpupi, mana kikin, matematicas
â‰ª	aswan pisin, mana kikin, matematicas
â‰«	aswan kuraqnin, mana kikin, matematicas
â‰¬	kaypura
â‰³	kikin kuraqnin, mana kikin, matematicas
â‰º	huÃ±u llamkaq, matematicas, Ã±awpaqman
â‰»	huÃ±u llamkaq, matematicas, qipaman
âŠ	huÃ±u llamkaq, manam qipaman kanchu, matematicas
âŠ‚	huÃ±u, sullka huÃ±u, sullka huÃ±u kaymanta
âŠƒ	hatun huÃ±u, huÃ±u llamkaq, matematicas
âŠ†	uchuy huÃ±u kikin chimpuwan
âŠ‡	hatun huÃ±u kikin chimpuwan, kikinkaq, matematicas
âŠ•	muyupi yapana, yapana
âŠ–	erosion, kikin puchu, muyupi qichuna
âŠ—	muyupi mirana, ruru, tensor
âŠ˜	matematicas, muyupi rakina warra, rakina hina
âŠ™	muyupi chusu llamkaq
âŠš	muyupi siwi llamkaq
âŠ›	asterisku, llamkaq, muyupi asterisku llamkaq
âŠ	matematicas, tawakuchupi yapana, yapana hina
âŠŸ	matematicas, qichuna hina, tawakuchupi qichuna
âŠ¥	eet, falsum, hanaqman tachuela, tachuela
âŠ®	manam kallpa kanchu
âŠ°	huÃ±u llamkaq, matematicas, Ã±awpaqman tinkuywan
âŠ±	huÃ±u llamkaq, matematica, qipaman tinkuywan
â‹­	huÃ±u teoria, manam kaqlla hina ichuy huÃ±u kikinwan tiyanchu, manam kaqlla hina uchuy huÃ±u kikinwan tiyanchu, matematicas
âŠ¶	kikinchay
âŠ¹	ermitaÃ±o muyuchiy sapin, kikin huÃ±usqa sapin, matematicas, tawakuchusqapa sapin
âŠ¿	matematicas, paÃ±a kimsa kuchu, paÃ±a kimsa kuchuwan
â‹	disyuncion, logico, n-ary logico utaq
â‹‚	huÃ±u llamkaq, interseccion, matematicas, n-ary interseccion
â‹ƒ	huÃ±u llamkaq, matematicas, n-ary tinkiy, tinkiy
â‹…	chusu llamkaq, llamkaq
â‹†	llamkaq, quyllur llamkaq
â‹ˆ	iskaychasqa llamkaq, kawsaq tikuy, kawsaq tinkuy, moÃ±owan corbata
â‹’	huÃ±u llamkaq, iskay tinkuy, matematicas, tinkuy
â‹˜	ancha aswan pisin, mana kikin, matematicas
â‹™	ancha aswan kuraqnin, mana kikin, matematicas
â‹®	elipsis, matematicas, sayampa kimsa qatipasqa chusukuna
â‹¯	chawpipi kinrampa kimsa qatipasqa chusukuna, elipsis
â‹°	elipsis, hanaq paÃ±aman siqi kimsa qatipasqa chusukuna, matematicas
â‹±	elipsis, matematicas, sa qatipasqa chusukuna, uran paÃ±aman siqi kimsa qatipasqa chusukuna
â– 	huntasqa tawakuchu
â–¡	ukunwan tawakuchu
â–¢	ukunwan tawakuchu muyusqa kuchukunawan
â–£	ukunwan tawakuchu huntasqa tawakuchuyuqwan
â–¤	tawakuchu kinrampawan huntasqa
â–¥	tawakuchu sayampawan huntasqa
â–¦	tawakuchu pusaq chakanawan huntasqa
â–§	tawakuchu siqikunawan ukun lluqiman
â–¨	tawakuchu siqikunawan ukun paÃ±aman
â–©	tawakuchu huntasqa chiqa siqikunawan
â–¬	huntasqa saytu
â–­	chusaq saytu
â–®	huntasqa sayampa saytu
â–°	huntasqa paralelogramo
â–²	hanaq, huntasqa, huntasqa hanaqman Ã±awpiwan kimsakuchu, kimsakuchu, wachi
â–³	chusaq kimsakuchu Ã±awpi hanaqman
â–´	huntasqa uchuy kimsakuchu Ã±awpi hanaqman
â–µ	chusaq uchuy kimsakuchu Ã±awpi hanaqman
â–·	chusaq kimsakuchu Ã±awpi paÃ±aman
â–¸	huntasqa uchuy kimsakuchu Ã±awpi paÃ±aman
â–¹	chusaq uchuy kimsakuchu Ã±awpi paÃ±aman, huntasqa uchuy kimsakuchu Ã±awpi paÃ±aman
â–º	huntasqa Ã±awpi paÃ±aman
â–»	chusaq Ã±awpi paÃ±aman
â–¼	huntasqa, huntasqa uranman Ã±awpiwan kimsakuchu, kimsakuchu, uran, wachi
â–½	chusaq kimsakuchu Ã±awpi uranman
â–¾	huntasqa uchuy kimsakuchu Ã±awpi uranman
â–¿	chusaq uchuy kimsakuchu Ã±awpi uranman
â—	chusaq kimsakuchu Ã±awpi lluqiman
â—‚	huntasqa uchuy kimsakuchu Ã±awpi lluqiman
â—ƒ	chusaq uchuy kimsakuchu Ã±awpi lluqiman
â—„	huntasqa Ã±awpi lluqiman
â—…	chusaq Ã±awpi lluqiman
â—†	huntasqa puytu
â—‡	chusaq puytu
â—ˆ	chusaq puytu huntasqa puytuwan
â—‰	chusaq muyu huntasqa muyuwan, concentricu huntasqa muyukuna, muyusqa chusu, ojo de pez
â—Š	puytu, rumbu
â—‹	chusaq muyu, muyu, siwi
â—Œ	chusuwan muyu
â—	muyu sayampa siqiwan
â—	concentruku muyukuna, concetriku muyukuna, iskay muyu, objetivo
â—	huntasqa muyu, muyu
â—	muyu kuska chusaq huntasqa lluqipi
â—‘	muyu kuska chusaq huntasqa paÃ±api
â—’	muyu kuska chusaq huntasqa uranpi
â—“	muyu kuska chusaq huntasqa hanaqpi
â—”	muyu huntasqa hanaq paÃ±aman
â—•	llapan huntasqa muyu ichaqa chusaq hanaq lluqiman
â—–	lluqi kusqa muyupi huntasqa
â——	paÃ±a kusqa muyupi huntasqa
â—˜	tikrasqa siqichana yupi
â—™	ukun tawakuchupi huntasqa muyuwan
â—œ	hanaq lluqipi muyusqa siqi
â—	hanaq paÃ±api muyusqa siqi
â—	uran paÃ±api muyusqa siqi
â—Ÿ	uran lluqipi muyusqa siqi
â— 	hanaqpi kuska muyu
â—¡	uranpi kuska muyu
â—¢	uran paÃ±aman huntasqa kimsakuchu
â—£	uran lluqiman huntasqa kimsakuchu
â—¤	hanaq lluqiman huntasqa kimsakuchu
â—¥	hanaq paÃ±aman huntasqa kimsakuchu
â—¦	chusaq siqichana yupi
â—¯	hatun chusaq muyu, muyu, siwi
â—³	chusaq tawakuchu hanaq paÃ±aman
â—·	chusaq muyu hanaq paÃ±aman
â—¿	uran pachaman kimsakuchu
â™ª	pusaqÃ±iqi, takiy, uchuy willakuy
â¨§	yapana sullkapi iskay qillqasqa
â¨¯	vector mirana ruruwan
â¨¼	ukun ruru
â©£	logico utaq iskay warra uranpi
â©½	pisinman kikinwan
âª	pisin hanaqpi kikinwan
âªš	iskay siqi kikin kuraqninwan
âªº	sami hanaqpi manaraq yaqa kikin
â™­	bemol, panpa, takiy, uchuy willakuy
â™¯	agudu, diesis, diÃ¨se, takiy, uchuy willakuy
ğŸ˜€	kusi, kusisqa uya, uya
ğŸ˜ƒ	kichay, kusi, kusisqa uya hatun Ã±awikunawan, simi, uya
ğŸ˜„	kichay, kusi, kusisqa uya kusisqa Ã±awikunawan, simi, uya, Ã±awi
ğŸ˜	asiy, kancharisqa uya kusisqa Ã±awikunawan, kusi, kÊ¼ancharisqa uya kusisqa Ã±awikunawan, uya, Ã±awi
ğŸ˜†	asisqa, asiy, kusisqa uya wichqasqa Ã±awikunawan, munasqa, simi, uya
ğŸ˜…	asiy, chiri, kichay, kusisqa uya sutÊ¼uwan, sutÊ¼u, uya
ğŸ¤£	hallpÊ¼a, kusi, muyusqa, muyusqa kusi hallpÊ¼api, muyusqa kusi jallpÊ¼api, uya
ğŸ˜‚	kusi, kusisqa, kusisqa uya wiqikunawan, uya, wiqi
ğŸ™‚	kusi, pisi kusisqa uya, uya
ğŸ™ƒ	tikrasqa, tikrasqa uya, uya
ğŸ« 	chinkachisqa, chinkachiy, chullusqa uya, chulluy, yaku
ğŸ˜‰	chÊ¼irmi, chÊ¼irmi uya, chÊ¼irmi ya, uya
ğŸ˜Š	kusi, kusisqa uyata kusisqa Ã±awikunawan, pÊ¼inqakuy, uya, Ã±awi
ğŸ˜‡	angel, aureola, fantasia, juchannaq, kusisqa uya aureolawan, uya
ğŸ¥°	kusisqa uya sunqukunawan, munanakuy, munasqa, munay, sunqukuna
ğŸ˜	kusi, kusisqa uya sunqukunawan Ã±awikunapi, munay, uya, Ã±awi
ğŸ¤©	kusisqa, quyllur, quyllur aÃ±asqa, uya, Ã±awikuna
ğŸ˜˜	muchÊ¼a, uya, uya chÊ¼amqasqa huk muchÊ¼ata
ğŸ˜—	muchÊ¼a, muchÊ¼asqa uya, uya
â˜ºï¸	chiqchisqa uya, kusi, kusisqa uya, samasqa, siqisqa, uya
ğŸ˜š	muchÊ¼a, muchÊ¼asqa uyata wichqasqa Ã±awikunawan, uya, wichqasqa, Ã±awi
ğŸ˜™	muchÊ¼a, muchÊ¼asqa uyata kusisqa Ã±awikunawan, uya, Ã±awi
ğŸ¥²	apuskachaq, kusisqa, kusisqa uya wiqiwan, kusisqa uya wiwiwan, llamkasqa, pachi, wiqi
ğŸ˜‹	kusi, mikhuchkan, mikhusqa mikhuna, miskÊ¼i, mmm, uya, uya mikhusqa mikhuna
ğŸ˜›	qallu, uya, uya qalluwan
ğŸ˜œ	asina, chÊ¼irmi, chÊ¼irmi uya qalluwan, qallu, uya, Ã±awi
ğŸ¤ª	hatun, huchuy, waqÊ¼a, waqÊ¼a uya, Ã±awi
ğŸ˜	mikhuy, millana wichqasqa Ã±awikuna qalluwan, qallu, uya, wichqasqa Ã±awikuna qalluwan, Ã±awi
ğŸ¤‘	qallu, qullqi, qullqi simi uya, simi qullqiwan uya, uya
ğŸ¤—	makâ€™alli, makâ€™allisqa, uya, ya makÊ¼alliwan
ğŸ¤­	ups, uya makiwan simipi
ğŸ«¢	manchakusqa, manchakuy, pinqakusqa, pinqakuy, uya kichasqa Ã±awikunawan maki simipi
ğŸ«£	captivatu, chinkachisqa, uya chinkachisqa Ã±awiwan, Ã±awiriy
ğŸ¤«	chÊ¼in, chÊ¼in uya, châ€™in uya, Ã±aÃ±iq
ğŸ¤”	uya, yuyasqa, yuyasqa uya
ğŸ«¡	inti, rimaykuy, uya rimaykuspa, uyakuy, yari
ğŸ¤	simi, uya, uya ziper simipi, ziper
ğŸ¤¨	eseptico, mana iÃ±isqa, uya wichasqa qhiÃ±ipa, uya wichqasqa qhiÃ±ipa
ğŸ˜ï¸	chÊ¼usaq uya, kikin, neural, uh, uya
ğŸ˜‘	eh, mana expresioniyuq, mana rimasqa uya, uya, waÃ±usqa
ğŸ˜¶	chÊ¼in, simi, uya, uya mana simiyuqwan, Ã±aÃ±iq
ğŸ«¥	chinkachiy, chusupa siqinwan uya, mana riqisqa, upallasqa
ğŸ˜¶â€ğŸŒ«	chaqrusqa uya, payu, phuÃ±usqa uma, uya phuyukunapi
ğŸ˜	kÊ¼askikachay, kÊ¼askiskachasqa uya, uya
ğŸ˜’	llakisqa, mana kusisqa, mana kusisqa uya, uya
ğŸ™„	muyusqa, muyuy, uya, uya muyusqa Ã±awikunawan, Ã±awikuna
ğŸ˜¬	muesca, uya, uya muecaswan, uya muescaswan
ğŸ˜®â€ğŸ’¨	anchhiy, ansaqiy, jinchuy, llamsayay, samay, uya samachkan
ğŸ¤¥	llullakusqa uya, llullakuy, pinocho, uya
ğŸ˜Œ	llamsayasqa, llamsayasqa uya, uya
ğŸ˜”	usphu, uya, yuyaspa, yuyaspa uya
ğŸ˜ª	puÃ±uy, uya, uya puÃ±uywan
ğŸ¤¤	llawsasuru, llawsasuru uyu, uyu
ğŸ˜´	puÃ±usqa uya, puÃ±uy, uya, zzz
ğŸ˜·	barbijo, chiri, hampiq, unqusqa, uya, uya barbijiwan, uya barbijowan
ğŸ¤’	termometro, termometrowan uya, unqusqa, unquy, uya
ğŸ¤•	kÊ¼iri, kÊ¼irisqa, uya, uya manku umawan, venda
ğŸ¤¢	qâ€™ipna, uya, Ã±atÊ¼isqa uya, Ã±atâ€™isqa
ğŸ¤®	qÊ¼ipina, qÊ¼ipina uya, qâ€™ipina uya, unqusqa
ğŸ¤§	gesundheit, jachisqa uya, jachiy, uya
ğŸ¥µ	fiebre, jumpÊ¼i, puka uya, qÊ¼uÃ±i, qÊ¼uÃ±i uya, ruphay
ğŸ¥¶	anqas uya, chhullunkaa, chiri, chiri uy, chiri uya, khutu, khutuy
ğŸ¥´	intoxicado, machasqa, muyu muyu, qinquykachasqa simi, uma muyuy, wistÊ¼u Ã±awikuna
ğŸ˜µ	takasqa uya, uya, waÃ±uy
ğŸ˜µâ€ğŸ’«	espiral, hipnotizado, muyu muyu, sasachay, uya espiral Ã±awikunawan, wow
ğŸ¤¯	luqlu yuyay, mancharisqa, pÊ¼akisqa uma, pâ€™akisqa uma
ğŸ¤ 	baquera, baquero, baquero uya chukuwan, chuku, uya
ğŸ¥³	chuku, jarana, qÊ¼uchukusqa uya, raymi, waqra
ğŸ¥¸	lentekuna, mana riqsiqisqa, pakasqa, pakasqa uya, sinqa, uya
ğŸ˜	allinlla, inti, kusisqa uya lenteswan, kÊ¼anchay, lentes de sol nisqa, uya
ğŸ¤“	friki, uya, yuyaq, yuyaq uya
ğŸ§	maskasqa, uya monoculowan
ğŸ˜•	chaqrusqa uya, eh, uya
ğŸ«¤	chinkachisqa, eseptiku, mana uyakusqa, mmm, uya wiksu simiwan
ğŸ˜Ÿ	llakisqa, llakisqa uya, uya
ğŸ™	llaki, pisi llakisqa uya, uya
â˜¹ï¸	sipÊ¼usqa uya, sipÊ¼uy, uya
ğŸ˜®	kichay, kÊ¼acha, simi, uya, uya kichasqa simiwan
ğŸ˜¯	chÊ¼in kasqa uya, kakka, manchachisqa, pâ€™inqakusqa, uya
ğŸ˜²	aÃ±asqa, aÃ±asqa uya, chaqrusqa, llapan, uya
ğŸ˜³	kuyusqa, pÊ¼inqakusqa uya, pâ€™inqakusqa, uya
ğŸ¥º	khuyakuy, llullu uya, uyllasqa uya, uyllay
ğŸ¥¹	orgulloso, piÃ±a, uya wiqikunawan hapisqa, waqasqa, waqay
ğŸ˜¦	aÃ±asqa uya kichasqa simiwan, aÃ±ay, kichay, simi, uya
ğŸ˜§	Ã±akÊ¼ari uya
ğŸ˜¨	manchachisqa, mancharisqa, mancharisqa uya, manchariy, uya
ğŸ˜°	anqas, chiri, sutÊ¼u, takurisqa uya sutÊ¼uwan, usqhasqa, uya
ğŸ˜¥	llakisqa ichaqa llamkayasqa uya, llakisqa ichaqa llamsayasqa uya, llamsayasqa, sunqunnasqa uya, uf, uya
ğŸ˜¢	llakisqa, uya, waqasqa uya, waqay, wiqi
ğŸ˜­	llaki, llakisqa, uya, waqasqa uya wiqikunawan, wiqi
ğŸ˜±	khastuy, manay, manchasqa, qhapariy, uya, uya qaparisqa manchanawan
ğŸ˜–	pantasqa uya
ğŸ˜£	uya, yanapakusqa uya, yanapakuy
ğŸ˜	sunqunnasqa uya
ğŸ˜“	chiri, llakisqa uya sutÊ¼uwan, sutÊ¼u, uya
ğŸ˜©	ayqusqa, ayqusqa uya, saykâ€™usqa, uya
ğŸ˜«	saykÊ¼usqa uya, saykâ€™usqa, uya
ğŸ¥±	hanyasqa, hanyasqa uya, maji, majisqa
ğŸ˜¤	atipasqa, triunfo, uya, uya qÊ¼usÃ±iwan sinqamanta
ğŸ˜¡	phiÃ±a, phiÃ±akuq, phiÃ±akuy, puka, turisqa uya, uya
ğŸ˜ 	phiÃ±akusqa, phiÃ±akusqa uya, uya
ğŸ¤¬	sullullchachkan, uya unanchakunawan simipi
ğŸ˜ˆ	fantasia, hadas willana, kusisqa, kusisqa uya waqrakunawan, uya, waqra
ğŸ‘¿	challi, fantasia, phiÃ±akusqa uya waqrakunawan, saqra, supay, uya
ğŸ’€	hadas willana, monstruo, saqru, uya, waÃ±uy
â˜ ï¸	chakatasqa tullukuna, monstruo, saqru, saqru chaymanta chakatasqa tullukuna, uya, waÃ±uy
ğŸ’©	achka aka, aka, kaka, monstruo, popo, uya
ğŸ¤¡	pÊ¼aqpaku uya
ğŸ‘¹	criatura, fantasia, hadas willana, monstruo, ogro, uya
ğŸ‘º	criatura, fantasia, hadas willana, huchuy kuku, kuku, monstruo, uya
ğŸ‘»	criatura, fantasia, hadas willana, kuku, monstruo, uya
ğŸ‘½ï¸	alien, criatura, extraterrestre, fantasia, ovni, uya
ğŸ‘¾	alien, criatura, extraterrestre, monstruo, ovni, pÊ¼arqa alienÃ­gena, uya
ğŸ¤–	mostruo, robot, uya
ğŸ˜º	kichay, kusi, kusisqa, kusisqa misi, misi, simi, uya
ğŸ˜¸	asiy, kusi, kusisqa misi uya kusisqa Ã±awikunawan, misi, uya, Ã±awi
ğŸ˜¹	kusi, misi, misi wiqikunawan kusirikuyninmanta, uya, wiqi
ğŸ˜»	asisqa misi sunqukunawan Ã±awikunapi, asiy, misi, munay, sunqu, uya, Ã±awi
ğŸ˜¼	asiy, ironico, misi, misi muyusqa kusiwan, muyusqa, uya
ğŸ˜½	misi, muchÊ¼a, muchÊ¼asqa misi, uya, Ã±awi
ğŸ™€	ayqusqa, mancharisqa, mancharisqa misi, misi, oh, uya
ğŸ˜¿	llakisqa, misi, uya, waqasqa misi, waqay, wiqi
ğŸ˜¾	misi, turisqa, turisqa misi, uya
ğŸ™ˆ	Vote supay, amachasqa, kusillo, kusillo mana saqrayuqwan rikuy, rikuy, uya
ğŸ™‰	amachasqa, kusillo, kusillo mana saqrayuqwan uyariy, supay, uya, uyariy
ğŸ™Š	amachasqa, kusillo, kusillo mana saqrayuqwan parlay, parlay, supay, uya
ğŸ’‹	muchÊ¼a, muchÊ¼a unancha, sirpi
ğŸ’Œ	chaski, munay, munay qillqa, qillqa, sunqu
ğŸ’˜	cupido, sunqu wachÊ¼iwan, wachÊ¼i
ğŸ’	cinta, sunqu cintawan, valentin
ğŸ’–	kusisqa, kÊ¼anchasqa, kÊ¼anchasqa sunqu
ğŸ’—	kusisqa, paqarisqa, paqarisqa sunqu, pulso, tÊ¼ikti
ğŸ’“	patatasqa sunqu, phatatasqa, phatatasqa sunqu, phatatay, tÊ¼ipuy
ğŸ’	muyusqa, muyusqa sunqukuna
ğŸ’•	iskay sunqukuna, munay
ğŸ’Ÿ	sunqu, sunqu rikchay
â£ï¸	exclamasion, marka, puntuacion, sunqu exclamasion
ğŸ’”	pakasqa, pakasqa sunqu, pakay
â¤â€ğŸ”¥	munay, ruphay, sunqu, sunqu ninapi, wakÊ¼a sunqu, Ã±uqi
â¤â€ğŸ©¹	allichachkan, allichasqa, allichasqa sunqu, allichay kay, allin, qhali kay, qhali kaynin
â¤ï¸	puka sunqu, sunqu
ğŸ§¡	willapi, willapi sunqu
ğŸ’›	qÊ¼illu, qÊ¼illu sunqu
ğŸ’š	qÊ¼umir, qÊ¼umir sunqu
ğŸ’™	anqas, anqas sunqu
ğŸ’œ	kulli, kulli sunqu
ğŸ¤	cafe, cafe sunqu, sunqu
ğŸ–¤	saqra, supay, yana, yana sunqu
ğŸ¤	sunqu, yuraq, yuraq sunqu
ğŸ’¯	100, chikukuna, hunta, pachaq, pachaq chikukuna
ğŸ’¢	comic, mana allin, phiÃ±akuy, phiÃ±akuy unancha
ğŸ’¥	bum, comic, tupa
ğŸ’«	comic, muyu muyu, quyllur
ğŸ’¦	chÊ¼iqichisqa, comic, jumpÊ¼i sutukuna, sumpÊ¼i sutukuna, sutÊ¼u
ğŸ’¨	comic, karuman phawachkan, phaway, purichkan
ğŸ•³ï¸	tâ€™uqu
ğŸ’£ï¸	bomba, comic
ğŸ’¬	glubu, kusi, phukpu, rimana, rimasqa, rimaypa glubun
ğŸ‘â€ğŸ—¨	rimasqa phukpupi, testigo, Ã±awi, Ã±awi rimasqa phukpupi
ğŸ—¨ï¸	lluqÊ¼i rimasqa phukpupi, lluqâ€™i rimasqa phukpupi, rimana, rimay
ğŸ—¯ï¸	paÃ±a phiÃ±asqa phukpu, phiÃ±asqa, phiÃ±ay, phukpu
ğŸ’­	glubu, kusi, phukpu, rimana, rimasqa, yuyaypa glubun
ğŸ’¤	comic, puÃ±uy, zzz
ğŸ‘‹	maki, qinquykachasqa, qinquykachasqa maki, qinquykachay
ğŸ¤š	jinchÊ¼a, juqharisqa, juqharisqa maki
ğŸ–ï¸	maki, maki iskay rukanakunawa mastasqa, maki iskay rukâ€™anakunawa mastâ€™asqa, mastasqa, rukana
âœ‹	huqharisqa maki, maki
ğŸ––	maki, rukana, spock, vulcano, vulcano napay
ğŸ«±	maki, paÃ±a, paÃ±aman, paÃ±aman maki
ğŸ«²	lluqi, lluqiman, lluqiman maki, maki
ğŸ«³	chinkachiy, kachaykuy, uranman maki pampa
ğŸ«´	hamuy, hanaqman maki pampa, hapiy, maÃ±ay, quy
ğŸ‘Œ	UYAKUY, UYAKUY maki, maki
ğŸ¤Œ	maki gestu, rukanakuna, sawkalli, tapurikuy, tÊ¼ipisqa, tÊ¼ipsisqa rukanakuna
ğŸ¤	huchuy chanin, tÊ¼ipsisqa maki
âœŒï¸	maki, v, yalli, yalli maki
ğŸ¤	chakatasqa rukanakuna, chakatay, maki, rukana, suerte
ğŸ«°	chanin, maki chakatasqa iskay rukanawan, munay, qullqi, sunqu
ğŸ¤Ÿ	ILY, maki, munanki yupi
ğŸ¤˜	maki, rock, rukana, waqrakuna, waqrakuna unancha
ğŸ¤™	maki, qayana, waqyawani maki
ğŸ‘ˆï¸	chimpuy, indice, jinchÊ¼a, maki, rukana, tÊ¼upsi rukÊ¼anawan lluqÊ¼iman chimpuy
ğŸ‘‰ï¸	chimpuy, indice, jinchÊ¼a, maki, rukana, tÊ¼upsi rukÊ¼anawan paÃ±aman chimpuy
ğŸ‘†ï¸	chimpuy, hanaq, jinchÊ¼a, maki, rukana, tÊ¼upsi rukÊ¼anawan hanaqman chimpuy
ğŸ–•	chawpi rukana, maki, rukana
ğŸ‘‡ï¸	chimpuy, jinchÊ¼a, maki, rukana, tÊ¼upsi rukÊ¼anawan uranman chimpuy, uran
â˜ï¸	chimpuy, hanaq, indice, maki, rukana, rukÊ¼anawan hanaqman chimpuy
ğŸ«µ	chimpuy, indice rukanawan chimpusqa qawaqman, qam
ğŸ‘ï¸	+1, hanaq, hanaqpi rukÊ¼ana, maki, rukÊ¼ana
ğŸ‘ï¸	-1, maki, rukÊ¼ana, uran, uranpi rukÊ¼ana
âœŠ	châ€™uqmi, juqharisqa saqma, maki, pipuyasqa, saqma
ğŸ‘Š	châ€™uqmi, juqharisqa saqma, maki, saqma unancha
ğŸ¤›	lluqÊ¼i saqma, lluqâ€™iman, saqma
ğŸ¤œ	paÃ±a saqma, paÃ±aman, saqma
ğŸ‘	jayllisqa makikuna, jaylliy, maki
ğŸ™Œ	achhalay, gesto, juqharisqa, juqharisqa makikuna, maki, raymi
ğŸ«¶	munay, sunqu makikunawan
ğŸ‘	kichasqa makikuna, kichay, maki
ğŸ¤²	makikunawan plegaria unancha, plegaria
ğŸ¤	huÃ±unakuy, maki, pipuyasqa, pipuyasqa makikunapura, pipuyasqa makukunapura, uyniy
ğŸ™	maki, makikuna rezando, orar, pachi, tapuy
âœï¸	maki, maki qillqachkan, qillqay
ğŸ’…	cosmeticos, esmalte, esmalte sillukunapaq, manicura, qhaway, sillu
ğŸ¤³	camara, selfie, telefono
ğŸ’ª	challwan, comic, iskaychasqa bicepkuna, musculo, pâ€™akchiy
ğŸ¦¾	mecanico maki, prostetico, yaykurinalla
ğŸ¦¿	mecanico chaka, prostetico, yaykurinalla
ğŸ¦µ	chanka, jaytÊ¼ay, miembro
ğŸ¦¶	chaki, jaytÊ¼ay saruy
ğŸ‘‚ï¸	khurku, ninri
ğŸ¦»	haykurinalla, ninri uyarisqa yanapayniwan, pantasqa uyariypaq
ğŸ‘ƒ	sinqa, ukhu
ğŸ§ 	umayuq, Ã±uqtu
ğŸ«€	anatomico, anatomico sunqu, cardiologia, organo, pulso, sunqu
ğŸ«	inhalar, organo, respiracion, samarquy, samay, surqÊ¼ankuna
ğŸ¦·	dentista, kiru, kirukuna
ğŸ¦´	saqru, tullu
ğŸ‘€	uya, Ã±awi, Ã±awikuna
ğŸ‘ï¸	khurku, Ã±awi
ğŸ‘…	khurku, qallu
ğŸ‘„	simi, sirpi
ğŸ«¦	kachupakuspa simi, llakikusqa, llakikuy, llakisqa, llakiy
ğŸ‘¶	wawa, wayna
ğŸ§’	genero, irqi, mana akllasqa, neutral genero, yuqalla
ğŸ‘¦	wayna, yuqalla
ğŸ‘§	Virgo, warmi warma, wayna, zodiaco
ğŸ§‘	genero neutral, mana akllasqa genero, puriq runa, runa
ğŸ‘±	chukcha, qillu, qillu chukcha runa, runa: qillu chukcha, runa: qÊ¼illu chukcha
ğŸ‘¨	puriq runa, tata
ğŸ§”	kÊ¼aki, runa, runa: kÊ¼aki
ğŸ§”â€â™‚	kaki, runa, runa: kaki
ğŸ‘±â€â™‚	chukcha, qÊ¼illu, runa, runa: qillu chukcha, runa:qillu chukcha
ğŸ‘©	puriq runa, warmi
ğŸ§”â€â™€	kÊ¼aki, warmi, warmi: kÊ¼aki
ğŸ‘±â€â™€	chukcha, qÊ¼illo chukcha warmi, qÊ¼illu, warmi, warmi: qÊ¼illu chukcha
ğŸ§“	genero, genero neutral, hatun, mana akllasqa, puriq runa, Ã±awpa runa
ğŸ‘´	hatun, hatun tata, puriq runa, runa
ğŸ‘µ	hatun, hatun mama, puriq runa, warmi
ğŸ™	gesto, llaki, llakisqa runa
ğŸ™â€â™‚	gesto, llakisqa, llakisqa tata, tata
ğŸ™â€â™€	gesto, llakisqa, llakisqa warmi, warmi
ğŸ™	gesto, phiÃ±achisqa runa, piÃ±achisqa
ğŸ™â€â™‚	gesto, phiÃ±achisqa tata, piÃ±achisqa, tata
ğŸ™â€â™€	gesto, phiÃ±achisqa warmi, piÃ±achisqa, warmi
ğŸ™…	amasqa, amatasqa, gesto, maki, runa MANA rikuy
ğŸ™…â€â™‚	amasqa, amatasqa, gesto, maki, tat MANA gestowan
ğŸ™…â€â™€	amasqa, amatasqa, gesto, warmi, warmi MANA gestowan
ğŸ™†	UYAKUY, gesto, maki, runa UYAKUY rikuy
ğŸ™†â€â™‚	UYAKUY, gesto, maki, tata, tata UYAKUY gestowan
ğŸ™†â€â™€	UYAKUY, gesto, maki, warmi, warmi UYAKUY gestowan
ğŸ’	maki, mana pâ€™inakuy, qillqasqa, runa willakuy kitipi, willakuy, yanapakuy
ğŸ’â€â™‚	mana pâ€™inakuy, qillqasqa maki, tata, tata willakuy kitipi
ğŸ’â€â™€	mana pâ€™inakuy, qillqasqa maki, warmi, warmi willakuy kitipi
ğŸ™‹	gesto, hatarichisqa, kusi, maki, runa makita hatarichiy
ğŸ™‹â€â™‚	gesto, hatarichisqa maki, tata, tata makita hatarichiy
ğŸ™‹â€â™€	gesto, hatarichisqa maki, warmi, warmi makita hatarichiy
ğŸ§	haykurinalla, luqtÊ¼u, luqtÊ¼u runa, ninri, uyariy
ğŸ§â€â™‚	runa, ruqtÊ¼u, ruqtÊ¼u runa
ğŸ§â€â™€	luqtÊ¼u, luqÊ¼u warmi, warmi
ğŸ™‡	gesto, qhispichiway, qhispichiy, upaykusqa runa, upaykuy
ğŸ™‡â€â™‚	gesto, khuyay, qhispichiway, qhispichiy, tata, upaykusqa, upaykusqa tata
ğŸ™‡â€â™€	gesto, khuyay, qhispichiway, qhispichiy, upaykusqa, upaykusqa warmi, warmi
ğŸ¤¦	chunta, iÃ±iynin, runa makian uyapi, tapuna, uya
ğŸ¤¦â€â™‚	iÃ±iynin, maki tâ€™aqlla, tapuna, tata, tata makiwan uyapi
ğŸ¤¦â€â™€	iÃ±iynin, maki tâ€™aqlla, tapuna, warmi, warmi makian uyapi
ğŸ¤·	chiri sunqu, hatarichiy, pantay, runa rikrakunayuq hatarichiy, thuki
ğŸ¤·â€â™‚	chiri sunqu, hatarichiy, pantay, tata, tata rikrakunayuq hatarichiy, thuki
ğŸ¤·â€â™€	chiri sunqu, hatarichiy, pantay, thuki, warmi, warmi rikrakunayuq hatarichiy
ğŸ§‘â€âš•	enfermera, hanpiq, qhali kay, qhali kaywan llamkaq, terapista
ğŸ‘¨â€âš•	enfermera, hanpiq, qhali kay, tata, tata qhali kaywan llamkaq, terapista
ğŸ‘©â€âš•	enfermera, hanpiq, qhali kay, terapista, warmi, warmi qhali kaywan llamkaq
ğŸ§‘â€ğŸ“	graduado, yachakuq
ğŸ‘¨â€ğŸ“	graduado, tata, tata yachakuq, yachakuq
ğŸ‘©â€ğŸ“	graduada, warmi, warmi yachakuq, yachakuq
ğŸ§‘â€ğŸ«	instructor, maestro, yachachiq
ğŸ‘¨â€ğŸ«	instructor, maestro, tata, tata yachachiq, yachachiq
ğŸ‘©â€ğŸ«	instructor, maestro, warmi, warmi yachachiq, yachachiq
ğŸ§‘â€âš–	aysana, juez
ğŸ‘¨â€âš–	aysana, justicia, tata, tata juez
ğŸ‘©â€âš–	aysana, jueza, warmi, warmi jueza
ğŸ§‘â€ğŸŒ¾	granjero, jardinero, ranchero
ğŸ‘¨â€ğŸŒ¾	granjero, jardinero, ranchero, tata, tata granjero
ğŸ‘©â€ğŸŒ¾	granjero, jardinero, ranchero, warmi, warmi granjera
ğŸ§‘â€ğŸ³	chef, waykâ€™uq
ğŸ‘¨â€ğŸ³	chef, tata, tata waykâ€™uq, waykâ€™uq
ğŸ‘©â€ğŸ³	chef, warmi, warmi waykâ€™uq, waykâ€™uq
ğŸ§‘â€ğŸ”§	electrico, mecanico, plomero, ranqhaq
ğŸ‘¨â€ğŸ”§	electrico, mecanico, plomero, ranqhaq, tata, tata mecanico
ğŸ‘©â€ğŸ”§	electrico, mecanico, plomero, ranqhaq, warmi, warmi mecanico
ğŸ§‘â€ğŸ­	asamblea, fabrica, fabrica llamkaq, industrial, llamkaq
ğŸ‘¨â€ğŸ­	asamblea, fabrica, industrial, llamkaq, tata, tata fabrica llamkaq
ğŸ‘©â€ğŸ­	asamblea, fabrica, industrial, llamkaq, warmi, warmi fabrica llamkaq
ğŸ§‘â€ğŸ’¼	kamachiq, oficina llamkaq, oficinista, qatuna, wasi kâ€™achanchaq
ğŸ‘¨â€ğŸ’¼	kamachiq, oficinista, qatuna, tata, tata oficina llamkaq, wasi kâ€™achanchaq
ğŸ‘©â€ğŸ’¼	kamachiq, oficinista, qatuna, warmi, warmi oficina llamkaq, wasi kâ€™achanchaq
ğŸ§‘â€ğŸ”¬	biologo, fisico, hamutâ€™asqa, ingeniero, quimico
ğŸ‘¨â€ğŸ”¬	biologo, fisico, hamutâ€™asqa, ingeniero, quimico, tata, tata hamutâ€™asqa
ğŸ‘©â€ğŸ”¬	biologa, fisica, hamutâ€™asqa, ingeniera, quimica, warmi, warmi hamutâ€™asqa
ğŸ§‘â€ğŸ’»	descifrador, kamaq, paqariq, software, tecnico
ğŸ‘¨â€ğŸ’»	descifrador, kamaq, paqariq, software, tata, tata tecnico, tecnico
ğŸ‘©â€ğŸ’»	descifrador, kamaq, paqariq, software, tecnico, warmi, warmi tecnico
ğŸ§‘â€ğŸ¤	artista, imaymana yanakuq, quyllur, rock, takiq
ğŸ‘¨â€ğŸ¤	artista, imaymana yanakuq, quyllur, rock, takiq, tata, tata takiq
ğŸ‘©â€ğŸ¤	artista, imaymana yanakuq, quyllur, rock, takiq, warmi, warmi takiq
ğŸ§‘â€ğŸ¨	llimpiq, paleta
ğŸ‘¨â€ğŸ¨	llimpiq, paleta, tata, tata llimpiq
ğŸ‘©â€ğŸ¨	llimpiq, paleta, warmi, warmi llimpiq
ğŸ§‘â€âœˆ	latapâ€™isqu, piloto
ğŸ‘¨â€âœˆ	latapâ€™isqu, piloto, tata, tata piloto
ğŸ‘©â€âœˆ	latapâ€™isqu, piloto, warmi, warmi piloto
ğŸ§‘â€ğŸš€	astronauta, cohete
ğŸ‘¨â€ğŸš€	astronauta, cohete, tata, tata astronauta
ğŸ‘©â€ğŸš€	astronauta, cohete, warmi, warmi astronauta
ğŸ§‘â€ğŸš’	bombero, carru bombero
ğŸ‘¨â€ğŸš’	bombero, carru bombero, tata, tata bombero
ğŸ‘©â€ğŸš’	bombera, carru bombero, warmi, warmi bombera
ğŸ‘®	hachu, oficial, paco, policia
ğŸ‘®â€â™‚	jachâ€™u, oficial, paco, tata, tata policia
ğŸ‘®â€â™€	jachâ€™u, oficial, paco, warmi, warmi policia
ğŸ•µï¸	qawariy, qawmiwa, qhamiyaq
ğŸ•µâ€â™‚	qawariy, qawmiwa, qhamiyaq, tata, tata qhamiyaq
ğŸ•µâ€â™€	qawariy, qawmiwa, qhamiyaq, warmi, warmi qhamiyaq
ğŸ’‚	guardia
ğŸ’‚â€â™‚	guardia, tata, tata guardia
ğŸ’‚â€â™€	guardia, warmi, warmi guardia
ğŸ¥·	maqanakuy, ninja, pakasqa, siqilo
ğŸ‘·	Pirqaq, chuku, llamkaq, pirqaq
ğŸ‘·â€â™‚	llamkaq, pirqaq, tata, tata pirqaq
ğŸ‘·â€â™€	llamkaq, pirqaq, warmi, warmi pirqaq
ğŸ«…	inka, qapaq, runa kurunawan, tata inka, uma runa
ğŸ¤´	awki
ğŸ‘¸	fantasia, hadas willarina, Ã±usta
ğŸ‘³	runa turbantewan, turban
ğŸ‘³â€â™‚	tata, tata turbantewan, turbante
ğŸ‘³â€â™€	turbante, warmi, warmi turbantewan
ğŸ‘²	casquete, chÊ¼ullu, gorra, gua pi mao, runa, runa casquetewan
ğŸ§•	barbijo, hijab, mantilla, tichel, warmi barbijiwan, warmi barbijowan
ğŸ¤µ	machu wayna, runa, runa tuxedopi, tuxedo
ğŸ¤µâ€â™‚	esmoquin, runa esmoquinwan, tata
ğŸ¤µâ€â™€	tuxedo, warmi, warmi tuxedopi
ğŸ‘°	runa, runa velowan, salla, sawa, velo
ğŸ‘°â€â™‚	runa, runa velopi, velo
ğŸ‘°â€â™€	velo, warmi, warmi velopi
ğŸ¤°	warmi, wiksayuq, wiksayuq warmi
ğŸ«ƒ	hunta, puputi, qari wiksayuq, wiksayuq, yawarniyuq
ğŸ«„	hunta, wiksayuq, wiksayuq runa, yawarniyuq
ğŸ¤±	wawa, Ã±uÃ±u, Ã±uÃ±uchiy, Ã±uÃ±uq
ğŸ‘©â€ğŸ¼	enfermeria, warmi, warmi wawata Ã±uÃ±uchichkan, wawa, Ã±uÃ±uchiy
ğŸ‘¨â€ğŸ¼	enfermeria, runa, runa wawata Ã±uÃ±uchichkan, wawa, Ã±uÃ±uchiy
ğŸ§‘â€ğŸ¼	enfermeria, runa, runa wawawan Ã±uÃ±uchichkan, wawa, Ã±uÃ±uchichkan
ğŸ‘¼	angel, fantasia, hadas willana, uya, wawa, wawa angel
ğŸ…	Navidad, Papa Noel, noel, papa, raymi, tata
ğŸ¤¶	Mama Noel, Navidad, mama, noel, raymi
ğŸ§‘â€ğŸ„	Claus, navidad, mx claus
ğŸ¦¸	allin, heroe, heroina, superheroe, superpoder
ğŸ¦¸â€â™‚	allin, heroe, runa, runa superheroe, superpoder
ğŸ¦¸â€â™€	allin, heroe, heroina, superpoder, warmi, warmi superheroe
ğŸ¦¹	criminal, supay, superpoder, supervillano, villano
ğŸ¦¹â€â™‚	criminal, runa, runa supervillano, supay, superpoder, villano
ğŸ¦¹â€â™€	criminal, supay, superpoder, villana, warmi, warmi supervillana
ğŸ§™	runa layqa, runa watuq, warmi layqa, warmi watuq, watuq
ğŸ§™â€â™‚	layqa, tata watuq, watuq
ğŸ§™â€â™€	bruja, layqa, warmi watuq
ğŸ§š	Oberon, Puck, Titania, hada
ğŸ§šâ€â™‚	Oberon, Puck, tata hada
ğŸ§šâ€â™€	Titania, warmi hada
ğŸ§›	Dracula, mana waÃ±usqa, vampiro
ğŸ§›â€â™‚	Dracula, mana waÃ±usqa, tata vampiro
ğŸ§›â€â™€	mana waÃ±usqa, warmi vampiro
ğŸ§œ	runa sirena, sirena, tata triton, warmi sirena
ğŸ§œâ€â™‚	Triton, tata triton
ğŸ§œâ€â™€	sirena, warmi sirena
ğŸ§	elfo, magico
ğŸ§â€â™‚	magico, tata elfo
ğŸ§â€â™€	magico, warmi elfo
ğŸ§	genio, genio lamparamanta
ğŸ§â€â™‚	genio, tata genio lamparamanta
ğŸ§â€â™€	genio, warmi genio lamparamanta
ğŸ§Ÿ	mana waÃ±usqa, zombi
ğŸ§Ÿâ€â™‚	mana waÃ±usqa, tata zombi, zombi
ğŸ§Ÿâ€â™€	mana waÃ±usqa, warmi zombi, zombi
ğŸ§Œ	fantasia, kawri, troll nisqa, willarina
ğŸ’†	masaje, runa masaje uyapi, salon, uya
ğŸ’†â€â™‚	masaje, tata, tata masaje uyapi, uya
ğŸ’†â€â™€	masaje, uya, warmi, warmi masaje uyapi
ğŸ’‡	barbero, kâ€™acha, runa chukcha rutukuy, rutukuy, salon
ğŸ’‡â€â™‚	rutukuy, tata, tata chukcha rutukuy
ğŸ’‡â€â™€	rutukuy, warmi, warmi chukcha rutukuy
ğŸš¶	purina, puriy, runa purichkan, walking
ğŸš¶â€â™‚	purina, puriy, tata, tata purichkan
ğŸš¶â€â™€	purina, puriy, warmi, warmi purichkan
ğŸ§	runa sayariy, sayarisqa, sayariy
ğŸ§â€â™‚	sayariy, tata, tata sayariy
ğŸ§â€â™€	sayariy, warmi, warmi sayariy
ğŸ§	qunqurichkan, qunqurisqa, qunqurisqa runa, qunquriy, runa
ğŸ§â€â™‚	qunqurisqa, qunqurisqa tata, tata
ğŸ§â€â™€	qunqurisqa, qunqurisqa warmi, warmi
ğŸ§‘â€ğŸ¦¯	runa yuraq caÃ±awan, yaykurinalla, Ã±awsa
ğŸ‘¨â€ğŸ¦¯	haykurinalla, runa, runa yuraq warrawan, Ã±awsa
ğŸ‘©â€ğŸ¦¯	haykurinalla, warmi, warmi yuraq caÃ±awan, Ã±awsa
ğŸ§‘â€ğŸ¦¼	haykurinalla, runa motorizado silla de ruedas nisqapi, runamotorizado silla de ruedas nisqapi, silla de ruedas nisqa
ğŸ‘¨â€ğŸ¦¼	haykurinalla, runa, runa motorizado silla de ruedas nisqawan, silla de ruedas
ğŸ‘©â€ğŸ¦¼	haykurinalla, silla de ruedas, warmi, warmi motorizado silla de ruedaspi
ğŸ§‘â€ğŸ¦½	haykurinalla, runa manual silla de ruedaspi, silla de ruedas nisqa
ğŸ‘¨â€ğŸ¦½	runa, runa manual silla de ruedas nisqapi, silla de ruedas, yaykurinalla
ğŸ‘©â€ğŸ¦½	silla de ruedas, warmi, warmi manual silla de ruedas, yaykurinalla
ğŸƒ	maraton, phawachkan, runa phawachkan
ğŸƒâ€â™‚	carrera, maraton, phawachkan, tata, tata phawachkan
ğŸƒâ€â™€	carrera, maraton, phawachkan, warmi, warmi phawachkan
ğŸ’ƒ	tusuchkan, tusuy, warmi, warmi tusuchkan
ğŸ•º	runa tusuchkan, tata, tusuchkan, tusuy
ğŸ•´ï¸	qatuna, runa, runa trajepi levitando, traje
ğŸ‘¯	quwi ninri, raymichkan, runakuna quwi ninrikunawan, tusuq
ğŸ‘¯â€â™‚	quwi ninri, raymichkan, runa quwi ninrikunawan, runakuna, tusuq
ğŸ‘¯â€â™€	quwi ninri, raymichkan, tusuq, warmi quwi ninrikunawan
ğŸ§–	runa wapsi wasipi, sauna, wapsi wasi
ğŸ§–â€â™‚	sauna, tata wapsi wasipi, wapsi wasi
ğŸ§–â€â™€	sauna, wapsi wasi, warmi wapsi wasipi
ğŸ§—	wichaq runa, wichay
ğŸ§—â€â™‚	wichaq tata, wichay
ğŸ§—â€â™€	wichaq warmi, wichay
ğŸ¤º	esgrima, esgrimista, espada, runa esgrimapi
ğŸ‡	atipanaku, atipanaku kawallukuna, jockey, kawallu
â›·ï¸	esqui, esquiador, ritâ€™i
ğŸ‚ï¸	esqui, ritâ€™i, snowboarder
ğŸŒï¸	golf, golfista, pâ€™ulu
ğŸŒâ€â™‚	golf, tata, tata golfista
ğŸŒâ€â™€	golf, warmi, warmi golfista
ğŸ„ï¸	runa surfeando, surfear
ğŸ„â€â™‚	surfear, tata, tata surfeando
ğŸ„â€â™€	surfear, warmi, warmi surfeando
ğŸš£	runa wampÊ¼u rmoswan, wampâ€™u, wampâ€™u remoswan
ğŸš£â€â™‚	runa wampÊ¼u remoswan, tata, wampâ€™u, wampâ€™u remoswan
ğŸš£â€â™€	wampâ€™u, wampâ€™u remoswan, warmi, warmi wampÊ¼u remoswan
ğŸŠï¸	runa waytÊ¼achkan, waytâ€™ay
ğŸŠâ€â™‚	tata, tata waytachkan, waytâ€™ay
ğŸŠâ€â™€	warmi, warmi waytachkan, waytâ€™ay
â›¹ï¸	pâ€™ulu, runa pâ€™uluta chuqapachkan
â›¹â€â™‚	pâ€™ulu, tata, tata pâ€™uluta chuqapachkan
â›¹â€â™€	pâ€™ulu, warmi, warmi pâ€™uluta chuqapachkan
ğŸ‹ï¸	jatarichiy, llasaynin, runa llasayninkunata jatarichichkan
ğŸ‹â€â™‚	sayaynin jatarichiy, tata, tata sayayninkunata jatarichichkan
ğŸ‹â€â™€	sayaynin jatarichiy, warmi, warmi sayayninkunata jatarichichkan
ğŸš´	bicycle, pusachkan, pusay, runa bicicletapi
ğŸš´â€â™‚	bicicleta, pusachkan, pusay, tata, tata bicicletapi
ğŸš´â€â™€	bicicleta, pusachkan, pusay, warmi, warmi bicicletapi
ğŸšµ	bicicleta, pusachkan, pusay, runa urqu bicicletapi, urqu
ğŸšµâ€â™‚	bicicleta, pusachkan, pusay, tata, tata urqu bicicletapi, urqu
ğŸšµâ€â™€	bicicleta, pusachkan, pusay, urqu, warmi, warmi urqu bicicletapi
ğŸ¤¸	gimnasia, muyuy, runa gimnasia ruwachkan
ğŸ¤¸â€â™‚	gimnasia, muyuy, tata, tata gimnasia ruwachkan
ğŸ¤¸â€â™€	gimnasia, muyuy, warmi, warmi gimnasia ruwachkan
ğŸ¤¼	maqanakuq, maqanakuq runa, maqanakuy
ğŸ¤¼â€â™‚	maqanakuq tata, maqanakuy, runakuna
ğŸ¤¼â€â™€	maqanakuq warmi, maqanakuy, warmi
ğŸ¤½	polo, runa water polo pukllachkan, water
ğŸ¤½â€â™‚	tata, tata Water polo pukllachkan, water polo
ğŸ¤½â€â™€	warmi, warmi water polo pukllachkan, water polo
ğŸ¤¾	balonmano, pâ€™ulu, runa balonmano pukllachkan
ğŸ¤¾â€â™‚	balonmano, tata, tata balonmano pukllachkan
ğŸ¤¾â€â™€	balonmano, warmi, warmi balonmano pukllachkan
ğŸ¤¹	achka ruwanakuna, allin takyay, malabares ruway, runa malabares ruwachkan, yachay
ğŸ¤¹â€â™‚	achka ruwanakuna, malabares ruwachkan, runa, tata malabares ruwachkan
ğŸ¤¹â€â™€	achka ruwanakuna, malabares ruwachkan, warmi, warmi malabares ruwachkan
ğŸ§˜	jamutâ€™ay, runa yoga yupipi, yoga
ğŸ§˜â€â™‚	jamutâ€™ay, tata yoga yupipi, yoga
ğŸ§˜â€â™€	jamutâ€™ay, warmi yoga yupipi, yoga
ğŸ›€	armakunapaq, baÃ±era, runa armakuyniyuq
ğŸ›Œ	puÃ±uy, runa puÃ±unapi, tampuwasi
ğŸ§‘â€ğŸ¤â€ğŸ§‘	hapisqa, iskay makikunawan, maki, pitu runakuna, runakuna iskay makikunawan
ğŸ‘­	iskay makikunawan, maki, pitu, warmi, warmi iskay makikunawan
ğŸ‘«	hapisqa, iskay makikunawan, maki, pitu, runa, warmi, warmi chaymanta runa iskay makikunawan
ğŸ‘¬	Geminis, iskay, iskay makikunawan, runa, runa iskay makikunawan, runakuna, zodiaco
ğŸ’	muchâ€™a, pitu runakuna
ğŸ’‘	munay, pitu runakuna, pitu runakuna sunquwan
ğŸ‘ªï¸	kuraq ayllu
ğŸ—£ï¸	parlachkan, parlay, rikchay, uma, uma parlachkan, uya
ğŸ‘¤	rikchay, ukhu, ukhu rikchay
ğŸ‘¥	rikchay, ukhu, ukhu rikchaykuna
ğŸ«‚	aywa, imaynalla, makÊ¼alli, pachi, runakuna makÊ¼alliwan
ğŸ‘£	pâ€™acha, yupi, yupinay
ğŸ¦°	puka chukcha, pukachukcha, qillu niqcha
ğŸ¦±	afro, qaspa, qaspa chukcha, qiwicha
ğŸ¦³	chukcha, machu, uqi, yuraq, yuraq chukcha
ğŸ¦²	hairless, mana chukchayuq, paqla, quimioterapia, rutusqa
ğŸµ	kusillu, kusillu uya, uya
ğŸ’	kusillu
ğŸ¦	gorila
ğŸ¦§	kusillo, orangutan
ğŸ¶	allqu, allqu uya, uya, uywa
ğŸ•ï¸	allqu, uywa
ğŸ¦®	haykurinalla, yanapaku, yanapakuq allqu, Ã±awsa
ğŸ•â€ğŸ¦º	allqu, haykurinalla, llamkaq allqu, llamkay, yanapakuy
ğŸ©	allqu, poodle
ğŸº	kâ€™ita allqu, uya
ğŸ¦Š	atuq, uya
ğŸ¦	challi, curioso, mapache
ğŸ±	misi, misi uya, uya, uywa
ğŸˆï¸	misi, uywa
ğŸˆâ€â¬›	mana suertuwan, misi, yana, yana misi
ğŸ¦	Leo, leon, uya, zodiaco
ğŸ¯	tigre, tigre uya, uya
ğŸ…	tigre
ğŸ†	leopardo
ğŸ´	kawallu, kawallu uya, uya
ğŸ	carrera, ecuestre, kawallu, kawallu purichiypaq
ğŸ¦„	unicornio, uya
ğŸ¦“	siqi, zebra
ğŸ¦Œ	taruka
ğŸ¦¬	amawta, bison, bufalo, manada
ğŸ®	uya, waka, waka uya
ğŸ‚	Tauro, buey, toro, zodiaco
ğŸƒ	bufalo, bufalo yakumanta, yaku
ğŸ„	waka
ğŸ·	khuchi, khuchi uya, uya
ğŸ–	kuchi, tarpuy
ğŸ—	kuchi, lumi kuchi
ğŸ½	kuchi, kuchi sinqa, ninri, uya
ğŸ	Aries, carnero, oveja, urqu, zodiaco
ğŸ‘	china, oveja, uwija
ğŸ	Capricornio, chiwu, zodiaco
ğŸª	camello, dromedario, qhupu
ğŸ«	bactriano, camello, camello iskay qhupukunawan, qhupu
ğŸ¦™	alpaca, guanacu, llama, millma, vicuÃ±a
ğŸ¦’	jirafa, mapÊ¼akuna
ğŸ˜	elefante
ğŸ¦£	extinsion, hatun, mamut, millma, mumut, waqsa
ğŸ¦	rinoceronte
ğŸ¦›	hipo, hipopotamo
ğŸ­	ukucha, ukucha uya, uya
ğŸ	ukucha
ğŸ€	rata
ğŸ¹	hamster, uya, uywa
ğŸ°	conejo, quwi, quwi uya, uya, uywa
ğŸ‡	conejo, quwi, uywa
ğŸ¿ï¸	ardilla, huchuy ardilla
ğŸ¦«	castor, pÊ¼unqu
ğŸ¦”	erizo, khiskay
ğŸ¦‡	masu, vampiro
ğŸ»	ukumari, uya
ğŸ»â€â„	artico, jukumari, polar jukumari, yuraq
ğŸ¨	hukumari, koala
ğŸ¼	panda, uya
ğŸ¦¥	jayra, perezoso, qhilla
ğŸ¦¦	challwa japÊ¼ina, nutria, pukllasqa
ğŸ¦¨	asnaq, aÃ±as
ğŸ¦˜	Australia, hey, kanguro, marsupial, phinkiy
ğŸ¦¡	miskÊ¼i tejon, phiÃ±akuy, tejon
ğŸ¾	chakikuna, sillu, sillu yupinay, yupi
ğŸ¦ƒ	pavo, pâ€™isqu
ğŸ”	pisqu, pollo
ğŸ“	kanka, pisqu
ğŸ£	chiwchi, chiwchi pakisqa runtuwan, huchuy, pisqu
ğŸ¤	chiwchi, huchuy, pisqu
ğŸ¥	huchuy, huchuy pollo chimpa rikuchkan, pollo, pâ€™isqu
ğŸ¦ï¸	pâ€™isqu
ğŸ§	pinguino, pâ€™isqu
ğŸ•Šï¸	phaway, pâ€™isqu, qhasi kay, urpi
ğŸ¦…	anka, pâ€™isqu
ğŸ¦†	pili, pâ€™isqu
ğŸ¦¢	cisne, huchuy pili, millana, pisqÊ¼u, pollo cisnemanta
ğŸ¦‰	amawta, bÃºho, pâ€™isqu
ğŸ¦¤	Mauricio, dodo, extinsion, hatun
ğŸª¶	chhalla, phaway, phuru, phurukuna, pÊ¼isqu
ğŸ¦©	flamenco, rikurichisqa, tropical
ğŸ¦š	apuskachay, pava real, pavo real, pisqu, rikurichisqa
ğŸ¦œ	parlay, pirata, pÊ¼isqu, uritu
ğŸ¸	jampâ€™atu, uya
ğŸŠ	kayman
ğŸ¢	miskÊ¼i yakumanta tortuga, tortuga
ğŸ¦	ararankha, qaraywa
ğŸ	Ophiuchus, amaru, hapiq, zodiaco
ğŸ²	dragon, dragon uya, hadas willana, uya
ğŸ‰	dragon, hadas willana
ğŸ¦•	braquiosauro, brontosauro, diplodocus, sauropodo
ğŸ¦–	T-Rex, Tiranosaurio Rex
ğŸ³	ballena, ballena yakuta chamqachkan, chamqachkan, uya
ğŸ‹	ballena
ğŸ¬	delfin, rikracha
ğŸ¦­	foca, mamaquchamanta Leon
ğŸŸï¸	Piscis, challwa, zodiaco
ğŸ 	challwa, tropical, tropical challwa
ğŸ¡	challwa, challwa globo, globo challwa
ğŸ¦ˆ	challwa, tiburon
ğŸ™	pulpo
ğŸš	churu, muyuq, muyusqa churu
ğŸª¸	arrecife, coral nisqa, mamaqucha
ğŸŒ	churu
ğŸ¦‹	châ€™uspi, kâ€™acha, pillpintu
ğŸ›	châ€™uspi, khuru
ğŸœ	khuru, sikÊ¼imira
ğŸ	châ€™uspi, tâ€™uktu, wara
ğŸª²	aka tanqa, chÊ¼uspi, khuru
ğŸ	aka tanqa, châ€™uspi, mariquita
ğŸ¦—	cricket, tÊ¼intikuna
ğŸª³	chÊ¼uspi, cucaracha, parasito
ğŸ•·ï¸	châ€™uspi, kusi kusi
ğŸ•¸ï¸	kusi kusi, llika
ğŸ¦‚	Escorpio, escorpio, escorpiÃ³n, zodiaco
ğŸ¦Ÿ	malaria, mosquito, parasito, rupha, unqusqa, virus
ğŸª°	ismusqa, parasito, paway, unqusqa, uru
ğŸª±	anelida, hallpa pachapi uru, parasito, sillwi uru, uru
ğŸ¦ 	ameba, bacteria, microbio, virus
ğŸ’	tika, tikakunamanta
ğŸŒ¸	cerezo tika, cherry, tika
ğŸ’®	tika, yuraq tika
ğŸª·	Budismo, Hinduismo, India, Vietnam, chuya, loto, tika
ğŸµï¸	mallki, muyu whipala
ğŸŒ¹	rosa, tika
ğŸ¥€	qawisqa, qawisqa tika, tika
ğŸŒº	hibisco, tâ€™ika
ğŸŒ»	girasol, inti, tâ€™ika
ğŸŒ¼	cerezo, tÊ¼ika
ğŸŒ·	tika, tulipan, tulipÃ¡n
ğŸŒ±	wayna, wayna mallki
ğŸª´	macetapi sachÊ¼a, majiy, mana ruwanapaq, nutrir, paqariy, sachÊ¼a, wasi
ğŸŒ²	sacha, sacha perene rapiwan
ğŸŒ³	caduco, sacha, sacha caduca rapiwan
ğŸŒ´	chunta, sachâ€™a
ğŸŒµ	kisqa, mallki
ğŸŒ¾	arroz, muru, ninri, pÊ¼anqa arrozmanta
ğŸŒ¿	laqhi, qhura
â˜˜ï¸	ispinku, mallki
ğŸ€	4, ispinku tawa laqhiwan, laqhi, tawa, trevol
ğŸ	arce, arce laqhi, laqhi, urmasqa
ğŸ‚	laqhi, urmasqa, urmasqa laqhi
ğŸƒ	laqhi, pharaqiy, phukuy, wayra, wayrapi laqhikuna
ğŸª¹	chusaq qisa, qisa
ğŸªº	qisa, qisa runtukunawan
ğŸ‡	ruru, uwa, uwas
ğŸˆ	melÃ³n, ruru
ğŸ‰	ruru, sandÃ­a, watermelon
ğŸŠ	mandarina, ruru, willapi
ğŸ‹	citrico, limun, ruru
ğŸŒ	platanu, ruru
ğŸ	piÃ±a, ruru
ğŸ¥­	mango, ruru, tropical
ğŸ	manzana, puka, puka manzana, ruru
ğŸ	manzana, qÊ¼umir manzana, qâ€™umir, ruru
ğŸ	pera, ruru
ğŸ‘	peach, rurasnu, ruru
ğŸ’	bayas, cherri, cherris, puka, ruru
ğŸ“	fresa, ruru
ğŸ«	anqas, arandano, arandanos, fresa
ğŸ¥	food, kiwi, kiwi ruru, ruru
ğŸ…	ruru, tomate, vegetal
ğŸ«’	mikuna, oliva
ğŸ¥¥	coco, maki, piÃ±a colada
ğŸ¥‘	mikhuna, palta, ruru
ğŸ†	berenjena, vegetal
ğŸ¥”	mikhuna, patata, vegetal
ğŸ¥•	mikhuna, vegetal, zanahoria
ğŸŒ½	chinkana, chuqllu, ninri, sara, sarasara
ğŸŒ¶ï¸	jaya, jaya pimienta, pimienta
ğŸ«‘	pimenton, pimiento, vegetal
ğŸ¥’	mikhuna, pepinillos, pepino, vegetal
ğŸ¥¬	bok choy, col rizada, lechuga, qÊ¼umir laqhikunawan, repollo
ğŸ¥¦	brocoli, repollo salvaje
ğŸ§„	ajo, mikhusqa
ğŸ§…	cebolla, mikhusqa
ğŸ„	kÊ¼allnpa, miyu kâ€™allampa
ğŸ¥œ	chuqupi, mikhuna, nuez, vegetal
ğŸŒ°	chÊ¼umpi, mallki
ğŸ	pan, tÊ¼anta
ğŸ¥	croissant, frances, mikhuna, paqarin mikhuna, rollo, tÊ¼anta
ğŸ¥–	baguette, baguette tÊ¼anta, frances, mikhuna, tÊ¼anta
ğŸ«“	agave, arepa, lavash, llaplla tÊ¼anta, llaplla tâ€™anta, naa
ğŸ¥¨	kâ€™uyusqa, pretzel
ğŸ¥¯	bagel, panaderia, paqarin mikuna, schmear
ğŸ¥	breakfast, crepe, mikhuna, panqueque, panqueques, pastel caliente
ğŸ§‡	desayuno, plancha, thuki, waffle
ğŸ§€	kÊ¼allpi masaramanta, masara
ğŸ–	aycha, aycha tullupi, tullu
ğŸ—	chanka, chanka pollo, corral pÊ¼isqu, pata de pollo nisqa, pollo, tullu
ğŸ¥©	aycha, chuleta, chuleta aychamanta, chuleta corderomanta, chuleta khuchimanta
ğŸ¥“	aycha, mikhuna, paqarin mikhuna, tocino
ğŸ”	burger, hamburgesa
ğŸŸ	fritas, papas, papas fritas
ğŸ•	masara, pedazo, piza
ğŸŒ­	hot dog, hotdog, salchicha
ğŸ¥ª	sandwich, tÊ¼anta
ğŸŒ®	mexicano, taco
ğŸŒ¯	burrito, maytâ€™uy, mexicano
ğŸ«”	mexicano, tamal, tapasqa
ğŸ¥™	fatafel, giro, guiso, juntÊ¼achisqa tÊ¼anta moldepi, kebab, llaplla tâ€™anta, mikhuna
ğŸ§†	albondiga, fatafel, garganzo
ğŸ¥š	mikhuna, paqarin mikhuna, runtu
ğŸ³	paqarin mikhuna, runtu, sarten, thiqtiy, waykÊ¼uchkan
ğŸ¥˜	caserola, llaplla, mikhuna, paella, pisi llata mikunapaq, sarten
ğŸ²	llata, llata mikunapaq, mikhuna
ğŸ«•	Suizo, chaqrusqa, chocolate, fondue, masara, qiru
ğŸ¥£	cereal, congee, cuenco willawan, paqarin mikhuna
ğŸ¥—	ensalada, mikhuna, qÊ¼umir ensalada, qâ€™umir
ğŸ¿	palomitas de maiz
ğŸ§ˆ	lecheria, mantequilla
ğŸ§‚	condimento, kachi, shaker
ğŸ¥«	lata, mikhuna latapi
ğŸ±	bento, bento tawakÊ¼uchu, tawakÊ¼uchu
ğŸ˜	arroz, galleta, galleta arrozmanta
ğŸ™	Japones, arroz, muyu, muyu arrozwan
ğŸš	arroz, waykÊ¼usqa, waykÊ¼usqa arroz
ğŸ›	arroz, arroz currywan, curry
ğŸœ	chhapukucha, chhapukucha fideoswan, cuenco, fideos, tallarines
ğŸ	espagueti, pasta
ğŸ 	miski, miski waykÊ¼usqa papa, papa, waykÊ¼usqa
ğŸ¢	brocheta, châ€™ampa, kebab, mama quchamanta mikhuna, oden
ğŸ£	sushi
ğŸ¤	gamba, tempura, thiqtisqa, thiqtisqa yukra, yukra
ğŸ¥	callwa, challwa pastel muyuqwan, masa, pastel, phuyunku
ğŸ¥®	[yuÃ¨bÇng], killa pastel, otoÃ±o, raymi
ğŸ¡	Japones, brocheta, dango, kâ€™aspi, miski, postre
ğŸ¥Ÿ	dumpling, empanada, gyÅza, jiaozi, pierogi, potsticker
ğŸ¥ 	galleta samipaq, profecia
ğŸ¥¡	kâ€™uchu ostrawan, tawakâ€™uchu aparikuypaq
ğŸ¦€	Cancer, cangrejo, zodiaco
ğŸ¦	langosta, mamaquchamanta mikhuna, sillukuna, sopa de mariscos nisqa
ğŸ¦	camaron, huchuy, mariscos, mikhuna
ğŸ¦‘	calamar, mikhuna, molusco
ğŸ¦ª	buceo, ostra, perla
ğŸ¦	chiri, helado, llampÊ¼u helado, llampâ€™u, miski, postre, tunti qâ€™illu
ğŸ§	chiri, miski, postre, raspadillo
ğŸ¨	chiri, helado, miski, postre, tunti qâ€™illu
ğŸ©	dona, miski, paqarin mikhuna, postre
ğŸª	galleta, miski, postre
ğŸ‚	masa, miski, postre, raymi, torta, wata huntaypaq, wata huntaypaq torta
ğŸ°	masa, miski, pedazo, postre, torta
ğŸ§	cupcake, miskÊ¼i, panaderia
ğŸ¥§	huntÊ¼a, masa, tarta
ğŸ«	barra, chocolate, chocolate barra, miski, postre
ğŸ¬	miski, miskÊ¼i, postre
ğŸ­	chupete, miski, miskÊ¼i, postre
ğŸ®	miski, postre, pudin, raqÊ¼a
ğŸ¯	manka, miski, miskÊ¼i manka, miskâ€™i
ğŸ¼	biberon, biberÃ³n, upyana, wawa, wilali
ğŸ¥›	qiru, upyana, wilali, wilali qirupi
â˜•ï¸	cafe, qÊ¼uÃ±i upyana, qâ€™uÃ±i, te, upyana, wapsi
ğŸ«–	qiru, te, te qiru, upyana
ğŸµ	chhapukucha tepaq mana ninriwan, qiru, te, upyana
ğŸ¶	bar, botella, copa, qiru, sake, upyana
ğŸ¾	bar, botella, corcho, dercorche, descorche jumiwa, upyana
ğŸ·	bar, copa, qiru, upyana, vino qiru, wine
ğŸ¸ï¸	bar, cocktail, cocktail qiru, qiru, upyana
ğŸ¹	bar, tropical, tropical upyana, upyana
ğŸº	bar, cerveza, cerveza jumiwa, jumiwa, upyana
ğŸ»	anqusay, bar, cerveza, cerveza qirukuna anqusachkan, jumiwa, upyana
ğŸ¥‚	qiru, qirukuna anqusachkan, raymi, tintinay, upyana
ğŸ¥ƒ	licor, qiru, qiru vidriomanta, qirukuna vidriomanta, shot, whisky
ğŸ¥¤	jilli, qiru bombillawan, soda
ğŸ§‹	perla, phukpu, phukpu te, te, wilali
ğŸ§ƒ	jugo, miskÊ¼i, pajilla, tawakÊ¼uchu, upyana, upyana tawakÊ¼uchu
ğŸ§‰	mate, upyana
ğŸ§Š	chhullunka, chiri, chiri tawakÊ¼uchu
ğŸ¥¢	hashi, palillos
ğŸ½ï¸	khuchuna, plato, tenedor, tenedor chaymanta khuchuna platowan, waykÊ¼uchkan
ğŸ´	cuchilleria, khuchuna, tenedor, tenedor chaymanta khuchuna, waykÊ¼sqa
ğŸ¥„	vajilla, wislla
ğŸ”ª	arma, hocho, khuchuna, khuchuna waykÊ¼uypaq, llamkana, waykÊ¼usqa
ğŸº	Acuario, anfora, jarra, upyana, waykÊ¼usqa, zodiaco
ğŸŒ	Africa, Europa, kawsay pacha, pacha, saywasiqÊ¼i Europa, Africapas Qawachkan
ğŸŒï¸	America, kawsay pacha, pacha, saywasiqÊ¼i america qawachkan
ğŸŒ	Asia, Australia, kawsay pacha, pacha, saywasiqÊ¼i asia, austrakia qawachkan
ğŸŒ	kawsay pacha, meridianos, pacha, saywasiqÊ¼i meridianoswan
ğŸ—ºï¸	pacha, pacha saywasiqâ€™i, saywasiqâ€™i
ğŸ—¾	JapÃ±on SaywasiqÊ¼i, JapÃ³n, saywasiqâ€™i
ğŸ”ï¸	chiri, ritâ€™i, ritâ€™i urqupi, urqu
â›°ï¸	urqu
ğŸŒ‹	ariq, erupcion, urqu
ğŸ—»	fuji, fuji urqi, urqu
ğŸ•ï¸	tampuchay
ğŸ–ï¸	maqya, maqya paqa achiwawan, para achiwa
ğŸœï¸	purum
ğŸï¸	purum, purum watâ€™a, watâ€™a
ğŸï¸	nacional parque, parque
ğŸŸï¸	estadium
ğŸ›ï¸	Ã±awpa, Ã±awpa wasichiy
ğŸ—ï¸	hatun wasi wasichiynin, pirqaq
ğŸª¨	rumi
ğŸ˜ï¸	wasikuna
ğŸšï¸	saqisqa, saqisqa wasi, wasi
ğŸ ï¸	wasi
ğŸ¡	inkill, wasi, wasi inkillwan
ğŸ¢	jatariki, jatariki oficinakunapaq
ğŸ£	Japones, JapÃ³nmanta oficina chaskipaq, chaski
ğŸ¤	Europeo, chaski, oficina chaskipaq
ğŸ¥	hampi, hampina wasi, hanpiq
ğŸ¦	banco, jatariki
ğŸ¨	jatariki, tampuwasi
ğŸ©	munay, munaymanta tampu wasi, tampuwasi
ğŸª	qatuna 24 phanikunawan
ğŸ«	jatariki, yachaywasi
ğŸ¬	kiti, qhatuna, qhatuna kiti
ğŸ­ï¸	jatariki, ruway
ğŸ¯	Japones, Japones pukara, pukara
ğŸ°	Europeo, pukara
ğŸ’’	capilla, romance, sawa
ğŸ—¼	Tokio, Tokio torre, torre
ğŸ—½	Qhispi kay Wanki, qhispi kay, wanki
â›ªï¸	Cristiano, chakana, iglesia, religion
ğŸ•Œ	Musulman, islam, mezquita, religion
ğŸ•	sinagoga
â›©ï¸	religion, santuario, sintoismo, sintoismo santuario
ğŸ•‹	Musulman, islam, kaaba, religion
â›²ï¸	pukyu
â›ºï¸	carpa, tampuchay
ğŸŒ	kamanchaka, pukutay
ğŸŒƒ	châ€™aska, tuta, tuta chÊ¼askakunawan
ğŸ™ï¸	llaqta, paisaje llaqtapi
ğŸŒ„	inti, paqar, paqarin, paqarin urqukunapura, urqu
ğŸŒ…	inti, paqar, paqarin
ğŸŒ†	châ€™isi, inti-haykupuynin, llaqta, rikchay, rikusqa llaqtamanta tutapi, tuta
ğŸŒ‡	inti, inti-haykupuynin, tuta
ğŸŒ‰	chaka, chaka tutapi, tuta
â™¨ï¸	qâ€™uÃ±i, qâ€™uÃ±i yaku, tâ€™ikmu, wapsi
ğŸ 	carrusel, carrusel kawallu, kawallu
ğŸ¡	jawka parque, muyu, noria, noria qhatunapi
ğŸ¢	jawka parque, montaÃ±a rusa, muyuq
ğŸ’ˆ	barbero, poste, poste barberopaq, rutuy
ğŸš‚	ferrocarril, locomotora, motor, puriy, tren
ğŸšƒ	carru, electrico, ferrocarril, tren ferrocarrilpaq, trolebus, Ã±an
ğŸš„	ferrocarril, shinkansen, tren, utqhay, utqhay tren
ğŸš…	ferrocarril, shinkansen, tren, utqhay
ğŸš†	ferrocarril, tren
ğŸš‡ï¸	metro, subterraneo
ğŸš‰	estacion, ferrocarril, tren
ğŸšŠ	tranvia, trolebus, Ã±an
ğŸš	carru, monorrail
ğŸš	autu, ferrocarril, ferrocarril urqupaq, urqu
ğŸš‹	carru, trolebus, vagon tranviapaq, Ã±an
ğŸšŒ	bus, carru
ğŸšï¸	autobus, bus, qatiq, qatiq autobus
ğŸš	bus, carretilla, tranvia, trolebus
ğŸš	bus, minibus
ğŸš‘ï¸	ambulancia, carru
ğŸš’	carru, carru bomberospaq, motor, nina
ğŸš“	carru, paco, patrulla, policia carru
ğŸš”ï¸	carru, policia, qatiq, qatiq carru policiapaq
ğŸš•	carru, taxi
ğŸš–	qatiq taxi
ğŸš—	auto, carru
ğŸš˜ï¸	auto, carru, qatiq, qatiq carru
ğŸš™	autocaravana, recreacional, ruwasqa pukllay
ğŸšš	camiÃ³n, qupuspa, qupuspa camiÃ³n
ğŸš›	articulado caminÃ³n
ğŸšœ	carru, tractor
ğŸï¸	carrera, carrera carrupi, carru
ğŸï¸	carrera, motocicleta
ğŸ›µ	patinador motorwan
ğŸš²ï¸	bici, bicicleta
ğŸ›´	jaytâ€™a, patinador, scooter
ğŸ›¼	muyuq, patinar
ğŸš	autibus, bus, parada autobus, parada autobÃºspaq, tatichiy
ğŸ›£ï¸	autopista, hatun Ã±an, Ã±an
ğŸ›¤ï¸	ferrocarril, ferrocarril tren, tren
ğŸ›¢ï¸	aceite, tambor, tambor aceitewan
â›½ï¸	bomba gasolinera
ğŸš¨	auto, faro, kâ€™anchay, muyusqa, policia, sirena policia carrumanta
ğŸš¥	kinranpa semaforo, kâ€™anchay, trafico, unancha
ğŸš¦	kâ€™anchay, sayanpa semaforo, trafico, unancha
ğŸ›‘	alto, alto unancha, octagonal, unancha
ğŸš§	kancha, wasichiy
âš“ï¸	apachiy, linderuyachiq, llamkana
â›µï¸	samaypaq kiti, tiyana, velero, wampâ€™u, yate
ğŸ›¶	canoa, wampâ€™u
ğŸš¤	utqhay lancha, wampâ€™u
ğŸ›³ï¸	barco, pasajero, pasajero barcomanta
â›´ï¸	apay, pasajero, wampâ€™u
ğŸ›¥ï¸	lancha motorwan, wampâ€™u
ğŸš¢	nave, pasajero, wampâ€™u
âœˆï¸	aeroplano, latapâ€™isqu
ğŸ›©ï¸	aeroplano, huchuy latapâ€™isqu, latapâ€™isqu
ğŸ›«	aeroplane, airplane, check-in, departure, departures, lata pÊ¼isqu luqsina
ğŸ›¬	aeroplano, chayachkan, chayanakuna, chayaspa, lata pÊ¼isqu chayana, latapâ€™isqu
ğŸ’º	silla, tiyana
ğŸš	carru, helicoptero
ğŸšŸ	ferrocarril, warkhusqa, warkhusqa ferrocarril
ğŸš 	cable, gondola, teleferico urqupi, urqu
ğŸš¡	aereo, cable, carru, gondola, teleferico
ğŸ›°ï¸	kampu, satelite
ğŸš€	cohete, kampu
ğŸ›¸	ovni, platillo volador
ğŸ›ï¸	botones, chhullupi, chhullupi botonespaq, tampu wasi
ğŸ§³	equipaje
âŒšï¸	inti watana, reloj
â°	despertador
â±ï¸	cronografo, reloj
â²ï¸	pacha, reloj, reloj temporizador
ğŸ•°ï¸	reloj, reloj chimeneapaq
ğŸ•›ï¸	00, 12, 12:00, chunka iskayniyuq, iskayniyuq
ğŸ•§	chunka iskayniyuq chaymanta kimsa chunkawan, chunka iskayniyuq-kimsa chunkawan
ğŸ•ï¸	00, 1, 1:00, huk
ğŸ•œ	huk chaymanta kimsa chunkawan
ğŸ•‘ï¸	00, 2, 2:00, iskay
ğŸ•	iskay chaymanta kimsa chunkawan
ğŸ•’ï¸	00, 3, 3:00, kimsa
ğŸ•	kimsa chaymanta kimsa chunkawan
ğŸ•“ï¸	00, 4, 4:00, tawa
ğŸ•Ÿ	tawa chaymanta kimsa chunkawan
ğŸ•”ï¸	00, 5, 5:00, phisqa
ğŸ• 	phisqa chaymanta kimsa chunkawan
ğŸ••ï¸	00, 6, 6:00, suqta
ğŸ•¡	suqta chaymanta kimsa chunkawan
ğŸ•–ï¸	00, 7, 7:00, qanchis
ğŸ•¢	qanchis chaymanta kimsa chunkawan
ğŸ•—ï¸	00, 8, 8:00, pusaq
ğŸ•£	pusaq chaymanta kimsa chunkawan
ğŸ•˜ï¸	00, 9, 9:00, jisqÊ¼un, jisqâ€™un
ğŸ•¤	jisqÊ¼un chaymanta kimsa chunkawan
ğŸ•™ï¸	00, 10, 10:00, chunka
ğŸ•¥	chunka chaymanta kimsa chunkawan
ğŸ•šï¸	00, 11, 11:00, chunka hukniyuq
ğŸ•¦	chunka hukniyuq chaymanta kimsa chunkawan, chunka hukniyuq-kimsa chunkawan
ğŸŒ‘	killa, tuta, unu Killa
ğŸŒ’	chawpi, killa, tukuspa, tukuspa chawpi killa
ğŸŒ“	hukÃ±iqi waÃ±u, hukÃ±iqi waÃ±u killa, killa
ğŸŒ”	chawpi, chawpi gibosa killa, gibosa, killa
ğŸŒ•ï¸	pura killa
ğŸŒ–	chawpi, gibosa, killa, waÃ±u, waÃ±u gibosa killa
ğŸŒ—	hukÃ±iqi waÃ±u, killa, qhipa waÃ±u killa
ğŸŒ˜	chawpi, killa, waÃ±u, waÃ±u killa
ğŸŒ™	chawpi killa
ğŸŒš	killa, unu killa uya, uya
ğŸŒ¡ï¸	llaphiya, termometro
â˜€ï¸	inti, kâ€™anchay, wachâ€™i
ğŸŒ	inti, inti uyawan, kâ€™anchay, uya
â­ï¸	quyllur
ğŸŒŸ	kâ€™anchay, kâ€™anchaynin, lliphisqa, lliphisqa quyllur, quyllur
ğŸŒ 	quyllur, urmay, utqhay, utqhay quyllur
ğŸŒŒ	kampu, via lactea
â˜ï¸	llaphiya, puyu
â›…ï¸	inti, inti qhipa puyuman, puyu
â›ˆï¸	cloud, kunuÃ±unu, para, puyu kâ€™anchasqa parawan
ğŸŒ¤ï¸	inti, inti qhipa huchuy puyu, puyu
ğŸŒ¥ï¸	inti, inti qhipa hatun puyu, puyu
ğŸŒ¦ï¸	inti, inti qhipa para puyupi, para, puyu
ğŸŒ§ï¸	para, puyu, puyu parawan
ğŸŒ¨ï¸	chiri, puyu, puyu ritâ€™iwan, ritâ€™i
ğŸŒ©ï¸	kâ€™anchaynin, puyu, puyu lliphiwan
ğŸŒªï¸	puyu, wayra, wayrakuna
ğŸŒ«ï¸	pukutay, puyu
ğŸŒ¬ï¸	phukuy, puyu, uya, wayra, wayra uya
ğŸŒ€	ciclÃ³n
ğŸŒˆ	kÊ¼uychi, para
ğŸŒ‚	para, para achiwa, pÊ¼acha, wichqasqa para achiwa
â˜‚ï¸	achiwa, para, para achiwa, pâ€™acha
â˜”ï¸	achiwa, para, para achiwa para sutÊ¼ukunawan, pâ€™acha, sutâ€™u
â›±ï¸	achiwa, inti, para, para achiwa jallpâ€™api
âš¡ï¸	kuraq voltaje
â„ï¸	chiri, ritâ€™i, ritâ€™i urpu
â˜ƒï¸	chiri, ritâ€™i, runa ritâ€™imanta
â›„ï¸	chiri, ritÊ¼i urpu mana ritÊ¼iwan, ritâ€™i, runa ritâ€™imanta
â˜„ï¸	cometa, kampu
ğŸ”¥	llamkana, nina
ğŸ’§	chiri, kusi, miski, sutÊ¼u, sutâ€™u
ğŸŒŠ	mama qucha, wallchâ€™a, yaku, yaku wallchÊ¼a
ğŸƒ	halloween, jack, linterna, mathi, raymi
ğŸ„	Navidad, Navidad sachÊ¼a, raymi, sachâ€™a
ğŸ†	fuegos artificiales, raymi
ğŸ‡	fuegos artificiales, kâ€™anchay, pinchi, raymi
âœ¨	*, kâ€™anchay, pinchikuna, quyllur
ğŸˆ	glubu, raymi
ğŸ‰	châ€™amqaq, confeti, confeti chÊ¼amqaq, raymi
ğŸŠ	confeti, muyu, muyu confetiwan, raymi
ğŸ‹	Japones, baner, raymi, sachâ€™a, tanabata sachÊ¼a
ğŸ	Japones, bambu, pino, pino achhachala, raymi
ğŸ	Japonesa urpukuna
ğŸ	carpa, carpas wiphala, raymi, wiphala
ğŸ	chhullupi wayrapaq, chhulluqi, chuullu, raymi, wayra
ğŸ‘	killa itu qawaypaq
ğŸ€	cinta, raymi
ğŸ	pÊ¼intusqa suÃ±a, pâ€™intusqa, raymi, suÃ±a, tawakâ€™uchu
ğŸ—ï¸	cinta, raymi, yuyarinapaq, yuyarinapaq cinta
ğŸŸï¸	boleto, uyakuynin, uyakuynin boletokunapaq
ğŸ«	boleto, uyakuynin
ğŸ–ï¸	medalla, militar, militar medalla, raymi
ğŸ†ï¸	premio, trofeo
ğŸ…	medalla, pukllaypaq medalla
ğŸ¥‡	hukÃ±iqi, medalla, medalla 1qi kitipaq, quri
ğŸ¥ˆ	iskayÃ±iqi, medalla, medalla 2qi kitipaq, qullqi
ğŸ¥‰	medalla 3qi kitipaq
âš½ï¸	futbol, futbol pÊ¼ulu, pâ€™ulu
âš¾ï¸	beisbol, pâ€™ulu
ğŸ€	aro, basket, pâ€™ulu
ğŸ	pukllay, pâ€™ulu, voleibol
ğŸˆ	americano, futbol, futbol americano, pâ€™ulu
ğŸ‰	futbol, pâ€™ulu, rugby, rugby pÊ¼ulu
ğŸ¾	pâ€™ulu, raqueta, tenis
ğŸ³	bolos, pukllay, pâ€™ulu
ğŸ	cricket pukllay, masu, pukllay, pâ€™ulu
ğŸ‘	hockey, hockey chÊ¼ampapi, kampu, kâ€™aspi, pukllay, pâ€™ulu
ğŸ’	chhullunka, hockey, hockey ritÊ¼ipi, kâ€™aspi, puck, pukllay
ğŸ“	masu, paleta, ping pong, pukllay, pâ€™ulu, tenis tawla
ğŸ¸	badminton, pukllay, pâ€™isqu, raqueta
ğŸ¥Š	boxeopaq, guante, guante boxeopaq
ğŸ¥‹	artes marciales, artes marciales pÊ¼acha, judo, karate, pâ€™acha, taekwondo
ğŸ¥…	arco
â›³ï¸	golf, tâ€™uqu, wiphala tÊ¼uqupi
â›¸ï¸	chhullunka, chhullunka patinar, patinar
ğŸ£	callwa, caÃ±a challawaypaq challwawan, poste
ğŸ½	atletico, camiseta, camiseta phawaypaq, faja, phawachkan
ğŸ¿	esqui, esquis, ritâ€™i
ğŸ›·	trineo
ğŸ¥Œ	muyusqa rumi, pukllay, rumi
ğŸ¯	diana
ğŸ±	billar
ğŸ”®	fantasia, hadas willana, llamkana, muyu qhispillu, pâ€™ulu, qhispillu, qulli
ğŸ®ï¸	patachaq, pukllay, video pukllay
ğŸ•¹ï¸	palanca patachaqpaq, pukllay, video pukllay
ğŸ°	casinopaq maquina, kampu, pukllay
ğŸ²	dado, pukllay, waÃ±uy
â™ ï¸	espada tarhita, pukllay, tarhita
â™¥ï¸	pukllay, sunqu tarhita, tarhita
â™¦ï¸	diamante tarhita, pukllay, tarhita
â™£ï¸	pukllay, tarhita, trebol tarhita
ğŸƒ	joker, pukllay, tarhita
ğŸ€„ï¸	mahjong, mahjong puka dragon, puka, pukllay
ğŸ´	Japones, pukllachkan, pukllay, tarhita, tÊ¼ika naipes, tâ€™ika
ğŸ­ï¸	artes escenicas
ğŸ–¼ï¸	kancha, kanchapi rikchay, llimpi, museo, rikchay, tâ€™iktu
ğŸ¨	llimpi, museo, paleta, paleta llimpiq, tâ€™iktu
ğŸ‘“ï¸	lentes
ğŸ•¶ï¸	lentes intipaq
ğŸ‘”	corbata
ğŸ‘•	camisa
ğŸ‘–	jeans
ğŸ§£	chalina
ğŸ§¤	guantes
ğŸ§¥	abrigo
ğŸ§¦	medias
ğŸ‘—	aqsu
ğŸ‘˜	kimono
ğŸ‘™	bikini
ğŸ‘š	warmip pÊ¼achanÂ´
ğŸ‘›	pulcera
ğŸ‘œ	bolso
ğŸ‘	cartera
ğŸ›ï¸	ratina qamaÃ±a
ğŸ‘	runap phapatun
ğŸ‘Ÿ	phawasqa phapatu
ğŸ‘ 	tacones phapatu
ğŸ‘¡	warmip sandalian
ğŸ‘¢	warmip botan
ğŸ‘‘	pillu
ğŸ‘’	warmip chikun
ğŸ©	hanaq chiku
ğŸ“ï¸	graduacion chiku
ğŸ§¢	gorra
â›‘ï¸	yanapaq llamkaqmanta casco
ğŸ“¿	rosario
ğŸ’„	llimpÊ¼i simipaq
ğŸ’	siwi
ğŸ’	gema
ğŸ”‡	chÊ¼in altavoz
ğŸ”ˆï¸	altavoz pisi chanrawan
ğŸ”‰	altavoz chawpi chanrawan
ğŸ”Š	altavoz hatun chanrawan
ğŸ“¢	altoparlante
ğŸ“£	megÃ¡fono
ğŸ“¯	chakipaq waqra, chaski, chaski wasi, waqra
ğŸ””	kampana
ğŸ”•	chÊ¼in chhullupi
ğŸ¼	partitura
ğŸµ	notas musical
ğŸ¶	notas musicales
ğŸ™ï¸	estudio, micro, microfono, microfono estudiomanta, takiy
ğŸšï¸	kuyuq, kuyuq Ã±iqi, takiy, Ã±iqi
ğŸ›ï¸	patachaq, perillas, perillas patachaqpaq, takiy
ğŸ¤	micrÃ³fono
ğŸ§ï¸	audifono
ğŸ“»ï¸	radio
ğŸ·	saxofono
ğŸ¸	guitarra
ğŸ¹	teclas musicales
ğŸº	trompeta
ğŸ»	violin
ğŸ¥	tambor
ğŸ“±	apaykachana telefono
ğŸ“²	apaykachana telefono wachÊ¼iwan
â˜ï¸	fono
ğŸ“	auricular telefonomanta
ğŸ“Ÿï¸	tariq
ğŸ“ 	maquina faxpaq
ğŸ”‹	kallpa waqaychaq
ğŸ”Œ	enchufe
ğŸ–¥ï¸	computadora, hanpara, hanpara computadora
ğŸ–¨ï¸	impresora
âŒ¨ï¸	Ã±itina
ğŸ–±ï¸	mouse computadorapaq
ğŸ–²ï¸	muyu mousepi
ğŸ’½	computadora ruyru
ğŸ’¾	disquete
ğŸ’¿ï¸	cd, computadora, disku, optico, ruyru
ğŸ“€	dvd
ğŸ¥	camara cinepaq
ğŸï¸	kanchakuna peliculamanta
ğŸ“½ï¸	proyector cinepaq
ğŸ¬ï¸	claqueta
ğŸ“ºï¸	television
ğŸ“·ï¸	camara
ğŸ“¸	camara flash kaqwan
ğŸ“¹ï¸	videocamara
ğŸ“¼	videocaset
ğŸ•¯ï¸	vela
ğŸ’¡	kÊ¼ancha
ğŸ”¦	flash
ğŸ®	izakaya linterna
ğŸ“”	yachaykunapaq pÊ¼anqa kÊ¼acha rapiwan
ğŸ“•	pâ€™anqa, wichqasqa, wichqasqa pÊ¼anqa
ğŸ“–	kichasqa pÊ¼anqa, kichay, pâ€™anqa
ğŸ“—	pâ€™anqa, qÊ¼umir pÊ¼anqa, qâ€™umir
ğŸ“˜	anqas pÊ¼anqa, anqas pâ€™anqa
ğŸ“™	pâ€™anqa, willapi, willapi pÊ¼anqa
ğŸ“šï¸	pÊ¼anqakuna
ğŸ““	huchuy qillqanacha
ğŸ“’	pÊ¼anqa siwukunawan
ğŸ“ƒ	llinkÊ¼u rapi
ğŸ“œ	suchuririy
ğŸ“„	hanaqman rapi
ğŸ“°	periodico
ğŸ—	periodico châ€™umisqa
ğŸ“‘	chinpuq, chinpuy, qawachiqkuna, rapi chinpuq, rapi chinpuqkunawan
ğŸ”–	chinpuq
ğŸ·ï¸	sutichaq
ğŸ§	ATM unancha, atm, banco, cajero, kikichansqa
ğŸš®	chuqaq, chuqasqa qupa, chuqasqa qupapi unancha
ğŸš°	potable, potable yaku unancha, upyana, yaku
â™¿ï¸	tiyana ruedaspi unancha, yaykuy
ğŸš¹ï¸	baÃ±o nisqa, runakuna, runapaq unancha, wc
ğŸšºï¸	baÃ±o nisqa, warmikuna, warmipaq unancha, wc
ğŸš»	baÃ±o nisqa, baÃ±os, wc
ğŸš¼ï¸	tiraypaq, wawa, wawapaq unancha
ğŸš¾	baÃ±o nisqa, baÃ±os, inodoro, wc, yaku
ğŸ›‚	chiqaqchayninpaq, pasaporte, pasaporte chiqaqchaynin
ğŸ›ƒ	aduanas
ğŸ›„	chaskimuy qipikuna
ğŸ›…	harkaq, lluqsina qipikuna, qipi, qipikuna
âš ï¸	yuyachikuy
ğŸš¸	chimpay, pedestre, trafico, wawa, wawakuna purichkanku
â›”ï¸	ama yaykuna, amatasqa, mana, manaraq, trafico, yaykuna
ğŸš«	amatasqa, mana, manaraq, yaykuna
ğŸš³	ama bicicletakuna, amatasqa, bici, bicicleta, mana
ğŸš­ï¸	ama fumar, amatasqa, mana, manaraq
ğŸš¯	ama qupa chuqaychu, amatasqa, mana, manaraq, sansariy
ğŸš±	ama yaku upyaypaq, mana yaykuy, yaku
ğŸš·	ama transeuntes, amatasqa, mana, manaraq, transeuntes
ğŸ“µ	ama apaykachana telefonokuna, amatasqa, apaykchana, mana, telefono
ğŸ”	18, ama sullka chunaka pusaqniyuqwan, ama sullka chunka pusaqniyuqwan, amatasqa, chunka pusaqniyuq, sullka wata, wata amataynin
â˜¢ï¸	radiactivo, unancha
â˜£ï¸	biologico qupa, unancha
â¬†ï¸	cardinal, chincha, hanaq wachi, tarikuynin, wachi
â†—ï¸	chincha anti, hanaq paÃ±a wachi, intercardinal, tarikuynin, wachi
â¡ï¸	anti, cardinal, paÃ±a wachi, tarikuynin, wachi
â†˜ï¸	intercardinal, qulla anti, tarikuynin, uran paÃ±a wachi, wachi
â¬‡ï¸	cardinal, qulla, tarikuynin, uran, uran wachi, wachi
â†™ï¸	intercardinal, qulla anti, tarikuynin, uran lluqi wachi, wachi
â¬…ï¸	anti, cardinal, lluqi wachi, tarikuynin, wachi
â†–ï¸	chincha anti, hanaq lluqi wachi, intercardinal, tarikuynin, wachi
â†•ï¸	hanaq uran wachi, wachi
â†”ï¸	lluqi paÃ±a wachi, wachi
â†®	lluqi paÃ±aman siqi wachi
â†©ï¸	paÃ±a wachi llinkuwan lluqiman, wachi
â†ªï¸	lluqi wachi llinkuwan paÃ±aman, lluqi wachi llinkuwan paÃ±awan, wachi
â¤´ï¸	paÃ±a wachi llinkuwan hanaqman, wachi
â¤µï¸	paÃ±a wachi llinkuwan uranman, uran, wachi
ğŸ”ƒ	sayanpa wachikuna ura qatichkanku, ura qatichkanku, ura sayampa qatichkanku, wachi, watiqmanta qipiy
ğŸ”„	laduman muyuspa, laduman ura qatispa, laduman ura qatispa wachikunata Ã±itina, tikrasqa ura qatispa, wachi
ğŸ”™	QIPA wachi, qipa, wachi
ğŸ”š	TUKUY wachi, tukuy, wachi
ğŸ”›	KAWSARICHIY! wachi, chimpu, kawsarichiy, wachi
ğŸ”œ	QATIQ wachi, UTQAY wachi, utqay, wachi
ğŸ”	HANAN wachi, HANAQ wachi, hanan, hanaq, wachi
ğŸ›	muchay kiti, munaynin, religion
âš›ï¸	ateismo, atomo, atomo unancha
ğŸ•‰ï¸	Hindu, om, religion
âœ¡ï¸	David, Judio, quyllur, quyllur Davidmanta, religion
â˜¸ï¸	Budista, dharma, muyu, muyu dharmanimanta, religion
â˜¯ï¸	religion, tao, taoista, yang, yin, yin yang
âœï¸	Cristiano, chakana, latina chakana, religion
â˜¦ï¸	Cristiano, chakana, ortodoxa chakana, religion
â˜ªï¸	Musulman, islam, quyllur chaymanta chawpi killa, religion
â˜®ï¸	qhasi kay, qhasi kay unancha
ğŸ•	candelabro, candelero, menorah, religion
ğŸ”¯	fortuna, quyllur, suqta Ã±awpinkunawan quyllur
â™ˆï¸	Aries, carnero, zodiaco
â™‰ï¸	Tauro, buey, toro, zodiaco
â™Šï¸	Geminis, wispa, zodiaco
â™‹ï¸	Cancer, apanqura, zodiaco
â™Œï¸	Leo, leon, zodiaco
â™ï¸	Virgo, zodiaco
â™ï¸	Libra, aysana, justicia, zodiaco, Ã±iqichanakuna
â™ï¸	Escorpio, Escorpion, escorpio, escorpion, zodiaco
â™ï¸	Sagitario, arquero, zodiaco
â™‘ï¸	Capricornio, chiwu, zodiaco
â™’ï¸	Acuario, soporte, yaku, zodiaco
â™“ï¸	Piscis, challwa, zodiaco
â›	Ofiuco, katari, soporte, zodiaco
ğŸ”€	chakatasqa, chakatasqa wachÊ¼ikuna Ã±itina, chaqrusqa taqikuna Ã±itina, wachi
ğŸ”	kutipay, kutipay Ã±itina, ura qatichkanku, wachi
ğŸ”‚	huklla, huklla kutipay Ã±itina, kutipay huk Ã±itina, ura qatichkanku, wachi
â–¶	kimsakuchu, paÃ±a, purichiy, purichiy Ã±itina, wachi
â©	iskay, utqay, utqay Ã±awpaq Ã±itina, utqhay qatiq Ã±itina, wachi, Ã±awpaqman
â­	itina, kimsakuchu, qatiq rikchay, qatiq taqi, qatiq Ã±an Ã±itina, wachi
â¯	kimsakuchu, paÃ±a, purichiy, purichiy utaq samay Ã±itina, samay, wachi
â—€	kimsakuchu, lluqi, qhipanman Ã±itina, qipaman, qipaman Ã±itina, wachi
âª	iskay, kutipachiy, utqay qipaman Ã±itina, utqhay tikrana Ã±itina, wachi
â®	kimsakuchu, qhipa Ã±an Ã±itina, qipa Ã±an Ã±itina, wachi, Ã±awpaq rikchayman, Ã±awpaq Ã±an
ğŸ”¼	hanaqman Ã±itina, puka, wachi, Ã±itina
â«	iskay, utqay hanaq Ã±itina, utqhay hanaq Ã±itina, wachi
ğŸ”½	puka, uran, uranman Ã±itina, wachi, Ã±itina
â¬	iskay, uran, utqay uran Ã±itina, utqhay uran Ã±itina, wachi
â¸ï¸	iskay, samay, samay Ã±itina, sayanpa, siqi
â¹ï¸	tatichiy, tatichiy Ã±itina, tawakuchu
âºï¸	graway, graway Ã±itina, muyu
âï¸	qarpuy, qarpuy Ã±itina
ğŸ¦	camara, cine, pelicula, pelikula
ğŸ”…	kanchaynin, llimpiy, llimpiy Ã±itina, lliphiy Ã±itina, uchuy
ğŸ”†	kanchay, kanchay Ã±itina, kanchaynin, kÊ¼anchay Ã±itina
ğŸ“¶	antena, antena siqikunawan, apaykachana, pukullu, siqikuna, telefono
ğŸ“³	apaykachana, mudu, pukullu, telefono, telefunu, vibracion, vibracion mudu
ğŸ“´	apaykachana, apaykachana telefono waÃ±uchiy, muvil, telefunu, waÃ±uchiy telefono
â™€ï¸	warmi, warmi unancha
â™‚ï¸	runa, tata unancha
âš§ï¸	transgenero, transgenero unancha
âœ–ï¸	chinkachiy, mirachiy, multiplicacion, unancha, x
â•	+, matematicas, unancha, yapana
â–	-, matematicas, qhichuna, qichuna, unancha, âˆ’
â—	matematicas, rakina, rakiy, unancha, Ã·
ğŸŸ°	tinki, tinki unancha, unancha
â™¾ï¸	lliw, mana tukusqa, wiÃ±aypaq, wiÃ±aypaq wiÃ±aynin
â€¼ï¸	!, !!, bangbang, chimpu, iskay qapariq chimpu, iskay qapariq yupiy, qapariq
â‰ï¸	!, !?, ?, chimpu, interrobang, qapariq, qapariq tapuna chinpuy, tapuna
â“ï¸	?, chimpu, puka tapuna chimpu, punctuacion, tapuna
â”	?, chimpu, punctuacion, siqisqa, tapuna, yuraq tapukuna yupiy, yuraq tapuna yupiy
â•	!, chimpu, punctuacion, qapariq, siqisqa, yuraq qapariq yupiy
â—ï¸	!, chimpu, puka qapariq yupiy, punctuacion, qapariq
ã€°ï¸	muyuq, muyuq rakiqchâ€™iku, puntuacion, rakiqchiku
ğŸ’±	banco, qullqi, tikrasqa, tikrasqa qullqi
ğŸ’²	dolar, dolar unancha, qullqi
âš•ï¸	esculapio, hampi, hampiq unancha, llamkaqkuna
â™»ï¸	allinyachiy, allinyachiy unancha
âšœ	flor de lis
ğŸ”±	ancla, llamkana, tridente, tridente unancha, unancha, wampâ€™u
ğŸ“›	nina, nina rawra, rawra
ğŸ”°	Japones simi, Japones unancha Ã±awpaqpaq, cheuron, japones unancha qallariqkunapaq, rapi, Ã±awpaq
â­•ï¸	hatun, muyu, o, puka, ukun puka muyu
âœ…	chimpu, chimputa chiqaqchay Ã±itina, chiqaqchay, Ã±itina, âœ“
â˜‘ï¸	chiqaqchay, chiqaqchay tawakuchu chimpuwan, tawakuchu, âœ“
âœ”ï¸	chimpu, chiqaqchay, chiqaqchay chimpu, âœ“
âŒ	chakana chinpu, chakata, chimpu, chinkachiy, mirachina, mirachiy, x, Ã—
â	chakana chinpu Ã±itina, chinpu, tawakuchu, x, Ã—
â°	bucle, lazo, muyusqa
â¿	bucle, iskay, iskay bucle, lazo
ã€½ï¸	alternancia patma unancha, chimpu, patma
âœ³ï¸	*, asterisco, pusaq siqiwan asterisco
âœ´ï¸	*, pusaq Ã±awpikunawan quyllur, quyllur
â‡ï¸	*, kanchay, kâ€™anchay
Â©ï¸	c, copyright, copyright nisqa
Â®ï¸	r, yaykusqa
â„¢ï¸	chimpu, tm, waqaychasqa chinpu, waqaychasqa chinpuy
ğŸ” 	ABCD, hatun sananpakuna, latina, latina hatun sananpakuna yaykuy, sananpakuna, yaykuy
ğŸ”¡	abcd, latina, latina uchuy sananpakuna yaykuy, sananpakuna, uchuy sananpakuna, yaykkuna
ğŸ”¢	1234, yaykuy, yupaykuna, yupaykuna yaykuy
ğŸ”£	unanchakuna yaykuy, yaykuy, ã€’â™ª&%
ğŸ”¤	abc, achahala, latina, latina sananpakuna yaykuy, sananpakuna
ğŸ…°ï¸	A Ã±itina (imayna yawar), a, imayna yawar
ğŸ†	AB Ã±itina (imayna yawar), ab, imayna yawar
ğŸ…±ï¸	B Ã±itina (imayna yawar), b, imayna yawar
ğŸ†‘	CL Ã±itina, cl
ğŸ†’	COOL Ã±itina, cool
ğŸ†“	FREE Ã±itina, free
â„¹ï¸	i, willakuy
ğŸ†”	ID Ã±itina, id, riqsichiy
â“‚ï¸	m, muyu, muyusqa M
ğŸ†•	NEW Ã±itina, new
ğŸ†–	NG Ã±itina, ng
ğŸ…¾ï¸	O Ã±itina (imayna yawar), imayna yawar, o
ğŸ†—	OK, OK Ã±itina
ğŸ…¿ï¸	P Ã±itina, parkeo
ğŸ†˜	SOS Ã±itina, sos, yanapay
ğŸ†™	UP! Ã±itina, chimpu, up
ğŸ†š	VS Ã±itina, versus, vs
ğŸˆ	Japones, Japones "kaypi" Ã±itina, Japones â€œkaypiâ€ Ã±itina, katakana, â€œkaypiâ€
ğŸˆ‚ï¸	Japones, Japones "yanapakuy chanin" Ã±itina, katakana, â€œyanapakuy chaninâ€
ğŸˆ·	Japones, Japones "sapa killa chanin" Ã±itina, ideografia, â€œsapa killa chaninâ€
ğŸˆ¶	Japones, Japones "mana qullqiyuq chaninpaq" Ã±itina, ideografia, â€œmana qullqiyuq chaninpaqâ€
ğŸˆ¯	Japones, Japones "waqaychasqa" Ã±itina, ideografia, â€œwaqaychasqaâ€
ğŸ‰	Japones, Japones "makipuray" Ã±itina, ideografia, â€œmakipurayâ€
ğŸˆ¹	Japones, Japones "ribajay" Ã±itina, ideografia, â€œribajayâ€
ğŸˆš	Japones, Japones "mana tarifawan" Ã±itina, ideografia, â€œmana tarifawanâ€
ğŸˆ²	Japones, Japones "amatasqa" Ã±itina, ideografia, â€œamatasqaâ€
ğŸ‰‘	Japones, Japones "uyakusqa" Ã±itina, ideografia, â€œuyakusqaâ€
ğŸˆ¸	Japones, Japones â€œllamkanaâ€ Ã±itina, ideografia, â€œllamkanaâ€
ğŸˆ´	Japones, Japones "Ã±iqi wichay" Ã±itina, ideografia, â€œÃ±iqi wichayâ€
ğŸˆ³	Japones, Japones "vacante" Ã±itina, ideografia, â€œvacanteâ€
ãŠ—ï¸	Japones, Japones â€œkusirikuykunaâ€ Ã±itina, ideografia, â€œkusirikuykunaâ€
ãŠ™ï¸	Japones, Japones "pakasqa" Ã±itina, ideografia, â€œpakasqaâ€
ğŸˆº	Japones, Japones "qatunapaq kichay" Ã±itina, ideografia, â€œqatunapaq kichayâ€
ğŸˆµ	Japones, Japones "mana vacanteyuq" Ã±itina, ideografia, â€œmana vacanteyuqâ€
ğŸ”´	chirukamay, muyu, puka, puka muyu
ğŸŸ 	muyu, qillmu, qillmu muyu
ğŸŸ¡	muyu, qillu, qillu muyu
ğŸŸ¢	muyu, qumir, qumir muyu
ğŸ”µ	anqas, anqas muyu, chirukamay, muyu
ğŸŸ£	kulli, kulli muyu, muyu
ğŸŸ¤	muyu, paru, paru muyu
âš«ï¸	chirukamay, muyu, yana muyu
âšªï¸	chirukamay, muyu, yuraq muyu
ğŸŸ¥	puka, puka tawakuchu, tawakuchu
ğŸŸ§	qillmu, qillmu tawakuchu, tawakuchu
ğŸŸ¨	qillu, qillu tawakuchu, tawakuchu
ğŸŸ©	qumir tawakuchu
ğŸŸ¦	anqas, anqas tawakuchu, tawakuchu
ğŸŸª	kulli, kulli tawakuchu, tawakuchu
ğŸŸ«	paru, paru tawakuchu, tawakuchu
â¬›ï¸	chirukamay, tawakuchu, yana hatun tawakuchu
â¬œï¸	chirukamay, tawakuchu, yuraq hatun tawakuchu
â—¼ï¸	chirukamay, tawakuchu, yana kuska tawakuchu
â—»ï¸	chirukamay, tawakuchu, yuraq kuska tawakuchu
â—¾ï¸	chirukamay, tawakuchu, yana kuska uchuy tawakuchu
â—½ï¸	chirukamay, tawakuchu, yuraq kuska uchuy tawakuchu
â–ªï¸	chirukamay, tawakuchu, yana uchuy tawakuchu
â–«ï¸	chirukamay, tawakuchu, yuraq uchuy tawakuchu
ğŸ”¶	chirukamay, hatun qillmu puytu, qillmu
ğŸ”·	anqas, chirukamay, hatun anqas puytu, puytu
ğŸ”¸	chirukamay, puytu, qillmu, uchuy qillmu puytu
ğŸ”¹	anqas, chirukamay, puytu, uchuy anqas puytu
ğŸ”º	chirukamay, puka, puka kimsakuchu Ã±awpiwan hanaqman
ğŸ”»	chirukamay, puka, puka kimsakuchu Ã±awpiwan hanaqman, puka kimsakuchu Ã±awpiwan uranman, uran
ğŸ’ 	chirukamay, comic, puytu, puytu chusuwan, ukun
ğŸ”˜	chirukamay, radio, radio Ã±itina, Ã±itina
ğŸ”³	chirukamay, kantukuna, tawakuchu, yuraq tawakuchu Ã±itina, Ã±itina
ğŸ”²	chirukamay, tawakuchu, yana tawakuchu Ã±itina, Ã±itina
ğŸ	carrera, meta, metapaq whipala, tawakâ€™uchuwan
ğŸš©	chaski, kimsa kÊ¼uchuwan wiphala
ğŸŒ	Japones, chakatasqa, chakatasqa wiphalakuna, rankâ€™usqa, raymi
ğŸ´	qinquykachay, yana whipala
ğŸ³ï¸	qinquykachay, yuraq whipala
ğŸ³â€ğŸŒˆ	kâ€™uychi whipala
Â¤	Mana riqsisqa Qullqi
Â¢	centavo
$	USD, dolar, peso, qullqi
Â£	EGP, GBP, libra esterlilna, libra esterlina nisqa, qullqi
Â¥	CNY, JPY, qullqi, yen, yuan
Ö	Dram Armenio
Ø‹	Afgani Afgano
à§³	Taka BangladesÃ­
à¸¿	Baht TailandÃ©s
áŸ›	Riel Camboyano
â‚¡	ColÃ³n Costarricense
â‚¢	BRB, cruzeiro, cruzeiro qullqi, qullqi
â‚£	frances franco, franco, qullqi
â‚¤	lira, lira qullqi, qullqi
â‚¥	mill qullqi, waranqa
â‚¦	Naira Nigeriano
â‚©	KPW, KRW, won qullqi
â‚ª	Nuevo SÃ©quel
â‚«	Dong Vietnamita
â‚¬	EUR, euro, qullqi
â‚­	Kip Laosiano
â‚®	Tugrik Mongol
â‚°	centavo aleman, pfennig, qullqi
â‚±	peso qullqi
â‚²	GuaranÃ­ Paraguayo
â‚³	ARA, austral, austral qullqi, qullqi
â‚´	Grivna
â‚µ	Cedi GanÃ©s
â‚¶	livre tournois, livre tournois qullqi, qullqi
â‚·	qullqi, spesmilo, spesmilo qullqi
â‚¸	Tenge Kazajo
â‚¹	qullqi, rupia, rupia indu
â‚º	Lira Turca
â‚¼	Manat Azerbaiyano
â‚½	qullqi, rublo
â‚¾	Lari Georgiano
â‚¿	BTC, bitcoin qullqi
â‚¨	qullqi, rupia
ï·¼	qullqi, rial, rial qullqi
Â¹	hatun qillqa, hatun qillqa huk, huk
Â²	hatun qillqa, hatun qillqa iskay, iskay, tawakuchusqa
Â³	hatun qillqa, hatun qillqa kimsa, kimsa, machina
Âµ	micro unancha, tupuna
ğŸ»	1â€“2 kaq, chuya qara niraq, qara niraq
ğŸ¼	3 kaq, qara niraq, tunpa chuya qara niraq
ğŸ½	4 kaq, qara niraq, tunpa qara niraq
ğŸ¾	5 kaq, qara niraq, tunpa yana qara niraq
ğŸ¿	6 kaq, qara niraq, yana qara niraq
