_	daash, daash hoose, dhaash hoose, xariiq, xariiq hoose
-	dhaash, jiitin-gaaban, jiitin-ka jarid, ka jar
â€	dhaash, jiitin gaaban
â€“	dhaash, en, xarakada erayga
â€”	dhaash, em, laynka astaameeynta
â€•	dhaash, jiitin dheer, layn
ãƒ»	dhexgal, dhibco, dhibic dhexe, dhibic dhexe katakana, katakana
,	hakad
ØŒ	carabi, hakad, hakad ka carabida
ã€	comma, feker ahaan, hakad fikirka ah
;	joogsi dhiman, semi kolon
Ø›	carabi, joogsi dhiman carabi, joogsiga
:	kolmo
!	astaan dhawaaq, calaamada la yaabka, calaamadaha la yaabka leh, cod dheer, la tacajubid
Â¡	astaan la yaab rogan, calaamadaha la yaabka leh, calaamadda la yaabka oo la leexiyay, cod dheer, la yaab, qodob qaylodhaan, rogay
?	astaan suâ€™aaleed, calaamadda suâ€™aasha, suâ€™aal
Â¿	astaan suâ€™aaleed rogan, calaamadda suâ€™aasha, rogay, sumadda suâ€™aasha la rogay, suâ€™aal
ØŸ	astaan suâ€™aaleeda carabida, calaamadda suâ€™aasha, calaamadda suâ€™aasha carabiga, carabi, suâ€™aal
.	dhibic, joogsi, joogsi buuxa
â€¦	dhibco, dhibco isxig xiga, dhico isxig xiga, ka tagid
ã€‚	dhibic joogsi, fikrad, muddo, xilli fikirka
Â·	dhexe, dhexgal, dhibic, dhibic dhex gal ah, dhibicda dhexdeeda
'	hal xigasho, hamsad kore, hamsada kore ee qoraalka, hamsada kore qoraalka, xigasho
â€˜	hal xigasho, hamsada kore, hamsada kore ee bidix, ka tagay hamsada kore, xigasho, xigasho wanaagsan
â€™	hal xigasho, hamsada kore, hamsada kore ee midig, hamsada midig ah, xigasho, xigasho wanaagsan
â€š	hamsada kore, hamsada kore ee midig hoose, hamsada kore ee midig hooseeya, xigasho, xigasho hoose
â€œ	calaamadda oraah bidix, calaamadda xigashada bidix, labo xigasho, xigasho, xigasho wanaagsan
â€	calaamadda xigashada saxda ah, labo xigasho, sumadda oraah sax ah, xigasho, xigasho wanaagsan
â€	calaamada xigashada midig, labo xigasho, oraah hoose, sumadda oraah midig hooseysa, xigasho, xigasho wanaagsan
Â«	bidix, calaamad hoosaad, gulimeetka bidix, layn, soodin, xagal, xigasho
Â»	baraakeet, calaamad hoose, guillemet saxda, layn, sax, xagal, xigasho, xuquuqda guillemetka
)	baraakeet, baraakeet wareegsan, caajis, dhibco isku xiga, saxarada, xirid dhibcaha isku xiga
[	baraakeet, baraakeet laba jibbaaran, fur baraakeet laba jibbaaran, fur baraakeetka laba jibbaaran, jeexjeex
]	baraakeet, baraakeet laba jibbaaran, jeexjeex, xiro baraakeet laba jibbaaran, xiro baraakeetka laba jibbaaran
{	baraakeet, fur baraakeetka qalooca, fur qeybta qalooca, gullwing, qalooca qalooca, xargo, xargo guntin
}	baraakeet, baraakeet qalooca, gulling, layn, xargo guntin, xiro baraakeetka qalooca, xiro qalooca curly
ã€ˆ	baraakeet, baraakeet dheeman, baraakeet xagalka, chevron, cufan, fur baraakeetka xagasha, goobta baraakeet, qaansada xagal furan
ã€‰	barakeetka, barakeetka dheeman, barakeetka xaglaha, cufan, goobta barakeetka, layn kor u jeeda, xir baraakeetka xagasha ah, xirid barakeetka xagal
ã€Š	fur laba baraakeet xagal, fur laba baraaket xagal ah, laba baraakeet xagal, qaansada
ã€‹	baraakeet, baraakeet labaale xagal, xir baraakeet laba xagal, xiro baraakeetka xagaleed laba ah
ã€Œ	baraakeet, baraakeetka geeska, fur baraakeet geeska, fur barakeetka geeska
ã€	baraakeet, baraakeet geeska, xir baraakeet geeska, xir barakeetka geeska
ã€	baraakeet, fur baraakeet geeska godan, godka baraakeet godan
ã€	baraakeet, baraakeet geeska godan, xir baraakeet geeska godan, xir baraakeet godka godan
ã€	baraakeet, baraakeet godan, baraakeet muraayadda, fur baraakeet muraayadaha madow, fur barakeet muraayadaha madow
ã€‘	baraakeet, baraakeet muraayadda, xir baraakeet madow, xir baraakeet madow ee muraayadda
ã€”	baraakeet, baraakeet qolof, baraakeet qolofta qaloocda furan, baraakeet qolofta#, fur baraakeetka qolofta diinka
ã€•	baraakeet, baraakeet qolofta, baraakeetka qolof, xir baraakeet qolofta dhejiska, xiro baraakeet qolofta
ã€–	barakeet, barakeet furan, barakeet muraayadda godan, fur baraakeet furan, fur barakeet furan
ã€—	baraakeet, baraakeet godan, godad baraakeet godan, xir barakeetka furan, xir xijaabka baraakeet indhaha godan
Â§	baaragraaf, qayb, qaybta, silkroow
Â¶	alinea, astaan sadar, barkin, cutubka, qoraal, sumadda sadarka
@	ampersat, arobase, arroba, calaamada, calaamadda, calamada-at, ganacsi, miro saxaro, xaga calaamadda
*ï¸	calaamada xiddigta, duurjoogta, xiddig, xidigta
/	islaash, jiitin, qalooca, solidus, virgule, xariiq
\	islaash dib u jeeda, jiitin, solidus rogan
&	calamada ampersand, et, iyo, xaraashka
#ï¸	afar-gees, haash, hashtag, lambar, lb
%	boqolkiiba
â€°	halkii mil, mille, tobankii kunba
â€ 	calaamada kiristaan, calaamada toorida, calaamadda tooreyda, tiir, toorrey
â€¡	calaamada toorida oo labajibaaran, calaamadda seefta laba-geesoodka ah, labalaab, obelus, tiir, toorrey
â€¢	dhibic, rasaas
â€§	barta hayfanta, dash, dhibic, hayfen, meesha hayfanta
â€²	hamse
â€³	labo hamse
â€´	tiro aan qeybsamin, tiro saddex lambar uun u qeybsama, tiro seddex lambar uun u qeybsama
â€»	astaan tixraac
`	codka, lahjad, lahjad qabow, qabriga
Â´	codka, lahjad, lahjad degdeg ah, qabriga
^	Wareeg wareeg ah, awood, calaamada xor, daryeele, koofiyad, lahjad, lahjad wareeg ah, tilmaame, wedge, xakamaynta, xikmad
Â¨	dhibco, laba dhibcood, trÃ©ma
Â°	cadeeyn, degree ga, saacada
â„—	dhawaq, duubaya, xuquuqda daabacaadda, xuquuqda duubista codka
â†	bidix, falaadh, falaadh bidix u jeedda, fallaar ku aadan bidix
â†’	fallaa, fallaarta midigta ku aadan, midig
â†‘	fallaar, fallaar kor ku aadan, kor
â†“	fallaar, fallaar hoos ku aadan, hoos
â‡…	falaadh, fallaadho kor u jeeda iyo mid hoos u jeeda, fallaaro kor iyo hoos ku aadan, hoos, kor
â‡†	bidix, fallaar, fallaaro bidix ku aadan oo ka sareeya kuwa midig ku aadan, midig
âˆ†	kordhin, sadex geesood
âˆ‡	nabla, sadex geesood
âˆˆ	curiyaha, curiye, isku hagaajin, ka kooban, xubinimada
+	calamada balaas, ku dar, oo lagu daray, oo lagu daray calaamadda
Â±	balaas-maynas
Ã·	calaamada qaladka, calaamada qaybta, qayb, qaybi
Ã—	isku dhufasho, isku dhufo, mar, xalaamada isku dhufashada
<	ka yar, tag, tag furan
=	la mida, la midtahay
â‰ 	aan la mid ahayn, ma sinna, sinnaan laâ€™aan
>	ka wayn, tag, tag xidhan
Â¬	diidmo, maya
|	baaskiil, istaroog, istaroog sheerer, khadka, layn, layn taagan, tuubo, ul, vbar, xariiq qotonta, xariiq toosan
~	tilde
âˆ’	calaamad laga jaray, calamada maynas, kalagoyn, laga jaray
â»	calaamada kajar, laga jaray, qoraalka sare
âˆš	a saasi ah, hooseeyaha tiro, laba jibbaaran, lambar jajab ah, lambarka laba jibaarma, xididka
âˆ	aan xad lahayn, calaamada infinity, calaamadda dhammaadka
âˆ©	is goys, isku hagaajin
âˆª	isku hagaajin, isu gayn, midow
â‰ˆ	ku dhawaad, ku dhawaad la mida, qiyaas
â‰¡	ay mataano yihiin, lamid ah, mataano, sadex
â‰¤	ka yar, ka yar ama ka siman, ka yar ama la mid ah, sinnaan laâ€™aan, u dhiganta, u dhigma
â‰¥	ka wayn ama leeg, ka weyn, ka weyn ama u dhigma, sinnaan laâ€™aan, u dhiganta, u dhigma
âŠ‚	hoosaadka, qayb hoosaad, qayb ka mid ah, qeyb
â–²	allaar, ka buuxda, kor, saddex xagal, saddex xagal buuxda oo kor u taagan
â–¼	buuxiyey, falaadh, hoos, saddex xagal hoos-u-fiiqan, saddexagal, saddexagal hoos u sii jeeda oo buuxinaya
â—Š	dheeman, qaab dheeman, rhombus
â—‹	duleelka goobada, faraanti, goobad
â—	goobaabin, goobaabin buuxiyey, goobada buuxa
â—¯	faraanti, goobad, goobad duleel weeyn
â™ª	fiiro gaar ah, muusigga, sideedaad, xadhiga sideedaad
â™­	cod hoose, fidsan, fiiro gaar ah, muusigga
â™¯	Seef ah, calaamada istalaabta, fiiqan, la soco, muusigga
ğŸ˜€	dareenka wajiga, gariir, wajiga
ğŸ˜ƒ	afka, dhoola cadeyn, fur, muuqaalka wajiga indha weyn, muuqaalka wejiga indhaha weyn, wajiga
ğŸ˜„	afka, dareenka wajig oo indho dhoola cadeynaayo leh, dhoolo cadeyn, fur, indhaha, waji indho dhoola cadynaya leh, wajiga
ğŸ˜	dhoola cadeyn, gariir, indho, waji, waji dhalaal indho dhoola cadeynaaayo leh, waji dhalaalaayo oo indho dhoolo cadeynaayo leh, wajiga
ğŸ˜†	afka, dareenka wajiga ee qoslaya, dhoola cadeyn, ku qanacsan yihiin, qosol, waji
ğŸ˜…	dhidid, dhoolo cadeyn, fur, qabow, waji, waji gariiraya oo dhidid leh, waji gariiraya oo dhididsan
ğŸ¤£	dhulka, dhulka ku rafanaayo oo qoslaya, dhulka ku rafanaayo oo qosolaya, ku rafanaaya, qosl, waji
ğŸ˜‚	farxad, ilin, qosol, waji, waji ilin farxad leh
ğŸ™‚	dhoola cadeyn, face, waji yara dhoola cadeynaya
ğŸ™ƒ	hoos u foorara, waji, waji hoos-hoos u raaraca
ğŸ« 	baabaâ€™a, dareere, dhalaalay, qasmau, waji dhalaalaya
ğŸ˜‰	face, il jibis, waji il jabinaaya, waji il jibinaaya
ğŸ˜Š	dhoola cadeyn waji dhoola cadeynaaya oo indho dhoolo cadeynaaya leh, gududayn, il, waji, waji iyo indho dhoolo cadeynaaya
ğŸ˜‡	dambi lahayn, khayaali, malaaiâ€™ig, waji, waji dhoolo cadeynaya, waji dhoolo cadeynaya wareeg leh, wareeg
ğŸ¥°	burburin, jacleysto, jecel, qalbiyo, waji dhoolo cadeynaya qalbi
ğŸ˜	dhoolo cadeyn, il, jaceyl, waji, waji dhoolo cadeynaya qalbi-indho
ğŸ¤©	ilko cadeyn, indho, waji, xiddig, xiddig-dhufsaday
ğŸ˜˜	shumis, waji, waji afuufayo dhunkasho, waji dhunkasho afuufayo
ğŸ˜—	dhunkasho, waji, wajiga dhunkashada
â˜ºï¸	deggan, dhoolo cadeyn, sharraxay, waji, waji dhoolo cadeynaya
ğŸ˜š	dhunkasho, il, waji, waji dhunkanaayo indho xiran, waji dhunkasho indho xiran, xiran
ğŸ˜™	dhunkasho, il, waji, waji dhunkanaayo indho dhoolo cadeynaya
ğŸ¥²	Nabad qaba, dhoola cadeynaya, dhoola cadeynaya isagoo oynaya, ilin, ku faanaya, ladnaaday, taabtay, waaji ilin ladhoola cadeeynaya
ğŸ˜‹	dhadhamin, dhoolo cadeyn mac, macaan, waji, waji cunto dhadhaminaayo
ğŸ˜›	carrab, waji, waji iyo carrab
ğŸ˜œ	carrab, il, il jibis, kaftan, waji, waji il jabinaayo carrab leh
ğŸ¤ª	doqon, il, waji qallafsan, weyn, yar
ğŸ˜	carrab, dhadhan, il, naxdin leh, waji, waji foolxun carrab leh
ğŸ¤‘	af, lacag, waji, waji af-lacag
ğŸ¤—	hab, hab siin, waji, waji habsiinaaya
ğŸ¤­	qoorta, waji afka gacan ka saaran
ğŸ«¢	aaminitaan laâ€™aan, cabsan, cabsi, cajiib, ceeb, ku wajah indhaha oo ku furan iyo gacmaha oo aad afka saaratay, layaab
ğŸ«£	dhaqso u fiirin, dhugasho, soo jiitay, wajah indhaha oo fiirinaya
ğŸ¤«	aamusan, ruxan, waji ruxmaya
ğŸ¤”	fakar, waji, waji fakarsan
ğŸ«¡	ciidamada, haa, haye, qorax leh, salaanta, wajiga salaameed
ğŸ¤	afka, jiinyeer, waji, waji af xiran, waji-af xiran
ğŸ¤¨	aamin darro, shaki, waji sunniyo kor u qaadan leh
ğŸ˜ï¸	amakaag, dhexdhexaad, dhimasho, waji, waji dhexdhexaad ah
ğŸ˜‘	aan waxqabad lahayn, amkaag, hadal laâ€™aan, waji, waji aan muuqan lahayn
ğŸ˜¶	aamusnaan, afka, waji, waji af laâ€™aan, xasilloon
ğŸ«¥	aan muuqan, baabaâ€™aa, isbarasho, niyad jabsan, qarin, wajiga ku leh dhibco, xishoonaya
ğŸ˜¶â€ğŸŒ«	madax daruur ku jira, maqane-jooga, waji ciiro ku jira, waji daruur ku jira, waji daruuro ku jira
ğŸ˜	isku dhaggan, waji, waji isku dhagan, waji isku dhaggan
ğŸ˜’	aan la daboolin, farxad laâ€™aan, waji, waji aan la taaban karin
ğŸ™„	il wareeg, waji, waji indho wareegayo leh, wareeg
ğŸ˜¬	naxdin, waji, waji naxdin leh
ğŸ˜®â€ğŸ’¨	foodhyid, hawo qadasho, nafisid, neefsasho, taah, waji afka kala qaday, xanshaashaq
ğŸ¤¥	jiif, qashin, waji, waji jiifo
ğŸ˜Œ	caawin, waji, waji niyad jabn
ğŸ˜”	caajis, diyaarsan, waji, waji caajisan
ğŸ˜ª	hurdo, waji, waji hurdeysan
ğŸ¤¤	dhareer, waji, waji dhareer
ğŸ˜´	hurdo, waji, waji hurdadeysan, waji hurdeysan
ğŸ˜·	dhakhtar, qabow, waji, waji maaskaro caafimaad leh
ğŸ¤’	heerkulbeegga, jirro, waji, waji leh heerkulbeegga, waji leh heerkulbegga, xanuun
ğŸ¤•	dhaawac, dhaawac ah, faashad, waji, waji leh faashad madaxeed, waji leh faashid madaxeed
ğŸ¤¢	lalabo, mantaq, waji, waji lalabo leh
ğŸ¤®	jirro, mantaq, waji mantaq leh
ğŸ¤§	hindhisho, u rajeyn caafimaad, waji, waji hindhisaayo
ğŸ¥µ	dhididaayo, istarooga kuleylka, kuleyl, waji cas, waji kulul, xummad
ğŸ¥¶	baraf, daalan, qaboobaayo, qaboow, qabow, waji qaboow
ğŸ¥´	af qallocan, caajis, caara, daroogeysan, indho isla sinneyn, waji aan dagneyn
ğŸ˜µ	waji, waji wareersan, wareer
ğŸ˜µâ€ğŸ’«	dawakhsan, dhibaato, waji indho wareegsan leh, wareeg, wareer, wareersan
ğŸ¤¯	madax qarxa, yaabay
ğŸ¤ 	koofi, koofigabadh, koofiwiil, waji, waji koofid leh
ğŸ¥³	dabaaldeg, gees, koofi, waji farxadeysan, xaflad
ğŸ¥¸	isqarin, muraayadaha indhaha, qarsoon, sanka, waji badalan, waji qarsoon, wajiga
ğŸ˜	dhalaal, dhoola cadeyn, ookiyaale, qabow, qorrax, waji, waji dhoola cadeynaya ookiyaala wato
ğŸ¤“	aan muuqan, waji, waji xirfad laâ€™aan, xirfad laâ€™aan
ğŸ§	cabsi, waji hal ookiyaalo leh
ğŸ˜•	amkaag, jah wareersan, waji, waji jah wareersan
ğŸ«¤	aan danaynayn, hubin, ku wajah af dadban, niyad jabsan, shaki badan
ğŸ˜Ÿ	waji, waji walaacsan, walaacsan
ğŸ™	macbuus, waji, waji yara macbuusan
â˜¹ï¸	macbuus, waji, waji macbuus, waji macbuusan
ğŸ˜®	af, furan, naxariis, waji, waji af furan leh
ğŸ˜¯	la yaabay, nadiif ah, waji, waji iftiimaayo
ğŸ˜²	amkaag, guud ahaan, la yaab, waji, waji amakaagsan
ğŸ˜³	gariir, jeexay, waji, waji xishood leh
ğŸ¥º	baryid, indho ilmeeynaayo, naxariis, waji doodaayo, waji doodsan
ğŸ¥¹	hanweyn, iska caabin, murugsan, oohin, wajah adoo oohinta celinaya, xanaaqsan
ğŸ˜¦	afka, fur, macbuus, waji, waji macbuus af furan leh
ğŸ˜§	waji, waji xanaaqsan, xanaaq
ğŸ˜¨	cabsanaayo, cabsi, cabsi leh, waji, waji cabsi leh
ğŸ˜°	baluug, dedegid, dhidid, qabow, waji, waji walaacsan oo dhidid leh
ğŸ˜¥	dabacsan, markaa, niyadjabsan, waji, waji xanaaqsan laakiin dabacsan
ğŸ˜¢	jeexid, murugo, oohin, waji, waji ooynaayo
ğŸ˜­	jeexid, murugo, oohin, waji, waji zaaid u ooynaayo
ğŸ˜±	cabsaday, cabsi, foorid, qeeylo, waji, waji cabsi darteed u qeylinaayo, waji cabsi la qeylinaayo
ğŸ˜–	aad u baqday, waji, waji shakisan
ğŸ˜£	dulqaad, waji, waji dulqaad leh
ğŸ˜	niyad jab, waji, waji niyadjabsan
ğŸ˜“	dhidid, qabow, waji, waji hoos u dhacsan oo dhididsan
ğŸ˜©	daal, daalan, waji, waji daal ka muuqdo
ğŸ˜«	daal, waji, waji daalan
ğŸ¥±	cajisan, daallan, hammaansasho, waji hammaansanaya
ğŸ˜¤	guul, guuleysi, waji, waji sanka qiiqaayo
ğŸ˜¡	caro, gaduud, waali, waji, waji xanaaq leh, xanaaq
ğŸ˜ 	waali, waji, waji careysan, xanaaq
ğŸ¤¬	dhaaranaaya, waji afka calaamada ku leh
ğŸ˜ˆ	dhoolo cadeyn, geeso, khayaali, sheeko been ah, waji, waji dhool cadeynaayo geeso leh, waji dhoolo cadeynaayo geeso leh
ğŸ‘¿	jinni, khayaali, shayddaan, waji, waji xanaaqsan geeso leh
ğŸ’€	dhimasho, laf madaxa, sheeko been ah, waji, xayawaan
â˜ ï¸	dhimasho, iskutallabta, laf madaxa, laf madaxa iyo iskutallabta, shayddaan, waji
ğŸ’©	dhabcaan, raso saxaro ah, riix, saxaro, shayddaan, waji
ğŸ¤¡	shactiro, waji, waji qosol leh
ğŸ‘¹	dad cun, khayaali, noole, shayddaan, sheeko been, waji
ğŸ‘º	khayaali, noole, noole foolxun, shayddaan, sheeko been, waji
ğŸ‘»	khayaali, noole, reer-aakhiraad, shayddaan, sheeko been, waji
ğŸ‘½ï¸	dahsoon, ka baxsan, khayaali, noole, shisheeye, waji
ğŸ‘¾	dahsoon, ka baxsan, noole, shayddaan, shayddaan shisheeye ah, shisheeye, waji
ğŸ¤–	mashiin, shaddaan, waji
ğŸ˜º	af, bisad, bisad baâ€™an, dhoolo cadeyn, fur, gariir, waji
ğŸ˜¸	bisad, bisad gariireyso indha dhoolo cadeyneysa, dhoolo cadeyn, gariir, il, waji
ğŸ˜¹	bisad, bisad illin faraxded leh, face, farxad, jeexid
ğŸ˜»	bisad, bisad dhoolo cadeyneysa qalbi leh, dhoolo cadeyn, il, jaceyl, wadno, waji
ğŸ˜¼	bisad, bisad kaftan dhoolo cadeyn leh, dhoolo cadeyn, kaftan, kajan, waji
ğŸ˜½	bisad, bisad shuminayso, il, shumis, waji
ğŸ™€	baqdin, bisad, bisad baqdin leh, la yaab, waji
ğŸ˜¿	bisad, bisad ooyneeysa, ilin, murugo, oohin, waji
ğŸ˜¾	bisad, bisad xanaaqsan, waji, xanaaqsan
ğŸ™ˆ	aan arkeyn daanyeer xun, aan-arkeyn-daanyeer xun, aragti, daanyeer, la mamnucay, waji, xumaan
ğŸ™‰	aan-maqaleyn-daanyeer xun, aan-maqleynin-daanyeer xun, la mamnuucay, maqal, waji, xumaan
ğŸ™Š	aan la hadleynin daanyeer xun, aan-la-hadleynin daanyeer xun, daanyeer, hadal, la mamnuucay, waji, xumaan
ğŸ’‹	bishimo, calaamadda dhunkashada, dhunkasho
ğŸ’Œ	boosto, jaceyl, wadno, warqad, warqad jaceyl
ğŸ’˜	calaamad qof qaawan, fallaar, wadno leh fallaar
ğŸ’	maalinta Valentine, wadno lagu xiray maro, wadno mara lagu xiray, xabo
ğŸ’–	dhalaal, farxad, wadno dhalaalaayo
ğŸ’—	farxad, garaaca wadnaha, kobcis, naxsan, wadno kobcayo, wadno kubcayo
ğŸ’“	garaacis, jahwareer, wadno garaac, wadno garaacaayo
ğŸ’	wadno warwareegaayo, wareeg
ğŸ’•	jaceyl, laba wadno, labo wadno
ğŸ’Ÿ	qurxinta wadnaha, wadno
â£ï¸	amkaag, astaameyn, calaamad, calaamad ujeedka wadnaha, claamad ujeedka wadnaha
ğŸ’”	jabay, jabis, wadno jaban
â¤â€ğŸ”¥	gubasho, jacayl, lahasho, wadne, wadne ololaya, wadne xurmaysan
â¤â€ğŸ©¹	caafimad qaba, fiican, karan, soo boqsanaya, soo kabanaya, wadne dhaawacan
â¤ï¸	wadno, wadno cas
ğŸ§¡	oranji, wadno oranji ah
ğŸ’›	jaalle, wadno jaalle ah
ğŸ’š	cagaar, wadno cagaaran
ğŸ’™	buluug, wadno buluug ah
ğŸ’œ	buluug-guduud, wadno midab buluug-guuud ah, wadno midab-buluug-guddud ah
ğŸ¤	bunni, wadne, wadne bunni ah
ğŸ–¤	madoow, wadno madoow, xumaan, xun
ğŸ¤	cad, wadne, wadne cad (cabsi og)
ğŸ’¯	boqol, boqol dhibco, boqol dhico, buuxo, dhibcaha
ğŸ’¢	calaadda xanaaqa, calaamadda xanaaqa, majaajileeye, xanaaq
ğŸ’¥	calaamadda qaraxa, isku dhac, isku dhicis, majaajilleeye
ğŸ’«	majaajileeye, wareer, xiddig
ğŸ’¦	dhibco dhidid, dhibco dhidid ah, dhidid, majaajileeye, sayrin
ğŸ’¨	majaajileeye, ordaayo, tagaayo, tagid
ğŸ•³ï¸	god
ğŸ’£ï¸	bam, majaajileeye
ğŸ’¬	balluun, balluun hadal, hadal, majaajileeye, wada hadal, xumbo
ğŸ‘â€ğŸ—¨	il, il xumbo hadal ku leh, marqaati, xumbo hadal
ğŸ—¨ï¸	wada hadal, xumbo hadal bidix
ğŸ—¯ï¸	baaluun, waali, xanaaq, xanaaqa xumbo midig, xumbo
ğŸ’­	baalluunta fakarka, baaxumbo, fakarka, lbaaluun, majaajileeye
ğŸ’¤	hurdo, majaajileeye, zzz calaamadda hurdada, zzz- calaamadda hurdada
ğŸ‘‹	gacan, gacan haadin, haadi, haadinayaa
ğŸ¤š	gacanta gadaal, kor u qaaday gacanta gadaal, kor u qaadid
ğŸ–ï¸	far, gacan, gacan iyo faraha ayaa lagu fidiyay
âœ‹	gacan, gacan kor loo qaaday, gacan kor loo qaday
ğŸ––	fara salaan, gacan, isku-dhaf, salaan sharaf, sharaf
ğŸ«±	Gacanta, Midig, dhinaca gacanta midig, dhinaca midig
ğŸ«²	bidix, dhinaca bidix, dhinaca gacanta bidix, gacan
ğŸ«³	baabacada gacanta hoose, iska daa, iska dhaaaf, tuur
ğŸ«´	Baabacada kore, imaw, q abo, sii, tusaalee
ğŸ‘Œ	gacan, gacanta saxda ah, sax
ğŸ¤Œ	faraha, faro la isku wada duubay, jees jees ah, qanjaruufo, suâ€™aalo weydiin, tilmaanta gacanta
ğŸ¤	qaddar yar, qanjaruufo
âœŒï¸	gacanta, gacanta guusha, guusha, v
ğŸ¤	Alla bari, faraha gudban, faraha gudban; Alla bari, faraha isdhaafay, farta, gacanta, iskutallaab, nasiib
ğŸ«°	dhaqso, gacanta farta caarada iyo suulka la dhaafay, jacayl, lacag, qaali, qalbi
ğŸ¤Ÿ	WKJ, gacan, meedaarta waan ku jecelahay, meedaarta waan ku jecelahay ah
ğŸ¤˜	calaamadda geesaha, far, gacan, geesaha, qirid
ğŸ¤™	gacan, gacanta ah isoo wac, isoo wac, wac
ğŸ‘ˆï¸	Gacan tilmaamaysa bidix, dhibic, farta, gacanta, gadaal, tilmaame gadaal u jeeda bidix, tusmada
ğŸ‘‰ï¸	dhibic, farta, gacan tilmaamaysa midig, gacanta, gacanta gadaal, tusaha gadaal u jeeda oo tilmaamaya midig, tusmada
ğŸ‘†ï¸	dhibic, farta, gacan tilmaamaysa kor, gacanta, gadaal gacanta, kor, tilmaame gadaal u jeeda oo tilmaamaya
ğŸ–•	far, farta dhexe, gacan
ğŸ‘‡ï¸	dhibic, farta, gacan tilmaamaysa hoos, gacanta, gadaal gacanta, hoos, tilmaame gadaal u jeeda hoos u tilmaamaya
â˜ï¸	far, farta muujinta tilmaamaysa kor, gacan, kor, muujinta, muujinta tilmaamaysa kor, tilmaam
ğŸ«µ	adiga, tilmaam, tusmo tilmaame daawadaha
ğŸ‘ï¸	+1, gacan, kor, suul, suulka kor
ğŸ‘ï¸	-1, gacan, hoos, suul, suulka hoos
âœŠ	feer tuur, gacan, kor u qaadid tantoonyo, kor u qaadid tantoonyo (feer), tantoonyo, xannibay
ğŸ‘Š	feer soo socoto, feer tuuris, gacan, tantoonyo, tantoonyo soo socota, xanniban
ğŸ¤›	dhanka bidix, feerka, feerka tilmaamaya bidix, feerka tilmaamaysa bidix
ğŸ¤œ	dhanka midig, feerka, feerka tilmaamaya midig
ğŸ‘	gacan, sacab, sacabinta gacmaha
ğŸ™Œ	baraawo, dabbaaldeg, gacan, gacmo kor u taagid, kor u taagid, meedaar
ğŸ«¶	gacanta qalbiga, jacayl
ğŸ‘	furan, gacan, gacmo furan
ğŸ¤²	calaacalaha si wadajir ah kor loo taaggo, calaacalaha si wadajir ah kor loogu taaggo, duco
ğŸ¤	gacan, gacan-qaadka salaanta, heshiiska, kulan, salan
ğŸ™	duco, fadlan, gacan, gacmo laaban, mahadsanid, weydiin
âœï¸	gacan, gacan wax qoraysa, qor
ğŸ’…	ciddi, daryeel, dhalaalinta, dhalaalinta ciddiyaha, qurxinta, qurxinta ciddiyaha
ğŸ¤³	kamarad, sawir iska-qaadis, taleefoon
ğŸ’ª	kalagoyska suxulka, kalagoyska suxulka laaban, laab, majaajilada, muruq, suxulka oo laaban
ğŸ¦¾	awood leh, gacan mashiin ah, lug bir galis ah
ğŸ¦¿	la heli karo, lug bir galis ah, lug mashiin ah
ğŸ¦µ	addinka, laad, lug
ğŸ¦¶	cagta, laad, tallaabo xooggan
ğŸ‘‚ï¸	dhagta, jirka
ğŸ¦»	dhag leh gargaarka maqalka, la heli karo, maqalka adag
ğŸ‘ƒ	jirka, sanka
ğŸ§ 	caqli badan, maskax, maskaxda
ğŸ«€	cilmiga wadnaha, garaaca, garaaca wadnaha, qaab dhismeedka, wadnaha, xubin
ğŸ«	neef qaadasho, neef turiitaanka, neefsasho, sambabka, sambabo, xubin
ğŸ¦·	dhakhtarka ilkaha, ilig
ğŸ¦´	laf, qalfoof
ğŸ‘€	il, indhaha, waji
ğŸ‘ï¸	il, jir
ğŸ‘…	carab, jir
ğŸ‘„	af, bishimo
ğŸ«¦	cabsi, faruurta qaniinaya, raaxo laâ€™aan, walaacsan, walwalsan, xodxodasho
ğŸ‘¶	cunug, yar
ğŸ§’	dhexdhexaadnimada jinsiga, ilmo, jinsiga aan la sheegin, yar
ğŸ‘¦	wiil, yar
ğŸ‘§	gabar, waalidka, yar, zodiac
ğŸ§‘	dhexdhexaadnimada jinsiga, jinsiga aan la sheegin, qof, qof weyn
ğŸ‘±	qof timo cad leh, qof: timo cad, timo, timo cad
ğŸ‘¨	nin, ninka, qof weyn
ğŸ§”	gar, nin, nin: gar, qof
ğŸ§”â€â™‚	gadh, nin, nin: gadh
ğŸ‘±â€â™‚	nin, nin timo cad, nin: timo cad, timo, timo cad
ğŸ‘©	naag, qof weyn
ğŸ§”â€â™€	gabadh, gabadh: gadh, gadh
ğŸ‘±â€â™€	naag, naag timo cad, naag: timo cad, timo, timo cad
ğŸ§“	dhexdehexaadnimada jinsiga, jansiga aan la sheegin, qof weyn, weyn
ğŸ‘´	nin, nin daâ€™ weyn, qof weyn, weyn
ğŸ‘µ	daâ€™ weyn, naag, naag weyn, qof weyn
ğŸ™	qof wajiga kaduudaya, waji kaduudid
ğŸ™â€â™‚	meedaar, nin, nin wajiga kaduudaya, waji kaduudidda
ğŸ™â€â™€	meedaar, naag, naag wajiga kaduudaya, waji kaduudidda
ğŸ™	bushin qaniinidda, meedaar, qof bushinta qaniinaya
ğŸ™â€â™‚	bushin qaniinidda, meedaar, nin, nin bushinta qaniinaya
ğŸ™â€â™€	bushin qaniinidda, meedaar, naag, naag bushinta qaniinaysa
ğŸ™…	gacan, mamnuuc, meedaar, qof ku meedaaraya MAYA, reebban
ğŸ™…â€â™‚	gacan, mamnuuc, meedaar, nin ku meedaaraya MAYA, qof ku meedaaraya MAYA, reebban
ğŸ™…â€â™€	gacan, mamnuuc, meedaar, naag, naag ku meedaaraysa MAYA, reebban
ğŸ™†	HAA, gacan, meedaar, naag ku meedaaraysa HAA, qof ku meedaaraya HAA
ğŸ™†â€â™‚	gacan, meedaar, nin, nin ku meedaaraya HAA
ğŸ™†â€â™€	gacan } HAA, haweeney ku meedaaraysa MAYA, meedaar, naag, naag ku meedaaraysa HAA
ğŸ’	bixinaya, caawin, daacad ah, gacan, qof warbixin bixinaya, warbixin
ğŸ’â€â™‚	daacad, nin, nin war bixinaya, nin warbixin bixinaya, warbixin bixin
ğŸ’â€â™€	daacad, naag, naag warbixin bixinaysa, warbixin bixin
ğŸ™‹	farxad, gacan, meedaar, qof gacan taagaya, qof gcan taagaya, taagay
ğŸ™‹â€â™‚	gacan taagid, meedaar, nin, nin gacan taagaya, nin gcan taagaya
ğŸ™‹â€â™€	gacan taagid, meedaar, naag, naag gacan taagaysa
ğŸ§	awood u yeelid, dhag, dhagoole, maqal, qof dhagoole ah
ğŸ§â€â™‚	dhagoole, nin, nin dhagoole ah
ğŸ§â€â™€	dhagoole, naag, naag dhagoole ah
ğŸ™‡	ka xummaansho, meedaar, qof fooraraya, raaligalin, waji foorarin
ğŸ™‡â€â™‚	ka xummaansho, meedaar, nin, nin fooraraya, raaligalin, roonaan, waji foorarin
ğŸ™‡â€â™€	ka xummaansho, madax foorarin, meedaar, naag, naag fooraraysa, raaligalin, roonaan
ğŸ¤¦	aammin darro, calaacal, caro, qof calaacal waji saaranaya, qof waji calaacal saaranaya, waji
ğŸ¤¦â€â™‚	aammin darro, calaacal waji saaris, caro, nin calaacal waji saaranaya
ğŸ¤¦â€â™€	aammin darro, calaal waji saar, caro, naag, naag calaacal waji saaranaysa
ğŸ¤·	aan danaynayn, garba-ruxida, jaahilnimo, qof garba-ruxaya, shaki
ğŸ¤·â€â™‚	aan danaynayn, garba-ruxid, jaahilnimo, nin, nin garba-ruxaya, shaki
ğŸ¤·â€â™€	aan danaynayn, garba-ruxid, jaahilnimo, naag, naag garba-ruxaysa, shaki
ğŸ§‘â€âš•	dhaqtar, shaqaale caafimaad, daryeel caafimaad, kalkaaliso, daweeyaha, shaqaale caafimaad
ğŸ‘¨â€âš•	daryeel caafimaad, daweeye, dhakhtar, kalkaaliye, nin, nin shaqaale caafimaad ah
ğŸ‘©â€âš•	daryeel caafimaad, daweeye, dhakhtar, kalkaaliso, naag, naag shaqaale caafimaad ah
ğŸ§‘â€ğŸ“	Arday, arday, qalin jabiye
ğŸ‘¨â€ğŸ“	arday, nin, nin arday ah, qallinjabin
ğŸ‘©â€ğŸ“	arday, naag, naag ardayad ah, qallinjabin
ğŸ§‘â€ğŸ«	bare, macallin
ğŸ‘¨â€ğŸ«	barafasoor, hagge, macallin, nin, nin macallin ah
ğŸ‘©â€ğŸ«	barafasoor, hagge, macallin, naag, naag macallimad ah
ğŸ§‘â€âš–	qaalli, qaalli, miisaanka
ğŸ‘¨â€âš–	caddaalad, miisaan, nin, nin garsoore ah
ğŸ‘©â€âš–	garsoore, miisaanka, naag, naag garsoore ah
ğŸ§‘â€ğŸŒ¾	Beeraley, beeraley. beer ilaaliye, waardiye
ğŸ‘¨â€ğŸŒ¾	beer-qote, beeraleey, beerinfoof, nin, nin beeraleey ah
ğŸ‘©â€ğŸŒ¾	beer-qote, beeraleey, beerinfoof, naag, naag beeraleeyad ah
ğŸ§‘â€ğŸ³	cunno kariye, madaxa sare, cunno kariye
ğŸ‘¨â€ğŸ³	kariye, madaxa kariyaha, nin, nin kariye ah
ğŸ‘©â€ğŸ³	kariye, madaxa kariyaha, naag, naag kariso ah
ğŸ§‘â€ğŸ”§	makaanik, tuubeeyste
ğŸ‘¨â€ğŸ”§	dhuumo yaqaan, ganacsade, koronto yaqaan, makaanik, nin, nin makaanik ah
ğŸ‘©â€ğŸ”§	dhuumo yaqaan, ganacsade, koronto yaqaan, makaanik, naag, naag makaanikad ah
ğŸ§‘â€ğŸ­	kulan laysku ururay, shaqaale warshadeed
ğŸ‘¨â€ğŸ­	isugeynta, nin, nin shaqaale warshad ah, shaqaale, warshad, warshad ah
ğŸ‘©â€ğŸ­	isugeynta, naag, naag shaqaale warshad ah, shaqaale, warshad, warshad ah
ğŸ§‘â€ğŸ’¼	ajitekjar, ganacsi, maamule, shaqaale xafiis, white-collar, shaqaale xafiis
ğŸ‘¨â€ğŸ’¼	ganacsi, maamule, muhindis dhismo, nin, nin shaqaale xafiis ah, shaqo xafiiseed
ğŸ‘©â€ğŸ’¼	ganacsi, maamule, muhindiska dhismaha, naag, naag shaqaale xafiis ah, naag xafiis ka shaqaysa, shaqo xafiis
ğŸ§‘â€ğŸ”¬	biyolojisti, kimistyahan, injineer, fisikyahan, saynisyahan, saynisyahan
ğŸ‘¨â€ğŸ”¬	cilmiga nafleeyda barta, farmashiiste, injineer, khabiirka cilmiga sayniska, khabiirka fiisikiska, nin, qabiir saynisyahan ah, saynisyahan
ğŸ‘©â€ğŸ”¬	cilmiga nafleeyda barta, farmashiiste, haweeney cilmi sayniska taqaan, injineer, khabiirka cilmiga sayniska, khabiirka fiisikiska, naag
ğŸ§‘â€ğŸ’»	Tiknoolajiste, koodhar, horumariye, soo saare, softwaayar, tiknoolajiste
ğŸ‘¨â€ğŸ’»	Injineer, hindise, injineer, naag, nin tiknoolijiste ah, soo saare, sooftawee, tinkoolijiste
ğŸ‘©â€ğŸ’»	hindise, injineer, naag, naag tiknoolijisate ah, soo saare, sooftawee, tiknoolijiste
ğŸ§‘â€ğŸ¤	heesaa, jillaa, madadaaliye, rook, heesaa, xidig
ğŸ‘¨â€ğŸ¤	atoore, fannaan, maddadaaleeye, nin, nin fannaan ah, xiddig, xiddig heesaa
ğŸ‘©â€ğŸ¤	atoore, fannaan, maddadaaleeye, naag, naag fannaanad ah, xiddig, xiddig heesaa
ğŸ§‘â€ğŸ¨	fanaan, fanaan, laxan
ğŸ‘¨â€ğŸ¨	farsama yaqaan, nin, nin farsama yaqaan ah, qalab farsamo
ğŸ‘©â€ğŸ¨	farsama yaqaan, naag, naag farsama yaqaan ah, qalab farsamo
ğŸ§‘â€âœˆ	darawal dayuurad, darawal dayuurad, dayuurad
ğŸ‘¨â€âœˆ	diyaarad, duuliye, nin, nin duuliye ah
ğŸ‘©â€âœˆ	diyaarad, duuliye, naag, naag duuliye ah
ğŸ§‘â€ğŸš€	dayax u safre, gantaal
ğŸ‘¨â€ğŸš€	cir bixiyeen, gantaal, nin, nin cirbixiyeen ah
ğŸ‘©â€ğŸš€	cir bixiyeen, gantaal, naag, naag cir bixiyeenad ah
ğŸ§‘â€ğŸš’	dab damis, taraaga dabka
ğŸ‘¨â€ğŸš’	dab-demis, gaariga dab-demiska, nin, ninka dab-demiska ah
ğŸ‘©â€ğŸš’	dab-demis, gaariga dab-demiska, naag, naag dab-demis ah
ğŸ‘®	booliska, sarkaal, sarkaal boolis
ğŸ‘®â€â™‚	booliska, nin, nin sarkaal boolis ah, sarkaal, sarkaal boolis
ğŸ‘®â€â™€	booliska, haweeney sarkaal boolis ah, naag, sarkaal, sarkaal boolis ah
ğŸ•µï¸	dambi-baare, dambi-baare gaar ah, jaajuus
ğŸ•µâ€â™‚	dambi-baare, dambi-baare gaar ah, jaajuus, nin, nin dambi-baare ah
ğŸ•µâ€â™€	dambi-baar gaar ah, dambi-baare, jaajuus, naag, naag dambi-baarto ah
ğŸ’‚	ilaaliye
ğŸ’‚â€â™‚	ilaaliye, nin, nin illaaliye ah
ğŸ’‚â€â™€	haweeney, haweeney ilaaliye ah, ilaaliye
ğŸ¥·	dagaalyahan, ninja, qarsoon, sir ah
ğŸ‘·	dhismo, koofiyad, shaqaale, shaqaale dhismo
ğŸ‘·â€â™‚	dhismo, nin, nin shaqaale dhismo ah, shaqaale
ğŸ‘·â€â™€	dhismo, naag, naag shaqaale dhismo ah, shaqaale
ğŸ«…	boqortooyada, gob, qof leh taaj, xukun
ğŸ¤´	boqor
ğŸ‘¸	boqorad, khiyaali, sheeko cirfiid
ğŸ‘³	cammaamad, qof cammaamad xiran, qof xiran cammaamad
ğŸ‘³â€â™‚	cammaamad, nin, nin cammaamad xiran
ğŸ‘³â€â™€	cammaamad, naag, naag cammaamad xiran
ğŸ‘²	koofiyad, koofiyadda lafta madaxa, nin, nin xiran koofiyadda shiinaha
ğŸ§•	juuniyad, masar, naag xiran qammaar, qammaar, xijaab
ğŸ¤µ	caruus, nin, nin xiran suudka rasmiga, nin xiran suudka rasmiga ah, suudka rasmiga ah
ğŸ¤µâ€â™‚	nin, nin xidhan suut ka rasmiga ah, nin xidhan suutka rasmiga ah, suut
ğŸ¤µâ€â™€	gabadh, gabadh suut xidhan, gabadh xidhan suut, suut
ğŸ‘°	aroos, caruusad, niqaam, shaqsi, shaqsi niqaaban, shaqsi niqaam xidhan
ğŸ‘°â€â™‚	nin, nin niqaaban, nin niqaamaban, niqaab\
ğŸ‘°â€â™€	gabadh, gabadh niqaaban, naag niqaaban, niqaab
ğŸ¤°	haweeney, haweeney uur leh, uur leh
ğŸ«ƒ	bararsan, buuxa, caloosha, nin uur leh, uur leedahay
ğŸ«„	bararsan, buuxa, caloosha, qof uur leh, uur leedahay
ğŸ¤±	canug, naas, naas-nuujin, xannaanaynta
ğŸ‘©â€ğŸ¼	canug, quudin, kalkaalin,naag, naag canug quudineeysa
ğŸ‘¨â€ğŸ¼	canug, quudin, nin, kalkaalin, nin canug quudinaya
ğŸ§‘â€ğŸ¼	canug, kalkaalin, qof, qof canug quudinaya, qof quudinaya canug, quudin
ğŸ‘¼	canug, khiyaali, malaaâ€™ig, malaaâ€™igta caruurta, sheeko cirfiid, waji
ğŸ…	Aabaha Ciidda Masiixigga, Aabaha ciidda Masiixigga, Alla ka cabsi, Ciidda Masiixigga, aabaha farxdda, aabe, dabbaaldeg
ğŸ¤¶	Alla ka cabsi, Marwada Masiixigga, Marwo, ciidda masiixigga, dabbaaldeg, hooyo
ğŸ§‘â€ğŸ„	Claus, ciida masiixiga, mx claus
ğŸ¦¸	awood sareeysa, geesi, geesiyad, halyeey ah, wanaagsan
ğŸ¦¸â€â™‚	awood sareeysa, geesi, nin, nin halyeey ah, wanaagsan
ğŸ¦¸â€â™€	awood sareeysa, geesi, geesiyad, haweeney, haweeney geesinnimadeedu sareeyso, wanagsan
ğŸ¦¹	awood sareeysa, dambiile, qof sheyddaankiisu sareeyo, sheyddaan ah, xun
ğŸ¦¹â€â™‚	awood sareeysa, dambiile, nin, nin sheyddaannimadiisu sareeyso, nin sheyddannimadiisu sareeyso, qof sheyddaan ah, xun
ğŸ¦¹â€â™€	awood sareeysa, dambiile, haweeney, haweeney shayddaannimadeedu sareeyso, qof sheyddaan ah, xun
ğŸ§™	naag saaxirad, saaxir, saaxirad, sixir yaqaan, sixiroole, xirfadda sixirka
ğŸ§™â€â™‚	nin xirfad u leh sixirka, saaxir, saaxirad
ğŸ§™â€â™€	naag saaxirad, naag xirfad u leh sixirka, saaxirad
ğŸ§š	boqorka quruxda, naag qurux badan, qurux badan
ğŸ§šâ€â™‚	nin qurux badan
ğŸ§šâ€â™€	naag qurux badan, qurux badan
ğŸ§›	aan dhiman, cirfiid, nin reer-aakhiraad dhiig cab ah, reer-aakhiraad dhiig cab ah
ğŸ§›â€â™‚	aan dhiman, cirfiid, nin reer-aakhiraad dhiig cab ah
ğŸ§›â€â™€	aan dhimanayn, naag reer-aakhiraad dhiig cab ah
ğŸ§œ	gabareey-maanyo, haweeney cajiib ah, qof cajiib ah, wiilo-maanyo
ğŸ§œâ€â™‚	ninka gabareey-maanyada, wiilo-maanyo
ğŸ§œâ€â™€	gabareey-maanyo, gabreey-maanyo, haweeney cajiib ah
ğŸ§	ruuxaan, sixir ah
ğŸ§â€â™‚	ruuxaanta ragga, sixir ah
ğŸ§â€â™€	ruuxaanta haweenka, sixir ah
ğŸ§	jinka, sixirka jinka
ğŸ§â€â™‚	jinka, jinka ragga
ğŸ§â€â™€	jinka, jinka haweenka
ğŸ§Ÿ	aan dhiman, mayd socda, qof dhintay soo noolaaday
ğŸ§Ÿâ€â™‚	aan dhiman, mayd socda, nin dhintay oo soo noolaaday, nin dhintay soo laabtay
ğŸ§Ÿâ€â™€	aan dhiman, haweeney dhimatay soo laabatay, haweeney dhimatay soo noolaatay, mayd socda
ğŸ§Œ	bahal, foolxun, khayaali, sheeko xariir
ğŸ’†	birkuyeeri, duugis, qof loo duugayo, waji
ğŸ’†â€â™‚	duugis, nin, nin loo duugayo, waji
ğŸ’†â€â™€	duugis, haweeneey loo duugayo, haweeney, haweeney loo duugayo, waji
ğŸ’‡	birkuyeeri, qof timaha loo jarayo, quruxda, timo-jar, timo-jare
ğŸ’‡â€â™‚	nin, nin timaha loo jarayo, timo-jar
ğŸ’‡â€â™€	haweeney, haweeney timaha loo jarayo, timo-jar
ğŸš¶	qof soconaya, socod, socod dheer, socodka
ğŸš¶â€â™‚	nin, nin soconaya, socod, socod dheer
ğŸš¶â€â™€	haweeney soconaysa, naag, naag socota, socod, socod dheer
ğŸ§	istaag, qof taaggan, taaggan
ğŸ§â€â™‚	nin, nin taaggan, taaggan
ğŸ§â€â™€	naag, naag taaggan, taaggan
ğŸ§	jilba dhiganaya, jilba dhigo, qof jilbaha dhiganaya
ğŸ§â€â™‚	jilba dhiganaya, nin, nin jilba dhiganaya
ğŸ§â€â™€	jilba dhiganayasa, naag, naag jilba dhiganaysa
ğŸ§‘â€ğŸ¦¯	indhoole, marin u helid, qof wata bakoorad cas
ğŸ‘¨â€ğŸ¦¯	awood u yeelid, indhoole, nin, nin sita usha cad indhoolaha
ğŸ‘©â€ğŸ¦¯	awood u yeelid, indhoole, naag, naag sidata usha cad indhoolaha
ğŸ§‘â€ğŸ¦¼	awoood u yeelid, qof kufadhiya gaari matoor leh, qof saaran gaari matoor leh/ gaari curyaan
ğŸ‘¨â€ğŸ¦¼	awood u yeelid, kursi curyaan, nin, nin saaran kursi curyaan matoor leh, nin saaran kursiga curyanka koronto ku shaqeeya
ğŸ‘©â€ğŸ¦¼	awood u yeelid, gabadh saaran kursi curyaan matoor leh, kursiga curyaanka, naag, naag ku fadhida kursiga curyaanka koronta ku shaqeeya
ğŸ§‘â€ğŸ¦½	awood u yeelid, gaari curyaan, qof ku fadhiya gaari curyaanka gacanta, qof ku fadhiya gaari curyaanka gacanta qof ku fadhiya gaari curyaanka gacantaqof ku fadhiya gaari curyaanka gacanta
ğŸ‘¨â€ğŸ¦½	awood u yeelid, kursiga curyaanka, nin, nin saaran kursiga curyaanka macmac ah
ğŸ‘©â€ğŸ¦½	awood u yeelid, kursiga curyaanka, naag, naag fadhida kursiga curyaanka macmal ah
ğŸƒ	maratoon, orodka, qof ordaya
ğŸƒâ€â™‚	maratoon, nin, nin ordaya, orodka, tartan orod
ğŸƒâ€â™€	maratoon, naag, naag ordaysa, orod, tartan orod
ğŸ’ƒ	naag, naag qoob-ka-cayaaraysa, qoob-ka-cayaaridda
ğŸ•º	nin qoob-ka-cayaaraya, qoob-ka-cayaaridda
ğŸ•´ï¸	ganacsi, nin suud xiran oo milicsanaya, suud
ğŸ‘¯	dad leh dhaggo bakayle, dhag bakayle, qoob-ka- cayaare, xafladaynta
ğŸ‘¯â€â™‚	dhag bakayle, qoob-ka-cayaare, rag, rag leh dhaggo bakayle, xafladaynta
ğŸ‘¯â€â™€	dhag bakayle, naag leh dhaggo bakayle, qoob-ka-cayaare, xafladeeye
ğŸ§–	qof ku jira qol uummi ah, qol hawo kulayl leh, qolka uummigga
ğŸ§–â€â™‚	nin ku jira qol uummi ah, qol hawo kulul leh, qolka uummigga
ğŸ§–â€â™€	naag ku jirta qol uummi ah, qolka hawada kulul, qolka uummigga
ğŸ§—	fuule, qof meel fuulaya
ğŸ§—â€â™‚	fuule, nin meel fuulaya
ğŸ§—â€â™€	fuule, naag meel fuulaysa
ğŸ¤º	qof ku loolamaya seef, qof ku loollamaya seef, seef ku loollame, seef ku loollamid, seefta
ğŸ‡	faras, farddo wade, tartan fardood, tartan fardoodka, tartanka
â›·ï¸	alwaax baraf kula socod, baraf, qof alwaaxa barafka kula socda, qofka alwaax baraf kula socda
ğŸ‚ï¸	alwaax kula socod baraf, alwaaxa barafka, baraf, qofka alwaaxa barafka kula socda, qofka yaqaano alwaax baraf kula socosahada
ğŸŒï¸	goolof, kubad, qof cayaaraya goolof
ğŸŒâ€â™‚	goolof, nin, nin cayaaraya goolof
ğŸŒâ€â™€	goolof, naag, naag cayaaraysa goolof
ğŸ„ï¸	kula socoshada alwaaxa hirka biyaha, qof alwaaxa hirka biyaha kula soconaya
ğŸ„â€â™‚	kula socoshada alwaaxa hirka biyaha, nin, nin alwaaxa hirka biyaha kula soconaya
ğŸ„â€â™€	kula socoshada alwaaxa hirka biyaha, naag, naag alwaaxa hirka biyaha kula soconaysa
ğŸš£	doon, huuri, qof doon wada
ğŸš£â€â™‚	doon, huuri, nin, nin doon wada
ğŸš£â€â™€	doon, huuri, naag, naag doon wadda
ğŸŠï¸	dabaalo, qof dabaalanaya
ğŸŠâ€â™‚	dabaalo, nin, nin dabaalanaya
ğŸŠâ€â™€	dabaal, naag, naag dabaalanaysa
â›¹ï¸	kubad, qof cayaaraya kubadda boodda
â›¹â€â™‚	kubad, nin, nin cayaaraya kubadda boodda
â›¹â€â™€	kubad, naag, naag cayaaraysa kubadda boodda
ğŸ‹ï¸	culeyska, qaade, qof qaadaya culeyska
ğŸ‹â€â™‚	culeys qaade, nin, nin qaadaya culeyska
ğŸ‹â€â™€	culeys qaade, naag, naag qaadaysa culeyska
ğŸš´	baaskiil wade, baaskiil wadista, baaskiilka, qof baaskiil wada
ğŸš´â€â™‚	baaskiil, baaskiil wade, nin, nin baaskiil wada, wadista baaskiilka
ğŸš´â€â™€	baaskiil, baaskiil wade, baaskiil wadista, naag, naag baaskiil wadda
ğŸšµ	baaskiil, baaskiil wade, buur, jecel baaskiil wadista, qof baaskiil buur ku wada, qof buur baaskiil ku wada, wadista baaskiilka
ğŸšµâ€â™‚	baaskiil, baaskiil wade, buur, nin, nin baaskiil buur ku wada, wadista baaskiilka
ğŸšµâ€â™€	baaskiil, baaskiil wade, buur, naag, naag baaskiil buur ku wadda, wadaya baaskiil, wadista baaskiilka
ğŸ¤¸	jimicsi, jimicsiga gacma saarka, qof samayanaya jimicsiga gacma saarka, qof samaynaya jimicsiga gacma saarka
ğŸ¤¸â€â™‚	jimicsi, jimicsiga gacmasaarka, nin, nin jimicsiga gacma saarka samaynaya
ğŸ¤¸â€â™€	gaari gacan, jimicsi, naag, naag jimicsanaysa
ğŸ¤¼	dad lagdamaya, lagdame, lagdin
ğŸ¤¼â€â™‚	lagdin, rag, rag lagdamaya
ğŸ¤¼â€â™€	lagdin, naag, naaga lagdamaya, naago lagdamaya
ğŸ¤½	biyo, kubad, qof cayaaraya kubadda biyaha
ğŸ¤½â€â™‚	kubadda biyaha, nin, nin cayaaraya kubadda biyaha
ğŸ¤½â€â™€	kubadda biyaha, naag, naag cayaaraysa kubadda biyaha
ğŸ¤¾	kubad, kubadda gacanta, qof cayaaraya kubadda gacanta
ğŸ¤¾â€â™‚	kubadda gacanta, nin, nin cayaaraya kubadda gacanta
ğŸ¤¾â€â™€	kubadda gacanta, naag, naag cayaaraysa kubadda gacanta
ğŸ¤¹	dheelitirka, hawla badan fulinta, qof shaqo badan wada qabanaya, shaqo badan qabashada, xirfad
ğŸ¤¹â€â™‚	fulinta hawla badan, nin, nin hawla badan wada qabanaya, shaqo badan qabashada
ğŸ¤¹â€â™€	fulinta hawla badan isla hal mar, naag, naag hawla badan wada qabanaysa, shaqo badan wada qabasho
ğŸ§˜	milicsi, qof ku jira habka fadhiga luga is gudubka, qofka ku jira habka fadhiga luga is gudubka, xakamaynta neefta
ğŸ§˜â€â™‚	milicsi, nin ku jira fadhiga luga is gudubka, nin ku jira habka fadhiga luga is gudubka, xakamaynta neefta
ğŸ§˜â€â™€	haweeney ku jirta fadhiga luga is-gudubka, milicsi, naag u fadhida habka luga is-gudubka, xakamaynta neefta
ğŸ›€	qof qubeysanaya, qubeys, tuubo qubeys
ğŸ›Œ	hudheel, hurdo, qof sariir ku jira
ğŸ§‘â€ğŸ¤â€ğŸ§‘	dad gacmaha is haysta, gacan, is haysasho, is haysta gacmaha, lamaane, qof
ğŸ‘­	haween haysta is gacmaha, lammaane
ğŸ‘«	gacan, is haysta gacmaha, naag, naag iyo nin gacmaha is haysta, nin, qabasho, saaxiibo
ğŸ‘¬	Gemini, burji, gacmaha is haysta, laba nin oo gacmaha is haysta, lamaane, mataano, nin, rag, rag gacmaha is haysta
ğŸ’	lammaane, shumis
ğŸ’‘	Jaceyl, lammaane, lammaane is jecel
ğŸ‘ªï¸	Qooys, Qooys caruur ah
ğŸ—£ï¸	Madax hadlaya, farshaxan sawir mugdi ah, hadal, hadlaya, madax, waji
ğŸ‘¤	Farshaxan sawir xabad dumar ah, Sawir muuqaal dumar qaarka hore mugdi ah, farshaxan sawir oo mugdi ah, sawir muuqaal rag mugdi ah
ğŸ‘¥	Farshaxan sawir xabad dumar ah, Farshaxan sawir xabad dumar oo mugdi ah, farshaxan sawir oo mugdi ah, sawir muuqaal rag mugdi ah
ğŸ«‚	dad hab isi siinaya, hab siin, haloow, macsalaama, mahadsanid
ğŸ‘£	calaamad, dharka, raad, raadad
ğŸ¦°	madax cas, sinjibiil, timo cas
ğŸ¦±	timo adag, timo laalaada, timo walaaqan, walaaqan
ğŸ¦³	caddaan, gaboobay, sibidhi, timo, timo cad
ğŸ¦²	bidaar, bilaa timo, kimiko ku dawayn, xiiran
ğŸµ	daanyeer, waji, waji daanyeer
ğŸ’	daanyeer
ğŸ¦	goriilla
ğŸ¦§	daanyeer, danyeer weyn cas
ğŸ¶	dab-joog, eey, waji, waji eey
ğŸ•ï¸	dab-joog, eey
ğŸ¦®	eyga haggaha, hagge, indhoole, la heli karo
ğŸ•â€ğŸ¦º	adeeg, ey, eyga adeegga, gargaar, la heli karo
ğŸ©	dhogor, dhogorta, eey
ğŸº	waji, yeey
ğŸ¦Š	dawaco, waji
ğŸ¦	cajiib, dabacaddeeye, khiyaamo leh
ğŸ±	bisad, dab-joog, waji, waji bisad
ğŸˆï¸	bisad, dab-joog
ğŸˆâ€â¬›	bisadda madoow, bissad, madow, nasiib darro
ğŸ¦	hara, jodo, libaax, waji
ğŸ¯	shabeel, waji, waji shabeel
ğŸ…	shabeel
ğŸ†	haramacad
ğŸ´	faras, waji, waji faras
ğŸ	faras, faras wadid, faraska orodka, tartanka
ğŸ¦„	waji, xayawaan khuraafi ah
ğŸ¦“	dameer-farow, jiitin
ğŸ¦Œ	deero
ğŸ¦¬	dibi reer galbeed, dibiga yurub, lo gisi, raxan
ğŸ®	sac, waji, waji sac
ğŸ‚	baqay, dibbi, meecaad, urur
ğŸƒ	biyo, loâ€™ gisi, loâ€™ gisida biyaha
ğŸ„	loâ€™, sac
ğŸ·	doofaar, waji, waji doofaar
ğŸ–	beer, doofaar
ğŸ—	doofaar, khinsiir
ğŸ½	doofaar, san, san doofaar, waji
ğŸ	cutubka meecaad, ido, lab, laxo, wan
ğŸ‘	dheddig, ido, lax
ğŸ	cutubka meecaad, ri, riyo
ğŸª	geel, geela carabta, tuurta
ğŸ«	geel, geel laba tuure, geel laba-tuure, tuur
ğŸ¦™	dhoogorta, faraca geela, geel bakayle, geela alpaka
ğŸ¦’	dhibco, geri
ğŸ˜	maroodi
ğŸ¦£	Maroodiga weeyn, dabar goâ€™a, dhogor leh, fool dheer, maroodi, weyn
ğŸ¦	wiyil
ğŸ¦›	faraska yaxaaska, jeer
ğŸ­	waji, waji walasandheer, walasandheer
ğŸ	walasandheer
ğŸ€	jiir
ğŸ¹	dab-joog, jiir booge, waji
ğŸ°	bakayle, bakayle dhal, dab-joog, waji
ğŸ‡	bakayle, bakayle dhal, dab-joog
ğŸ¿ï¸	bushucle, bushucle boor, dabaggaale
ğŸ¦«	oorso yar oo xeeb kunool, war
ğŸ¦”	kashiito, xiddig-dhul
ğŸ¦‡	dhiigyacab, fiidmeer
ğŸ»	oorso, waji
ğŸ»â€â„	aktik, cadaan, oorso, oorso waqooyi
ğŸ¨	korow, oorso
ğŸ¼	ooroso madow, oorso madow, waji
ğŸ¦¥	caajis, tartiib, wahsi
ğŸ¦¦	ciyaara, kalluumaysiga, kalluunka casiirka
ğŸ¦¨	xayawaab qurmuun, xayawaan uuro leh
ğŸ¦˜	Awstaraaliya, bood, kangaaruu, kangaaruu yar
ğŸ¦¡	xoor, xoor malab
ğŸ¾	cag xayawaan, caggo, raad, raad xayawaan
ğŸ¦ƒ	diikh rumiin, shimbir
ğŸ”	diggaag, shimbir
ğŸ“	diiq, shimbir
ğŸ£	cunug, jiiw, jiiw dhalanay, jiiw dhalanaya, shimbir
ğŸ¤	cunug, cunug diggaag, jiiw, shimbir
ğŸ¥	cunug, cunug diggaag hor soo eegaya, cunugga diggaaga hor soo eegaya, jiiw, shimbir
ğŸ¦ï¸	shimbir
ğŸ§	shimbir, shimbir baraf
ğŸ•Šï¸	buubid, nabad, qoolleey, shimbir
ğŸ¦…	gorgor, shimbir
ğŸ¦†	muwaata, shimbir
ğŸ¦¢	booloboolo, cunug booloboolo, cunug muwaata, shimbir
ğŸ¦‰	caqli, guumays, shimbir
ğŸ¦¤	Mauritius, booloboolo, dabar goâ€™a, shimbir boolo, weyn
ğŸª¶	baalal, duulimaad, gooynta, shimbir
ğŸ¦©	dhaldhalaalaya, kulaylaha, qudunquuto
ğŸ¦š	birbirqaya, daaâ€™uus, dheddig dagiiran, shimbir
ğŸ¦œ	baqbaqaaq, hadal, shimbir, tuug
ğŸ¸	rah, waji
ğŸŠ	yaxaas
ğŸ¢	diin, qubo, qubo dhal ah
ğŸ¦	qoroto, xammaarato
ğŸ	abeeso, dhala, mactab meecaad, mas, sangaaba
ğŸ²	masduulaagi, sheeko quraafi, waji, waji masduulaagi
ğŸ‰	masduulaagi, sheeko quraafi
ğŸ¦•	dhaynasoorkii danbe, sauropod-ka
ğŸ¦–	lama yaqaano, waa wax la aqoon
ğŸ³	mataggaya, nibiri, nibiriga mataga, waji
ğŸ‹	nibiri
ğŸ¬	hoon-baro, sayn dabaal
ğŸ¦­	libaax badeed, shaabad
ğŸŸï¸	kalluun, kalluun kolonyo, mactab meecaad
ğŸ 	kalluun, kalluunka kulaylaha, kulaylaha
ğŸ¡	kalluun, kalluunka baaqa
ğŸ¦ˆ	kalluun, kalluun libaax
ğŸ™	farammugo
ğŸš	kor u wareegaya, xanjaleel, xanjaleel wareegaya
ğŸª¸	badweynta, dhagax badeed, dhagax dixeed
ğŸŒ	dixiri qolof leh
ğŸ¦‹	balanbaalis, cayayaan, qurux badan
ğŸ›	cayayaan, kutaan
ğŸœ	cayayaan, quraanjo
ğŸ	cayayaan, shinni, shinni malab
ğŸª²	cayayaan, faraanfar, kutaan
ğŸ	cayayaan, duqsiyada dheddiga, duqsiyo, kutaan dheddig, shimbir bay ah
ğŸ¦—	jiiq-jiiqle, jirriqaa
ğŸª³	baranbaro, baranbarooyin, cayayaan
ğŸ•·ï¸	caaro, cayayaan
ğŸ•¸ï¸	xuub caaro
ğŸ¦‚	dib qallooc, mactab meecaad, qoyska dib qallooc
ğŸ¦Ÿ	cayayaan, cudur, duumada, fayruus, kaneeco, qandho
ğŸª°	cayayaan, cudur, dixri, duqsi, qudhmay
ğŸª±	dirxi, dirxiga dhulka, dulle, hooryaan
ğŸ¦ 	amiiba, bakteeriya, mikrobe
ğŸ’	ubax, ubaxyo, ubayo
ğŸŒ¸	ubax, ubax cas, ubax geed, ubaxa buundada
ğŸ’®	ubax, ubax cad
ğŸª·	Budhiism, Fiyatnaam, Hindiya, Hinduuga, daahirnimo, lotus, ubax
ğŸµï¸	dhir, ubaxa sharraxa
ğŸŒ¹	ubax, ubax koob
ğŸ¥€	ubax, ubaxa didilaaca
ğŸŒº	Ubax, jirrid leh
ğŸŒ»	gabbaldaye, qorrax, ubax
ğŸŒ¼	ubax, ubax geed
ğŸŒ·	ubax, ubax caano
ğŸŒ±	geed naqan, soo baxaya
ğŸª´	aan waxtar lahayn, caaajis, dhir, dhirta guriga, guri, kobcinta, korin
ğŸŒ²	geed, geed abaareed
ğŸŒ³	caleen daadin, geed, geed magool, magool
ğŸŒ´	geed, geed timir, timir
ğŸŒµ	dhir, tiin
ğŸŒ¾	dhag, geed bariis, geedka bariiska, haruur
ğŸŒ¿	caleen, geed
â˜˜ï¸	dhir, dhir gaaban saddex caleen leh
ğŸ€	4, afar, caleen, geed, geed afar caleenle
ğŸ	caleen, caleen jiifta, dhacaysa, jiifta
ğŸ‚	caleen, caleen dhacday, dhacaysa
ğŸƒ	buubid, caleen, caleen dhex buubaysa dabaysha, dabayl, heebaabid
ğŸª¹	buul faaruq ah, buul samay
ğŸªº	buul leh ukumo, buul samayn
ğŸ‡	canab, khudaar
ğŸˆ	khudaar, qare
ğŸ‰	khudaar, xab-xab
ğŸŠ	khudaar, liin, oranji
ğŸ‹	khudaar, liin bambeelmo, liin dhannaan
ğŸŒ	khudaar, moos
ğŸ	caananaas, khudaar
ğŸ¥­	cambe, khudaar, kulaylaha
ğŸ	guduud, khudaar, tufaax, tufaax guduud
ğŸ	cagaar, khudaar, tufaax, tufaax cagaar
ğŸ	cambaruud, khudaar
ğŸ‘	khudaar, miro guduud
ğŸ’	canuuni, guduud, jeerigga, khudaar
ğŸ“	canuuni, frawla, istaroobeeri, khudaar
ğŸ«	canab, canabka baluuga ah, canabka gaduudan
ğŸ¥	cunto, khudaar, miraha qamboob, qamboob
ğŸ…	khudaar, khudradda, yaanyo
ğŸ«’	cunno, saytuun
ğŸ¥¥	caananaas & qumbe, qumbe, timir
ğŸ¥‘	afokaadho, cunto, khudaar
ğŸ†	dhir ukun, khudrad, qajaar dibadeed
ğŸ¥”	baradha, cunto, khudradda
ğŸ¥•	cunto, dabocase, khudrad
ğŸŒ½	dhag, galley, sabuul galley, xabbaasha
ğŸŒ¶ï¸	basbaas, kulul
ğŸ«‘	basbaas, basbaas dawan, capsicum, khudradda
ğŸ¥’	cunto, khudrad, qajaar, qajaar dhanaanin
ğŸ¥¬	ansalaata, caggaar, caleen caggaar, caleenta cagaaran, kaabash
ğŸ¥¦	barakooli, kaabashka diggaaga
ğŸ§„	iidaan, toon
ğŸ§…	basal, dhadhan u yeela
ğŸ„	baaraabuq, barkin waraabe
ğŸ¥œ	cunto, khudrad, loows, loowska, mir loows
ğŸ«˜	badar, cuntada, digir, kilyaha
ğŸŒ°	dhir, loows duban
ğŸ	gabal, rooti
ğŸ¥	cunto, faransiis, qureec faransiis macaan, rooti duuban
ğŸ¥–	baguette-ka, cunto, faransiis, rooti, rootiga baguette-ka
ğŸ«“	rooti bafloow, rooti carbeed, rooti laatiin, rootiga labada isugu xiran
ğŸ¥¨	buskud ulo ah, marmaroogsan
ğŸ¥¯	bagel-ka, foornada rootiga, pagel-ka
ğŸ¥	canjeelo, canjeelooyin, cunto, keeg kulul
ğŸ§‡	bir, doolshe, goâ€™aan darro
ğŸ§€	burcad, gabal burcad, gabal burcad ah
ğŸ–	hilib, hilibka lafta, laf
ğŸ—	diggaag, diggaagga, laf, lug, lug diggaag, lug durbaan
ğŸ¥©	booddada, gooyo hilib, jar-jar, jar-jar doofaar, jar-jar nayl
ğŸ¥“	cunto, hiib, hilib doofaar
ğŸ”	baagarka, hambaagar
ğŸŸ	faransiis, shiilid faransiis, shiilidda
ğŸ•	Pizza-da, burcad, cad, pizza-da
ğŸŒ­	duuban, eey kulul, hilib duuban
ğŸ¥ª	rooti, saanbuus
ğŸŒ®	taakada meksikaanka, taako
ğŸŒ¯	duub ah, meksikaan, toortiila, toortiilada meksikaanka
ğŸ«”	duuban, mexican, tamale, unno maksikaan
ğŸ¥™	cunto, falafeel, rooti khudrad laga buuxiyay
ğŸ§†	diggaag-digir, falafeel, hilibka jarjaran
ğŸ¥š	cunto, ukun
ğŸ³	bir daawo, karinta, shiilidda, ukun
ğŸ¥˜	bariis isbaanish, bir daawo, bir daawo gun-dhow oo cunno ah, cuno fuud foornaysan, gun dhow
ğŸ²	digsi, digsi cunno ah, fuud
ğŸ«•	Switzerland, dhalaalay, dheriga, digsi cunnno lagu diyaariyay, fondue, jiis, shukulaatada
ğŸ¥£	baaquli iyo qaaddo, badar, qureec
ğŸ¥—	ansalaata, anslaata cagaaran, cagaar, cunto
ğŸ¿	salool
ğŸ§ˆ	caano, subag
ğŸ§‚	cusbo, ruxaha, walxaha cusbada
ğŸ¥«	cunno qasacadaysan, qasacad
ğŸ±	sanduuq qado, suuq qado
ğŸ˜	bariis, qubka, qubka bariis
ğŸ™	bariis, bariis kubbad, jabbaanka, kubbad
ğŸš	bariis karsan
ğŸ›	bariis khudrad hilib leh
ğŸœ	baaquli, baaquligga uumigga, baasta dheer, baastada ramen, uuminta
ğŸ	baasta, isbageeti
ğŸ 	bataata, bataata la solay, la solay, macaan
ğŸ¢	cunno badeed, cunno hal digsi wax badan ka kooban, keebaab, ul
ğŸ£	cunnada jabbaanka
ğŸ¤	kalluun, kalluun la shiilay, shiilan, xayawaan badeed qolof ah
ğŸ¥	kalluun, kalluun keeg oo duuban, keeg
ğŸ¥®	dayrta, diggaaga qoyan, kalluunka dayaxa, xaflad
ğŸ¡	daango, jabbaanka, macaanl, macmacaan, ul
ğŸ¥Ÿ	cajiimid, cajiimidda iyo ul ku dhajinta
ğŸ¥ 	buskud macaan, qof xariif ah, saadaalinta
ğŸ¥¡	sabduuqa lohodka lagu qaato
ğŸ¦€	carsaanyo, kansar, mactab meecaad
ğŸ¦	argoosto, ciddiyaha, cunno badeed, maraq dufan ee kalluun
ğŸ¦	cunto, kalluun qolof la shiilay, qolof kalluun, qolof kalluun la shiilay, yar
ğŸ¦‘	cunto, xayawaan badeed
ğŸ¦ª	lohod, luul, quusidda
ğŸ¦	baraf, jallaata, jallaato jilicsan, jilicsan, labeen, macaan, macmacaan
ğŸ§	baraf, la burburiyay, macaan, macmacaan, macmacaan baraf la buburiyay
ğŸ¨	baraf, jallaato, labeen, macaan, macmacaan
ğŸ©	burcad, keek macaan loo shiilan cajiin ahaan, macmacaan
ğŸª	buskud macaan, keeg macaan, macaan, macmacaan
ğŸ‚	cajiin, dabbaaldeg, keegga, keegga maalinka dhalashada, maalinka dhalashada, macaan, macmacaan
ğŸ°	cajiin, gabal, keeg, keeg yar, macaan, macmacaan
ğŸ§	goob rooti lagu dubo, koob keeg, macaan
ğŸ¥§	buuxinta, cajiinka, doolsho
ğŸ«	gabal, macaan, macmacaanka, shukulaato
ğŸ¬	macaan, macmacaan, nacnac
ğŸ­	macaan, macmacaan, nacnac, nacnac ul ballaaran
ğŸ®	dubista, labaniyad, macaan, macmacaan
ğŸ¯	digsi, digsi malab, macaan, malab
ğŸ¼	caano, cab, dhalada ilmaha, dhalo, ilma
ğŸ¥›	caano, cab, galaas, galaas caano ah
â˜•ï¸	bun, cab, cabbitaan, cabitaan kulul, kulul, shah, uumiyaynta
ğŸ«–	cab, jalmad, kirli, shaah
ğŸµ	cab, cabbitaan, koob, koob shah ah oon sidda lahayn, shah
ğŸ¶	baar, cab, cabbitaan, dhalo, khamra jabbaan, khamro jabbaan, koob
ğŸ¾	baar, dhalo, dhalo khamri ubrinaysa, gufka, khamri, ubrinaysa
ğŸ·	baar, cab, cabbitaan, galaas, galaas khamri ah, khamri
ğŸ¸ï¸	baar, cab, galaas, galaas kooktayl ah, kooktayl
ğŸ¹	baar, khamri, khamriga kulul, kulul
ğŸº	baar, cab, khamri, koob, koob khamri ah
ğŸ»	baar, cab, isku dhufashada koobab khamri, isku dhufsashada koobab khamri ah, khamri, koob, ku dhufo
ğŸ¥‚	cab, dabbaldeg, galaas, galaasyo isku dhufashada, ku dhufo
ğŸ¥ƒ	gaaban, galaas, galaas dhalo, khamri, khamri culus
ğŸ«—	cab, daadi, dhamee, galaas, ku shubaya dareere
ğŸ¥¤	casiir, koob iyo istaroow, koob wata istaroow, soodha
ğŸ§‹	caano, luul, shaah, shaah xumbaale, xumbo
ğŸ§ƒ	sanduuq cabitaan, sanduuq casiir ah
ğŸ§‰	cab, lamaane
ğŸ§Š	baraf, jabal baraf ah, qaboow
ğŸ¥¢	qori wax lagu cuno
ğŸ½ï¸	fargeeta, karinta, mindi, saxan, saxan iyo fargeeta iyo mindi
ğŸ´	fargeeta, fargeeta iyo mindi, karinta, mindi, qalabka mindiyaha
ğŸ¥„	qaaddo, saxamada miiska cuntada
ğŸ”ª	karinta, mindi, mindi kushiin, qalab
ğŸ«™	dhalo, faaruq ah, kaydso, maraqa, udgoon, weel
ğŸº	jeeg, jeeg dheer labo sidda leh, karinta, khamri
ğŸŒ	Afrika, Yurub, adduunka, adduunka muujinaya Yurub-Afrika, dhulka, dunida
ğŸŒï¸	Ameerika, adduunka, adduunka muujinaya Ameerika, adduunka oo muujinaya Ameerika, dhulka, dunida
ğŸŒ	Aasiya, Awstaraaliya, adduunka, adduunka muujinaya Aasiya-Awstaraaliya, dhulka, dunida
ğŸŒ	adduunka, adduunka oo leh dhigo, dhigo, dhulka, dunida
ğŸ—ºï¸	dunida, khariirad, khariiradadda dunida
ğŸ—¾	Jabbaan, khariidad, khariidadda Jabbaan
ğŸ§­	birlabeed, haggaajinta, jiheeye, maaxid
ğŸ”ï¸	baraf, buur, buur baraf ah, qabow
â›°ï¸	buur
ğŸŒ‹	buur, folkano, qarax
ğŸ—»	buur, buurta fuji, fuji
ğŸ•ï¸	xero
ğŸ–ï¸	dallad, dallad kula xeeb qaadashada, xeeb
ğŸœï¸	lamadegaan
ğŸï¸	jasiirad lamadegaan ah, lamadegaan
ğŸï¸	carwo, carwo qaran
ğŸŸï¸	garoon
ğŸ›ï¸	dhismo heer sare ah, heer sare
ğŸ—ï¸	daar dhisidda, dhismaha
ğŸ§±	bulukeeti, bulukeetiyo, derbi, dhoobo, shamiito & dhoob isku qasan
ğŸª¨	culeeys, dhagax, dhagax weeyn
ğŸªµ	alwaax, jar, orri haabo leh, xaabo
ğŸ›–	aqal hoori, guri, guri-wareega, qol
ğŸ˜ï¸	guryo
ğŸšï¸	burbur, guri, guri burbursan
ğŸ ï¸	guri
ğŸ¡	beer, guri, guri beer leh
ğŸ¢	dhismo, dhismo xafiis
ğŸ£	Jabbaanka, dir, xafiiska boostada ee Jabbaanka
ğŸ¤	Yurub ah, dir, xafiis boosto
ğŸ¥	daawo, dhakhtar, isbitaal
ğŸ¦	bangi, dhismo
ğŸ¨	dhismo, hudheel
ğŸ©	hudheel, hudheel Jaceyl, jaceyl
ğŸª	bakhaar, bakhaar habboon, habboon
ğŸ«	dhismo, dugsi
ğŸ¬	bakhaar, waax, waax bakhaar
ğŸ­ï¸	dhismo, warshad
ğŸ¯	Jabbaanka, dabaq, dabaqa Jabbaanka
ğŸ°	Yurub ah, dabaq
ğŸ’’	aroos, caashaq, kaniisad yar
ğŸ—¼	Tokyo, munaarad, munaaradda Tokyo
ğŸ—½	Taalada, Taalada Xurriyadda, xurriyadda
â›ªï¸	Kaniisad, diin, kaniisad, mactab, masiixi
ğŸ•Œ	Islaam, Muslim, diin, masaajid
ğŸ›•	hindi, macbadka, macbadka hindida
ğŸ•	Macbadka, Yuhuud, Yuhuudi, diin, kaniisad Yuhuud
â›©ï¸	Meel Caabudaad, diin, diinta Jabbaan
ğŸ•‹	Islaam, Kacbah, Muslim, diin
â›²ï¸	tuubo biyo kor u ganta
â›ºï¸	teendho, xero
ğŸŒ	ciiryaamo, ciiryaamo leh, ciryaamo leh
ğŸŒƒ	habbeenka xiddigaha, habeenka xiddigaha, xiddig
ğŸ™ï¸	magaalo, muuqaal magaalo
ğŸŒ„	buur, qorrax, qorrax ka soo baxa buuraha, qorrax soo bax, subax
ğŸŒ…	qorrax, qorrax soo bax, subax
ğŸŒ†	dhicista, fiid, magaalo, muuqaal magaalo, muuqaal magaalo ee qorrax dhaca, qorrax dhac
ğŸŒ‡	qorrax, qorrax dhac, qorrax dhaca
ğŸŒ‰	buundada habeenkii, buundo, habeen
â™¨ï¸	ilo, ilo kulul, kulul, uumigga
ğŸ 	faras, faraska farxad wareegga, farxad wareeg
ğŸ›	Barxadda ciyaarta, beerta madadaalada, ciyaaro
ğŸ¡	carwada maddadaalada, gaariga markabka, shaagga, shaagga gaariga markabka
ğŸ¢	carwada maddadaalada, dusha sare ee tareeka
ğŸ’ˆ	tiir, tiirka tima-jaraha, timo-jare, timo-jaris
ğŸª	rogadka, teendho, teendho rogad
ğŸš‚	dhaqdhaqaaq, jidka tareenka, matoor, tareen
ğŸšƒ	baska ragaad, gaari, gaariga jidka tareenka, jidka tareenka, koronto, taraam, tareen
ğŸš„	jidka tareenka, tareen, tareen aad u dheereeya, tareen xawaare sare, xawaare
ğŸš…	jidka tareenka, rasaas, tareen, tareen xawaare sare, xawaare
ğŸš†	jidka tareenka, tareen, tareenka
ğŸš‡ï¸	waddo hoose
ğŸšˆ	jidka tareenka, tareenka fudud
ğŸš‰	jidka tareenka, saldhig, saldhigga, tareen
ğŸšŠ	baska ragaad, taraam
ğŸš	gaari, hal jid tareen kor u qaadan
ğŸš	buur, gaari, jidka tareenka, jidka tareenka buurta
ğŸš‹	baska ragaad, gaari, gaariga taraam, taraam
ğŸšŒ	bas, gaari
ğŸšï¸	bas, bas soo socda, soo socda
ğŸš	bas, baska ragaad, ragaad, taraam
ğŸš	bas, bas yar
ğŸš‘ï¸	ambalaas, gaari
ğŸš’	dab, gaari xammuul, mashiinka dabka, matoor
ğŸš“	boolis, gaari, gaari boolis, ilaalinta
ğŸš”ï¸	boolis, gaari, gaari boolis soo socda, soo socda
ğŸš•	gaari, taksi
ğŸš–	taksi, taksi soo socda
ğŸš—	baabuur, gaari, gawaari
ğŸš˜ï¸	gaari, gaari soo socda, gawaarida, soo socda
ğŸš™	gaadiidka cayaaraha, maddadaalo ah
ğŸ›»	gaari xamuul ah, gaariga soo qaadista, qaado, qabaalka
ğŸšš	gaari xammuul, gaari xammuulka adeegga, geynta
ğŸš›	bar, gaari xammuul, loori, looriga xammuulka
ğŸšœ	cagaf-cagaf, gaari
ğŸï¸	gaari, tartan gaari, tartanka
ğŸï¸	mootada, mooto, tartanka
ğŸ›µ	matoor, mooto matoor qaawan, mooto qaawan
ğŸ¦½	awood u yeelid, kursiga curyaanka macmalka ah
ğŸ¦¼	awood u yeelid, kursiga curyaanka korontada ku shaqeeya
ğŸ›º	jiide is-wada, tuk-tuk
ğŸš²ï¸	baaskiil, bushkuleeti
ğŸ›´	laad, mooto, mooto laadid
ğŸ›¹	alwaax, alwaaxa qalfoofka
ğŸ›¼	duub, iskeeti ciyaarista, skaytka kaha
ğŸš	bas, boosteejada, joogsiga
ğŸ›£ï¸	waddo ballaaran, waddo weyn
ğŸ›¤ï¸	jid tareen, jidka waddada tareenka, raadka jidka tareenka
ğŸ›¢ï¸	durbaan, durbaan saliid ah, saliid
â›½ï¸	bamba, bamka shidaalka, gaas, naafta, saldhig, shidaal
ğŸ›	gaari, goobaabin, leexo, taayir
ğŸš¨	boolis, dib-unoqoshada, gaari, iftiin, iftiinka gaariga booliska, minaarad
ğŸš¥	iftiin, iftiinka taraafikada oo jiifta, seenyaale, taraafik
ğŸš¦	iftiin, iftiin taraafika oo taaggan, iftiin taraafika oo toosan, seenyaale, taraafik
ğŸ›‘	calaamad, calaamad joogsi, joogso, siddeed geesle
ğŸš§	caqabad, dhismo
âš“ï¸	baroosinka, markab, qalab
ğŸ›Ÿ	badqab, giraan sabanaysa, naf badbaadiyaha, naf-badbaadiyaha, sabayn, samatabbixin
â›µï¸	badda, dalxiis, doon, doon shiraac, tartan doonyaad
ğŸ›¶	doon, huuri
ğŸš¤	doon, doon dheeraysa
ğŸ›³ï¸	markab, rakaab, rakaab markab
â›´ï¸	doon, rakaab, rakaab qaadis
ğŸ›¥ï¸	doon matoor
ğŸš¢	doon, markab, rakaab
âœˆï¸	dayuurad, diyaarad
ğŸ›©ï¸	dayuurad, diyaarad, diyaarad yar
ğŸ›«	bixitaanada, bixitaanka, bixitaanka diyaaradda, dayuurad, diyaarad, is xaadirid
ğŸ›¬	Imaanaya, dadka immaanaya, dayuurad, diyaarad, immaanshaha diyaaradda, soo degidda
ğŸª‚	baarashuud, cir-jiir, dabeylaha, heebaabaya
ğŸ’º	fadhi, kursi
ğŸš	diyaarad helikobtar, gaari
ğŸšŸ	jidka tareenka, joojinta, joojinta jidka tareenka
ğŸš 	buur, fiilo, gondoola, waddo fiilo buureed
ğŸš¡	fiilo koronto, gondoola, hawood ku jire, waddada tareenka, waddada tareenka oo hawada ah
ğŸ›°ï¸	dayax gacmeed, fagaaga
ğŸš€	fagaaga, gantaal
ğŸ›¸	shey sidii digsi oo duulaya
ğŸ›ï¸	boorsa-qaade, gambaleel, hudheel
ğŸ§³	boorsooyin, safar, xirxirid
âŒ›ï¸	ciid, dhalada saacad-beegtada ah oo dhamaysay, goor-sheegge
â³ï¸	ciid, dhalada saacad-beegtada ah wali ma dhamayn, dhalo saacad-beegta ah, goor-sheegge
âŒšï¸	goor-sheeg, ilaalin, saacad
â°	qaylo-dhaan, saacad, saacadda qaylo-dhaanta
â±ï¸	saacad, saacad-joojin
â²ï¸	goor-sheegge, saacad, saacadda goor-sheegtada ah
ğŸ•°ï¸	qaanadda kore ee saacadda, qaanadda kore saacadda, saacad weyn
ğŸ•›ï¸	00, 12, 12:00, saac, saacad, toban iyo laba, toban iyo labadii iyo bar
ğŸ•§	12, 12:30, bar, laba iyo tobanki iyo bar, saacad, toban iyo laba
ğŸ•ï¸	00, 1, 1:00, hal, hal saac, saac, saacad
ğŸ•œ	1, 1:30, bar, hal, hal saac iyo bar, saacad
ğŸ•‘ï¸	00, 2, 2:00, laba saac, labo, saac, saacad
ğŸ•	2, 2:30, bar, labadii iyo bar, labo, saacad
ğŸ•’ï¸	00, 3, 3:00, saac, saacad, saddex, saddex saac
ğŸ•	3, 3:30, bar, saacad, saddex, saddexdii iyo bar
ğŸ•“ï¸	00, 4, 4:00, afar, afar saac, saac, saacad
ğŸ•Ÿ	4, 4:30, afar, afartii iyo bar, bar, saacad
ğŸ•”ï¸	00, 5, 5:00, saac, saacad, shan, shan saac
ğŸ• 	5, 5:30, bar, saacad, shan, shantii iyo bar
ğŸ••ï¸	00, 6, 6:00, lix, lix saac, saac, saacad
ğŸ•¡	6, 6:30, bar, lix, lixdii iyo bar, saacad
ğŸ•–ï¸	00, 7, 7:00, saac, saacad, toddoba, toddoba saac
ğŸ•¢	7, 7:30, bar, saacad, toddobadii, toddobadii iyo bar
ğŸ•—ï¸	00, 8, 8:00, saacad, siddeed, siddeed saac
ğŸ•£	8, 8:30, bar, saacad, siddeed, siddeeddi iyo bar
ğŸ•˜ï¸	00, 9, 9:00, saacad, sagaal saac
ğŸ•¤	9, 9:30, bar, saacad, sagaal, sagaal iyo bar
ğŸ•™ï¸	00, 10, 10:00, saac, saacad, toban, toban saac
ğŸ•¥	10, 10:30, bar, saacad, toban, tobanki iyo bar
ğŸ•šï¸	00, 11, 11:00, kow iyo toban, kow iyo toban saac, saac, saacad
ğŸ•¦	11, 11:30, bar, kow iyo toban, kow iyo toban iyo bar, saacad
ğŸŒ‘	dayax, dayaxa cusub, madoow
ğŸŒ’	badidoodka, bil qoolaaban, dayax, qoolaabanka dayaxa oo badanaya
ğŸŒ“	dayax, rubac, rubaca hore ee dayaxa
ğŸŒ”	badidood, dayaxa, weynaanta, weynaanta dayaxa oo sii badanaya
ğŸŒ•ï¸	buuxa, dayax, dayax buuxa
ğŸŒ–	dayaxa, gaabinta, gaabinta wayninka dayaxa, weynaanta
ğŸŒ—	dayax, rubac, rubaca dambe ee dayaxa
ğŸŒ˜	bil qoolaaban, dayax, gaabinta, gaabinta dayaxa qoolaaban
ğŸŒ™	bil qoolaaban, dayax, dayax qoolaaban
ğŸŒš	dayax, waji, waji daxeedka cusub
ğŸŒ›	dayax, rubac, rubaca hore ee waji dayaxeedka, rubaca hore waji dayaxeedka, waji
ğŸŒœï¸	waji, waji dayaxeedda rubaca dambe
ğŸŒ¡ï¸	heerkul-beegge
â˜€ï¸	dhalaal, fallaar-ilays, qorrax, qorrax leh
ğŸŒ	buuxa, dayax, dhalaal, waji, waji dayaxeed buuxa
ğŸŒ	dhalaal, qorrax, qorrax wajiyeed, waji
ğŸª	damman, meeraha gaaban, meeraha lixaad
â­ï¸	Summadda xiddigta, xidig
ğŸŒŸ	dhalaalaya, ifid, kaah, quruxsan, xiddig, xiddig kaahaya
ğŸŒ 	soo dhacaya, toogasho, waran cireed, xiddig
ğŸŒŒ	dululaati, habarjiid
â˜ï¸	cimilo, daruur
â›…ï¸	daruur, qorrax, qorrax ka dambaysa daruur
â›ˆï¸	daruur, daruur leh hillaac iyo roob, onkod, roob
ğŸŒ¤ï¸	daruur, qorrax, qorrax ka dambaysa daruur yar
ğŸŒ¥ï¸	daruur, qorrax, qorrax ka dambaysa daruur weyn
ğŸŒ¦ï¸	daruur, qorrax, qorrax ka dambaysa daruur roobeed, roob
ğŸŒ§ï¸	darruur wadata baraf, daruur, daruur roobeed, roob
ğŸŒ¨ï¸	baraf, darruur wadata baraf, daruur, qaboow
ğŸŒ©ï¸	daruur, daruur hillaac leh, hillaac
ğŸŒªï¸	daruur, meerkac dabayleed, tornaado
ğŸŒ«ï¸	ciiryaamo, daruur
ğŸŒ¬ï¸	afuuf, dabayl, daruur, waji, waji dabayl
ğŸŒ€	dabakhsan, duufaan, gufaaco, maroojiye, tayfuun
ğŸŒˆ	qaanso-roobaad, roob
ğŸŒ‚	dallad, dallad daboolan, dallad xiran, dhar, roob
â˜‚ï¸	dallad, dhar, roob
â˜”ï¸	dallad, dallad leh dhibco roob, dhar, dhib, roob
â›±ï¸	daallad dhulka ka taagan, dallad, dallan ka taagan dhulka, qorrax, roob
âš¡ï¸	dhawaaq, hilaac, khatar, koronto, maanyo-dab, tamar sare
â„ï¸	baraf, baraf-qolof, qaboow
â˜ƒï¸	baraf, baraf-naag, qaboow
â›„ï¸	baraf-naag, baraf-naag oo naag laâ€™aan ah, baraf-nin, qaboow
â˜„ï¸	dhagax-xiddig, dulduleelaati
ğŸ”¥	dab, olol, qalab
ğŸ’§	dhibic, dhibicda, dhidid, majaajilo, qabow
ğŸŒŠ	badweyn, hirka biyaha
ğŸƒ	cirifka, dabaaldag, halloween, jack, jack-o-cirifka
ğŸ„	dabbaaldeg, geed, geed Ciid Masiixi, geedka Ciid Masiixigga
ğŸ†	dabaaldag, shaqooyinka dabka
ğŸ‡	dabaaldag, dhalaali, dhalaaliye, shaqooyinka dabka
ğŸ§¨	dab-demiyeyaasha, qarxaha, shaqooyinka dabka, walxaha qarxo
âœ¨	*, dhalaali, dhalaalin, xiddig
ğŸˆ	baaluun, dabaaldag
ğŸ‰	dabaaldag, dhawaaq, dhawaaqa xafladda, tada, xaflad
ğŸŠ	dabaaldag, kubad, kubada qarsoon, qarsoodi ah
ğŸ‹	Japenese, dabaaldag, geed, geedka axdiga, naqshadeyn
ğŸ	Japanese, dabaaldag, garas, geed qurxin, geedka
ğŸ	Japanese, boombalaha Japanese ka, boombalo, dabaaldag, feesto
ğŸ	dabaaldag, socodka, socodka xargaha, xargo
ğŸ	dabaaldag, dabeel, dabeesha musqusha, gambaleel, musqul
ğŸ‘	Munaasabada daawashada dayaxa, dabaaldag, dayax, munaasabad, munaasabada daawashada dayaxa
ğŸ§§	arag, baqshad gaduudan, baqshad guduudan, hadiyad, hadiyad lacageed, lacag, nasiib wacan
ğŸ€	dabaaldag, xabo
ğŸ	dabaaldag, duuban, hadiyad, hadiyada duuban, imminka, sanduuq
ğŸ—ï¸	celeberation, xabo, xabo xasuusin, xasuusin
ğŸŸï¸	diiwaan gelin, tikid, tikidka diiwaan gelinta, tikidka diiwaangelinta
ğŸ«	diiwaan gelin, tikid
ğŸ–ï¸	bilad, bilad ciidan, ciidan, dabaaldag
ğŸ†ï¸	koob, koop, qiimo
ğŸ…	bilad, bilada ciyaaraha
ğŸ¥‡	bilad, bilada kaalinta koowaad, dahab, hore
ğŸ¥ˆ	bilad, bilada kaalinta labaad, labo, qalin
ğŸ¥‰	bilad, bilada kaalinta saddexaad, naxaas, saddexaad
âš½ï¸	cayaaraha, cayaaraha kubada, kubad, kubada cagta
âš¾ï¸	kubad, kubada usha
ğŸ¥	gacan gashi, gashi, kubad, kubada usha iyo gacanta
ğŸ€	kubad, kubada kolayga, kubbadda kolayga, wareega shabaqa
ğŸ	ciyaar, kubad, kubada gacanta
ğŸˆ	Mareykanka, kubad, kubada cagta, kubadda cagta Mareykanka
ğŸ‰	kubad, kubada cagta, kubada cagta iyo rugbida, rugbida
ğŸ¾	kubad, teeniska, usha teeniska
ğŸ¥	diskiga duulaayo, ugu dambeeyay
ğŸ³	cayaar, kubad, shiishka
ğŸ	cayaar, cayaarta kirikitka, kubad, usha kirikitka
ğŸ‘	cayaar, goob, goobta kubada usha, kubad, kubada usha, ul
ğŸ’	baraf, cayaar, furo, kubada usha, kubada usha ee barafka, ul
ğŸ¥	ciyaarta usha orodka, goolka, kubad, ul
ğŸ“	ciyaar, jeexan, kubad, kubad ul, kubada miiska, teeniska miiska
ğŸ¸	ciyaar, kubada, kubada la tuuro, kubada shabaqa, shabaqa
ğŸ¥Š	feerka, gashi, gashiga feerka
ğŸ¥‹	dagaalka farshaxanka, dagaalka lugta, karatee, lagdin, lebiska, lebiska dagaalka farshaxanka
ğŸ¥…	goolka, shabaq, shabaqa goolka
â›³ï¸	calanka godka, god, kubada la tuuro
â›¸ï¸	baraf, kan lugu socdo, kan lugu socdo barafka
ğŸ£	malaay, xargaha, xargaha kalluumeysiga
ğŸ¤¿	maaskarada quusitaanka, qalabka quusidda, quusidda
ğŸ½	maro, orod, orodada, shaati, shaatiga orodka
ğŸ¿	dhado, lugu gashi, ski
ğŸ›·	fadhiga gaariga, gaariga barafka, gaariga faraska
ğŸ¥Œ	ciyaar, dhagaxa, dhagaxa ifa
ğŸ¯	bartilmaameed, ciyaar, dar, isha dibiga, kudhac, kudhaca toosan
ğŸª€	alaabaha caruurta, qaanso, sabbayn
ğŸª	abitey, buubid, duulid
ğŸ±	8, biliyaardi, ciyaar, kubad, kubada barkada 8, siddeed
ğŸ”®	cajiib, kareem, kubad, kubada kareemka, nasiib, qalab, sheeko xariir
ğŸª„	mucjiso, saaxir, saaxirad, ul mucjiso
ğŸ§¿	balaayo xijaab, isha sheydaanka, kahortage, kuusha, sixir, xijaab
ğŸª¬	Fatima, Mary, Miriam, amulet, gacan, hamsa, ilaalin
ğŸ®ï¸	cayaarta maqal-muuqal, ciyaar, ciyaarta maqal-muuqaalka, xakameeye
ğŸ•¹ï¸	ciyaar, ciyaarta maqal-muuqaalka, usha farxada
ğŸ°	ciyaar, kabaha, mashiinka kabaha
ğŸ²	ciyaar, ciyaarta dhimashada, dhimo, laandhuu
ğŸ§©	caqli, gabal, gabal xujo, is-xerid, sawiro, xujo
ğŸ§¸	boombalo, khudrad, ku ciyaarid, la habeeyay
ğŸª…	boombalaha isbaanishka, dabaabdag, xaflada
ğŸª©	dhaldhalaalka, diskoo, kubada muraayadda, qoob ka ciyaar, xaflad
ğŸª†	boombale, buul galinta boombalaha, buulka boombalaha, buulleeyn, ruushka
â™ ï¸	ciyaar, farshaxan, farshaxanka, kaadh
â™¥ï¸	ciyaar, kaadh, lebiska qalbiga
â™¦ï¸	ciyaar, dheemanka lebiska, kaadh
â™£ï¸	ciyaar, kaadh, lebiska naadiga
â™Ÿï¸	jar, jarta fiyooraha, qiyaano, saanqaade
ğŸƒ	ciyaar, jookar, kaadh, kaadhka xayawaanaha
ğŸ€„ï¸	ciyaar, gaduud, mahjong, mahjong masduulaagii gaduudnaa, mhjong masduulaagii gaduudnaa
ğŸ´	Japanese, ciyaar, ciyaarayaa, kaadh, ubax, ubaxa turubka
ğŸ­ï¸	farshaxan, fulinta, fulinta farshaxanka, goobta, masgaraato, masraxa
ğŸ–¼ï¸	farshaxan, la wareegay, matxafka, rinjiyeen, sawir, sawir la wareegay, sawirka la wareegay
ğŸ¨	farshaxan saxan, farshaxanka, matxafka, rinjiyeen, saxan
ğŸ§µ	dun, irbadda dharka, tolmada, xarig
ğŸª¡	dhar tolid, dun, dun weeyn, irbad, irbada dharka, tolid, xijaab
ğŸ§¶	Tidcidda, kubbad, tidcidda, tolliinka
ğŸª¢	gunti, isku xirid, iskushaandeeyn, mara adag, siriq, xarig, xirid
ğŸ‘“ï¸	dhar, indho, indho-gashi, muraayad, muraayad indhood, muraayado
ğŸ•¶ï¸	indho, indho-gashi, madow, muraayad, muraayada qoraxda
ğŸ¥½	alxamida, dabaasha, ilaalinta isha, muraayadaha ilaalinta, murayaadaha ilaalinta
ğŸ¥¼	dhakhtar, koodhka laabka, saynis yahan, tijaabo
ğŸ¦º	badbaadada, jaakeet, jaakeetka garbo-gaabka ah ee badbaadada, xaalad degdeg ah
ğŸ‘”	dhar, taay, taayga qoorta
ğŸ‘•	dhar, garan, shaar
ğŸ‘–	dhar, jiinis, surwaal
ğŸ§£	qoor, safaleeti
ğŸ§¤	gacan, gacmo-gashi
ğŸ§¥	jaakeet, koodh
ğŸ§¦	luga-gashi, sharibaado
ğŸ‘—	dhar, toob
ğŸ‘˜	dhar, kimoono
ğŸ¥»	dhar, saarii, toob
ğŸ©±	hal calal oo dharka dabaasha ah, suudka dabaasha
ğŸ©²	dharka dabaasha, hal calal, nigis, suudka dabaasha
ğŸ©³	dharka dabaasha, nigis, shoorti, surwaal
ğŸ‘™	dabaalasho, dhar, nigis iyo keeshali
ğŸ‘š	dhar, dharka dumarka, dumar
ğŸ‘›	boorso, dhar, qadaadiic
ğŸ‘œ	boorso, dhar, shandad, shandada gacanta
ğŸ‘	boorso, dhar, shandad, shandad yar
ğŸ›ï¸	bac, bacaha dukaameysiga, dukaameysi, hudheel
ğŸ’	dhabar-saar, dugsi, garab-saar, shandad, shandad dhabar
ğŸ©´	dacas, dacaska xeebta, thongs, zori
ğŸ‘	dhar, kabo, kabo rag, nin
ğŸ‘Ÿ	ciyaartoy, dhar, isniikar, kabo, kabo orod
ğŸ¥¾	buudh, buudjhka socodka dheer, shandad-dhabarka safarka, socod dheer, xero u dhixid
ğŸ¥¿	dacas, kabaha ciyaarta ee isku siman, kabo siiban kara, kabo siman
ğŸ‘ 	cidhib, dhar, gabadh, kabo, kabo cidhib dhaadheer, kabo cidhib dheer
ğŸ‘¡	dhar, gabadh, kabo, sandhal, sandhalka dumarka
ğŸ©°	kabaha ballet-ka, qoob-ka-cayaarka ballet
ğŸ‘¢	buudh, buudh dumar, dhar, dumar, kabo
ğŸ‘‘	boqor, boqorad, dhar, taaj
ğŸ‘’	dhar, dumar, koofiyad, koofiyad dumar
ğŸ©	dhar, koofiyad, koofiyad dheer, sare
ğŸ“ï¸	dabaaldeg, dhar, koofiyad, koofiyada qalinjabinta, qalinjabin
ğŸ§¢	koofiyad caadiya, koofiyada baysiboosha
ğŸª–	askari, ciidan, dagaalyahan, koofiyad, koofiyada millatariga, milatari
â›‘ï¸	calaamad laanqeyr, gargaar, koofiyad, madax-gashi, madax-gashiga shaqaalaha badbaadada, madax-gashiga shaqaalaha badbaadinta, waji
ğŸ“¿	dhar, diin, duco, kuul, silsilad, tusbax
ğŸ’„	kosmaatik, libis
ğŸ’	dheeman, fargal
ğŸ’	dahab, dhagax qaali ah, dheeman, qaali ah
ğŸ”‡	aamusan, aamusiin, aan shanqadh lahayn, sameecad, sameecad la aamusiiyay
ğŸ”ˆï¸	khafiif, sameecad cod yar
ğŸ”‰	dhexdhexaad, sameecad codkeedu dhexdhexaad yahay
ğŸ”Š	sameecad codkeedu sareeyo, sare
ğŸ“¢	jeedin dadweyne, kor u hadle, sare
ğŸ“£	mikirifoon, u jiibin
ğŸ“¯	boosto, hoon, hoonka boostada
ğŸ””	jalas
ğŸ”•	aamusan, aan hadlayn, jalas, jalas xariiqi saarantay, la mamnuucay
ğŸ¼	muusik, xaashi, xaashida muusika
ğŸµ	muusik, qoraal muusika
ğŸ¶	muusik, qoraal, qoraalo, qoraalo muusika
ğŸ™ï¸	istuudyow, mik, mikirifoon, mikirifoonka istuudyaha, muusik
ğŸšï¸	heer, heer qaade/dejiye, muusik, qaade/dejiye
ğŸ›ï¸	badhanada kaantaroolida, badhano, kaantarool, muusik
ğŸ¤	karooke, mik, mikirifon, mikirifoon
ğŸ§ï¸	dhago, dhago yaryar
ğŸ“»ï¸	fiidiyow, raadiyow
ğŸ·	buun, buunka, muusikada, qalab
ğŸª—	alab muusik, koonsatiina, qalab muusik, qalabeeyste musik
ğŸ¸	giitaar, muusik, qalab
ğŸ¹	biyaano, kiiboodh, kiiboodhka muusika, muusik, qalab
ğŸº	fuugwo, muusik, qalab
ğŸ»	muusik, qalab, seese
ğŸª•	gitaar ah, gitaar nooc mareykan ah, muusik
ğŸ¥	durbaan, muusik, ulaha durbaanka
ğŸª˜	ciyaarta konga, durbaan, durbaan dheer, garaac, laxan
ğŸ“±	foon, moobil, telefoon, telefoonka gacanta
ğŸ“²	foon, helid, moobil, moobil leh xariiq, telefoonka gacanta, xariiq
â˜ï¸	foon, telefoon
ğŸ“	foon, gacan, gacanta telefoonka, telefoon
ğŸ“Ÿï¸	ogeysiiye
ğŸ“ 	fakis, mishiinka fakiska
ğŸ”‹	baytari
ğŸª«	batari dabka ka dhacay, elektaroonig ah, tamar hooseeya
ğŸ”Œ	dab, koronto, xadhig, xadhiga dabka
ğŸ’»ï¸	bc, gaar ah, kombuyuutar, koombuyuutar laabtob ah
ğŸ–¥ï¸	koombuyuutar, koombuyuutarka miiska, miis
ğŸ–¨ï¸	daabace, koombuyuutar
âŒ¨ï¸	kiiboodh, koombuyuutar
ğŸ–±ï¸	kombuyuutar, mawska koombuyuutarka, mowska koombuyuutarka
ğŸ–²ï¸	koombuyuutar, kubada mowska
ğŸ’½	cajalad, cajalad yar, cajalada koombuyuutarka, koombuyuutar, obtikal
ğŸ’¾	cajalad, cajalada faloobida, faloobi, koombuyuutar
ğŸ’¿ï¸	cajalad, cajalada obtikaalka ah, cd, koombuyuutar, obtikaal
ğŸ“€	buluu-raay, cajalad, dvd, kombuyuutar, obtikaal
ğŸ§®	tiriye, xisaabiye
ğŸ¥	kamarad, kamarada filimada, sinimoo
ğŸï¸	fareemyada filimka, fareemyo, filim, sinimoo
ğŸ“½ï¸	borojektar, borojektarka filimada, fiidiyow, filim, sinimoo
ğŸ¬ï¸	filim, sacabiye, samuurada bilowga duubista
ğŸ“ºï¸	fiidiyow, telefishan, tv
ğŸ“·ï¸	fiidiyow, kamarad
ğŸ“¸	fiidiyow, kamarad, kamarad khashaafad leh, khashaafad
ğŸ“¹ï¸	fiidiyow, kamarad, kamarad fiidiyow
ğŸ“¼	cajalad, cajalad fiidiyow, fiidiyow, vhs
ğŸ”	qalab, quruurad, quruurad weynayso ah oo u jeeda bidix, raadin, weynayso
ğŸ”	qalab, quruurad, quruurad weynayso ah oo u jeeda midig, raadin, weynayso
ğŸ•¯ï¸	shamac, shamac iftiin
ğŸ’¡	dab, fikrad, iftiin, laambad, laambad dab, xaraabe
ğŸ”¦	dab, iftiin, qalab, toosh
ğŸ®	casaan, fidsan, iftiin, siraad, siraad warqad cas
ğŸª”	diya, feynuus, feynuusta diya, saliid
ğŸ“”	buug, buug gal qurux badan leh, gal, la qurxiyay
ğŸ“•	buug, buug xidhan, xidhan
ğŸ“–	buug, buug furan, furan
ğŸ“—	akhtar, buug, buug akhtara
ğŸ“˜	buluug, buug, buug buluuga
ğŸ“™	buug, buug liimi ah, liimi
ğŸ“šï¸	buug, buugaag
ğŸ““	buug
ğŸ“’	buug, buuga xisaabaadka
ğŸ“ƒ	bog, bog laaban, dokumenti, laab
ğŸ“œ	duuban, warqad
ğŸ“„	bog, bog kor u jeeda, dokumenti
ğŸ“°	jaraaid, war, warqad
ğŸ—	duuban, jaraaid, jaraaid duuduuban, war, warqad
ğŸ“‘	calaamadeeye, calaamadeyn, calaamadeynta buuga, qeybaha calaamadeynta buuga, qeybo
ğŸ”–	calaamad, calaamadeeye
ğŸ·ï¸	warqad wax sheegaysa
ğŸ’°ï¸	bac, bac lacag ah, bac lacaga, doolar, lacag
ğŸª™	bir, dahab, khasnad, lacag, lacag bir ah, qalin
ğŸ’´	biil, lacag, lacag yeen ah, warqad, warqad bangi, yeen
ğŸ’µ	biil, doolar, lacag, lacag doolar ah, warqad, warqad bangi
ğŸ’¶	biil, lacag, lacag yuuro ah, warqad, warqad bangi, yuuro
ğŸ’·	biil, bownd, lacag, lacag bownd ah, warqad, warqad bangi
ğŸ’¸	baalal, biil, duulid, lacag, lacag baalal leh, warqad bangi
ğŸ’³ï¸	deyn, kaar, kaarka deynta, lacag
ğŸ§¾	cadeyn, markhaati, rasiidh, xisaabaadka, xisaabinta
ğŸ’¹	korid, lacag, shax, shaxan, shaxan muujinaya yeen kordhaysa, yeen
âœ‰ï¸	baqshad, iimayl, warqad
ğŸ“§	boosto, fariin, iimayl, warqad
ğŸ“¨	baqshad, baqshad timi, fariin, helid, iimayl, timi, warqad
ğŸ“©	baqshad, baqshad leh falaar, falaar, fariin, iimayl, tagtay
ğŸ“¤ï¸	fariimaha la diray, fariin, la diray, qeyb, qeybta fariimaha la diray, sanduuq, warqad
ğŸ“¥ï¸	fariimaha la helay, fariin, la helay, qeyb, qeybta fariimaha lasoo diray, sanduuq, warqad
ğŸ“¦ï¸	buqshad, bushqad, sanduuq, xidhmo
ğŸ“«ï¸	fariin, sanduuq boosto, sanduuq boosto oo xidhan oo leh calan sareeya, sanduuq fariin, xidhan
ğŸ“ªï¸	fariin, hooseeya, sanduuq boosto, sanduuq boosto oo xidhan oo leh calan hooseeya, sanduuq fariin, xidhan
ğŸ“¬ï¸	boosto, furan, sanduuq boosto, sanduuq boosto oo furan oo leh calan sareeya
ğŸ“­ï¸	boosto, furan, hooseey, sanduuq boosto, sanduuq boosto oo furan oo leh calan hooseeya
ğŸ“®	boosto, sanduuq boosto
ğŸ—³ï¸	codbixin, sanduuq, sanduuq codbixin oo leh warqad codbixin, sanduuq codeyn oo leh warqad codeyn
âœï¸	qalin qori
âœ’ï¸	af-qalin, af-qalin madow, qalin
ğŸ–‹ï¸	qalin, qalin saxeex, saxeex
ğŸ–Šï¸	biiroo, qalin
ğŸ–Œï¸	burushka buufinta, wax buufinta
ğŸ–ï¸	kalar
ğŸ“	beensal, xusuus qor, xusuusqor
ğŸ’¼	shandad shaqo
ğŸ“	fayl, fooldar, fooldarka faylasha
ğŸ“‚	fayl, fooldar, fooldarka faylasha oo furan, furan
ğŸ—‚ï¸	kaar, kala qeybiyayaal, kala qeybiyayaasha kaararka
ğŸ“…	kaalandar, taariikh
ğŸ“†	kaalandar, kaalandarka la jaro
ğŸ—’ï¸	buug xaashiyiihiisa la rogo, buug xaashiyiihisa la rogo, qorid
ğŸ—“ï¸	kaalandar la rogo, la rogo
ğŸ“‡	kaar, kaar nidaamiye, nidaamin, nidaaminta kaararka
ğŸ“ˆ	isbedel, kor, korid, shax, shaxan, shaxan kordhaya
ğŸ“‰	hoos, isbedel, shax, shaxan, shaxan yaraanaya
ğŸ“Š	baar, shax, shaxan, shaxanka baar
ğŸ“‹ï¸	faylka qorista
ğŸ“Œ	biin, biinka wax lagu dhajiyo
ğŸ“	biin, biinka wax lagu dhajiyo, biinka wax lagu dhajiyo oo goobo ah
ğŸ“	biinka waraaqaha
ğŸ–‡ï¸	biinanka waraaqaha, biinanka waraaqaha oo isku xidhan, isku xidhan
ğŸ“	koone siman, mastarad, mastarad toosan
ğŸ“	mastarad, mastarad saddex-gees ah, saddex-gees
âœ‚ï¸	jarid, maqas, qalab
ğŸ—ƒï¸	fayl, faylka kaararka, kaar, kartoon
ğŸ—„ï¸	buuxin, fayl, khaanad, khaanadaha faylasha
ğŸ—‘ï¸	caaga xashiishka
ğŸ”’ï¸	qufulan, xidhadSagittarius
ğŸ”“ï¸	fur, furan, quful
ğŸ”	af qalin, gaar ah, khad, qalin, quful, xidhan oo qalin wata, xidhan oo wata
ğŸ”	amaan ah, fure, quful, xidhan, xidhan oo fure wata
ğŸ”‘	baasweydh, fure, quful
ğŸ—ï¸	fure, fure qadiimi ah, qadiimi, quful, tilmaan yar
ğŸ”¨	dube, qalab
ğŸª“	faas, faas yar, jar-jarid, kala jabin, qori
â›ï¸	madaraq, qalab, qodid
âš’ï¸	dube, dube iyo madaraq, madaraq, qalab
ğŸ› ï¸	baanad, dube, dube iyo baanad, qalab, wareejiso
ğŸ—¡ï¸	midi, toorey
âš”ï¸	hub, isweydaarsan, seefo, seefo isweydaarsan
ğŸ”«	bastoolad, bastoolada ay dhexdu wareegto, hub, qalab, qori, qori gacmeed
ğŸªƒ	australia, dib u eegis, dib usoo noqosho, majo
ğŸ¹	leeb, leeb iyo qaanso, qaanso, qaanso iyo leeble
ğŸ›¡ï¸	gaashaan, hub
ğŸªš	alwaax, miinshaar, mishaarta nijaar, nijaar, qalab
ğŸ”§	baanad, qalab, wareejiso
ğŸª›	dhuujin, kashwiito, qalab
ğŸ”©	bool, qalab, weesar, weesar iyo bool
âš™ï¸	geer, qalab, wareeg, wareeg taayir
ğŸ—œï¸	cadaadin, isku xajiye, isku xijiye, qalab
âš–ï¸	cadaalad, halbeega Libra, miisaan, misaan, qiyaase
ğŸ¦¯	awood u yeelid, indhoole, usha cad indhoolaha
ğŸ”—	liinki
â›“ï¸	silsilad, silsilado
ğŸª	dabin, jilaab, qaabka wax loo gado, qabo, qallooca, qallooci
ğŸ§°	makaanig, qalab, shaf, tuulbogos
ğŸ§²	birlab, birlabaysan, kab faras, soo jiidasho
ğŸªœ	bood, jaranjaro, korid, talaabo
âš—ï¸	kimistari, qalab, qalab nadiifin
ğŸ§ª	kimistari, kimistariyahan, laab, saynis, tijaabin, tuyuubka tijaabinta
ğŸ§«	bakteeriya, bayoolaji, bayoolajiyahan, dhaqan, laab, saxan wax laga dhex arki karo
ğŸ§¬	bayoolajiyahan, dna, hide, horumar, nolol
ğŸ”¬	maykriskoob, qalab, saynis
ğŸ”­	diirad, qalab, saynis
ğŸ“¡	aanteena, aanteenada satalaytka, satalayt, sixni
ğŸ’‰	dawo, irbad, talaal, xanuunsanaya
ğŸ©¸	dawo, dhibic dhiig ah, dhiig bixin
ğŸ’Š	dawo, dhakhtar, kiniin, xanuunsanaya
ğŸ©¹	balastar, balastar jilicsan
ğŸ©¼	bakoorad, caawimaada socodka, dhaawacay, naafada, qoryo, ul
ğŸ©º	daawo, dhakhtar, qalabka wadnaha lagu dhageysto, wadne
ğŸ©»	caafimaad, dhakhtar, lafo, qalfoof, raajo
ğŸšª	albaab
ğŸ›—	dallicid, marin u helid, qaadid, wiish
ğŸª	birta muraayda, milicsiga, muraayad, muuqaal
ğŸªŸ	arag, daaqad, fareem, furitaanka, hawo nadiif ah, hufan
ğŸ›ï¸	hudheel, hurdo, sariir
ğŸ›‹ï¸	fadhi, fadhi iyo laambad, hudheel
ğŸª‘	fadhi, fariiso, kursi
ğŸš½	musqul
ğŸª 	biyo mareen baneeye, kor u xoojin, nuugista, suuli, tuubiiste
ğŸš¿	biyo, shaawar
ğŸ›	maydhasho, sinxi maydhasho
ğŸª¤	cunto lagu xiro dabin, dabin, dabin jiirka, shabaq dabin
ğŸª’	af leh, sakiin, xiirid
ğŸ§´	caagada looshinka, kiriimka cadceeda, looshin, qaleyl biiye, shaamboo
ğŸ§·	biinka dharka, buun rok, xafaayad
ğŸ§¹	mafiiq, mafiiq/buluuyey, masaxid, nadiifin, sixir
ğŸ§º	beerasho, dhar-dhaqid, salad, tamashle
ğŸ§»	duub waraaq ah, tuwaalada waraaqda ah, warqad musquleed
ğŸª£	baaldi, dambiil, haan, sakeel
ğŸ§¼	maydhasho, nadiifin, qurub, saabuun, xunbo
ğŸ«§	biyaha hoostooda, daacid, nadiif ah, saabuun, xumbo
ğŸª¥	burush, caday, ilkaha, nadaafaada, nadiifi, suuli
ğŸ§½	isboonji, liqaya, nadiifin, nuugaya
ğŸ§¯	bakhtii, dab, dab-damiye, damin
ğŸ›’	dukaameysi, gaar-gacan, gaari-gacanka dukaameysiga, tarooli
ğŸš¬	sigaar, sigaar cabid
âš°ï¸	dhimasho, sanduuq, sanduuqa meydka
ğŸª¦	dhagaxa madaxa, dhagxan, qabriga, qabuuraha, qudbo
âš±ï¸	aas, dhimasho, hadhaaga meydka, weelka hadhaaga meydka
ğŸ—¿	farshaxanka dadkii hore la sawiray, taallo, waji
ğŸª§	banaanbax, bandhig, calaamad, mudaaharad, saxiix
ğŸªª	Aqoonsi, amniga, kaar aqoonsi, lambarada gelitaaan, liisanka
ğŸ§	atm, bangiga, baqshinka, calaamadda ATM, tooska ah
ğŸš®	calaamadda qashin qubidda, qashin, sanduuqa qashinka
ğŸš°	biyaha la cabi karo, biyo, cabidda, la cabi karo
â™¿ï¸	calaamadda kursiga curyaanka, helitaanka
ğŸš¹ï¸	nin, qol musquleed, qolka ragga, suuligga, wc
ğŸšºï¸	haween, musqul, qolka haweenka, suuli, wc
ğŸš»	WC, musqusha, suuliga, suuligga
ğŸš¼ï¸	beddelka, calaamadda ilmaha, ilmo
ğŸš¾	biyo, musqul, qolka biyaha, qolka kaydinta, suuli, wc
ğŸ›‚	baasaboor, xakamaynta baasaboorka, xukun
ğŸ›ƒ	canshuurta
ğŸ›„	boorso, boorso sheegasho, sheegasho
ğŸ›…	boorso, cafash, ka tagid cafash, sanduuq
âš ï¸	digniin
ğŸš¸	caruurta oo gudbaya, cunug, dadka lugaynaya, gudbinta, taraafik
â›”ï¸	Ma jirto gelitaan, gelitaan, ma jirto, mamnuuc, maya, reebban, taraafik
ğŸš«	gelitaan, ma jirto, mamnuuc, maya, reebban
ğŸš³	baaskiil, baaskiil maya, baaskiil wadista, mamnuuc, maya, reebban
ğŸš­ï¸	ma jirto, mamnuuc, maya, reebban, sigaar cabidda, sigaar cabidda maya
ğŸš¯	ma jirto, mamnuuc, maya, qashinka, qashinka maya, reebban
ğŸš±	aan la cabi karin, aan la isticmaali karin, biyaha aan la isticmaali karin, biyo
ğŸš·	dadka lugaynaya, dadka lugaynaya maya, ma jirto, mamnuuc, maya, reebban
ğŸ“µ	ma jiraan taleefoonada gacanta, mamnuuc, maya, moobeel, taleefan
ğŸ”	18, daâ€™ hoose, lama oggola qof ka yar siddeed iyo tobban, reebban, siddeed iyo tobban, xaddidaadda daâ€™da
â˜¢ï¸	calaamad, kaah fale, shucaac
â˜£ï¸	calaamad, halis ku ah noolaha, halista noolaha
â¬†ï¸	falaadh, fallaarta kor, jihada, kor u fallaadh, muhiim, waqooyi
â†—ï¸	fallaar, fallaarta kor ee midig, isdhaafsiga jihooyinka, jihada, waqooyi bari
â¡ï¸	bariga, falaadh, falaadh midig, fallarta midig, jihada, muhiim
â†˜ï¸	fallaar, fallaarta hoose ee midig, isdhaafsiga jihooyinka, jihada, koonfur bari
â¬‡ï¸	Koonfur, falaadh, fallaarta hoose, hoos, jihada, jiho
â†™ï¸	fallaar, fallaarta hoose ee bidix, isdhaafsiga jihooyinka, jihada, koonfur galbeed
â¬…ï¸	falaadh, falaadh bidix, fallarta bidix, galbeed, jihada, jiho
â†–ï¸	falaadh, falaadh bidix, fallaarta kor ee bidix, jihada, u dhexeeya jihooyinka, waqooyi galbeed
â†•ï¸	falaadh kor u-jeeda, fallaar, fallaarta kor-hoose
â†”ï¸	fallaar, fallaarta bidix-midig
â†©ï¸	fallaar, fallaarta midig u qalloocsan bidix
â†ªï¸	fallaar, fallaarta bidix u qalloocsan midig
â¤´ï¸	fallaar, fallaarta midig u qalloocsan kor
â¤µï¸	fallaar, fallaarta midig u qalloocsan hoos
ğŸ”ƒ	dib -usoo kicinta, fallaar, fallaarada taaggan ee saacad-wareegga, saacad-wareeg
ğŸ”„	badhanka fallaarada ee lid saacad-wareegga, fallaar, lid saacad-wareegga, saacad-wareegga gacan bidix ah
ğŸ”™	falaar, fallaarta GADAAL, gadaal
ğŸ”š	Fallaarta DHAMMAADKA, dhammaad, fallaar
ğŸ”›	calaamad, dusha, fallaar, fallaarta DUSHA!
ğŸ”œ	dhakhsasho, falaar, falaarta DHAKHSASHADA
ğŸ”	falaarta SARE, fallaar, kor, sare
ğŸ›	caabudid, diin, goobta cibaadada
âš›ï¸	atam, calaamadda atam, diin laawe
ğŸ•‰ï¸	Hindi ah, Xuruuf diini ee Hindida, diin
âœ¡ï¸	Daâ€™uud, Yuhuud, Yuhuudi, diin, xiddig, xiddigga Daâ€™uud
â˜¸ï¸	diin, diinta Hindida ee dharma, qof caabuda budhcada
â˜¯ï¸	diin, diinta Shiinaha ee yin yang, diinta tao, diinta taoist, diinta yang, diinta yin
âœï¸	diin, mactab, mactabka latin, qof masiixi
â˜¦ï¸	diin, mactab, mactabka diinta asal-raaca, mactabka diinta asal-raacnimada, qof masiixi
â˜ªï¸	Muslim, bil iyo xiddig, diin, islaam
â˜®ï¸	calaamadda nabadda, nabad
ğŸ•	caabudidaa shumaca ee Yuhuudda, diin, shumac caabudaan Yuhuudda, shumac weyn, ulaha shumaca
ğŸ”¯	maal, xidddig lix geesood oo dhibic leh, xiddig, xiddig lix geeslood oo dhibic leh
â™ˆï¸	laxo, mactabka meecaad, wan
â™‰ï¸	baqay, dibbi, dibigga Taurus, mactabka meecaad
â™Šï¸	mactabka meecaad, mataan, mataanaha
â™‹ï¸	carsaanyo, mactab meecaad, naaf
â™Œï¸	boqorka libaaxa, libaax, mactab meecaad
â™ï¸	afaggaal, mactab meecaad
â™ï¸	caddaalad, cutubka meecaad, cutubka miisaanka, isku dheelitirka, miisaan
â™ï¸	cutubka meecaad, daba-aleele, dib-qallooc
â™ï¸	cutubka meecaad, dameerajoogeen, qaanso toog
â™‘ï¸	cutubka meecaad, ri, riyaha
â™’ï¸	biyo, cutubka meecaad, cutubka xiddigga biyaha, sidaha
â™“ï¸	cutubka meecaad, cutubka xiddiga ee kalluunka, kalluun
â›	abeeso, cutubka meecaad, mas, sidaha
ğŸ”€	badhanka muusik daarista, fallaar, iskutallaaban
ğŸ”	badhanka ku celinta, fallaar, ku celi, saacad-wareegga
ğŸ”‚	fallaar, ku celinta halka badhan, mar, saacad-wareegga
â–¶	badhanka cayaar, cayaar, fallaar, midig, saddex xaggale
â©	badhanka mootinta, degdegg, fallaar, hore, laban-laab
â­	badhanka daarista xigga, badhanka muusik daarista xigga, daarista xigta, fallaar, muuqaalka xigga, saddex xaggal
â¯	bdhanka cayaar ama jooji ah, cayaar, fallaar, jooji, midig, saddex xaggal
â—€	badhanka dib u celinta, bidix, dib u celi, fallaar, saddex xaggal
âª	badhanka dib u celinta degdegga, dib u noqoshada, fallaar, laban-laab
â®	badhanka daarista ugu dambeeya, daaristii hore, fallaar, muuqaalkii hore, saddex xaggal
ğŸ”¼	badhan, badhanka xagga sare, cas, fallaar
â«	badhanka degdegga sare, badhanka degdegga sare ah, fallaar, laban-laab
ğŸ”½	badhan, badhanka xagga hoose, cas, fallaar, hoose, xagga hoose
â¬	badhanka degdegga hoose, fallaar, hoose, laban-laab
â¸ï¸	badhanka hakinta, hakin, jiitin, laban-laab, taaggan
â¹ï¸	afar jibbaar, badhanka joojinta, jooji
âºï¸	badhanka duubista, duub, goobo
âï¸	badhanka ka soo saarista, soo saar
ğŸ¦	aflaan, filin, kamarad, shaleemo
ğŸ”…	badhanka daciifka, daciif, dhalaalka, hoos
ğŸ”†	badhanka dhalaalka, dhalaal, dhalaalka
ğŸ“¶	anteena, moobeel, taleefan, taleefoonka, xariiq, xariiqaha anteenada
ğŸ“³	gariirka, habka, habka gariirka, moobeel, taleefan, taleefoonka
ğŸ“´	dami, dami taleefoonka gacanta, mobeel, taleefan, taleefoonka
â™€ï¸	calaamad dheddig, haweeney
â™‚ï¸	calaamad lab, nin
âš§ï¸	calaamada laba dhidiga, laba dhidig
âœ–ï¸	baajiso, calaamadda isku dhufashada, isku dhufashada, ku dhufo, saxiix, x
â•	+, calaamadda isugeynta, lagu daray, saxiix, xisaab
â–	-, calaamad, calaamadda ka jar, ka jar, xisaab, âˆ’
â—	calaamad, calaamadda isu qaybinta, kala qaybinta, qaybi, xisaab, Ã·
ğŸŸ°	calaamado isku mid ah oo culus, sinnaanta, xisaabta
â™¾ï¸	aan xad lahayn, abid, guud ahaan, xad laâ€™aan
â€¼ï¸	!, !!, cajiib, calaamad, dhawaaq, laba calaamadood cajiib ah
â‰ï¸	!, !?, ?, cajiib, calaamad, calaamad cajiib suâ€™aal ah, suâ€™aal, xarakayn
â“ï¸	?, calaamad, calaamad suâ€™aal, suâ€™aal, xarakayn
â”	?, calaamad, ccalaamad suâ€™aal cad, kormaris, suâ€™aal, xarakayn
â•	!, cajiib, calaamad, calaamad cajiib cad, kormaris, xarakayn
â—ï¸	!, cajiib, calaamad, calaamad cajiib, xarakayn
ã€°ï¸	calaamadda qulqulka hirka oo kale, qaab hir oo kale, qulqulka hirka, xarakayn
ğŸ’±	bangi, lacag, sarif, sarifka lacagaha
ğŸ’²	calaamad doolar oo muujisan, calaamad doolar oo muujisn, doolar, lacag
âš•ï¸	calaamad caafimaad, daawo, dawo diineed hore ee Giriigga, shaqaale
â™»ï¸	calaamadda dib-u-warshadaynta, dib-u-warshadee
âšœ	saddex midnimada quduuska
ğŸ”±	astaan, astaanta garab, baroosiin, garab, markab, qalab
ğŸ“›	calaamad, calaamadda magaca, magac
ğŸ”°	calaamadda Jabbaaka ee dadka bilowga ah, caleen, darajada, qof bilow ah
â­•ï¸	cas, goobo, goobo cas dalool leh, o, weyn
âœ…	badhan, badhanka calaamadda sax, calaamad, calaamadee, âœ“
â˜‘ï¸	calaamadee, ku calaamadee sanduuqa sax, sanduuq, âœ“
âœ”ï¸	calaamad, calaamadee, ku calaamadee calaamad, âœ“
âŒ	baajiso, calaamadda iskutallaabta, isku dhufashada, iskutallaab, ku dhufo, sumad, x
â	afar jibaar, badhanka calaamadda iskutallaabta, calaamad, x, Ã—
â°	laab, laaban, laaban oo sargoâ€™an
â¿	laab, laban-laab, maroogsin sargoâ€™an oo laban-laab, maroogsin sargoâ€™an oo laban-laab ah, sargoâ€™an
ã€½ï¸	calaamad, qayb, qaybta calaamadda talantaalliga ah
âœ³ï¸	*, calaamad, siddeed geesood oo isku nooc u taaggan
âœ´ï¸	* xiddig siddeed geeslood oo tilmaama, xiddig, xiddig siddeed geeslood oo tilmaama
â‡ï¸	*, dhalaal
Â©ï¸	c, xuquuqda daabacaadda
Â®ï¸	diiwaan gashan, r
â„¢ï¸	sumadda, sumadda ganacsiga, sumaddaganacsiga, tm
ğŸ” 	ABCD, geli, geli xarfa weyn oo latin ah, latin, weyn, xuruuf
ğŸ”¡	abcd, geli, geli xarfo latin oo yar yar, latin, xuruuf, yar yar
ğŸ”¢	1234, geli, geli tirooyin, tirooyin
ğŸ”£	geli, geli calaamado, ã€’â™ª&%
ğŸ”¤	abc, alifbeeta, geli, geli xuruuf latin ah, latin, xuruuf
ğŸ…°ï¸	a, badhan (nooca dhiigga), nooca dhiigga
ğŸ†	AB badhan (nooca dhiigga), ab, nooca dhiigga
ğŸ…±ï¸	B badhan (nooca dhiigga), b, nooca dhiigga
ğŸ†‘	badhan CL, cl
ğŸ†’	badhanka QABOW, qabow
ğŸ†“	badhanka BILAASH AH, bilaash
â„¹ï¸	i, macluumaad
ğŸ†”	aqoonsi, badhanka ID-ga, id
â“‚ï¸	M goobaysan, goobee, m
ğŸ†•	badhanka CUSUB, cusub
ğŸ†–	badhanka NG, ng
ğŸ…¾ï¸	badhanka O (nooca dhiigga), nooca dhiigga, o
ğŸ†—	OK, badhanka OK
ğŸ…¿ï¸	badhanka P, gaari dhigasho
ğŸ†˜	SOS, badhanka SOS, caawi
ğŸ†™	badhanka KOR!, calaamad, kor
ğŸ†š	badhanka VS, kasoo horjeeda, vs
ğŸˆ	Jabbaanka, badhanka Jabbaanka â€œhalkanâ€, â€œhalkanâ€
ğŸˆ‚ï¸	Jabbaanka, badhanka â€˜â€˜lacagta adeeggaâ€™â€˜ ee Jabbaanka, katakana, â€˜â€˜lacagta adeeggaâ€™â€˜
ğŸˆ·	Jabbaanka, badhanka â€œqaddarka billaha ahâ€ ee Jabbaanka, fikrad-garafeed, â€œqaddarka billaha ahâ€
ğŸˆ¶	Jabbaanka, badhanka â€œma aha bilaashâ€ ee Jabbaanka, badhanka â€œqaddarka billaha ahâ€ ee Jabbaanka, fikrad-garafeed, â€œqaddarka billaha ahâ€
ğŸˆ¯	Jabbaanka, badhanka â€œkaydsanâ€ ee Jabbaanka, fikir-garafeed, â€œkaydsanâ€
ğŸ‰	Jabbaanka, badhanka â€˜â€˜gorgortanâ€™â€˜ ee Jabbaanka, fikir-garafeed, â€˜â€˜gorgortanâ€™â€˜
ğŸˆ¹	Jabbaanka, badhanka â€˜â€˜sicir-dhimisâ€™â€˜ ee Jabbaanka, fikir-garafeed, â€˜â€˜sicir-dhimisâ€™â€˜
ğŸˆš	Jabbaanka, badhanka â€˜â€˜waa bilaashâ€™â€˜ ee Jabbaanka, fikir-garafeed, â€˜â€˜waa bilaashâ€™â€˜
ğŸˆ²	Jabbaanka, badhanka â€˜â€˜mamnuucâ€™â€˜ ee Jabbaanka, badhanka â€˜â€˜waa bilaashâ€™â€˜ ee Jabbaanka, fikir-garafeed, â€˜â€˜waa bilaashâ€™â€˜
ğŸ‰‘	Jabbaanka, badhanka â€˜â€˜la aqbali karoâ€™â€˜ ee Jabbaanka, fikir-garafeed, â€˜â€˜la aqbali karoâ€™â€˜
ğŸˆ¸	Jabbaanka, badhanka â€˜â€˜codsigaâ€™â€˜ ee Jabbaanka, fikir-garafeed, â€˜â€˜codsigaâ€™â€˜
ğŸˆ´	Jabbaanka, badhanka â€˜â€˜darajada baasitaankaâ€™â€˜ ee Jabbaanka, fikir-garafeed, â€˜â€˜darajada baasitaankaâ€™â€˜
ğŸˆ³	Jabbaanka, badhanka â€˜â€˜bannaanâ€™â€˜ ee Jabbaanka, fikir-garafeed, â€˜â€˜bannaanâ€™â€˜
ãŠ—ï¸	Jabbaanka, badhanka â€˜â€˜hambalyoâ€™â€˜ ee Jabbaanka, fikir-garafeed, â€˜â€˜hambalyoâ€™â€˜
ãŠ™ï¸	Jabbaanka, badhanka â€˜â€˜sirâ€™â€˜ ee Jabbaanka, fikir-garafeed, â€˜â€˜sirâ€™â€˜
ğŸˆº	Jabbaanka, badhanka â€˜â€˜u furan ganacsiâ€™â€˜ ee Jabbaanka, fikir-garafeed, â€˜â€˜u furan ganacsiâ€™â€˜
ğŸˆµ	Jabbaanka, badhanka â€˜â€˜ma bannaanaâ€™â€˜ ee Jabbaanka, fikir-garafeed, â€˜â€˜ma bannaanaâ€™â€˜
ğŸ”´	cas, goobada cas, goobo, joometriyeed
ğŸŸ 	goobada oranjiga ah, goobo, oranji
ğŸŸ¡	goobada jaallaha ah, goobo, jaalle
ğŸŸ¢	caggaar, goobada caggaarka ah, goobo
ğŸ”µ	buluug, goobada buluugga, goobo, joometriyeed
ğŸŸ£	buluug-guduud, goobada buluug-guduudka ah, goobo
ğŸŸ¤	bunni, goobada bunniga ah, goobo
âš«ï¸	goobo, goobo madow, joometriyeed
âšªï¸	goobo, goobo cad, joometriyeed
ğŸŸ¥	afar gees, afar geeska casaanka ah, casaan
ğŸŸ§	afar geeska, afar geeska oranjiga ah, oranjiga
ğŸŸ¨	afar gees, afar geeska jaalaha, jaalle
ğŸŸ©	afar gees, afar geeska caggaarka ah, caggaar
ğŸŸ¦	afar gees, afar geeska buluugga ah, buluug
ğŸŸª	afar gees, afar geeska buluug-guduudka ah, buluug-guduud
ğŸŸ«	afar gees, afar geeska bunniga ah, bunni
â¬›ï¸	afar gees, afar gees weyn oo madow, joometriyeed
â¬œï¸	afar gees, afar gees weyn oo cad, joometriyeed
â—¼ï¸	afar gees, afar gees dhexdhexaad oo madow, joometriyeed
â—»ï¸	afar gees, afar gees dhexdhexaad oo cad, joometriyeed
â—¾ï¸	afar gees, afar gees dhexdhexaad oo madow, afar gees dhexdhexaad yar oo madow, joometriyeed
â—½ï¸	afar gees, afar gees dhexdhexaad yar oo cad, joometriyeed
â–ªï¸	afar gees, afar gees yar oo madow, joometriyeed
â–«ï¸	afar gees, afar gees yar oo cad, joometriyeed
ğŸ”¶	dheeman, dheeman weyn oo oranji ah, joometriyeed, oranji
ğŸ”·	buluug, dheeman, dheeman weyn oo buluug ah, joometriyeed
ğŸ”¸	dheeman, dheeman yar oo oranji ah, joometriyeed, oranji
ğŸ”¹	buluug, dheeman, dheeman yar oo buluug ah, joometriyeed
ğŸ”º	cas, joometriyeed, saddex xaggale cas oo kor tilmaamaya
ğŸ”»	cas, hoos, joometriyeed, saddex xaggale cas oo hoos tilmaamaya
ğŸ’ 	dheeman, dheeman aan lahayn dhibic, dheeman leh dhibic, gudaha, joometriyeed, majaajilo
ğŸ”˜	badhan, badhan raadiye, joometriyeed, raadiye
ğŸ”³	afar gees, badhan, badhan afar gees ah oo cad, badhan afar gees oo cad, joometriyeed, sharaxan
ğŸ”²	afar gees, badhan, badhan afar gees ah oo madow, joometriyeed
ğŸ	calanka la saxay, hubin, la saxay, tartanka
ğŸš©	boostada, calanka saddex-geesoodka
ğŸŒ	Japanese, calanka ka gudba, dabaal dag, gudub, ka gudbay
ğŸ´	calanka madoow, luxanaaya
ğŸ³ï¸	calanka cad, luxanaaya
ğŸ³â€ğŸŒˆ	calanka qaanso roobeed, qaanso roobeed
ğŸ³â€âš§	baluug qafiif ah, binki, cadaan, calan, calanka laba dhidiga, laba dhadig
ğŸ´â€â˜ 	Jolly Roger, burcad badeed, calanka burcad badeedda, dhaca, khasnadda
Â¤	Lacag aan la aqoon
Â¢	senti
$	USD, beeso, doolar, lacag
Â£	EGP, GBP, lacag, pound, Â´lacagta ingiriska laga isticmaalo
Â¥	CNY, JPY, currency, lacagta yen, yen, yuan
Ö	Daraamka Armeniya
Ø‹	Afgan Afgani
à§³	Taka Bangledesh
à¸¿	Baatka Taylaan
áŸ›	Riyf kambodiya
â‚¡	Kolonka Kosta Riika
â‚¥	mil, mill
â‚¦	Nairada Neyjeeriya
â‚©	KPW, KRW, guulaystay, won
â‚ª	Niyuu Shekelka Israaiil
â‚«	Dongta Fitnaam
â‚¬	EUR, lacag, yuuro
â‚­	Kib Laoti
â‚®	Tugrikta Mongoliya
â‚±	beeso
â‚²	Guranida Baraguway
â‚´	Hirfiniyada Yukreeyn
â‚µ	Sedida Gana
â‚¸	Tengeda Kasakhstan
â‚¹	lacagta, rubiis, rubiiska hindiya
â‚º	Liirada Turkiga
â‚¼	Manaata Asarbeyjan
â‚½	cutub lacageedka raashiya, lacagta
â‚¾	Laariga Joorjiya
â‚¿	BTC, bitkoyn
Â¹	calaamada koobaad, mid, qoraalka sare
Â²	calaamada labaad, laba, laba jibbaaran, qoraalka sare
Â³	calaamda sadexaad, la saddex jibaaray, qoraalka sare, saddex
Âµ	astaanta micro, cabir
ğŸ»	jidh, jidh fudud, nooc 1â€“2
ğŸ¼	jidh, jidh fudud oo dhexe, nooc 3
ğŸ½	jidh, jidh nooc dhexe, nooc 4
ğŸ¾	jidh, jidh nooc madaw oo dhexe, nooc 5
ğŸ¿	jidh, jidh madaw, nooc 6
