‾	барзиёд
‽	interrobang
‸	карате
⁂	астеризм
😀	рӯи хандон, рӯй, фарох табассум кардан
😃	даҳон, кушода, рӯи хандон бо даҳони кушода, рӯй, табассум
😄	даҳон, кушода, рӯи хандон бо даҳони кушода ва чашмони хандон, рӯй, табассум, чашм
😁	рӯй, табассум кардан, фарох табассум кардан, чашм, чеҳраи писхандкунанда бо чашмони табассумкунанда
😆	даҳон, кушода, рӯи хандон бо даҳони кушода ва чашмони пӯшида, рӯй, табассум, ханда, қонеъ
😅	арақ, кушода, рӯи хандон бо даҳони кушода ва арақи хунук, рӯй, табассум, хунук
🤣	аз ханда рӯдакан шудан, даврзананда, рӯй, фарш, хандидан
😂	ашк, рӯи бо ашкҳои хурсандӣ, рӯй, хандидан, хурсандӣ
🙂	рӯй, табассум, тӯи каме хандон
🙃	Рӯй, рӯи сарчаппа, сарчаппа
😉	рӯи чашмакзананда, рӯй, чашмакзанӣ
😊	рӯи хандон бо чашмони хандон, рӯй, табассум, хиҷолат, чашм
😇	афсона, бегуноҳ, малоика, рӯи хандон бо ҳола, рӯй, табассум, тахайюлот, ҳола
😍	муҳаббат, рӯи хандон бо чашмони дилмонанд, рӯй, табассум, чашм
🤩	дарди ситорашавӣ, писханда, рӯй, ситора, чашмҳо
😘	бӯса, рӯи бӯсаи ҳавоӣ равонкунанда, рӯй
😗	бӯса, рӯи бӯсакунанда, рӯй
☺️	ором, рӯи табассумкунанда, рӯй, табассум, хаткашида
😚	бӯса, пӯшида, рӯи бӯсакунанда бо чашмони пӯшида, рӯй, чашм
😙	бӯса, рӯи бӯсакунанда бо чашмони хандон, рӯй, табассум, чашм
😋	бомаза, маза карда хӯрдан, ммм, ням, рӯе, ки ғизои бомазаро маза карда хӯрда истодааст, рӯй, табассум
😛	забон, рӯй, рӯй бо забони баровардашуда
😜	забон, рӯй, рӯй бо забони баровардашуда ва чашми чашмакизананда, чашм, чашмакизанӣ, шӯхӣ
🤪	калон, рӯи девона, хурд, чашм
😝	даҳшатнок, забон, маза, рӯй, рӯй бо забони баровардашуда ва чашмони пӯшида, чашм
🤑	даҳон, пул, рӯи дорои даҳони пулӣ, рӯй
🤗	оғӯш кардан, оғӯшкунанда, рӯи оғӯшкунанда, рӯй
🤭	рӯй бо даст дар болои даҳон, ҳоп
🤫	ором кардан, рӯи хомӯшкунанда, хомӯш
🤔	андешакунӣ, рӯи аднешакунанда, рӯй
🤐	даҳон, занҷирак, рӯи дорои даҳони заҷиракдор, рӯй
🤨	нобоварӣ, рӯе, ки қошҳояш бардошта шудааст, шаккок
😐️	нейтралӣ, рӯи карахт, рӯи нейтралӣ, рӯй
😑	беифода, нобурро, ногуфтанӣ, рӯи беифода, рӯй
😶	бесадо, даҳон, рӯи бедаҳон, рӯй, хомӯш
😏	писханда, рӯи писхандакунанда, рӯй
😒	зиқ, норозӣ, рӯи норозӣ, рӯй
🙄	даврзанӣ, рӯй, рӯй бо чашмони даврзананда, чашмҳо
😬	рӯи туршкунанда, рӯй, рӯй туршкунӣ
🤥	пиноккио, рӯи дурӯғгӯ, рӯй, хобидан
😌	бароҳат, рӯи бароҳат, рӯй
😔	андуҳгин, рӯи андуҳгин, рӯй, ғамзада
😪	рӯи хоболуд, рӯй, хоб кардан
🤤	оби даҳон чакидаистода, рӯи оби даҳон чакидаистода, рӯй
😴	рӯи хуфта, рӯй, хоб кардан, ххх
😷	дору, духтур, касал, ниқоб, рӯй, рӯй бо ниқоби тиббӣ, хунук
🤒	бемор, касал, рӯй, рӯй бо ҳароратсанҷ, ҳароратсанҷ
🤕	бандина, зарар расондан, осеб, рӯй, рӯй бо бандинаи сар
🤢	дилбеҳузуршуда, партофтан, рӯи дилбеҳузурӣ, рӯй
🤮	бемор, партофтан, рӯи партофта истода
🤧	Рӯи атсазананда, атса задан, рӯй, саломат бошед
😵	рӯи сарчархзанӣ, рӯй, сарчархзанӣ
🤯	сари тарканда, шигифтазада
🤠	ковбой, кулоҳ, рӯи дорои кулоҳи ковбой, рӯй, чӯпондухтар
😎	айнак, айнаки муҳофизатӣ, айнаки офтобӣ, офтоб, равшан, рӯи хандон бо айнаки офтобӣ, рӯй, салқин, табассум, чашм
🤓	доно, рӯи соддалавҳ, рӯй, соддалавҳ
🧐	нафасгир, рӯй бо айнаки якчашма
😕	ошуфта, рӯи ошуфта, рӯй
😟	мушавваш, рӯи мушавваш, рӯй
🙁	рӯи каме қавоқандохта, рӯй, қавоқ андохтан
☹️	рӯи қавоқандохта, рӯй, қавоқ андохтан
😮	даҳон, кушода, рӯй, рӯй бо даҳони кушода, ҳусни таваҷҷуҳ
😯	рӯи хомӯш, рӯй, хомӯшшуда, шах шудамонда, ҳайрон
😲	баҳайратафтода, рӯи ҳайрон, рӯй, тамоман, ҳайрон
😳	мабҳут, рӯи сурхшуда, рӯй, сурхшуда
😦	даҳон, кушода, рӯи турш бо даҳони кушода, рӯй, қавоқ андохтан
😧	дилтанг, рӯи дилтанг, рӯй
😨	рӯи тарсон, рӯй, тарс, тарсон, ҳаросида
😰	даҳон, кабуд, кушода, рӯи бо даҳони кушода ва арақи хунук, рӯй, саросема, хунук
😥	бароҳат, рӯй, фуҳ, ғамгин, ғамгин, вале рӯи бароҳат
😢	ашк, гиря, зиқ, рӯи гирён, рӯй
😭	ашк, гиря, зиқ, рӯи баланд гириста истода, рӯй, ҳиқ-ҳиқ карда гиря кардан
😱	дод задан, рӯи аз тарс дод задаистода, рӯй, тарс, тарсон, чалп-чалп хӯрдан, ҳаросида
😖	рӯи хиҷил, рӯй, хиҷил
😣	истодагарӣ кардан, рӯи истодагарикунанда, рӯй
😞	рӯи ғамгин, рӯй, ғамгин
😓	арақ, рӯй, рӯй бо арақи хунук, хунук
😩	афгор, рӯи афгор, рӯй, хаста
😫	рӯи хаста, рӯй, хаста
😤	бурд, музаффарият, рӯй, рӯй бо дуд аз бинӣ
😡	бадқавоқ, девона, рӯи бадқавоқ, рӯй, сурх, хашм, хашмгин
😠	девона, рӯи хашмгин, рӯй, хашмгин
🤬	рӯй бо аломатҳо дар болои даҳон, қасам хӯрда истода
😈	афсона, рӯи хандон бо шохҳо, рӯй, табассум, тахайюлот, шохҳо
👿	афсона, дев, рӯи хашмгин бо шохҳо, рӯй, тахайюлот, шайтон, шайтонча
💀	афсона, аъҷуба, косахонаи сар, марг, рӯй
☠️	аъҷуба, косахонаи сар, косахонаи сар ва устухонҳо дар шакли салиб, марг, рӯй, устухонҳо дар шакли салиб
💩	ахлот, аъҷуба, гуҳ, мазҳакавӣ, пору, рӯй, тӯдаи гуҳ
🤡	масхарабоз, рӯи масхарабоз, рӯй
👹	афсона, аъҷуба, махлуқ, одамхӯр, рӯй, тахайюлот
👺	афсона, аъҷуба, аҷинаи хона, махлуқ, рӯй, тахайюлот
👻	афсона, аъҷуба, махлуқ, руҳ, рӯй, тахайюлот
👽️	афсона, аъҷуба, бегона, берун аз Замин, лаълии паррон, махлуқ, рӯй, тахайюлот
👾	афсона, аъҷуба, аъҷубаи бегона, бегона, берун аз Замин, лаълии паррон, махлуқ, рӯй, тахайюлот
🤖	аъҷуба, робот, рӯи робот, рӯй
😺	гурба, даҳон, кушода, рӯи гурбаи хандон бо даҳони кушода, рӯй, табассум
😸	гурба, рӯи писхандакунандаи гурба бо чашмони хандон, рӯй, табассум кардан, фарох табассум кардан
😹	ашк, гурба, рӯи гурба бо ашки хурсандӣ, рӯй, хурсандӣ
😻	гурба, муҳаббат, рӯи хандони гурба бо чашмони дилмонанд, рӯй, табассум, чашм
😼	гурба, истеҳзоомез, каҷ, рӯи гурба бо табассуми каҷ, рӯй, табассум
😽	бӯса, гурба, рӯи бӯсакунандаи гурба бо чашмони пӯшида, рӯй, чашм
🙀	афгор, гурба, оҳ, рӯи афгори гурба, рӯй, ҳайрон
😿	ашк, гиря, гурба, зиқ, рӯи гирёни гурба, рӯй
😾	бадқавоқ, гурба, рӯи бадқавоқи гурба, рӯй
🙈	бад, дидан, имову ишора, маймун, маймуне, ки бадиро намебинад, мамнуъ, манъшуда, не, рӯй
🙉	бад, имову ишора, маймун, маймуне, ки бадиро намешунавад, мамнуъ, манъшуда, не, рӯй, шунидан
🙊	бад, гап задан, имову ишора, маймун, маймуне, ки гапи бад намезанад, мамнуъ, манъшуда, не, рӯй
💋	бӯса, лабҳо, нишонаи бӯса
💌	дил, мактуб, мактуби ошиқӣ, муҳаббат, почта
💘	амур, дил бо тир, тир
💝	валентин, дил бо лента, лента
💖	дили ҷилодор, ҳаяҷон, ҷило додан
💗	асабӣ, дили афзоянда, калон шуда истода, набз, ҳаяҷон
💓	дили тапишзананда, тапидан, тапишзанӣ, тапиши дил
💞	даврзананда, дилҳои даврзананда
💕	ду дил, муҳаббат
💟	дил, ороиши дил
❣️	аломат, аломатҳои китобатӣ, хитоб, хитоби дили вазнин
💔	дили шикаста, шикаста, шикастан
❤️	дил, дили сурх
🧡	дили норанҷӣ, норанҷӣ
💛	дили зард, зард
💚	дили сабз, сабз
💙	дили кабуд, кабуд
💜	арғувонӣ, дили арғувонӣ
🖤	бад, дили сиёҳ, сиёҳ, шарир
💯	100, пурра, сад, сад хол, хол
💢	аломати ғазаб, девона, мазҳакавӣ, хашмгин
💥	бархӯрд, бум, мазҳакавӣ
💫	мазҳакавӣ, сархчархзанӣ, ситора
💦	арақ, мазҳакавӣ, пош хӯрдаистода, қатраҳои арақ
💨	гурехтан, давидаистода, мазҳакавӣ, тез гурехтан
🕳️	сурох
💣️	бомба, мазҳакавӣ
💬	балон, мазҳакавӣ, муколама, нутқ, ҳубоб, ҳубоби нутқ
👁‍🗨	чашм, чашм дар ҳуббоби гуфтугӯ, шоҳид, ҳуббоби гуфтугӯ
🗨️	муколама, нутқ, ҳубоби чапи гуфтугӯ
🗯️	балон, девона, хашмгин, ҳубоб, ҳубоби рости ғазаб
💭	балон, мазҳакавӣ, фикр, ҳубоб, ҳубоби андеша
💤	мазҳакавӣ, хоб кардан, ххх
👋	даст, мавҷ, ҳаракати пешу қафо, ҳаракати пешу қафои даст
🤚	бардошташуда, пушти даст, пушти дасти бардошташуда
🖐️	ангушт, даст, дасти бардошта бо ангуштони паҳнкарда, паҳнкарда
✋	даст, дасти бардошта
🖖	аланга, ангушт, даст, ишораи спок, саломдиҳии вулқонӣ
👌	Дасти ОК, ОК, даст
✌️	v, даст, дасти зафар, зафар
🤞	ангушт, ангуштони ба ҳам гузошташуда, даст, муваффақият, салиб
🤟	ILY, даст, имову ишораи "Туро дӯст медорам"
🤘	ангушт, даст, ишораи ду шох, ишораи шохҳо, шохҳо
🤙	ба ман занг занед, даст, занг
👈️	ангушт, ангушти ишорат ба тарафи чап ишора карда истода, даст, нишондиҳанда, нуқта, пушти даст
👉️	ангушт, ангушти ишорат ба тарафи рост ишора карда истода, даст, нишондиҳанда, нуқта, пушти даст
👆️	ангушт, боло, даст, нишондиҳанда, пушти даст, пушти даст ангушти ишорат ба боло ишора карда истода
🖕	ангушт, ангушти байн, даст
👇️	ангушт, ангушти ишорат ба поён ишора карда истода, даст, нишондиҳанда, нуқта, поён, пушти даст
☝️	ангушт, ангушти ишорат ба боло ишора карда истода, боло, даст, нишондиҳанда, нуқта
👍️	+1, боло, даст, нарангушт, хуб
👎️	-1, бад, даст, нарангушт, поён
✊	даст, мушт, мушт задан, мушти бардошта, фушурдашуда
👊	даст, мушт, мушт задан, мушти муқобил, фушурдашуда
🤛	ба тарафи чап, мушт, мушт аз тарафи чап
🤜	ба тарафи рост, мушт, мушти тарафи рост
👏	даст, дастҳои қарсакзананда, қарсак задан
🙌	бардошта, даст, дастҳои бардоштаистода, имову ишора, ура, ҷашн
👐	даст, дастҳои кушода, кушода
🤲	дастҳо якҷоя боло, дуо
🤝	вохӯрӣ, даст, дастфишурӣ, дастфишӯрӣ, созишнома, фишурдан
🙏	даст, дастҳои қат кардашуда, дуо кардан, имову ишора, лутфан, пурсидан, ташаккур, хам шудан, қат кардашуда
✍️	даст, дасти навишта истода, навиштан
💅	косметика, лок, лок барои нохунҳо, маникюр, нохун, ғамхорӣ
🤳	камера, селфи, телефон
💪	битсепс, мазҳакавӣ, мушак, мушаки битсепси қат кардашуда, қат кардан
👂️	бадан, гуш
👃	бадан, бинӣ
🧠	доно, майнаи сар
👀	рӯй, чашм, чашмон
👁️	бадан, чашм
👅	бадан, забон
👄	даҳон, лабҳо
👶	кӯдак, тифл, ҷавон
🧒	баробарии ҷинсҳо, кӯдак, ҷавон
👦	писар, ҷавон
👧	Сунбула, бурҷи дувоздаҳгона, духтар, ҷавон
🧑	баробарии ҷинсҳо, калонсол
👱	зардинамӯй, шахси зардинамӯй
👨	мард
🧔	риш, шахси ришдор
👱‍♂	зардинамӯй, мард, марди зардинамӯй
👩	зан
👱‍♀	зан, зани зардинамӯй, зардинамӯй
🧓	баробарии ҷинсҳо, калонсоли пир, пир
👴	мард, марди пир, пир
👵	зан, зани пир, пир
🙍	имову ишора, шахсе, ки қавоқ андохта истодааст, қавоқ андохтан
🙍‍♂	имову ишора, мард, марде, ки қавоқ андохта истодааст, қавоқандозӣ
🙍‍♀	зан, зане, ки қавоқ андохта истодааст, имову ишора, қавоқандозӣ
🙎	имову ишора, каҷкунии лаб, шахсе, ки лабҳояшро каҷ карда истодааст
🙎‍♂	имову ишора, каҷкунии лаб, мард, марде, ки лабҳояшро каҷ карда истодааст
🙎‍♀	зан, зане, ки лабҳояшро каҷ карда истодааст, имову ишора, каҷкунии лаб
🙅	даст, имову ишора, мамнуъ, манъшуда, не, шахсе, ки "НЕ" ишора карда истодааст
🙅‍♂	даст, имову ишора, мамнуъ, манъшуда, мард, марде, ки "НЕ" ишора карда истодааст, не
🙅‍♀	даст, зан, зане, ки "НЕ" ишора карда истодааст, имову ишора, мамнуъ, манъшуда, не
🙆	ОК, даст, имову ишора, шахсе, ки "ОК" ишора карда истодааст
🙆‍♂	ОК, даст, имову ишора, мард, марде, ки "ОК" ишора карда истодааст
🙆‍♀	ОК, даст, зан, зане, ки "ОК" ишора карда истодааст, имову ишора
💁	густох, даст, кӯмак, маълумот, чаппакунӣ, шахсе, ки бо дасташ ишора карда истодааст
💁‍♂	густох, дасти ишоракунанда, мард, марде, ки бо дасташ ишора карда истодааст
💁‍♀	густох, дасти ишоракунанда, зан, зане, ки бо дасташ ишора карда истодааст
🙋	бардошта, даст, имову ишора, хурсанд, шахсе, ки дасташро бардошта истодааст
🙋‍♂	дасти бардошта, имову ишора, мард, марде, ки дасташро бардошта истодааст
🙋‍♀	дасти бардошта, зан, зане, ки дасташро бардошта истодааст, имову ишора
🙇	бахшиш, имову ишора, узр, хам шудан, шахсе, ки хам шуда истодааст
🙇‍♂	бахшиш, имову ишора, лутф, мард, марде, ки хам шуда истодааст, узр, хам шуда истода
🙇‍♀	бахшиш, зан, зане, ки хам шуда истодааст, имову ишора, лутф, узр, хам шуда истода
🤦	кафи даст, нобоварӣ, рӯй, хашмгинӣ, шахсе, ки рӯяшро бо дастонаш пӯшида истодааст
🤦‍♂	мард, марде, ки рӯяшро бо дастонаш пӯшида истодааст, нобоварӣ, пӯшидани рӯй бо дастон, хашмгинӣ
🤦‍♀	зан, зане, ки рӯяшро бо дастонаш пӯшида истодааст, нобоварӣ, пӯшидани рӯй бо дастон, хашмгинӣ
🤷	бепарвоӣ, китф афшондан, нодонӣ, шахсе, ки китф афшонда истодааст, шубҳа
🤷‍♂	бепарвоӣ, китф афшондан, мард, марде, ки китф афшонда истодааст, нодонӣ, шубҳа
🤷‍♀	бепарвоӣ, зан, зане, ки китф афшонда истодааст, китф афшондан, нодонӣ, шубҳа
👨‍⚕	духтур, мард, марди корманди тандурустӣ, нигоҳдории тандурустӣ, терапевт, ҳамшираи шавқат
👩‍⚕	духтур, зан, зани корманди тандурустӣ, нигоҳдории тандурустӣ, терапевт, ҳамшираи шавқат
👨‍🎓	донишҷӯ, мард, марди донишҷӯ, хатмкунанда
👩‍🎓	донишҷӯ, зан, зани донишҷӯ, хатмкунанда
👨‍🏫	дастурдиҳанда, мард, марди муаллим, муаллим, профессор
👩‍🏫	дастурдиҳанда, зан, зани муаллим, муаллим, профессор
👨‍⚖	адолат, мард, марди судя, тарозу
👩‍⚖	зан, зани судя, судя, тарозу
👨‍🌾	боғбон, мард, марди фермер, соҳиби фермаи чорво, фермер
👩‍🌾	боғбон, зан, зани фермер, соҳиби фермаи чорво, фермер
👨‍🍳	мард, марди ошпаз, ошпаз, сардори ошпазон
👩‍🍳	зан, зани ошпаз, ошпаз, сардори ошпазон
👨‍🔧	водопроводчӣ, мард, марди механик, механик, савдогар, устои барқ
👩‍🔧	водопроводчӣ, зан, зани механик, механик, савдогар, устои барқ
👨‍🏭	ассамблея, коргар, мард, марди коргари фабрика, саноатӣ, фабрика
👩‍🏭	ассамблея, зан, зани коргари фабрика, коргар, саноатӣ, фабрика
👨‍💼	идора, корманди илмӣ, мард, марди корманди идора, меъмор, мудир, соҳибкорӣ
👩‍💼	зан, зани корманди идора, идора, корманди илмӣ, меъмор, мудир, соҳибкорӣ
👨‍🔬	биолог, кимиёшинос, мард, марди олим, математик, муҳандис, олим, физик
👩‍🔬	биолог, зан, зани олим, кимиёшинос, математик, муҳандис, олим, физик
👨‍💻	барномасоз, ихтироъкор, ман, марди технолог, нармафзор, таҳиягар, технолог
👩‍💻	барномасоз, зан, зани технолог, ихтироъкор, нармафзор, таҳиягар, технолог
👨‍🎤	корманди санъат, мард, марди сароянда, рок, сароянда, ситора, ҳунарманд
👩‍🎤	зан, зани сароянда, корманди санъат, рок, сароянда, ситора, ҳунарманд
👨‍🎨	лавҳачаи рассомӣ, мард, марди рассом, рассом
👩‍🎨	зан, зани рассом, лавҳачаи рассомӣ, рассом
👨‍✈	мард, марди халабон, халабон, ҳавопаймо
👩‍✈	зан, зани халабон, халабон, ҳавопаймо
👨‍🚀	кайҳоннавард, мард, марди кайҳоннавард, ракета
👩‍🚀	зан, зани кайҳоннавард, кайҳоннавард, ракета
👨‍🚒	мард, марди сӯхторхомӯшкун, мошини сӯхторхомӯшкунӣ, сӯхторхомӯшкун
👩‍🚒	зан, зани сӯхторхомӯшкун, мошини сухторхомӯшкунӣ, сӯхторхомӯшкун
👮	афсар, афсари пулис, милиса, пулис
👮‍♂	афсар, мард, марди афсари пулис, милиса, пулис
👮‍♀	афсар, зан, зани афсари пулис, милиса, пулис
🕵️	детектив, ҷосус, ҷӯянда
🕵‍♂	детектив, мард, марди детектив, ҷосус, ҷӯянда
🕵‍♀	детектив, зан, зани детектив, ҷосус, ҷӯянда
💂	посбон
💂‍♂	мард, марди посбон, посбон
💂‍♀	зан, зани посбон, посбон
👷	коргар, коргари сохтмон, сарпӯш, сохтмон
👷‍♂	коргар, мард, марди коргари сохтмон, сохтмон
👷‍♀	зан, зани коргари сохтмон, коргар, сохтмон
🤴	шоҳзода
👸	афсона, тахайюлот, шоҳдухтар
👳	салла, шахсе, ки дар сар салла дорад
👳‍♂	мард, марде, ки дар сар салла дорад, салла
👳‍♀	зан, зане, ки дар сар салла дорад, салла
👲	гуа пи мао, мард, мард бо сарпӯши хитоӣ, сарпӯш
🧕	зан бо рӯймол, мантиля, рӯймол, тикл, ҳиҷоб
🤵	домод, мард, мард бо смокинг, смокинг
👰	арӯс, арӯс бо сарандоз, сарандоз, тӯй
🤰	зан, зани ҳомила, ҳомила
🤱	сина, синамакконӣ, тифл, ширмакконӣ
👼	афсона, кӯдак, кӯдаки фаришта, малоика, рӯй, тахайюлот
🎅	бобои барфӣ, клаус, мавлуди Исо, падар, санта, ҷашн
🤶	Мавлуди Исо, Хонум Клаус, клаус, модар, хонум, ҷашн
🧙	зани афсунгар, коҳин, марди афсунгар, соҳир, ҷодугар
🧙‍♂	марди афсунгар, марди коҳин, соҳир
🧙‍♀	зани афсунгар, зани коҳин, ҷодугар
🧚	Оберон, Парии бад, Титания, парӣ
🧚‍♂	Оберон, Парии бад, парии мард
🧚‍♀	Титания, парии зан
🧛	Дракула, вампир, вампирҳо
🧛‍♂	Дракула, вампирҳо, мардии вампир
🧛‍♀	вампирҳо, зани вампир
🧜	марди обӣ, парии обӣ, шахси обӣ
🧜‍♂	Самандар, марди обӣ
🧜‍♀	парии обӣ
🧝	пакана, соҳирӣ
🧝‍♂	марди пакана, соҳирӣ
🧝‍♀	зани пакана, соҳирӣ
🧞	ҷин
🧞‍♂	марди ҷин, ҷин
🧞‍♀	зани ҷин, ҷин
🧟	вампирҳо, зомби, мурдаҳои роҳгард
🧟‍♂	вампирҳо, марди зомби, мурдаҳои роҳгард
🧟‍♀	вампирҳо, зани зомби, мурдаҳои роҳгард
💆	паём, рӯй, толор, шахсе, ки паём гирифта истодааст
💆‍♂	мард, марде, ки паём гирифта истодааст, паём, рӯй
💆‍♀	зан, зане, ки паём гирифта истодааст, паём, рӯй
💇	кабинет, мӯйгирӣ, сартарош, шахсе, ки мӯи сарашро гирифта истодааст, ҳусн
💇‍♂	мард, марде, ки мӯи сарашро гирифта истодааст, мӯйгирӣ
💇‍♀	зан, зане, ки мӯи сарашро гирифта истодааст, мӯйгирӣ
🚶	роҳ гаштан, роҳгардӣ, саёҳат кардан, шахсе, ки роҳ гашта истодааст
🚶‍♂	мард, марде, роҳ гашта истодааст, роҳ гаштан, саёҳат кардан
🚶‍♀	зан, зане, роҳ гашта истодааст, роҳ гаштан, саёҳат кардан
🏃	давида истода, марафон, шахсе, ки давида истодааст
🏃‍♂	давида истода, марафон, мард, марде, ки давида истодааст, пойга
🏃‍♀	давида истода, зан, зане, ки давида истодааст, марафон, пойга
💃	зане, зане, ки рақс карда истодааст, рақс кардан
🕺	мард, марде, ки рақс карда истодааст, рақс
🕴️	костюм, мард, марде, ки бо костюми корӣ баланд шуда истодааст, соҳибкорӣ
👯	гӯшҳои харгӯш, нафарони бо гӯшҳои харгӯш хурсандӣ карда истода, раққос, хурсандӣ кардан
👯‍♂	гӯшҳои харгӯш, мардон, мардони бо гӯшҳои харгӯш хурсандӣ карда истода, раққос, хурсандӣ кардан
👯‍♀	гӯшҳои харгӯш, занони бо гӯшҳои харгӯш хурсандӣ карда истода, занҳо, раққос, хурсандӣ кардан
🧖	сауна, шахсе дар ҳуҷраи буғ, ҳуҷраи буғ
🧖‍♂	марде дар ҳуҷраи буғ, сауна, ҳуҷраи буғ
🧖‍♀	зане дар ҳуҷраи буғ, сауна, ҳуҷраи буғ
🧗	кӯҳнавард, шахсе, ки баромада истодааст
🧗‍♂	кӯҳнавард, марде, ки баромада истодааст
🧗‍♀	зане, ки баромада истодааст, кӯҳнавард
🤺	шамшер, шамшербоз, шамшербозӣ, шахси шамшербозӣ карда истода
🏇	асп, аспдавонӣ, аспи пойга, пойга, човандоз
⛷️	барф, лижа, лижарон
🏂️	барф, лижа, сноуборд, сноубордист
🏌️	голф, тӯбча, шахсе, ки голф бозӣ карда истодааст
🏌‍♂	голф, мард, марде, ки голф бозӣ карда истодааст
🏌‍♀	голф, зан, зане, ки голф бозӣ карда истодааст
🏄️	серфинг, шахси серфинг карда истода
🏄‍♂	мард, марде, ки серфинг карда истодаастмард, серфинг
🏄‍♀	зан, зане, ки серфинг карда истодааст, серфинг
🚣	шахси қаиқронӣ карда истода, қаиқ, қаиқи белдор
🚣‍♂	мард, марди қаиқронӣ карда истода, қаиқ, қаиқи белдор
🚣‍♀	зан, зани қаиқронӣ карда истода, қаиқ, қаиқи белдор
🏊️	шахси шино карда истода, шино кардан
🏊‍♂	мард, марди шино карда истода, шино кардан
🏊‍♀	зан, зани шино карда истода, шино кардан
⛹️	тӯб, шахсе, ки тӯбро ба замин зада истодааст
⛹‍♂	мард, марде, ки тӯбро ба замин зада истодааст, тӯб
⛹‍♀	зан, зане, ки тӯбро ба замин зада истодааст, тӯб
🏋️	борбардор, вазн, шахсе, ки бор мебардорад
🏋‍♂	борбардор, мард, марде, ки бор мебардорад
🏋‍♀	борбардор, зан, зане, ки бор мебардорад
🚴	велосипед, велосипедрон, велосипедронӣ, шахси велосипедронӣ карда истода
🚴‍♂	велосипед, велосипедрон, велосипедронӣ, мард, марди велосипедронӣ карда истода
🚴‍♀	велосипед, велосипедрон, велосипедронӣ, зан, зани велосипедронӣ карда истода
🚵	велосипед, велосипедрон, куҳ, шахси дар куҳ велосипедронӣ карда истода
🚵‍♂	велосипед, велосипедрон, куҳ, мард, марди дар куҳ велосипедронӣ карда истода
🚵‍♀	велосипед, велосипедрон, велосипедронӣ, зан, зани дар куҳ велосипедронӣ карда истода, куҳ
🤸	гимнастика, чарх, шахси чарх зада истода
🤸‍♂	гимнастика, мард, марди чарх зада истода, чарх
🤸‍♀	гимнастика, зан, зани чарх зада истода, чарх
🤼	гуштин, гуштингир, нафарони гуштингирӣ карда истода
🤼‍♂	гуштин, мардон, мардон гуштингирӣ карда истодаанд
🤼‍♀	гуштин, занон, занон гуштингирӣ карда истодаанд
🤽	об, поло, шахси ватерполо бозӣ карда истода
🤽‍♂	ватерполо, мард, марди ватерполо бозӣ карда истода
🤽‍♀	ватерполо, зан, зани ватерполо бозӣ карда истода
🤾	гандбол, тӯб, шахси гандбол бозӣ карда истода
🤾‍♂	гандбол, мард, марди гандбол бозӣ карда истода
🤾‍♀	гандбол, зан, зани гандбол бозӣ карда истода
🤹	бисёрвазифавӣ, жонглёрӣ кардан, малака, тавозун, шахси жонглёрӣ карда истода
🤹‍♂	бисёрвазифавӣ, жонглёрӣ карда истода, мард, марди жонглёрӣ карда истода
🤹‍♀	бисёрвазифавӣ, жонглёрӣ карда истода, зан, зани жонглёрӣ карда истода
🧘	йога, медитатсия, шахси дар ҳолати лотус
🧘‍♂	йога, марди дар ҳолати лотус, медитатсия
🧘‍♀	зани дар ҳолати лотус, йога, медитатсия
🛀	ванна, нафаре, ки душ карда истодааст
🛌	меҳмонхона, одам дар бистар, хоб кардан
👭	даст, доштан, ду зане, ки дастҳои якдигарро дошта истодаанд, зан, ҷуфт
👫	даст, доштан, зан, мард, мард ва зане, ки дастҳои якдигарро дошта истодаанд, ҷуфт
👬	бурҷи дувоздаҳгона, даст, доштан, ду марде, ки дастҳои якдигарро дошта истодаанд, дугоник, мард, Ҷавзо, ҷуфт
💏	бӯса, ҷуфт
💑	муҳаббат, ҷуфт, ҷуфт бо дил
👪️	оила
🗣️	гап зада истода, гап задан, рӯй, сар, сари гап зада истода, суроб
👤	нимпайкара, нимпайкара дар суроб, суроб
👥	нимпайкара, нимпайкараҳо дар суроб, суроб
👣	изи пой, изҳои пой, либос, чоп кардан
🐵	маймун, рӯи маймун, рӯй
🐒	маймун
🦍	горилла
🐶	афти саг, рӯй, саг, ҳайвони хонагӣ
🐕️	саг, ҳайвони хонагӣ
🐩	пудел, саг
🐺	афти гург, гург, рӯй
🦊	афти рӯбоҳ, рӯбоҳ, рӯй
🐱	афти гурба, гурба, рӯй, ҳайвони хонагӣ
🐈️	гурба, ҳайвони хонагӣ
🦁	Асад, афти шер, бурҷи дувоздаҳгона, рӯй, шер
🐯	афти паланг, паланг, рӯй
🐅	паланг
🐆	леопард
🐴	асп, афти асп, рӯй
🐎	асп, аспакӣ, аспи пойга, пойга
🦄	афти якшоха, рӯй, якшоха
🦓	гӯрхар, рах
🦌	оҳу
🐮	афти гов, гов, рӯй
🐂	Савр, бурҷи дувоздаҳгона, буққа
🐃	говмеш, говмеши обӣ, об
🐄	гов
🐷	афти хук, рӯй, хук
🐖	коштан, хук
🐗	хук, хуки ваҳшӣ
🐽	бинии хук, бинӣ, рӯй, хук
🐏	бурҷи дувоздаҳгона, гӯсфанд, мард, қӯшқор, Ҳамал
🐑	гӯсфанд, зан, меш
🐐	буз, бурҷи дувоздаҳгона, Ҷадӣ
🐪	куҳон, шутур, яккуҳона
🐫	дукуҳона, куҳон, шутур, шутури дукуҳона
🦒	зарофа, нуқтаҳо
🐘	фил
🦏	карк
🐭	афти муш, муш, рӯй
🐁	муш
🐀	каламуш
🐹	афти миримушон, миримушон, рӯй, ҳайвони хонагӣ
🐰	афти заргӯш, заргӯш, рӯй, харгӯш, ҳайвони хонагӣ
🐇	заргӯш, харгӯш, ҳайвони хонагӣ
🐿️	бурундуқ
🦔	халанда, хорпушт
🦇	вампир, муши паррон
🐻	афти хирс, рӯй, хирс
🐨	коала, хирс
🐼	афти панда, панда, рӯй
🐾	из, изҳои панҷа, панҷа, пойҳо
🦃	мурғи марҷон, парранда
🐔	парранда, чӯҷа
🐓	парранда, хурӯс
🐣	аз тухм баромадан, кӯдак, парранда, чӯҷа, чӯҷаи аз тухм баромада истода
🐤	кӯдак, парранда, чӯҷа, чӯҷаи хурд
🐥	кӯдак, парранда, чӯҷа, чӯҷаи хурди ба тарафи пеш нигоҳ карда истода
🐦️	парранда
🐧	парранда, пингвин
🕊️	кафтар, паридан, парранда, сулҳ
🦅	парранда, уқоб
🦆	мурғобӣ, парранда
🦉	бум, парранда, хирадманд
🐸	афти қурбоққа, рӯй, қурбоққа
🐊	тимсоҳ
🐢	сангпушт, сангпушт обӣ, сангпушти даштӣ, сангпушти обӣ
🦎	калтакалос, хазанда
🐍	бурҷи дувоздаҳгона, доранда, мор, Ҳаввоъ
🐲	аждаҳор, афсона, афти аждаҳор, рӯй
🐉	аждаҳор, афсона
🦕	брахиозавр, бронтозавр, динозаври завропод, диплодок
🦖	Т-Рекс, Тираннозавр Рекс
🐳	наҳанг, наҳанги фаввора зада истода, рӯй, фаввора зада истода
🐋	наҳанг
🐬	делфин, қаноти моҳӣ
🐟️	бурҷи дувоздаҳгона, моҳӣ, Ҳут
🐠	моҳии тропикӣ, моҳӣ, тропикӣ
🐡	моҳӣ, сагмоҳӣ
🦈	кӯсамоҳӣ, моҳӣ
🐙	ҳаштпо
🐚	морпеч, садаф, садафи морпеч
🐌	тӯқумшуллуқ
🦋	зебо, шапалак, ҳашарот
🐛	гамбуск, ҳашарот
🐜	мурча, ҳашарот
🐝	занбур, занбури асал, ҳашарот
🐞	какана, нонхӯрак, халилихӯак, ҳасанак, ҳашарот
🦗	крикет, малах
🕷️	тортанак, ҳашарот
🕸️	тори тортанак, тортанак
🦂	Ақраб, бурҷи дувоздаҳгона, каждум
💐	Гулдаста, гул
🌸	гелос, гул, гул кардан, гули гелос
💮	гул, гули сафед
🏵️	гулдоира, растанӣ
🌹	гул, садбарг
🥀	гул, гули пажмурда, пажмурда
🌺	гибискус, гул
🌻	гул, офтоб, офтобпараст
🌼	гул, гул кардан
🌷	гул, лола
🌱	навниҳол, ҷавон
🌲	дарахт, дарахти ҳамешасабз
🌳	дарахт, дарахти паҳнбарг, паҳнбарг, резиш
🌴	дарахт, дарахти нахл, нахл
🌵	гули ханҷарӣ, растанӣ
🌾	биринҷ, гӯш, дарзаи биринҷ, дона
🌿	алаф, барг
☘️	растанӣ, себарга
🍀	4, барг, беда, бедаи чорбарга, чор
🍁	афтидан, барг, барги заранг, заранг
🍂	афтидан, барг, барги хазон
🍃	барг, барги дар шамол лаппида истода, лаппидан, пуф кардан, шамол
🍇	ангур, мева
🍈	мева, харбуза
🍉	мева, тарбуз
🍊	апелсин, мандарин, мева
🍋	лиму, мева, ситрусӣ
🍌	банан, мева
🍍	ананас, мева
🍎	мева, себ, себи сурх, сурх
🍏	мева, сабз, себ, себи сабз
🍐	мева, нок
🍑	мева, шафтолу
🍒	гелос, мева
🍓	буттамева, мева, тути заминӣ
🥝	киви, мева, меваи киви, ғизо
🍅	помидор, сабзавот, ғизо
🥥	нахл, норҷил, пина колада
🥑	авакадо, мева, ғизо
🍆	бодимҷон, бодинҷон, сабзавот
🥔	картошка, сабзавот, ғизо
🥕	сабзавот, сабзӣ, ғизо
🌽	гӯш, лабиринт, сӯтаи ҷуворимакка, ҷуворимакка, ҷуворӣ
🌶️	гарм, қаланфур, қаланфури тез
🥒	бодиринг, парварда, сабзавот, ғизо
🥦	брокколи, карами ёбоӣ
🍄	занбӯруғ, маргимагас
🥜	сабзавот, чормағз, чормағзи заминӣ, ғизо
🌰	кастона, растанӣ
🍞	буханка, нон
🥐	картошка бирён, кулчақанди "Рогалик", кулчақанди рогалик, нон, рогалик, ғизо
🥖	батон, картошкаи бирён, нон, нони дарози фаронсавӣ, ғизо
🥨	каҷ, кулчаи қоқи ҳалқашакл
🥞	пироги гарм, чалпак, чалпаки тунук, ғизо
🧀	панир, пораи фонашакли панир
🍖	гушт, гушт дар устухон, устухон
🍗	линги мурғ, мурғ, пой, устухон, чӯҷа
🥩	бурида, буридаи гушт, буридаи гушти баррача, буридаи гушти хук
🥓	гушт, гушти хук, ғизо
🍔	бургер, гамбургер
🍟	бирён, картошка бирён, фаронсавӣ
🍕	панир, питса, порча
🌭	хот дог, хотдог, ҳасиб, ҳасибча
🥪	нон, сендвич
🌮	мехиклӣ, тако
🌯	буритто, мехисоӣ, печондан
🥙	гирос, кабоб, нони чапотӣ, нони қима андохташуда, фалафел, ғизо, қима андохташуда
🥚	тухм, ғизо
🍳	бирён шудаистода, дег, пухта истодааст, тухм
🥘	дегча, дегчаи хурди ғизо, паеля, пастоб, тоба, ғизо
🍲	дег, деги ғизо, пазондан
🥣	наҳорӣ, табақ бо қошуқ, шӯла, шӯлаи биринҷӣ
🥗	сабз, хӯриш, хӯриши сабз, ғизо
🍿	ҷуворипақак
🥫	маҳсулоти консервагӣ, қуттӣ
🍱	бенто, қуттии бенто, қуттӣ
🍘	биринҷ, брекери биринҷӣ, крекер
🍙	биринҷ, курачаи биринҷӣ, тӯб, ҷопонӣ
🍚	биринҷ, биринҷи пухташуда, пухташуда
🍛	биринҷ, биринҷ бо карри, карри
🍜	дар об пӯхтан, зарф барои ҷӯшондан, коса, макарон, рамен
🍝	маҳсулоти макаронӣ, спагетти
🍠	картошка, картошкаи ширини пухташуда, пухташуда, ширин
🍢	кабоб, маҳсулоти баҳрӣ, оден, сихкабоб, чӯб
🍣	суши
🍤	бирён, креветка, креветкаи хурди бирён, криветкаи хурд, темпура
🍥	гирдоб, маҳсулоти қаннодӣ, моҳӣ, торт, торт аз моҳӣ бо гирдоб
🍡	данго, десерт, сихкабоб, чӯб, ширин, ҷопонӣ
🥟	гиёза, пирог, тушбера, чалпаки гуштдор, ғелаккабоб, ҷиёза
🥠	кулчаҳои қандини туҳфадор, пешгӯӣ
🥡	зарфи хӯрокхӯрии садафак, қуттии хӯроки бо худ гирифташаванда
🦀	Саратон, бурҷи дувоздаҳгона, харчанг
🦐	гамбусак, гамбусакча, моллюскҳо, хурд, ғизо
🦑	калмар, моллюск, ғизо
🍦	десерт, крем, мулоим, ширин, ях, яхмос, яхмоси мулоим
🍧	десерт, тарошаи ях, тарошида, ширин, ях
🍨	десерт, крем, ширин, ях, яхмос
🍩	десерт, кулча, ширин
🍪	десерт, кулчақанд, ширин
🎂	десерт, маҳсулоти қаннодӣ, рӯзи таваллуд, торт, торти зодрӯзӣ, ширин, ҷашн
🍰	десерт, кулчақанди регак-регак, маҳсулоти қаннодӣ, порча, торт, ширин
🥧	адвия, пирог, қаннодӣ
🍫	десерт, тахтача, ширин, шоколад, як тахтача шоколад
🍬	десерт, конфет, ширин
🍭	десерт, конфет, оби дандон, ширин
🍮	десерт, крем, пудинг, ширин
🍯	асал, дег, кӯзаи асал, ширин
🍼	кӯдак, нӯшидан, шир, шиша, шишаи кӯдак
🥛	нӯшидан, стакан, стакани шир, шир
☕️	гарм, нӯшидан, нӯшокии гарм, нӯшокӣ, чой, қаҳва, ҷӯшондан
🍵	нӯшидан, нӯшокӣ, пиёла, пиёлаи чой, пиёлаи чой бе даста, чой
🍶	бар, нӯшидан, нӯшокӣ, пиёла, саке, шиша
🍾	бар, нӯшидан, парида рафтан, пӯка, шиша, шиша бо пӯкаи он парида рафта истода
🍷	бар, май, нӯшидан, нӯшокӣ, стакан, стакани май
🍸️	бар, коктейл, нӯшидан, стакан, стакани коктейл
🍹	бар, нӯшидан, нӯшокии тропикӣ, тропикӣ
🍺	бар, дӯлча, дӯлчаи пиво, нӯшидан, пиво
🍻	бар, дӯлча, нӯшидан, пиво, ҷиринго задан, ҷирингос задани дӯлчаҳои пиво
🥂	нӯшидан, стакан, ҷашн гирифтан, ҷирингос задан, ҷирингос задани стаканҳо
🥃	виски, ликёр, стакан, стакан барои нӯшокиҳои спиртӣ, стакани хурд, тирпаронӣ
🥤	оби газдор, пиёла бо чӯбак, шарбат
🥢	чӯбҳои хӯрокхӯрӣ, ҳаши
🍽️	корд, пухтан, табақча, чангол, чангол ва корд бо табақча
🍴	корд, пухтан, чангол, чангол ва корд
🥄	зарфҳои хӯрокхӯрӣ, қошуқ
🔪	асбоб, корд, корди ошхона, пухтан, силоҳ, ҳочо
🏺	Далв, амфора, асбоб, бурҷи дувоздаҳгона, нӯшидан, пухта истода, силоҳ, қадаҳи дастадор
🌍	Аврупо, Африка, глобус, глобусе, ки Аврупо-Африкаро намоиш медиҳад, замин, ҷаҳон
🌎️	Америкаҳо, глобус, глобусе, ки Америкаҳоро намоиш медиҳад, замин, ҷаҳон
🌏	Австралия, Осиё, глобус, глобусе, ки Осиё-Австралияро намоиш медиҳад, замин, ҷаҳон
🌐	глобус, глобус бо меридианаҳо, замин, меридианҳо, ҷаҳон
🗺️	харита, харитаи ҷаҳон, ҷаҳон
🗾	харита, харитаи Ҷопон, Ҷопон
🏔️	барф, куҳ, куҳи бо барф пӯшида, хунук
⛰️	куҳ
🌋	вулқон, куҳ, оташфишонӣ
🗻	куҳ, теппаи Фуҷи, фуҷи
🏕️	хаймазанӣ
🏖️	соҳил, соҳил бо чатр, чатр
🏜️	биёбон
🏝️	биёбон, ҷазира, ҷазираи биёбон
🏞️	парк, парки миллӣ
🏟️	варзишгоҳ
🏛️	бинои классикӣ, классикӣ
🏗️	сохтмон, сохтмони бино
🏘️	хонаҳо
🏚️	бесоҳиб, хона, хонаи бесоҳиб
🏠️	хона
🏡	боғ, хона, хона бо боғ
🏢	бино, бинои идора
🏣	идораи почтаи ҷопонӣ, почта, ҷопонӣ
🏤	аврупоӣ, идораи почта, почта
🏥	беморхона, дору, духтур
🏦	бино, бонк
🏨	бино, меҳмонхона
🏩	меҳмонхона, меҳмонхонаи муҳаббат, муҳаббат
🏪	мағоза, мағозаи шабонарӯзӣ, шароит
🏫	бино, мактаб
🏬	бахш, магазин, универмаг
🏭️	бино, фабрика
🏯	қалъа, қалъаи ҷопонӣ, ҷопонӣ
🏰	аврупоӣ, қалъа
💒	калисои хурд, роман, тӯй
🗼	Токио, бурҷ, бурҷи Токио
🗽	озодӣ, ҳайкал, ҳайкали Озодӣ
⛪️	Насронӣ, дин, калисо, салиб
🕌	Ислом, дин, масҷид, мусулмон
🕍	дин, каниса, маъбад, яҳуд, яҳудӣ
⛩️	дин, синто, ҷои муқаддас, ҷои муқаддаси синто
🕋	Ислом, дин, каъба, мусулмон
⛲️	фаввора
⛺️	хайма, хаймазанӣ
🌁	туман, тумандор
🌃	ситора, шаб, шаби ситорадор
🏙️	манзараи шаҳр, шаҳр
🌄	Тулӯи офтоб аз болои куҳҳо, куҳ, офтоб, саҳар, тулӯи офтоб
🌅	офтоб, саҳар, тулӯъ
🌆	бегоҳ, манзара, манзараи шаҳр дар шом, офтоб, шаҳр, шом, ғуруби офтоб
🌇	офтоб, шом, ғуруб
🌉	кӯпрук, кӯпрук дар шаб, шаб
♨️	гарм, чашмаҳо, чашмаҳои гарм, ҷӯшидаистода
🎠	аспак, аспаки чархуфалак, чархуфалак
🎡	парки фароғатӣ, феррис, чарх, чархуфалак
🎢	каток, лағжишбозӣ, парки фароғатӣ, роҳи оҳани лағжишбозӣ
💈	мӯйгирӣ, сартарош, сутун бо ранги сурху сафеди морпеч, қутб
🎪	сирк, хайма, хаймаи сирк
🚂	буғ, локомотив, муҳаррик, роҳи оҳан, қатора
🚃	вагони роҳи оҳан, мошин, роҳи оҳан, трамвай, троллейбус, электрикӣ, қатора
🚄	роҳи оҳан, синкансен, суръат, қатора, қатораи баландсуръат
🚅	роҳи оҳан, синкансен, суръат, тир, қатора, қатораи баландсуръат бо нӯги тирмонанд
🚆	роҳи оҳан, қатора
🚇️	метро
🚈	метрои сабук, роҳи оҳан
🚉	истгоҳ, роҳи оҳан, қатора
🚊	трамвай, троллейбус
🚝	нақлиёт, якрелса
🚞	куҳ, мошин, роҳи оҳан, роҳи оҳани куҳӣ
🚋	вагони трамвай, мошин, трамвай, троллейбус
🚌	автобус, нақлиёт
🚍️	автобус, автобуси самти муқобил, самти муқобил
🚎	автобус, трамвай, троллейбус
🚐	автобус, микроавтобус
🚑️	мошини ёрии таъҷилӣ, нақлиёт
🚒	мошини боркаш, мошини сӯхторхомӯшкунӣ, муҳаррик, оташ
🚓	мошин, мошини пулис, посбон, пулис
🚔️	аз самти муқобил, мошин, мошини пулис аз самти муқобил, пулис
🚕	нақлиёт, такси
🚖	аз самти муқобил, такси, такси аз самти муқобил
🚗	автомобил, мошин
🚘️	автомобил, автомобили самти муқобил, мошин, самти муқобил
🚙	кроссовер, мошини варзишии ҳамаҷогард, фароғатӣ
🚚	автомобили боркаш, бурдарасонӣ, мошини боркаш
🚛	боркаш, мошини боркаш, нақлиёти боркаш, ним
🚜	нақлиёт, трактор
🏎️	автомобили пойга, мошин, пойга
🏍️	мотосикл, пойга
🛵	муҳаррик, скутер
🚲️	велосипед, дучарха
🛴	ба по задан, самокат, скутер
🚏	автобус, истгоҳ, истгоҳи автобус, истгоҳи автобусҳо
🛣️	роҳ, роҳи автомобилгард, шоҳроҳ
🛤️	роҳи оҳан, қатора
🛢️	нафт, нақора, чалаки нафт
⛽️	газ, истгоҳ, насос, насоси сӯзишворӣ, сӯзишворӣ
🚨	даврзананда, мино, мошин, пулис, рӯшноии мошини пулис, рӯшноӣ
🚥	рӯшноӣ, сигнал, чароғи раҳнамои уфуқӣ, ҳаракат
🚦	рӯшноӣ, сигнал, чароғи раҳнамои амудӣ, ҳаракат
🛑	аломат, аломати "Ист", ист, ҳашткунҷа
🚧	монеа, сохтмон
⚓️	асбоб, киштӣ, лангар
⛵️	баҳр, заврақи бодбондор, киштӣ, курорт, қаиқ
🛶	заврақ, қаиқ
🚤	катери тезгард, қаиқ
🛳️	киштии мусофиркаш, киштӣ, мусофир
⛴️	киштии гузора, мусофир, қаиқ
🛥️	қаиқ, қаиқи муҳаррикдор
🚢	киштӣ, мусофир, қаиқ
✈️	тайёра, ҳавопаймо
🛩️	тайёра, тайёраи хурд, ҳавопаймо
🛫	бақайдгирӣ, парвоз, парвози тайёра, парвозҳо, тайёра, ҳавопаймо
🛬	нишастан, омадаистода, омадан, омадани тайёра, тайёра, ҳавопаймо
💺	курсӣ, ҷои нишаст
🚁	нақлиёт, чархбол
🚟	овеза, роҳи оҳан, роҳи оҳани овезон
🚠	гондола, куҳ, ноқил, фуникулёр
🚡	гондола, мошин, ноқил, трамваи ҳавоӣ, трамвай, ҳавоӣ
🛰️	моҳвора, фазо
🚀	ракета, фазо
🛸	лаълии паррон
🛎️	зангула, зангулаи хизматгори меҳмонхона, меҳмонхона, хизматгори меҳмонхона
⌛️	вақтсанҷ, рег, соати регӣ
⏳️	вақтсанҷ, рег, соати регӣ, соати регӣ бо ҷорӣ шудани рег
⌚️	соати дастӣ, соати деворӣ
⏰	соат, соати зангдор, ҳушдор
⏱️	соати деворӣ, сониясанҷ
⏲️	вақтсанҷ, соати вақтсанҷ, соати деворӣ
🕰️	соати деворӣ, соати сангӣ
🕛️	00, 12, 12:00, дувоздаҳ, соат, соат дувоздаҳ
🕧	12, 12:30, 30, дувоздаҳ, дувоздаҳу сӣ, соат, сӣ
🕐️	00, 1, 1:00, соат, соат як, як
🕜	1, 1:30, 30, соат, сӣ, як, яку сӣ
🕑️	00, 2, 2:00, ду, соат, соат ду
🕝	2, 2:30, 30, ду, дую сӣ, соат, сӣ
🕒️	00, 3, 3:00, се, соат, соат се
🕞	3, 30, 3:30, се, севу сӣ, соат, сӣ
🕓️	00, 4, 4:00, соат, соат чор, чор
🕟	30, 4, 4:30, соат, сӣ, чор, чору сӣ
🕔️	00, 5, 5:00, панҷ, соат, соат панҷ
🕠	30, 5, 5:30, панҷ, панҷу сӣ, соат, сӣ
🕕️	00, 6, 6:00, соат, соат шаш, шаш
🕡	30, 6, 6:30, соат, сӣ, шаш, шашу сӣ
🕖️	00, 7, 7:00, соат, соат ҳафт, ҳафт
🕢	30, 7, 7:30, соат, сӣ, ҳафт, ҳафту сӣ
🕗️	00, 8, 8:00, соат, соат ҳашт, ҳашт
🕣	30, 8, 8:30, соат, сӣ, ҳашт, ҳашту сӣ
🕘️	00, 9, 9:00, нуҳ, соат, соат нуҳ
🕤	30, 9, 9:30, нуҳ, нуҳу сӣ, соат, сӣ
🕙️	00, 10, 10:00, даҳ, соат, соат даҳ
🕥	10, 10:30, 30, даҳ, даҳу сӣ, соат, сӣ
🕚️	00, 11, 11:00, соат, соат ёздаҳ, ёздаҳ
🕦	11, 11:30, 30, соат, сӣ, ёздаҳ, ёздаҳу сӣ
🌑	моҳ, моҳи нав, торик
🌒	калон шудани моҳ, моҳ, ҳилол, ҳилоли нав
🌓	марҳилаи чоряки якуми моҳ, моҳ, чоряк
🌔	калон шудани моҳ, марҳилаи калон шудани моҳ, марҳилаи моҳ, моҳ
🌕️	моҳи пурра, пурра
🌖	марҳилаи моҳ, марҳилаи хурд шудани моҳ, моҳ, хурд шудани моҳ
🌗	марҳилаи чоряки охири моҳ, моҳ, чоряк
🌘	марҳилаи хурд шудани ҳилол, моҳ, хурд шудани моҳ, ҳилол
🌙	моҳ, ҳилол
🌚	моҳ, рӯй, чеҳраи моҳи нав
🌛	моҳ, рӯй, чоряк, чоряки якуми моҳ бо чеҳра
🌜️	моҳ, рӯй, чоряк, чоряки охири моҳ бо чеҳра
🌡️	обу ҳаво, ҳароратсанҷ
☀️	офтоб, офтобӣ, равшан, шуоъ
🌝	моҳ, моҳи пурра бо чеҳра, пурра, равшан, рӯй
🌞	офтоб, офтоб бо чеҳра, равшан, рӯй
⭐️	ситора, ситораи миёнаи сафед
🌟	дурахшидан, дурахшон, пурҷило, ситора, ситораи дурахшон, ялаққос задан
🌠	афтидан, парондан, ситора, ситораи думдор
🌌	роҳи Каҳкашон, фазо
☁️	абр, обу ҳаво
⛅️	абр, офтоб, офтоб паси абр
⛈️	абр, абр бо чароғак ва борон, борон, тундар
🌤️	абр, офтоб, офтоб паси абри хурд
🌥️	абр, офтоб, офтоб паси абри калон
🌦️	абр, борон, офтоб, офтоб паси абри боронӣ
🌧️	абр, абр бо борон, борон
🌨️	абр, абр бо барф, барф, хунук
🌩️	абр, абр бо чароғак, чароғак
🌪️	абр, гирдбод, торнадо
🌫️	абр, туман
🌬️	абр, вазидан, рӯи шамол, рӯй, шамол
🌀	сарчархзанӣ, сиклон, тундбод, туфон
🌈	борон, тирукамон
🌂	борон, либос, чатр, чатри пӯшида
☂️	борон, либос, чатр
☔️	борон, либос, чатр, чатр бо қатраҳои борон, қатра
⛱️	борон, офтоб, чатр, чатр дар замин
⚡️	барқ, хатар, чароғак, шиддат, шиддати баланд, электрикӣ, қувва
❄️	абр, барф, зарраи барф
☃️	абр, барф, одами барфӣ
⛄️	барф, одами барфӣ, одами барфӣ бе барф, хунук
☄️	комета, фазо
🔥	аланга, асбоб, оташ
💧	арақ, мазҳакавӣ, хунук, қатра
🌊	мавҷ, мавҷи об, об, уқёнус
🎃	сурохӣ, хеллоуин, чароғ, чароғак аз каду бо сӯрохиҳои даҳон, бинӣ ва чашмон, ҷашн
🎄	дарахт, дарахти Мавлуди Исо, мавлуди Исо, ҷашн
🎆	оташфаввора, ҷашн
🎇	мушаки маҳтобӣ, оташфаввора, ялаққос задан, ҷашн
✨	ситора, шарора, ялаққос задан
🎈	ҳубоб, ҷашн
🎉	маводи тарфгарӣ (хлопушка), тада, хлопушка, шабнишинӣ, ҷашн
🎊	конфетти, кӯраи конфетти, тӯб, ҷашн
🎋	баннер, дарахт, дарахти Танабата, ҷашн, ҷопонӣ
🎍	бамбук, дарахти санавбаар, ороиши дарахти санавбар, ҷашн, ҷопонӣ
🎎	лухтак, лухтакҳои ҷопонӣ, фестивал, ҷашн, ҷопонӣ
🎏	зағорамоҳӣ, лентаи борик, летнаи ҳиллиросзанандаи ба шакли зағорамоҳӣ, ҷашн
🎐	зангула, мусиқии шамол, мусиқӣ, шамол, ҷашн
🎑	маросим, маросими тамошои моҳтоб, моҳ, ҷашн
🎀	лента, ҷашн
🎁	печондашуда, туҳфа, туҳфаи печондашуда, қуттӣ, ҷашн
🎗️	лента, лентаи ёдрасон, ёдрасон, ҷашн
🎟️	чипта, чиптаҳои қабул, қабул
🎫	чипта, қабул
🎖️	медал, медали ҳарбӣ, ҳарбӣ, ҷашн
🏆️	мукофот, ҷоиза
🏅	медал, медали варзишӣ
🥇	медал, медал барои ҷои 1-ум, тилло, якум
🥈	дуюм, медал, медал барои ҷои 2-юм, нуқра
🥉	биринҷӣ, медал, медал барои ҷои 3-юм, сеюм
⚽️	тӯб, тӯби футбол, футбол
⚾️	бейсбол, тӯб
🏀	баскетбол, тӯб, ҳалқа
🏐	бозӣ, волейбол, саққа
🏈	амрикоӣ, тӯб, футбол, футболи амрикоӣ
🏉	регби, тӯб, футбол
🎾	ракетка, тенис, тӯб
🎳	бозӣ, боулинг, саққа
🏏	бозии крикет, бозӣ, саққо, тӯб
🏑	бозӣ, майдон, майдони хоккей, тӯб, хоккей, чавгон
🏒	бозӣ, хоккей, хоккей дар рӯи ях, чавгон, шайба, ях
🏓	бозӣ, пинг понг, ракетка, саққо, тенниси рӯи миз, тӯб
🏸	бадминтон, бозӣ, волан, ракетка
🥊	бокс, дастпӯшак, дастпӯшак барои бокс
🥋	дзюдо, каратэ, либоси санъати ҳарбӣ, либоси ягона, санъати ҳарбӣ, таэквондо
🥅	гол, тӯри дарвозаи футбол
⛳️	байрақ дар сӯрохӣ, голф, сурохӣ
⛸️	скейт, ях, яхмолак
🎣	моҳӣ, шаст, қутб
🎽	варзиши сабук, давидан, курта, курта барои давидан, тасмаи орден
🎿	барф, лижа
🛷	чана
🥌	бозӣ, санги бозии кёрлинг, харсанг
🎯	бозӣ, буққа, дарт, задан, нишона, рост рафта расидан, чашм, ҳадаф
🎱	8, билярд, билярди 8 саққадор, бозӣ, саққа, ҳашт
🔮	асбоб, афсона, булӯр, кура, кураи булӯрӣ, тахайюлот, тақдир
🎮️	бозии видеоӣ, бозӣ, танзимгар
🕹️	бозии видеоӣ, бозӣ, ҷойстик
🎰	бозӣ, ковокӣ, мошинаи қиморбозӣ
🎲	бозии зарикҳо, бозӣ, зарик, зарикҳо
♠️	бозӣ, корт, қарамашшоқ
♥️	бозӣ, корт, таппон
♦️	бозӣ, корт, хиштхол
♣️	бозӣ, корт, чилликхол
🃏	аломатҳои ивазкунӣ, бозӣ, корт, ҳазлбоз
🀄️	аждаҳори сурхи маҳҷонг, бозӣ, маҳҷонг, сурх
🎴	бозикунӣ, бозӣ, гул, корт, кортҳои бозии "Гул", ҷопонӣ
🎭️	иҷро кардан, намдуҳои санъати иҷро, ниқоб, санъат, театр
🖼️	осорхона, расм, санъат, сурат, сурати чорчӯбадор, чорчӯба
🎨	лавҳачаи рассомии рассом, лавҳачаи рассомӣ, осорхона, расм, санъат
👓️	айнак, айнаки муҳофизатӣ, либос, чашм
🕶️	айнак, айнаки муҳофизатӣ, айнаки офтобӣ, торик, чашм
👔	галстук, пӯшок
👕	курта, либос, футболка
👖	либос, шим, ҷинс
🧣	гардан, шарф
🧤	даст, дастпӯшак
🧥	палто, пиҷак
🧦	ҷуроб, ҷуроби дароз
👗	куртаи занона, пӯшок
👘	кимоно, пӯшок
👙	либоси оббозӣ, оббозӣ кардан, пӯшок
👚	зан, либосҳои занона, пӯшок
👛	либос, танга, ҳамён
👜	либос, сумка, ҳамён
👝	клатч, либос, сумка, сумкача
🛍️	меҳмонхона, сумка, сумкаҳо барои харид кардан, харид
🎒	борхалтаи мактабӣ, мактаб, сумка, ҷузъдон
👞	либос, мард, пойафзол, пойафзоли мардона
👟	варзишӣ, либос, пойафзол, пойафзол барои давидан, пойафзоли варзишӣ
👠	зан, либос, пойафзол, пойафзоли пошнабаланд, пошна
👡	зан, кафши сабук, кафши сабуки занона, либос, пойафзол
👢	ботинка, зан, либос, мӯзаи занона, пойафзол
👑	либос, малика, тоҷ, шоҳ
👒	зан, кулоҳ, кулоҳи занона, либос
🎩	боло, кулоҳ, кулоҳи баланд, либос
🎓️	кепка, конфедератка, кулоҳ, либос, хатм, ҷашн
🧢	бейсболка, кепкаи лапардор
⛑️	кӯмак, рӯй сарпӯш, салиб, тоскулоҳ, тоскулоҳи корманди наҷотдиҳӣ
📿	гарданбанд, дин, дуо, либос, тасбеҳ, шабаи майда
💄	косметика, лабсурхкунак, макияж
💍	алмос, ангуштарин
💎	алмос, нақрасанг, санги қиматбаҳо, ҷавоҳирот
🔇	баландгӯяк, баландгӯяки хомӯш, бесадо кардан, хомӯш
🔈️	мулоим, садои пасти баландгӯяк
🔉	миёна, садои миёнаи баландгӯяк
🔊	баланд, садои баланди баландгӯяк
📢	баланд, баландгӯяк, суроғаи ошкор
📣	кафкӯбӣ, мегафон
📯	почта, почтавӣ, сурнаи почта, сурнай
🔔	зангӯлача
🔕	бесадо, зангула, зангӯлача бо хати каср, мамнуъ, манъшуда, не, хомӯш
🎼	мусиқӣ, нота, партитура
🎵	мусиқӣ, нота, нотаи мусиқӣ
🎶	мусиқӣ, нота, нотаҳо, нотаҳои мусиқӣ
🎙️	мик, микрофон, микрофони студия, мусиқӣ, студия
🎚️	василаи лағжанда, василаи лағжандаи сатҳ, мусиқӣ, сатҳ
🎛️	дастаҳо, дастаҳои идора, идора, мусиқӣ
🎤	караоке, мик, микрофон
🎧️	гӯшмонак, гӯшмонаки хурд
📻️	видео, радио
🎷	асбоб, мусиқӣ, саксофон
🎸	асбоб, гитар, мусиқӣ
🎹	асбоб, клавиатура, клавиатураи мусиқӣ, мусиқӣ, пианино
🎺	асбоб, карнай, мусиқӣ
🎻	асбоб, мусиқӣ, ғиҷҷак
🥁	мусиқӣ, нақора, чӯбҳои нақора
📱	телефон, телефони мобилӣ
📲	занг, телефон, телефони мобилӣ, телефони мобилӣ бо тир, тир, қабул кардан
☎️	телефон
📞	гӯшаки телефон, телефон
📟️	пейҷер
📠	дастгоҳи факс, факс
🔋	батарея
🔌	барқ, барқӣ, васлак, васлаки электрикӣ
💻️	компютер, компютери лэптоп, шахсӣ
🖥️	компютер, компютери рӯимизӣ, рӯимизӣ
🖨️	компютер, принтер
⌨️	клавиатура, компютер
🖱️	компютер, муши компютер
🖲️	компютер, трекбол
💽	диск, диски компютер, компютер, минидиск, оптикӣ
💾	диск, диски нарм, компютер, нарм
💿️	cd, диск, диски оптикӣ, компютер, оптикӣ
📀	blu-ray, dvd, диск, компютер, оптикӣ
🎥	камера, камераи киногирӣ, кино, синамо
🎞️	кадр, кадрҳои навор, кино, навор, синамо
📽️	видео, кино, проектор, проектори филм, синамо, филм
🎬️	кино, нумератор, хлопушка
📺️	видео, тв, телевизор
📷️	видео, камера
📸	видео, дурахш, камера, камера бо дурахш
📹️	видео, видеокамера, камера
📼	видео, видеосистемаи хонагӣ, кассетаи видео, навор
🔍	асбоб, бузургкунӣ, пурбини ба тарафи чап ишоракунанда, шиша, ҷустуҷӯ
🔎	асбоб, бузургкунӣ, пурбини ба тарфи рост ишоракунанда, шиша, ҷустуҷӯ
🕯️	рӯшноӣ, шамъ
💡	барқӣ, идея, мазҳакавӣ, рӯшноӣ, фурӯзонак, чароғак
🔦	асбоб, барқӣ, машъал, рӯшноӣ, фонус
🏮	бар, рӯшноӣ, сурх, чароғ, чароғ аз қозаи сурх
📔	дафтар, дафтар бо муқоваи ороишӣ, китоб, муқова, ороишдода
📕	китоб, китоби пӯшида, пӯшида
📖	китоб, китоби кушода, кушода
📗	китоб, китоби сабз, сабз
📘	кабуд, китоб, китоби кабуд
📙	китоб, китоби норанҷӣ, норанҷӣ
📚️	китоб, китобҳо
📓	дафтар
📒	дафтар, дафтари бухғалтерӣ
📃	саҳифа, саҳифа бо қатшавӣ, қатшавӣ, ҳуҷҷат
📜	навори ҳаракат, қоғаз
📄	саҳифа, саҳифа бо рӯйгардонкунӣ, ҳуҷҷат
📰	газета, хабарҳо, қоғаз
🗞	газета, газетаи гардондашуда, гардондашуда, хабарҳо, қоғаз
📑	аломат, варақаҳо, варақаҳои хатбарак, маркер, хатбарак
🔖	аломат, хатбарак
🏷️	тамға
💰️	доллар, пул, сумка, халтаи пул
💴	асъор, бонк, йен, пул, қоғази пул, қоғази пули йен
💵	асъор, бонк, доллар, пул, қоғази пул, қоғази пули доллар
💶	асъор, бонк, евро, пул, қоғази пул, қоғази пули евро
💷	асъор, бонк, пул, фунт, қоғази пул, қоғази пули фунт
💸	асъор, бонк, пул, пул бо қанотҳо, қанотҳо, қоғази пул
💳️	бонк, корт, корти кредитӣ, пул, қарз
💹	асъор, афзоиш, бозор, боло, боло рафтан, бонк, график, диаграмма, диаграммаи афзоиш бо йен, йен, пул, тамоюл
✉️	лифофа, мактуб, номаи электронӣ
📧	мактуб, номаи электронӣ, почта, почтаи электронӣ
📨	воридшаванда, лифофа, лифофаи воридотӣ, мактуб, номаи электронӣ, почта, почтаи электронӣ, қабул кардан
📩	ирсол шуд, лифофа, лифофа бо тир, мактуб, номаи электронӣ, почта, почтаи электронӣ, поён, содиротӣ, тир
📤️	ирсол шуд, лавҳа, лавҳаи паёмдони баромад, мактуб, паёмдони баромад, почта, қуттӣ
📥️	лавҳа, лавҳаи паёмдони даромад, мактуб, паёмдони даромад, почта, қабул кардан, қуттӣ
📦️	баста, пакет, қуттӣ
📫️	почта, пӯшида, қуттии почта, қуттии почтаи пӯшида бо байрақчаи бардошаташуда
📪️	пастшуда, почта, пӯшида, қутии почтаи пӯшида бо байрақчаи паст кардашуда, қуттии почта
📬️	кушода, почта, қуттии почта, қуттии почтаи кушода бо байрақчаи бардошаташуда
📭️	кушода, пастшуда, почта, қуттии почта, қуттии почтаи кушода бо байрақчаи паст кардашуда
📮	почта, қуттии почта
🗳️	бюллетен, қуттии бюллетенҳо бо бюллетен, қуттӣ
✏️	қалам
✒️	нӯг, нӯги сиёҳ, ручка
🖋️	авторучка, ручка, фаввора
🖊️	ручка, ручкаи саққочадор
🖌️	мӯқаллам, расм
🖍️	пастел
📝	мемо, қалам
💼	ҷузвгир
📁	файл, ҷузвдон, ҷузвдони файлҳо
📂	кушода, кушодани ҷузвдони фалҳо, файл, ҷузвдон
🗂️	корт, нишондиҳанда, тақсимкунандаҳо, тақсимкунандаҳои индекси кортҳо
📅	сана, тақвим
📆	тақвим, тақвими дарондашаванда
🗒️	дафтари ёддошт, дафтари ёддошти печдор, печдор, тавзеҳ
🗓️	дафтари ёддошт, печдор, тақвим, тақвими печдор
📇	индекси корт, картотека, корт, нишондиҳанда
📈	афзоиш, боло, график, диаграмма, диаграммаи афзоишёбанда, тамоюл
📉	график, диаграмма, диаграммаи коҳишёбанда, поён, тамоюл
📊	бар, график, диаграмма, диаграммаи хаттӣ
📋️	ҳофизаи муваққатӣ
📌	сӯзан, тугмачаи сӯзандор
📍	сӯзан, тугмачаи сӯзандор, тугмачаи сӯзандори даврашакл
📎	бандак
🖇️	бандак, бандаки пайвандшуда, пайванд
📏	ҷадвал, ҷадвали рост
📐	маҷмӯъ, секунҷа, ҷадвал, ҷадвали секунҷа
✂️	абзор, буридан, қайчӣ
🗃️	корт, файл, қуттии файли кортҳо, қуттӣ
🗄️	кабинет, кабинети файлҳо, файл, ҳуҷҷатдорӣ
🗑️	сабади партовҳо
🔒️	пӯшида, қулфшуда
🔓️	кушода, кушодан, кушодашуда, қулф
🔏	бо қалам қулф шудааст, махфият, нӯг, ручка, сиёҳӣ, қулф
🔐	бехатар, бо калид қулф шудааст, калид, пӯшида, қулф
🔑	калид, парол, қулф
🗝️	калид, калиди куҳна, куҳна, қулф
🔨	асбоб, болға
⛏️	асбоб, зоғнӯл, саноати куҳӣ
⚒️	асбоб, болға, болға ва зоғнӯл, зоғнӯл
🛠️	асбоб, болға, болға ва калиди гайкатобӣ, калид, калиди гайкатобӣ
🗡️	корд, силоҳ, ханҷар
⚔️	силоҳ, чиллик гузошташуда, шамшер, шамшерҳои ба ҳам гузошташуда
🔫	асбоб, револвер, силоҳ, таппонча, яроқ, яроқи дастӣ
🏹	асбоб, бурҷи дувоздаҳгона, камон, камон ва тир, камонвар, камонварӣ, силоҳ, тир, Қавс
🛡️	силоҳ, сипар
🔧	асбоб, калид, калиди гайкатобӣ
🔩	асбоб, гайка, гайка ва мурват, мурват
⚙️	асбоб, чархи дандонадор
🗜️	асбоб, исканҷа, фишурдан, хамут
⚖️	Мизон, адолат, асбоб, бурҷи дувоздаҳгона, вазн, тавозун, тарозу
🔗	пайванд
⛓️	занҷир, занҷирҳо
⚗️	аламбик, асбоб, кимиё
🔬	асбоб, илм, микроскоп
🔭	асбоб, илм, телескоп
📡	антенна, антеннаи моҳвораӣ, моҳвора, табақ
💉	асбоб, бемор, дору, духтур, сӯзан, сӯзандору, сӯзанзанӣ
💊	бемор, дору, духтур
🚪	дар
🛏️	бистар, меҳмонхона, хоб кардан
🛋️	диван, диван ва чароғ, меҳмонхона, чароғ
🚽	ҳоҷатхона
🚿	душ, об
🛁	ванна, ҳаммом
🛒	ароба, аробача, аробача барои харид кардан, харид
🚬	сигор, тамоку кашидан
⚰️	марг, тобут
⚱️	марг, устадон, устадони ҷаноза, хокистар, ҷаноза
🗿	моаи, мояи, рӯй, ҳайкал
🏧	аломати "Банкомат", банкомат, бонк, гӯянда, худкор
🚮	аломати "Партов ба қуттӣ", партов, қуттии партовҳо
🚰	нӯшидан, нӯшокӣ, об, оби нӯшокӣ
♿️	аломати "Курсии чархдор", дастрасӣ
🚹️	мард, ҳоҷатхона, ҳоҷатхона барои мардон
🚺️	зан, ҳоҷатхона, ҳоҷатхона барои занон
🚻	ташноб, ҳоҷатхона, ҳоҷтхона
🚼️	аломати "Кӯдак", кӯдак, тағйир додан
🚾	мабраз, об, обхона, ташноб, ҳоҷатхона
🛂	назорат, назорати шиносномаҳо, шиноснома
🛃	гумрук
🛄	бағоч, гирифтан, гирифтани бағочҳо
🛅	бағоч, бағочхона, бағочҳои боқимонда
⚠️	огоҳӣ
🚸	гузариши кӯдакон, гузаштан, кӯдак, пиёдарав, ҳаракат
⛔️	ворид шудан манъ аст, вуруд, мамнуъ, манъшуда, не, нест, ҳаракат
🚫	вуруд, манъ аст, манъшуда, не, нест
🚳	велосипед, мамнуъ, манъшуда, не, нест, ҳаракат, ҳаракати велосипедҳо манъ аст
🚭️	мамнуъ, манъшуда, не, нест, тамоку кашидан манъ аст, тамокукашӣ
🚯	мамнуъ, манъшуда, не, нест, партов, партов партофтан манъ аст
🚱	об, оби ғайринӯшокӣ, ғайринӯшокӣ
🚷	мамнуъ, манъшуда, не, нест, пиёдарав, ҳаракати пиёдагардон манъ аст
📵	истифодаи телефонҳои мобилӣ манъ аст, мамнуъ, манъшуда, не, нест, телефон, телефони мобилӣ
🔞	18, мамнуъ, манъшуда, маҳдудияти синну сол, не, нест, ноболиғ, шахсони аз синни ҳаждаҳ манъ аст, ҳаждаҳ
☢️	аломат, радиоактивӣ
☣️	аломат, хатари биологӣ
⬆️	асосӣ, самт, тир, тири "боло", шимол
↗️	мобайнӣ, самт, тир, тири болову рост, шимолу шарқ
➡️	асосӣ, самт, тир, тири рост, шарқ
↘️	мобайнӣ, самт, тир, тири поёну рост, ҷанубу шарқ
⬇️	асосӣ, поён, самт, тир, тири поён, ҷануб
↙️	мобайнӣ, самт, тир, тири поёну чап, ҷанубу ғарб
⬅️	асосӣ, самт, тир, тири чап, ғарб
↖️	мобайнӣ, самт, тир, тири болову чап, шимолу ғарб
↕️	тир, тири поёну боло
↔️	тир, тири чапу рост
↩️	тир, тири рости ба тарафи чап каҷшаванда
↪️	тир, тири чапи ба тарафи рост каҷшаванда
⤴️	тир, тири рости ба тарафи боло каҷшаванда
⤵️	поён, тир, тири рости ба тарафи поён каҷшаванда
🔃	аз нав бор кардан, самти ҳаракати ақрабҳо соат, тир, тирҳои амудии самти ҳаракати ақрабҳои соат
🔄	Тугмаи "Тирҳои самти муқобили ҳаракати ақрабҳои соат", муқобили самти ҳаракати ақрабҳои соат, муқобили ҳаракати офтоб, тир
🔙	тир, тири "бозгашт", қафо
🔚	охир, тир, тири "охир"
🔛	нишона, тир, тири "фаъол!", фаъол
🔜	ба қарибӣ, тир, тири "ба қарибӣ"
🔝	боло, тир, тири "БОЛОЙ"
🛐	дин, ибодат, ҷои ибодат
⚛️	аломати "атом", атеист, атом
🕉️	дин, ом, Ҳинду
✡️	Дейвид, дин, ситора, ситораи Дейвид, яҳуд, яҳудӣ
☸️	Буддист, дарма, дин, чарх, чархи дарма
☯️	дин, йин, йин янг, тао, таоист, янг
✝️	Насронӣ, дин, салиб, салиби лотинӣ
☦️	Насронӣ, дин, салиб, салиби православӣ
☪️	Ислом, дин, мусулмон, ситора ва салиб
☮️	аломати "сулҳ", сулҳ
🕎	дин, менораҳ, шамъдон, қандил
🔯	ситора, ситораи холдори шашгӯша, тақдир
♈️	бурҷи дувоздаҳгона, қӯшқор, Ҳамал
♉️	Савр, бурҷи дувоздаҳгона, буққа
♊️	бурҷи дувоздаҳгона, дугоник, Ҷавзо
♋️	Саратон, ақраб, бурҷи дувоздаҳгона
♌️	Асад, бурҷи дувоздаҳгона, шер
♍️	Сунбула, бурҷи дувоздаҳгона
♎️	Мизон, адолат, бурҷи дувоздаҳгона, тавозун, тарозу
♏️	Ақраб, бурҷи дувоздаҳгона, каждум
♐️	бурҷи дувоздаҳгона, Қавс, қавс
♑️	бурҷи дувоздаҳгона, Ҷадӣ, ҷадӣ
♒️	Далв, бурҷи дувоздаҳгона, доранда, об
♓️	бурҷи дувоздаҳгона, Ҳут, ҳут
⛎	Ophiuchus, бурҷи дувоздаҳгона, доранда, мор
🔀	тир, тугмаи "Аралаш кардани суруд", чиллик гузошташуда
🔁	самти ҳаракати ақрабҳои соат, такрор, тир, тугмаи "Такрор"
🔂	самти ҳаракати ақрабҳои соат, тир, тугмаи "Такрори ягона", як бор
▶	пахш, рост, секунҷа, тир, тугмаи "пахш"
⏩	дутарафа, пеш, тез, тир, тугмаи "Гузариш ба пеш"
⏭	саҳнаи навбатӣ, секунҷа, суруди навбатӣ, тир, тугмаи "Суруди навбатӣ"
⏯	пахш, рост, секунҷа, таваққуф, тир, тугмаи "Пахш ё таваққуф"
◀	гузариш ба қафо, секунҷа, тир, тугмаи "Гузариш ба қафо", чап
⏪	ба ақиб бурдан, дутога, тир, тугмаи "Гузариши зуд ба қафо"
⏮	саҳнаи қаблӣ, секунҷа, суруди қаблӣ, тир, тугмаи "Суруди охирин"
🔼	сурх, тир, тугма, тугмаи "Боло"
⏫	дутарафа, тир, тугмаи "Зуд ба боло"
🔽	поён, сурх, тир, тугма, тугмаи "Поён"
⏬	дутога, поён, тир, тугмаи "Зуд ба поён"
⏸️	Тугмаи "Таваққуф", амудӣ, дутарафа, навор, таваққуф
⏹️	ист, тугмаи "Ист", чоркунҷа
⏺️	давра, сабт, тугмаи "Сабт"
⏏️	баровардан, тугмаи "Баровардан"
🎦	камера, кино, филм
🔅	камнур, паст, рӯшноӣ, тугмаи "Камнуршавӣ"
🔆	равшан, рӯшноӣ, тугмаи "Рӯшноӣ"
📶	антенна, навор, сигнал, телефон, телефони мобилӣ, хатҳои антенна
📳	ларзиш, реҷа, реҷаи ларзиш, телефон, телефони мобилӣ
📴	телефон, телефони мобилӣ, хомӯш, хомӯш кардани телефони мобилӣ
♀️	аломати зан, зан
♂️	аломати мард, мард
✖️	бекор кардан, зарб задан, зарбзании вазнин х, зарбзанӣ, х
➕	аломати вазнини ҷамъ, риёзӣ, ҷамъ
➖	аломати вазнини тарҳ, риёзӣ, тарҳ
➗	аломати вазнини тақсим, риёзӣ, тақсим
‼️	аломат, аломати хитоби дукарата, аломатҳои китобатӣ, банг-банг, хитоб
⁉️	аломат, аломати китобатӣ, аломати хитобу савол, интерробанг, савол, хитоб
❓️	аломат, аломати китобатӣ, аломати савол, савол
❔	аломат, аломати китобатӣ, аломати саволи сафед, баёншуда, савол
❕	аломат, аломати хитоби сафед, аломатҳои китобатӣ, баёншуда, хитоб
❗️	аломат, аломати хитоб, аломатҳои китобатӣ, хитоб
〰️	аломати китобатӣ, мавҷдор, тире, тиреи мавҷдор
💱	асъор, бонк, мубодила, мубодилаи асъор, пул
💲	аломати доллари вазнин, асъор, доллар, пул
⚕️	аломати тиббӣ, дору, кормандон, табиб
♻️	аз нав коркард кардан, аломати "азнавкоркардкунӣ"
⚜	савсан
🔱	асбоб, киштӣ, лангар, нишон, нишони Соскан, соскан
📛	нишона, нишонаи ном, ном
🔰	аломати ҷопонӣ барои навомӯз, асбоб, барг, зард, навомӯз, сабз, шеврон, ҷопонӣ
⭕️	давра, давраи калони вазнин, о
✅	аломат, аломати вазнини қайди сафед, қайд
☑️	бюллетен, қайд, қуттии бюллетенҳо бо қайд, қуттӣ
✔️	аломат, аломати вазнини қайд, қайд
❌	аломат, аломати салиб, бекор кардан, зарб задан, зарбзанӣ, х
❎	аломат, тугмаи "Аломати салиб", чоркунҷа
➰	печ, ҳалқа, ҳалқаи пурпечутоб
➿	дутарфа, печ, ҳалқа, ҳалқаи дутарафа пурпечутоб
〽️	аломат, аломати тағйирёбии қисм, қисм
✳️	ситорача, ситорачаи ҳашт паррадор
✴️	ситора, ситораи ҳашт нӯгдор
❇️	ялаққос задан
©️	ҳуқуқи муааллиф
®️	ба қайд гирифташуда
™️	аломат, тамғаи савдо
🔠	ABCD, вуруд, лотинӣ, ҳарфҳо, ҳарфҳои калон, ҳарфҳои калони вуруди лотинӣ
🔡	abcd, вуруд, лотинӣ, ҳарфҳо, ҳарфҳои хурд, ҳарфҳои хурди вуруди лотинӣ
🔢	1234, вуруд, рақамҳо, рақамҳои вуруд
🔣	аломатҳои вуруд, вуруд, 〒♪&%
🔤	abc, алфавит, вуруд, лотинӣ, ҳарфҳо, ҳарфҳои вуруди лотинӣ
🅰️	а, гуруҳи хун, тугмаи "А" (гуруҳи хун)
🆎	аb, гуруҳи хун, тугмаи "АВ" (гуруҳи хун)
🅱️	b, гуруҳи хун, тугмаи "В" (гуруҳи хун)
🆑	cl, тугмаи "CL"
🆒	салқин, тугмаи "ЗӮР"
🆓	озод, тугмаи "ОЗОД"
ℹ️	i, маълумот
🆔	id, тугмаи "ID", шахсият
Ⓜ️	m, М бо давра қайд шуд, давра
🆕	нав, тугмаи "НАВ"
🆖	ng, тугмаи "NG"
🅾️	гуруҳи хун, о, тугмаи "О" (гуруҳи хун)
🆗	OK, тугмаи "OK"
🅿️	таваққуф кардан, тугмаи "P"
🆘	sos, кӯмак, тугмаи "SOS"
🆚	vs, бар зидди, тугмаи "VS"
🈁	"инҷо", катакана, тугмаи "инҷо"-и ҷопонӣ, ҷопонӣ, ココ
🈂️	"маблағи хизматрасонӣ", катакана, тугмаи "Маблағи хизматрасонӣ"-и ҷопонӣ, ҷопонӣ, サ
🈷	"арзиши моҳона", идеограмма, тугмаи "арзиши моҳона"-и ҷопонӣ, ҷопонӣ, 月
🈶	"ройгон", идеограмма, тугмаи "Ройгон нест"-и ҷопонӣ, ҷопонӣ, 有
🈯	"нигоҳ дошташуда", идеограмма, тугмаи "нигоҳ дошташуда"-и ҷопонӣ, ҷопонӣ, 指
🉐	"хариду фурӯш", идеограмма, тугмаи "Хариду фурӯш"-и ҷопонӣ, ҷопонӣ, 得
🈹	"тахфиф", идеограмма, тугмаи "Тахфиф"-и ҷопонӣ, ҷопонӣ, 割
🈚	"ройгон", идеограмма, тугмаи "Ройгон"-и ҷопонӣ, ҷопонӣ, 無
🈲	"манъшуда", идеограмма, тугмаи "манъ аст"-и ҷопонӣ, ҷопонӣ, 禁
🉑	"қобили қабул", идеограмма, тугмаи "Қобили қабул"-и ҷопонӣ, ҷопонӣ, 可
🈸	"барнома", идеограмма, тугмаи "барномаи"-и ҷопонӣ, ҷопонӣ, 申
🈴	"баҳои гузариш", идеограмма, тугмаи "Баҳои гузариш"-и ҷопонӣ, ҷопонӣ, 合
🈳	"ҷои кори холӣ", идеограмма, тугмаи "Ҷои кори холӣ"-и ҷопонӣ, ҷопонӣ, 空
㊗️	"табрик", идеограмма, тугмаи "Табрик"-и ҷопонӣ, ҷопонӣ, 祝
㊙️	"махфӣ", идеограмма, тугмаи "Махфӣ"-и ҷопонӣ, ҷопонӣ, 秘
🈺	"барои тиҷорат кушода аст", идеограмма, тугмаи "Барои тиҷорат кушода аст"-и ҷопонӣ, ҷопонӣ, 営
🈵	"ҷои кори холӣ нест", идеограмма, тугмаи "Ҷои кори холӣ нест"-и ҷопонӣ, ҷопонӣ, 満
🔴	геометрӣ, доира, доираи сурх, сурх
🔵	геометрӣ, доира, доираи кабуд, кабуд
⚫️	геометрӣ, доира, доираи сиёҳ
⚪️	геометрӣ, доира, доираи сафед
⬛️	геометрӣ, чоркунҷа, чоркунҷаи калони сиёҳ
⬜️	геометрӣ, чоркунҷа, чоркунҷаи калони сафед
◼️	геометрӣ, чоркунҷа, чоркунҷаи миёнаи сиёҳ
◻️	геометрӣ, чоркунҷа, чоркунҷаи миёнаи сафед
◾️	геометрӣ, чоркунҷа, чоркунҷаи хурди миёнаи сиёҳ
◽️	геометрӣ, чоркунҷа, чоркунҷаи хурди миёнаи сафед
▪️	геометрӣ, чоркунҷа, чоркунҷаи хурди сиёҳ
▫️	геометрӣ, чоркунҷа, чоркунҷаи хурди сафед
🔶	алмос, алмоси калони норинҷӣ, геометрӣ, норанҷӣ
🔷	алмос, алмоси калони кабуд, геометрӣ, кабуд
🔸	алмос, алмоси хурди норинҷӣ, геометрӣ, норанҷӣ
🔹	алмос, алмоси хурди кабуд, геометрӣ, кабуд
🔺	геометрӣ, секунҷаи сурхи ба боло равонашуда, сурх
🔻	геометрӣ, поён, секунҷаи сурхи ба поён равонашуда, сурх
💠	алмос, алмос бо як нуқта, геометрӣ, дарун, мазҳакавӣ
🔘	геометрӣ, радио, тугма, тугмаи "Радио"
🔳	геометрӣ, тугма, тугмаи "Чоркунҷаи сафед", чоркунҷа, ҳошиядор
🔲	геометрӣ, тугма, тугмаи "Чоркунҷаи сиёҳ", чоркунҷа
🏁	байрақи чорхона, катакчадор, пойга, чорхона
🚩	байрақи секунҷа, сутун
🎌	байрақҳои чиллик гузошташуда, салиб, чиллик гузошташуда, ҷашн, ҷопонӣ
🏴	байрақи сиёҳ, мавҷ задан
🏳️	байрақи сафед, мавҷ задан
🏳‍🌈	байрақи тирукамон, тирукамон
¤	Асъори номаълум
🏻	навъи 1–2, ранги пӯст, ранги равшани пӯст
🏼	навъи 3, ранги пӯст, ранги равшании миёнаи пӯст
🏽	навъи 4, ранги миёнаи пӯст, ранги пӯст
🏾	навъи 5, ранги пӯст, ранги торики миёнаи пӯст
🏿	навъи 6, ранги пӯст, ранги торики пӯст
