๐	ฺูุฑุงู, ฺูุดููู, ฺูุดููู ููฺฏู ฺูุฑุงู
๐	ุฆุงุบุฒููู ุฆฺููพ ูููุณูุฑุด, ุฆูฺู, ุฆุบูุฒ, ููุด, ฺูุฑุงู
๐	ุฆุงุบุฒููู ุฆฺููพ ูููุณูุฑูฺฏู ฺูุฑุงู, ุฆูฺู, ุฆุบูุฒ, ูุฒ, ููุด, ฺูุฑุงู
๐	ูุฒ, ูููุณูุฑุด, ูุดู, ฺูุฑุงู, ฺูุด, ฺูุดููู ฺูููุฑููพ ูููุณูุฑุด
๐	ุฆูฺู, ุฆุบูุฒ, ุฑุงุฒู, ูุฒููู ูููพ ุฆุงุบุฒููู ุฆฺููพ ูููุณูุฑุด, ููุด, ูููุณูุฑุด, ฺูุฑุงู
๐	ุฆุงุบุฒููู ุฆฺููพ ุณูุบู ุชุฑููพ ูููุณูุฑุด, ุฆูฺู, ุชุฑ, ุณูุบู, ูููุณูุฑุด, ฺูุฑุงู
๐คฃ	ุฆุบููุงุด, ููุด, ูููพ ูุชูููุด, ูุฑ, ฺูุฑุงู
๐	ุฎุด, ุฎุด ูุงุด ุฆุงููุงู ฺูุฑุงู, ูู, ูุงุด, ฺูุฑุงู
๐	ุฆููููู ุฎุด ฺูุฑุงู, ูููุณูุฑุด, ฺูุฑุงู
๐	ุฏู, ุฏู ฺูุฑุงู, ฺูุฑุงู
๐	ููุณูุด, ูุฒ ููุณูุด, ฺูุฑุงู
๐	ุชุจุณุณููู ูุฒ  ุฎุด ฺูุฑุงู, ุชฺญููู, ูุฒ, ูููุณูุฑุด, ฺูุฑุงู
๐	ุฎุด ุณุงูุงูููู ฺูุฑุงู, ุฑูุงูุช, ุณุงูุงู, ุณููููู, ูุงูุชุงุฒูู, ูููุณูุฑุด, ูพุฑูุดุช, ฺูุฑุงู
๐	ุณูฺฏ, ูุฒ, ูููุณูุฑุด, ูุฑู ูุฒูู ุฎุด ฺูุฑุงู, ฺูุฑุงู
๐คฉ	ูุฒ, ููุชุฒ, ููุชุฒ ูุฑุด, ฺูุฑุงู, ฺูุด
๐	ุณูฺฏ ุฆุชูู ฺูุฑุงู, ุณูุด, ฺูุฑุงู
๐	ุณูฺฏู ฺูุฑุงู, ุณูุด, ฺูุฑุงู
โบ๏ธ	ุฆุงุฒุงุฏ, ุฆุฑููู, ูููุณูุฑูฺฏู ฺูุฑุงู, ูููุณูุฑุด, ฺูุฑุงู
๐	ุณูุด, ูุฒ, ูุฒููู ูููพ ุณูฺฏู ฺูุฑุงู, ููพูู, ฺูุฑุงู
๐	ุฎุด ูุฒูู ุณูฺฏู ฺูุฑุงู, ุณูุด, ูุฒ, ูููุณูุฑุด, ฺูุฑุงู
๐	ุชูููู, ุดูฺฏู, ุดูฺฏูููู ฺูุฑุงู, ูููุณูุฑุด, ูพุงฺพ, ฺูุฑุงู, ฺพูู
๐	ุชูู, ุชููู ฺููููพ ูุงูุบุงู ฺูุฑุงู, ฺูุฑุงู
๐	ุชูู, ุชููููู ฺูููุฑููพ ูุฒ ููุณูุงู ฺูุฑุงู ุฆููพุงุฏูุณู, ููุณูุด, ูุฒ, ฺุงูฺุงู, ฺูุฑุงู
๐คช	ุณุงุฑุงฺญ ฺูุฑุงู, ููฺูู, ูุฒ, ฺูฺญ
๐	ุชูู, ุชู, ููุฑููฺูู, ูุฒ, ูุฒููู ูููพ ุชููููู ฺููุงุฑุบุงู ฺูุฑุงู, ฺูุฑุงู
๐ค	ุฆุบูุฒ, ูพู, ูพู ฺูุฑุงู, ฺูุฑุงู
๐ค	ูฺุงู, ูฺุงููุงุด, ูฺุงูููุบุงู ฺูุฑุงู, ฺูุฑุงู
๐คญ	ุฆุงุบุฒููู ุชุชูุงู ฺูุฑุงู, ุงุฑููุฑุงุด
๐คซ	ุฆุดุดุด, ุชููฺ, ุฌูู ฺูุฑุงู
๐ค	ุฆูููุงุด, ุฆููฺุงู ฺูุฑุงู, ฺูุฑุงู
๐ค	ุฆุบูุฒ, ุณููุฑุชูุง, ุณููุฑูุชูุง ฺูุฑุงู, ฺูุฑุงู
๐คจ	ุฆูุดููุณููู, ูุดู ุฆุฑููฺฏู ฺูุฑุงู, ฺฏูุงู
๐๏ธ	ุฆูู, ููุฑูุงู, ููุฑูุงู ฺูุฑุงู, ฺูุฑุงู
๐	ุฆููพุงุฏูุณูุฒ, ุฆููพุงุฏูุณูุฒ ฺูุฑุงู, ุฆููพุงุฏูููู, ุฆููพุงุฏ ููู, ฺูุฑุงู
๐ถ	ุฆุบูุฒ, ุฆุบูุฒุณูุฒ ฺูุฑุงู, ุชููฺ, ุฌูู, ฺูุฑุงู
๐	ฺูุฑุงู, ฺพุฌุงูุบุงู ฺูุฑุงู, ฺพุฌูููุด
๐	ุฎุงูพุง, ูุฒ, ูุฒ ฺูุฑุงู, ฺูุฑุงู
๐	ุฆุฑุด, ูุฒ, ูุฒู ูพูุฑููุฑูุบุงู ฺูุฑุงู, ฺูุฑุงู
๐ฌ	ูููุดูุงู, ฺูุฑุงู, ฺูุดู ูููุดูุงู ฺูุฑุงู
๐คฅ	ูุงูุบุงูฺู, ูุงูุบุงูฺู ฺูุฑุงู, ูพูููฺููู, ฺูุฑุงู
๐	ุฎุงุชูุฑุฌู, ุฎุงุชูุฑุฌู ฺูุฑุงู, ฺูุฑุงู
๐	ุฆููุบุง ฺูฺฏู ฺูุฑุงู, ุณูุบู, ฺูุฑุงู, ฺูฺฏู
๐ช	ุฆุฎูุงุด, ุฆูู ฺูุฑุงู, ฺูุฑุงู
๐คค	ุดูฺฏู, ุดูฺฏู ุฆุงููุงู ฺูุฑุงู, ฺูุฑุงู
๐ด	ุฆุฎุฎุฎ, ุฆุฎูุงุด, ุฆุฎูุงู ฺูุฑุงู, ฺูุฑุงู
๐ท	ุฏูุฎุชุฑ, ุฏูุฑุง, ุณูุบู, ูุณู, ูุงุณูุง, ูุงุณููููู ฺูุฑุงู, ฺูุฑุงู
๐ค	ุฆุงุบุฑูู, ุชุฑูููุชูุฑ, ุชุฑูููุชูุฑููู ฺูุฑุงู, ูุณู, ฺูุฑุงู
๐ค	ุชฺญูู, ุชฺญูู ฺูุฑุงู, ูุงุฑุง, ูุงุฑูุฏุงุฑ, ฺูุฑุงู
๐คข	ูุณุด, ูฺญูู ุฆููุดูุงู ฺูุฑุงู, ูฺญูู ุฆููุดูุด, ฺูุฑุงู
๐คฎ	ูุณูุงู ฺูุฑุงู, ูุณุด, ูุณู
๐คง	ูุงฺญูุง, ฺูุฑุงู, ฺุดูุฑฺฏู ฺูุฑุงู, ฺุดูุฑุด
๐ต	ุจุงุด ูุงูุบุงู, ุจุงุด ูุงูุบุงู ฺูุฑุงู, ฺูุฑุงู
๐คฏ	ุจุดู ูพุงุฑุชูุงุด, ุฏุงฺญ ูุงุชูุงู
๐ค	ูุงููพุงู, ูุฒ, ูพุงุฏูฺู ูุงููพุงูููู ฺูุฑุงู, ูพุงุฏูฺู ููุฒ, ูพุงุฏูฺู ููฺฏูุช
๐	ุฆููู, ูุฒ, ูุฒููู, ูุฒููู ุชุงููุบุงู ุฎุด ฺูุฑุงู, ูููุณูุฑุด, ูู, ูู ุฆููููู, ููุฑู, ูพูุฒู, ฺูุฑุงู
๐ค	ุฆุฎูู, ุฏุช, ุฏุช ฺูุฑุงู, ฺูุฑุงู
๐ง	ุฏูููู, ููฺุดู ฺูุฑุงู
๐	ฺูุฑุงู, ฺพุงฺญุงููุงู, ฺพุงฺญุงููุงู ฺูุฑุงู
๐	ุฆูุณูุฑุด, ุฆูุณูุฒ ฺูุฑุงู, ฺูุฑุงู
๐	ุณู ููุดููููู ฺูุฑุงู, ููุดูุง, ูุฒ
โน๏ธ	ููุดูุง, ููุดูุง ุชุฑฺฏู ฺูุฑุงู, ูุฒ
๐ฎ	ุฆุงุบุฒู ุฆูฺู ฺูุฑุงู, ุฆูฺู, ุฆูฺ ุฆุงุบุฑูุชูุด, ุฆุบูุฒ, ฺูุฑุงู
๐ฏ	ุฌูู, ุฌููุฌูุช ฺูุฑุงู, ูุงุชูุงู, ฺูุฑุงู, ฺพูุฑุงู
๐ฒ	ูุงุชูุงู, ูพุชููู, ฺูุฑุงู, ฺพูุฑุงู, ฺพูุฑุงู ฺูุฑุงู
๐ณ	ููุฒุงุฑุบุงู, ููุฒุงุฑุบุงู ฺูุฑุงู, ฺูุฑุงู, ฺพุงฺญุงููุงู
๐ฆ	ุฆุงุบุฒููู ุฆฺููพ ููุดููุณููู ุชุฑฺฏู ฺูุฑุงู, ุฆูฺู, ุฆุบูุฒ, ููุดูุง, ฺูุฑุงู
๐ง	ุฆุงุฒุงุจููู, ุฆุงุฒุงุจููู ฺูุฑุงู, ฺูุฑุงู
๐จ	ููุฑููุงู, ููุฑููฺ, ููุฑููฺูู ฺูุฑุงู, ฺูุฑุงู, ฺฺุด
๐ฐ	ุฆุงุบุฒู ุฆูฺู ุณูุบู ุชุฑููฺฏู ฺูุฑุงู, ุฆุงูุฏูุฑุงุด, ุฆูฺู, ุชุฑ, ุณูุบู, ูู, ฺูุฑุงู
๐ฅ	ุฆููุฏุณูุฒ, ุฆููุฏุณูุฒ ุฆููุง ุฎุงุชูุฑุฌู ฺูุฑุงู, ุฆุฑููู, ฺูุฑุงู, ฺพู
๐ข	ุบูููู, ูุงุด, ููุบุง, ููุบููุบุงู ฺูุฑุงู, ฺูุฑุงู
๐ญ	ุฆูุณุด, ุฆูุณูพ ููุบููุบุงู ฺูุฑุงู, ุบูููู, ูุงุด, ููุบุง, ฺูุฑุงู
๐ฑ	ูุงุฑุบูุด, ููุฑููุงู, ููุฑููฺ, ููุฑููฺูู ฺูุฑููุฑูุบุงู ฺูุฑุงู, ฺูุฑุงู, ฺูุฑููุฑุงุด
๐	ุจูุฒุงุฑ, ุจูุฒุงุฑ ฺูุฑุงู, ฺูุฑุงู
๐ฃ	ูุณููู, ูุณููู ฺูุฑุงู, ฺูุฑุงู
๐	ุฆููุฏุณูุฒ, ุฆููุฏุณูุฒ ฺูุฑุงู, ฺูุฑุงู
๐	ุชุฑ, ุณูุบู, ุณูุบู ุชุฑููู ฺูุฑุงู, ฺูุฑุงู
๐ฉ	ฺุงุฑฺุงุด, ฺูุฑุงู, ฺพุงุฑุบุงู ฺูุฑุงู, ฺพุงุฑุบูู
๐ซ	ฺูุฑุงู, ฺพุงุฑุบูู, ฺพุงุฑุบูู ฺูุฑุงู
๐ค	ุฆุชู, ุจุฑููุฏูู ฺพูุฑ ฺูููุงู ฺูุฑุงู, ุบุงููุจ, ฺูุฑุงู
๐ก	ุฆุงฺฺูููุงูุบุงู, ุชุฑูฺฏู, ุฎุงูพุง, ููุฒูู, ฺูุฑุงู, ฺพููุงูุบุงู, ฺพููุงูุบุงู ฺูุฑุงู
๐	ุฆุงฺฺูููุงูุบุงู, ุฎุงูพุง, ุฎุงูพุง ฺูุฑุงู, ฺูุฑุงู
๐คฌ	ุฆุงุบุฒูุฏุง ุจูฺฏ ฺูุฑุงู, ูุงุฑุบุงุด
๐	ูุงูุชุงุฒูู, ูููุณูุฑุด, ูฺญฺฏุฒ, ูฺญฺฏุฒูู ุฎุด ฺูุฑุงู, ฺูุฑุงู, ฺฺู
๐ฟ	ุฑุฒูู, ูุงูุชุงุฒูู, ููพุณูุฒ, ูฺญฺฏุฒูู ุฎุงูพุง ฺูุฑุงู, ูุงููุงุฒ, ฺูุฑุงู, ฺฺู
๐	ุฆูู, ุจุงุด ุณฺญู, ูุงููุงุฒ, ฺูุฑุงู, ฺฺู
โ๏ธ	ุฆูู, ุจุงุด ุณฺญู, ุจุงุด ุณฺญู  ุฆุณุชูุฎุงู, ุณฺญู, ูุงููุงุฒ, ฺูุฑุงู
๐ฉ	ุชุฒู, ููููููู, ูุงููุงุฒ, ูพูู, ฺูุฑุงู, ฺูฺูุด
๐คก	ุณุฑููฺู, ุณุฑููฺู ฺูุฑุงู, ฺูุฑุงู
๐น	ุฏู, ูุงูุชุงุฒูู, ูุฎูู, ูุงููุงุฒ, ฺูุฑุงู, ฺฺู
๐บ	ุฌูู, ูุงูุชุงุฒูู, ูุฎูู, ูุงููุงุฒ, ฺูุฑุงู, ฺฺู
๐ป	ุฆุงูุงุณุชู, ูุงูุชุงุฒูู, ูุฎูู, ูุงููุงุฒ, ฺูุฑุงู, ฺฺู
๐ฝ๏ธ	ุฆฺุงุฑ ุชุฎุณ, ุชุงุดูู ูพููุงูุช, ุชุงุดูู ูพููุงูุชููููุงุฑ, ูุงูุชุงุฒูู, ูุฎูู, ูุงููุงุฒ, ฺูุฑุงู, ฺฺู
๐พ	ุฆฺุงุฑ ุชุฎุณ, ุชุงุดูู ูพููุงูุชููู, ุชุงุดูู ูพููุงูุชููู ูุงููุงุฒ, ูุงูุชุงุฒูู, ูุฎูู, ูุงููุงุฒ, ฺูุฑุงู, ฺฺู
๐ค	ุฑูุจูุช, ุฑูุจูุช ฺูุฑุงู, ูุงููุงุฒ, ฺูุฑุงู
๐บ	ุฆุงุบุฒู ุฆูฺู ุฎุด ูุดู ฺูุฑุงู, ุฆูฺู, ุฆุบูุฒ, ูููุณูุฑุด, ูุดู, ฺูุฑุงู
๐ธ	ูุฒ, ูููุณูุฑุด, ูุดู, ฺูุฑุงู, ฺูุด, ฺูุดููู ฺููุงุฑุบุงู ุฎุด ูุฒูู ูุดู ฺูุฑุงู
๐น	ุฎุด, ุฎุด ูุงุดููู ูุดู ฺูุฑุงู, ูุดู, ูุงุด, ฺูุฑุงู
๐ป	ุณูฺฏ, ูุฒ, ูููุณูุฑุด, ูุดู, ูุฑู ูุฒูู ุฎุด ูุดู ฺูุฑุงู, ฺูุฑุงู
๐ผ	ุฆุงฺฺูู, ุฆุงฺฺูู ููููููู ูุดู ฺูุฑุงู, ุชู, ูููุณูุฑุด, ูุดู, ฺูุฑุงู
๐ฝ	ุณูุด, ูุฒ, ูุฒููู ูููพ ุณูฺฏู ูุดู ฺูุฑุงู, ูุดู, ฺูุฑุงู
๐	ุฆูฺพ, ูุดู, ฺูุฑุงู, ฺพุงุฑุบุงู, ฺพุงุฑุบุงู ูุดู ฺูุฑุงู, ฺพูุฑุงู
๐ฟ	ุบูููู, ูุดู, ูุงุด, ููุบููุบุงู ูุดู ฺูุฑุงู, ฺูุฑุงู
๐พ	ูุดู, ฺูุฑุงู, ฺพููุงูุบุงู, ฺพููุงูุบุงู ูุดู ฺูุฑุงู
๐	ุฆูุดุงุฑ, ุฆูุณ, ุฑุฒูู, ููููุงฺญ, ูุฑุด, ูุงููู, ูุงู, ูุงูุงููู ูุฑูุณ ูุงููู, ฺูุฑุงู, ฺูููฺฏู
๐	ุฆุงฺญูุงุด, ุฆูุดุงุฑ, ุฆูุณ, ุฑุฒูู, ููููุงฺญ, ูุงููู, ูุงู, ูุงูุงููู ุฆุงฺญูููุงุณ ูุงููู, ฺูุฑุงู, ฺูููฺฏู
๐	ุฆูุดุงุฑ, ุฆูุณ, ุฑุฒูู, ุณุฒูููฺญ, ุณุฒูุด, ูุงููู, ูุงู, ูุงูุงู ุณุฒูููุณ ูุงููู, ฺูุฑุงู, ฺูููฺฏู
๐	ุณูฺฏู ุฆูุฒ, ุณุด, ู
๐	ุฎุช, ุณุงูุงูุฎุช, ุณูฺฏ, ุณูฺฏ ุฎุชู, ูุฑู
๐	ุฆูููู ูุฑู, ุฆูููุงฺู, ูุฑุณุชูฺ
๐	ุจุงุบูุงู ูุฑู, ุชุงุณูุง, ูุฑู
๐	ูุงููู, ฺุงูููุบุงู ูุฑู, ฺพุงูุงุฌุงู
๐	ุฆุณูู, ุฆุณุงุชูุงู ูุฑู, ุฌูุฏุฏูููุดูู, ุณููุด, ฺพุงูุงุฌุงู
๐	ุณููุด, ุณููุงุชูุงู, ุณููุงุชูุงู ูุฑู, ูุฑู ุณููุดู
๐	ุฆุงููุงูุบุงู ูุฑู, ุฆุงูููููุด
๐	ุณูฺฏ, ููุด ูุฑู
๐	ูุฑู, ูุฑู ุจุฒู
โฃ๏ธ	ุฆูุฏุด, ุจูฺฏ, ุชูููุด, ูุฑูููู ุฆูุฏุด
๐	ุณูุบุงู ูุฑู, ุณูุบุงู, ุณูุด
โค๏ธ	ููุฒูู ูุฑู, ูุฑู
๐งก	ููุฒุบฺ ุฑฺญ, ููุฒุบฺ ูุฑู
๐	ุณุฑูู, ุณุฑูู ูุฑู
๐	ูุดูู, ูุดูู ูุฑู
๐	ูู, ูู ูุฑู
๐	ุณุณู, ุณุณู ูุฑู
๐ค	ุฑุฒูู, ูุงุฑุง, ูุงุฑุง ูุฑู, ูุงูุงู
๐ฏ	100, ุชููู, ูููุฑ, ูุฒ, ูุฒ ูููุฑ
๐ข	ุฆุงฺฺูู ุจูฺฏูุณู, ุฎุงูพุง, ุณุงุฑุงฺญ, ููู
๐ฅ	ุณูููุด, ููููููู, ฺฏูุฏุฑ-ูุงุฑุงุณ
๐ซ	ูููุด, ููููููู, ููุชุฒ
๐ฆ	ุชุฑ, ุชุฑ ุชุงูฺูุณู, ููููููู, ฺุงฺุฑุงุด
๐จ	ููู, ูููุฏู ูุชูุด, ููููููู, ูฺฏุฑุด
๐ณ๏ธ	ุชุดู
๐ฃ๏ธ	ููููููู, ูพุงุฑุชูุงุชูฺ
๐ฌ	ุฏููุงููฺฏ, ุณุฒ ุฑุงูููุณู, ุณุฒูุด, ุดุงุฑ, ููพู, ููููููู
๐โ๐จ	ุฏููุงููฺฏ, ุดุงุฑุฏููู ูุฒ, ูุฒ, ฺฏุงฺพฺู
๐จ๏ธ	ุฏููุงููฺฏ, ุณูู ุณุฒ ุฑุงูููุณู, ุณุฒูุด
๐ฏ๏ธ	ุฆูฺญ ุฎุงูพูููู ููพูฺูุณู, ุฎุงูพุง, ุณุงุฑุงฺญ, ุดุงุฑ, ููพู
๐ญ	ุฆูู ุดุงุฑฺูุณู, ุฆูููุงุด, ุดุงุฑ, ููพู, ููููููู
๐ค	ุฆุฎุฎุฎ, ุฆุฎูุงุด, ููู
๐	ููู, ููู ูพูุงฺญููุชูุด, ูพูุงฺญูุงุด, ูพูุงฺญููุชูุด
๐ค	ูุงุฑุง ููู, ูุชุฑฺฏู, ูุชุฑฺฏู ูููููฺญ ุฆุงุฑููุณู
๐๏ธ	ุจุงุฑูุงู, ุจุงุฑูุงูููุฑููู ููููพ ูุชุฑฺฏู ููู, ููู, ูุงูุบุงู
โ	ููู, ูุชุฑฺฏู ููู
๐	ุจุงุฑูุงู, ุณูพูู, ููู, ูููุงู, ูููุงู ุณุงูุงู
๐	ููู, ูุงูู, ูุงูู ุจูฺฏูุณู
โ๏ธ	v, ุบูุจ, ุบูุจ ุฆูุดุงุฑูุณู, ููู
๐ค	ุฆุงู ููู, ุจุงุฑูุงู, ููู, ูุณูุดูู, ูุณูุดูู ุจุงุฑูุงููุงุฑ
๐ค	ุณูููู, ุณูููู ุฏฺฏู ุฆูุดุงุฑ, ููู
๐ค	ุจุงุฑูุงู, ุชุงุด, ููู, ูฺญฺฏุฒ, ูฺญฺฏุฒ ุจูฺฏูุณู
๐ค	ุชูููู ููููฺญ, ููู, ฺุงููุฑูุด
๐๏ธ	ุฆุงุฑููฺ ุณูููู ูุฑุณุชูู ูุฑุณุชูฺ ุจุงุฑูุงู, ุจุงุฑูุงู, ููู, ูููููฺญ ุฆุงุฑููุณู, ูุฑุณูุชูุด, ูุฑุณุชูฺ ุจุงุฑูุงู
๐๏ธ	ุฆุงุฑููฺ ุฆูฺญูู ูุฑุณุชูู ูุฑุณุชูฺ ุจุงุฑูุงู, ุจุงุฑูุงู, ููู, ูููููฺญ ุฆุงุฑููุณู, ูุฑุณูุชูุด, ูุฑุณุชูฺ ุจุงุฑูุงู
๐๏ธ	ุฆุงุฑููฺ ุฆุณุชููู ูุฑุณุชูู ูุฑุณุชูฺ ุจุงุฑูุงู, ุฆุณุชู, ุจุงุฑูุงู, ููู, ูููููฺญ ุฆุงุฑููุณู, ูุฑุณูุชูุด, ูุฑุณุชูฺ ุจุงุฑูุงู
๐	ุฆูุชุชุฑุง ุจุงุฑูุงู, ุจุงุฑูุงู, ููู
๐๏ธ	ุฆุงุฑููฺ ุฆุงุณุชููู ูุฑุณุชูู ูุฑุณุชูฺ ุจุงุฑูุงู, ุฆุงุณุชู, ุจุงุฑูุงู, ููู, ูููููฺญ ุฆุงุฑููุณู, ูุฑุณูุชูุด, ูุฑุณุชูฺ ุจุงุฑูุงู
โ๏ธ	ุฆุณุชู, ุฆุณุชููู ูุฑุณุชูู ูุฑุณุชูฺ ุจุงุฑูุงู, ุจุงุฑูุงู, ููู, ูุฑุณูุชูุด, ูุฑุณุชูฺ ุจุงุฑูุงู
๐๏ธ	+1, ุฆุณุชู, ุจุงุด ุจุงุฑูุง, ููู, ููููุงุด
๐๏ธ	-1, ุฆุงุณุชู, ุจุงุด ุจุงุฑูุงู, ููู, ูพุชูุงุด
โ	ุชฺฏูู, ุชุณุชู, ููู, ูุชุฑฺฏู ูุดุช, ูุดุช
๐	ุชฺฏูู, ุชุณุชู, ููู, ููฺฏู ูุดุช, ูุดุช
๐ค	ุณูู ูุดุช, ุณููุบุง, ูุดุช
๐ค	ุฆูฺญ ูุดุช, ุฆูฺญุบุง, ูุดุช
๐	ููู, ฺุงุงู
๐	ุฆูุดุงุฑ, ุฆุฑุฑุง, ุชุจุฑูููุด, ููู, ููู ูุชุฑุด, ูุชุฑุด
๐	ุฆูฺู, ุฆูฺู ููู, ููู
๐คฒ	ุฆูฺู, ุฏุฆุง
๐ค	ุฆฺุฑูุดูุด, ููุดูุด, ููู, ููู ุฆููุดูุด, ููู ููุณูุด
๐	ุฆูุดุงุฑ, ุฆฺฏูุด, ุฆฺฏูููุด, ุฏุฆุง, ุฑฺพูุช, ุณูุฑุงุด, ููู, ููุดูุงู ููู, ูุฑฺพูุช
โ๏ธ	ููู, ูุฒูุด, ูุฒูุงุชูุงู ููู
๐	ุฆุงุณุฑุงุด, ุชูุฑูุงู, ุชูุฑูุงู ุฆููุด, ุชูุฑูุงู ุจููุงุด, ุฎู, ฺฏูุฑูู
๐คณ	ุฆุฒุชุงุฑุชูู, ุชูููู, ูุงูุฑุง
๐ช	ุฆฺฏูุด, ุฆฺฏููฺฏู ุจููู, ุจููู, ููููููู, ูุณูู
๐๏ธ	ููุงู, ฺฏุฏ
๐	ุจุฑู, ฺฏุฏ
๐ง	ุฆูููููู, ูฺญ
๐	ูุฒ, ูุฒูุฑ, ฺูุฑุงู
๐๏ธ	ูุฒ, ฺฏุฏ
๐	ุชูู, ฺฏุฏ
๐	ุฆุบูุฒ, ู
๐ถ	ุจูุงู, ูุงุด
๐ง	ุจุงูุง, ุฌููุณุณูุฒ, ูุงุด
๐ฆ	ุฆูุบู, ูุงุด
๐ง	ููุฒ, ููุฒฺุงู, ูฺู
๐ง	ุฌูููุณุณูุฒ, ฺูฺญูุงุฑ
๐ฑ	ุฆุงูุชู ฺุงฺ, ุฆุงูุชู ฺุงฺ ููุดู
๐จ	ุฆุฑ
๐ง	ุณุงูุงู, ุณุงูุงูููู ููุดู
๐ฑโโ	ุฆุงูุชู ฺุงฺ, ุฆุงูุชู ฺุงฺ ุฆุฑ, ุฆุฑ
๐ฉ	ุฆุงูุงู
๐ฑโโ	ุฆุงูุชู ฺุงฺ, ุฆุงูุชู ฺุงฺ ุฆุงูุงู, ุฆุงูุงู
๐ง	ุฌูููุณุณูุฒ, ูุฑู, ูุฑููุงุฑ
๐ด	ุฆุฑ, ุจูุงู, ูุฑู
๐ต	ุฆุงูุงู, ูุฑู, ูููุงู
๐	ุฆุดุงุฑ, ููุดูุง, ููุดููุณููู ุชุฑฺฏู ููุดู
๐โโ	ุฆูุดุงุฑ, ุฆุฑ, ููุดูุง, ููุดููุณููู ุชุฑฺฏู ุฆุฑ
๐โโ	ุฆุงูุงู, ุฆูุดุงุฑ, ููุดูุง, ููุดููุณููู ุชุฑฺฏู ุฆุงูุงู
๐	ุฆูุดุงุฑ, ฺพููุงูุบุงู ููุดู, ฺพูููููุด
๐โโ	ุฆูุดุงุฑ, ุฆุฑ, ฺพููุงูุบุงู ุฆุฑ, ฺพูููููุด
๐โโ	ุฆุงูุงู, ุฆูุดุงุฑ, ฺพููุงูุบุงู ุฆุงูุงู, ฺพูููููุด
๐	ุฆูุดุงุฑ, ุฆูุณ, ุชูุณุด, ููู, ูุงู, ูุงู ุฏูพ ุฆูุดุงุฑ ูููุบุงู ููุดู, ฺูููฺฏู
๐โโ	ุฆูุดุงุฑ, ุฆุฑ, ุฆูุณ, ุชูุณุด, ููู, ูุงู, ูุงู ุฏูพ ุฆูุดุงุฑ ูููุบุงู ุฆุฑ, ฺูููฺฏู
๐โโ	ุฆุงูุงู, ุฆูุดุงุฑ, ุฆูุณ, ุชูุณุด, ููู, ูุงู, ูุงู ุฏูพ ุฆูุดุงุฑ ูููุบุงู ุฆุงูุงู, ฺูููฺฏู
๐	ุฆูุดุงุฑ, ููู, ูุงูู, ูุงูู ุฏูพ ุฆูุดุงุฑ ูููุบุงู ููุดู
๐โโ	ุฆูุดุงุฑ, ุฆุฑ, ููู, ูุงูู, ูุงูู ุฏูพ ุฆูุดุงุฑ ูููุบุงู ุฆุฑ
๐โโ	ุฆุงูุงู, ุฆูุดุงุฑ, ููู, ูุงูู, ูุงูู ุฏูพ ุฆูุดุงุฑ ูููุบุงู ุฆุงูุงู
๐	ุฆฺุฑ, ุชุงูพุงู ฺพููู, ุชุงูพุงู ฺพููู ุจุฑฺฏู ููุดู, ููู, ูููพุงู, ูุงุฑุฏู
๐โโ	ุฆุฑ, ุชุงูพุงู ฺพููู, ุชุงูพุงู ฺพููู ุจุฑฺฏู ุฆุฑ, ูููพุงู
๐โโ	ุฆุงูุงู, ุชุงูพุงู ฺพููู ุจุฑฺฏู ุฆุงูุงู, ุชุงูพุงู ฺพููู ุจุฑฺฏู ููู, ูููพุงู
๐	ุฆูุดุงุฑ, ุฎุดุงู, ููู, ููู ูุชุฑฺฏู ููุดู, ูุชุฑุด
๐โโ	ุฆูุดุงุฑ, ุฆุฑ, ููู ูุชุฑฺฏู ุฆุฑ, ููู ูุชุฑุด
๐โโ	ุฆุงูุงู, ุฆูุดุงุฑ, ููู ูุชุฑฺฏู ุฆุงูุงู, ููู ูุชุฑุด
๐	ุฆูุดุงุฑ, ุฆุฒุฑ, ุฆฺฏูููุด, ุฆฺฏููฺฏู ููุดู, ูฺุฑฺญ
๐โโ	ุฆูุดุงุฑ, ุฆุชูุด, ุฆุฒุฑ, ุฆฺฏูููุด, ุฆฺฏููฺฏู ุฆุฑ, ุฆุฑ, ูฺุฑฺญ
๐โโ	ุฆุงูุงู, ุฆูุดุงุฑ, ุฆุชูุด, ุฆุฒุฑ, ุฆฺฏูููุด, ุฆฺฏููฺฏู ุฆุงูุงู, ูฺุฑฺญ
๐คฆ	ุฆูุดูฺุณูุฒ, ุชุชุด, ูุงูุงู, ูุฒููู ุชุชูุงู ููุดู, ฺูุฑุงู
๐คฆโโ	ุฆูุดูฺุณูุฒ, ุฆุฑ, ูุงูุงู, ูุฒููู ุชุชุด, ูุฒููู ุชุชูุงู ุฆุฑ
๐คฆโโ	ุฆุงูุงู, ุฆูุดูฺุณูุฒ, ูุงูุงู, ูุฒููู ุชุชุด, ูุฒููู ุชุชูุงู ุฆุงูุงู
๐คท	ุณูุบู, ููุณูุด, ููุณููุบุงู ููุดู, ูพุฑุงุณูุฒ, ฺฏูุงู
๐คทโโ	ุฆุฑ, ุณูุบู, ููุณูุด, ููุณููุบุงู ุฆุฑ, ูพุฑุงุณูุฒ, ฺฏูุงู
๐คทโโ	ุฆุงูุงู, ุณูุบู, ููุณูุด, ููุณููุบุงู ุฆุงูุงู, ูพุฑุงุณูุฒ, ฺฏูุงู
๐จโโ	ุฆุฑ, ุฆูฺู, ุฏูุฎุชุฑ, ุณุงุบูุงูููู ุฎูุฒูุชฺูุณู, ุณุงุบูุงูููู ุฎูุฒูุชฺูุณู ุฆุฑ, ุณูุณุชุฑุง
๐ฉโโ	ุฆุงูุงู, ุฆูฺู, ุฏูุฎุชุฑ, ุณุงุบูุงูููู ุฎูุฒูุชฺูุณู, ุณุงุบูุงูููู ุฎูุฒูุชฺูุณู ุฆุงูุงู, ุณูุณุชุฑุง
๐จโ๐	ุฆูุบู, ุฆูุบู ุฆููุบฺู, ุฆููุด ูพุชุชุฑุด, ุฆููุบฺู
๐ฉโ๐	ุฆููุด ูพุชุชุฑุด, ุฆููุบฺู, ููุฒ, ููุฒ ุฆููุบฺู
๐จโ๐ซ	ุฆููุชูฺู, ุฆุฑ, ุฆุฑ ุฆููุชูฺู, ูุฆูููู, ูพูุฑููุณุณูุฑ
๐ฉโ๐ซ	ุฆุงูุงู, ุฆุงูุงู ุฆููุชูฺู, ุฆููุชูฺู, ูุฆูููู, ูพูุฑููุณุณูุฑ
๐จโโ	ุฆูฺู, ุฆุฑ, ุฆุฑ ุณูุชฺู, ุณูุช
๐ฉโโ	ุฆุงูุงู, ุฆุงูุงู ุณูุชฺู, ุฆูฺู, ุณูุช
๐จโ๐พ	ุฆุฑ, ุฆุฑ ุฏฺพูุงู, ุจุงุบู, ุชุฑููฺู, ุฏฺพูุงู
๐ฉโ๐พ	ุฆุงูุงู, ุฆุงูุงู ุฏฺพูุงู, ุจุงุบู, ุชุฑููฺู, ุฏฺพูุงู
๐จโ๐ณ	ุฆุงุด, ุฆุงุดูพุฒ, ุฆุฑ, ุฆุฑ ุฆุงุดูพุฒ
๐ฉโ๐ณ	ุฆุงุด, ุฆุงุดูพุฒ, ุฆุงูุงู, ุฆุงูุงู ุฆุงุดูพุฒ
๐จโ๐ง	ุฆุฑ, ุฆุฑ ุฑูููุชฺู, ุชููฺู, ุชุฑุจุง ุฆูุดฺูุณู, ุฑูููุชฺู, ุณูุฏูฺฏุฑ
๐ฉโ๐ง	ุฆุงูุงู, ุฆุงูุงู ุฑูููุชฺู, ุชููฺู, ุชุฑุจุง ุฆูุดฺูุณู, ุฑูููุชฺู, ุณูุฏูฺฏุฑ
๐จโ๐ญ	ุฆูุดฺู, ุฆุฑ, ุฆุฑ ุฒุงุช ุฆูุดฺูุณู, ุฒุงุช, ุณุงูุงุฆุช, ููุฑุงุดุชุฑุด
๐ฉโ๐ญ	ุฆุงูุงู, ุฆุงูุงู ุฒุงุช ุฆูุดฺูุณู, ุฆูุดฺู, ุฒุงุช, ุณุงูุงุฆุช, ููุฑุงุดุชุฑุด
๐จโ๐ผ	ุฆูุดุฎุงูุง, ุฆูุดุฎุงูุง ุฎูุฒูุชฺูุณู, ุฆูุดุฎุงูุง ุฎูุฒูุชฺูุณู ุฆุฑ, ุฆุฑ, ุจุงุดูุฑุบฺู, ุณูุฏุง, ูุงููฺพููฺฏฺู
๐ฉโ๐ผ	ุฆุงูุงู, ุฆูุดุฎุงูุง, ุฆูุดุฎุงูุง ุฎูุฒูุชฺูุณู, ุฆูุดุฎุงูุง ุฎูุฒูุชฺูุณู ุฆุงูุงู, ุจุงุดูุฑุบฺู, ุณูุฏุง, ูุงููฺพููฺฏฺู
๐จโ๐ฌ	ุฆุงููู, ุฆููฺููุฑ, ุฆุฑ, ุฆุฑ ุฆุงููู, ุจูููููฺฏ, ุฎูููู, ููุฒูู, ูุงุชูุงุชูู
๐ฉโ๐ฌ	ุฆุงููู, ุฆุงูุงู, ุฆุงูุงู ุฆุงููู, ุฆููฺููุฑ, ุจูููููฺฏ, ุฎูููู, ููุฒูู, ูุงุชูุงุชูู
๐จโ๐ป	ุฆุงฺูฺู, ุฆูุฌุงุฏฺู, ุฆุฑ, ุฆุฑ ุชุฎููู, ุชุฎููู, ููุดุงู ุฏุชุงู, ูพูุฑูฺฏุฑุงููุฑ
๐ฉโ๐ป	ุฆุงูุงู, ุฆุงูุงู ุชุฎููู, ุฆุงฺูฺู, ุฆูุฌุงุฏฺู, ุชุฎููู, ููุดุงู ุฏุชุงู, ูพูุฑูฺฏุฑุงููุฑ
๐จโ๐ค	ุฆุฑ, ุฆุฑ ูุงุฎุดูฺู, ุฏุงฺญููู, ุณูุฆุชูุงุฑ, ูฺญู ุฆฺูุด, ูุงุฎุดูฺู, ฺูููพุงู
๐ฉโ๐ค	ุฆุงูุงู, ุฆุงูุงู ูุงุฎุดูฺู, ุฏุงฺญููู, ุณูุฆุชูุงุฑ, ูฺญู ุฆฺูุด, ูุงุฎุดูฺู, ฺูููพุงู
๐จโ๐จ	ุฆุฑ, ุฆุฑ ุณูุฆุชูุงุฑ, ุฑฺญ ุชุงุฎุชูุณู, ุณูุฆุชูุงุฑ
๐ฉโ๐จ	ุฆุงูุงู, ุฆุงูุงู ุณูุฆุชูุงุฑ, ุจููุงู ุชุงุฎุชูุณู, ุณูุฆุชูุงุฑ
๐จโโ	ุฆุงูุฑููพููุงู, ุฆฺูฺู, ุฆุฑ, ุฆุฑ ุฆฺูฺู
๐ฉโโ	ุฆุงูุงู, ุฆุงูุงู ุฆฺูฺู, ุฆุงูุฑููพููุงู, ุฆฺูฺู
๐จโ๐	ุฆุงูู ุฆฺูฺูุณู, ุฆุฑ, ุฆุฑ ุฆุงูู ุฆฺูฺูุณู, ุฑุงููุชุง
๐ฉโ๐	ุฆุงูู ุฆฺูฺูุณู, ุฆุงูู ุฆฺูฺูุณู ุฆุงูุงู, ุฆุงูุงู, ุฑุงููุชุง
๐จโ๐	ุฆูุช ุฆฺุฑฺฏฺู, ุฆูุช ุฆฺุฑฺฏฺู ุฆุฑ, ุฆูุช ุฆฺุฑุด ูุงุดูููุณู, ุฆุฑ
๐ฉโ๐	ุฆุงูุงู, ุฆุงูุงู ุฆูุช ุฆฺุฑฺฏฺู, ุฆูุช ุฆฺุฑุด, ุฆูุช ุฆฺุฑุด ูุงุดูููุณู
๐ฎ	ุฆูููุชุณุฑ, ุฌ ุฎ, ุณุงูฺู
๐ฎโโ	ุฆูููุชุณุฑ, ุฆุฑ, ุฆุฑ ุณุงูฺู, ุฌ ุฎ, ุณุงูฺู
๐ฎโโ	ุฆุงูุงู, ุฆุงูุงู ุณุงูฺู, ุฆูููุชุณุฑ, ุฌ ุฎ, ุณุงูฺู
๐ต๏ธ	ุฌุงุณุณ, ุฑุงุฒุฏฺูู, ฺุงุฑููุบฺู
๐ตโโ	ุฆุฑ, ุฆุฑ ุฑุงุฒุฏฺูู, ุฌุงุณุณ, ุฑุงุฒุฏฺูู, ฺุงุฑููุบฺู
๐ตโโ	ุฆุงูุงู, ุฆุงูุงู ุฑุงุฒุฏฺูู, ุฌุงุณุณ, ุฑุงุฒุฏฺูู, ฺุงุฑููุบฺู
๐	ูุงุฑุงู
๐โโ	ุฆุฑ, ุฆุฑ ูุงุฑุงู, ูุงุฑุงู
๐โโ	ุฆุงูุงู, ุฆุงูุงู ูุงุฑุงู, ูุงุฑุงู
๐ท	ุฆูุดฺู, ูุงููพุงู, ูุฑูุดฺู
๐ทโโ	ุฆูุดฺู, ุฆุฑ, ูุฑูุด, ูุฑูุด ุฆูุดฺูุณู ุฆุฑ
๐ทโโ	ุฆุงูุงู, ุฆูุดฺู, ูุฑูุด, ูุฑูุด ุฆูุดฺูุณู ุฆุงูุงู
๐คด	ุดุงฺพุฒุงุฏ
๐ธ	ูุงูุชุงุฒูู, ูููู, ฺฺู
๐ณ	ุณูููููู ููุดู, ุณูู
๐ณโโ	ุฆุฑ, ุณูููููู ุฆุฑ, ุณูู
๐ณโโ	ุฆุงูุงู, ุณูููููู ุฆุงูุงู, ุณูู
๐ฒ	ุชูุงู, ุฌฺญฺฏูฺ ุชูุงู ูููฺฏู ุฆุฑ, ูุงููพุงู, ููุฒุง
๐ง	ุชูฺู, ูุงูุชูููุง, ูุงุบููู, ูุงุบูููููู ุฆุงูุงู, ฺพูุฌุงุจ
๐คต	ุฆุฑ, ุชุงูุณูุฏููู ุฆุฑ, ูุฑุงุณูู ูููููู, ููฺฏูุช
๐ฐ	ุชูู, ููููฺู, ฺูุจู, ฺูุจูููู ูููู
๐คฐ	ุฆุงูุงู, ฺพุงูููุฏุงุฑ, ฺพุงูููุฏุงุฑ ุฆุงูุงู
๐คฑ	ุฆููุด, ุฆูฺู, ุจูุงู, ุจููุด
๐ผ	ุจูุงู ูพุฑูุดุช, ุจูุงู ฺฺู, ูุงูุชุงุฒูู, ูพุฑูุดุช, ฺูุฑุงู
๐	ุจูุงู, ุชุจุฑูููุด, ูููุงุฏ, ูููุงุฏ ุจูุงู, ููุฑุฒ
๐คถ	ุจุงูุฑุงู, ุชุจุฑูููุด, ูููุงุฏ, ูููุงุฏ ูููุงู
๐ง	ุฌุงุฏ, ุฌุงุฏฺฏุฑ, ุณฺพุฑู, ุณฺพุฑูฺฏุฑ
๐งโโ	ุฆุฑ ุณฺพุฑูฺฏุฑ, ุฌุงุฏฺฏุฑ, ุณฺพุฑูฺฏุฑ
๐งโโ	ุฆุงูุงู ุณฺพุฑูฺฏุฑ, ุฏุงุฎุงู, ุณฺพุฑูฺฏุฑ
๐ง	ุฆูุจุฑูู, ุฆุฑุงฺพ, ุชูุชุงููู, ูุฒุชููพ
๐งโโ	ุฆูุจุฑูู, ุฆุฑ ุฆุฑุงฺพ, ูุฒุชููพ
๐งโโ	ุฆุงูุงู ุฆุฑุงฺพ, ุชูุชุงููู
๐ง	ุฏุฑุงููุง, ูุงูุฎูุฑ ูุฑุฏุง, ูุฑุฏุง
๐งโโ	ุฆุฑ ูุฑุฏุง, ุฏุฑุงููุง, ูุฑุฏุง
๐งโโ	ุฆุงูุงู ูุฑุฏุง, ูุฑุฏุง
๐ง	ุจูููุฒ, ุจููู ุฆุงุฏู, ุณ ูพุฑูุณู, ุณูพุฑูุณู
๐งโโ	ุจููู ุฆุฑ, ุชุฑูุชูู
๐งโโ	ุจููู ููุฒ, ุณ ูพุฑูุณู
๐ง	ุณฺพุฑูู, ูพูุฑ
๐งโโ	ุฆุฑ ูพูุฑ, ุณฺพุฑูู
๐งโโ	ุฆุงูุงู ูพูุฑ, ุณฺพุฑูู
๐ง	ุฌูู, ุดุงูุงุชู
๐งโโ	ุฆุฑ ุฌูู, ุฌูู
๐งโโ	ุฆุงูุงู ุฌูู, ุฌูู
๐ง	ุชูุฑูู ูุฑุฏุง, ุฒููุจู, ูุฑุฏุง
๐งโโ	ุฆุฑ ุฒููุจู, ุชูุฑูู ูุฑุฏุง, ูุฑุฏุง
๐งโโ	ุฆุงูุงู ุฒููุจู, ุชูุฑูู ูุฑุฏุง, ูุฑุฏุง
๐	ุฆููุงูุบุงู ููุดู, ุฆูุงุด, ุณุงููู, ฺูุฑุงู
๐โโ	ุฆููุงุด, ุฆููุงูุบุงู ุฆุฑ, ุฆุฑ, ฺูุฑุงู
๐โโ	ุฆุงูุงู, ุฆููุงุด, ุฆููุงูุบุงู ุฆุงูุงู, ฺูุฑุงู
๐	ุฏูุงู, ุณุงุชุฑุงฺ, ฺุงฺ ูุงุณุงุชูุงู ููุดู, ฺุงฺ ูุงุณุงุด, ฺฏุฒู
๐โโ	ุฆุฑ, ฺุงฺ ูุงุณุงุชูุงู ุฆุฑ, ฺุงฺ ูุงุณุงุด
๐โโ	ุฆุงูุงู, ฺุงฺ ูุงุณุงุชูุงู ุฆุงูุงู, ฺุงฺ ูุงุณุงุด
๐ถ	ูุงฺญ, ูุงฺญุบุงู ููุดู, ูฺญูุด, ูุฑุด
๐ถโโ	ุฆุฑ, ูุงฺญุบุงู ุฆุฑ, ูฺญูุด, ูุฑุด
๐ถโโ	ุฆุงูุงู, ูุงฺญุบุงู ุฆุงูุงู, ูฺญูุด, ูุฑุด
๐	ูุงุฑุงููู, ูฺฏุฑฺฏู ููุดู, ูฺฏุฑุด
๐โโ	ุฆุฑ, ูุงุฑุงููู, ูุณุงุจูู, ูฺฏุฑฺฏู ุฆุฑ, ูฺฏุฑุด
๐โโ	ุฆุงูุงู, ูุงุฑุงููู, ูุณุงุจูู, ูฺฏุฑฺฏู ุฆุงูุงู, ูฺฏุฑุด
๐	ุฆุงูุงู, ุฆุณุณู, ุฆุณุณู ุฆูููุงุงุชูุงู ุฆุงูุงู
๐บ	ุฆุณุณู ุฆูููุงุงุชูุงู ุฆุฑ, ุฆุณู, ุฆุฑ
๐ด๏ธ	ุณูุฏุง, ูุงุณุชู, ูุงุณุชููู ุฆุฑ, ูู
๐ฏ	ุฆุฒู ููุงู, ุฆุณุณูฺู, ุณูุฑู, ุณูุฑูุฏููู ุฆุฒู ููุงู ููุดููุฑ
๐ฏโโ	ุฆุฒู ููุงู, ุฆุณุณูฺู, ุฆุฑ, ุณูุฑู, ุณูุฑูุฏููู ุฆุฒู ููุงู ุฆุณุณูฺู ุฆุฑ
๐ฏโโ	ุฆุงูุงู, ุฆุฒู ููุงู, ุฆุณุณูฺู, ุณูุฑู, ุณูุฑูุฏููู ุฆุฒู ููุงู ุฆุณุณูฺู ุฆุงูุงู
๐ง	ฺพูุฑ ุฆูู, ฺพูุฑุฏุงู, ฺพูุฑุฏุงูุชููู ููุดู
๐งโโ	ฺพูุฑ ุฆูู, ฺพูุฑุฏุงู, ฺพูุฑุฏุงูุชููู ุฆุฑ
๐งโโ	ฺพูุฑ ุฆูู, ฺพูุฑุฏุงู, ฺพูุฑุฏุงูุชููู ุฆุงูุงู
๐ง	ูุงูุงุดูุงู ููุดู, ูุงูุงุดูฺู
๐งโโ	ูุงูุงุดูุงู ุฆุฑ, ูุงูุงุดูฺู
๐งโโ	ูุงูุงุดูุงู ุฆุงูุงู, ูุงูุงุดูฺู
๐คบ	ุดูุดุฑ, ููููฺ ุฆููููุชูุด, ููููฺููู ููุดู, ููููฺุงุฒ
๐	ุฆุงุช, ุฆุงุช ุจูฺฏูุณู, ุจูฺฏ, ูฺญู ุฆฺูุด
โท๏ธ	ูุงุฑ, ฺุงฺญุบุง, ฺุงฺญุบูฺู
๐๏ธ	ูุงุฑ, ูุงุฑ ุชุงุฎุชุง, ูุงุฑ ุชููููุด, ฺุงฺญุบุง
๐๏ธ	ุชููพ, ฺฏููู, ฺฏูููฺู
๐โโ	ุฆุฑ, ฺฏููู, ฺฏูููฺู ุฆุฑ
๐โโ	ุฆุงูุงู, ฺฏููู, ฺฏูููฺู ุฆุงูุงู
๐๏ธ	ุฏูููู ูุฒฺฏฺู, ูุฒูุด
๐โโ	ุฆุฑ, ุฏูููู ูุฒฺฏฺู ุฆุฑ, ูุฒูุด
๐โโ	ุฆุงูุงู, ุฏูููู ูุฒฺฏฺู ุฆุงูุงู, ูุฒูุด
๐ฃ	ุฆุฒฺฏฺ, ูููู, ููููฺู
๐ฃโโ	ุฆุฒฺฏฺ, ุฆุฑ, ูููู, ููููฺู ุฆุฑ
๐ฃโโ	ุฆุงูุงู, ุฆุฒฺฏฺ, ูููู, ููููฺู ุฆุงูุงู
๐๏ธ	ุฆุฒุด, ุฆุฒุงุชูุงู ููุดู
๐โโ	ุฆุฒุด, ุฆุฒุงุชูุงู ุฆุฑ, ุฆุฑ
๐โโ	ุฆุงูุงู, ุฆุฒุด, ุฆุฒุงุชูุงู ุฆุงูุงู
โน๏ธ	ุชููพ, ุชููพ ุฆูููุงุงุชูุงู ููุดู
โนโโ	ุฆุฑ, ุชููพ, ุชููพ ุฆูููุงุงุชูุงู ุฆุฑ
โนโโ	ุฆุงูุงู, ุชููพ, ุชููพ ุฆูููุงุงุชูุงู ุฆุงูุงู
๐๏ธ	ุฆุบูุฑ, ุฆุบูุฑููู ูุชุฑฺฏฺู, ูุชุฑฺฏฺู
๐โโ	ุฆุบูุฑููู ูุชุฑฺฏฺู, ุฆุบูุฑููู ูุชุฑฺฏฺู ุฆุฑ, ุฆุฑ
๐โโ	ุฆุงูุงู, ุฆุบูุฑููู ูุชุฑฺฏฺู, ุฆุบูุฑููู ูุชุฑฺฏฺู ุฆุงูุงู
๐ด	ููููุด, ูููฺฏฺู, ููุณููพูุช, ููุณููพูุชููู ููุดู
๐ดโโ	ุฆุฑ, ููููุด, ูููฺฏฺู, ููุณููพูุช, ููุณููพูุชููู ุฆุฑ
๐ดโโ	ุฆุงูุงู, ููููุด, ูููฺฏฺู, ููุณููพูุช, ููุณููพูุชููู ุฆุงูุงู
๐ต	ุชุงุบ, ุชุงุบ ููุณููพูุชู ูููฺฏู ููุดู, ููู, ูููฺฏฺู, ููุณููพูุช, ููุณููพูุชููู
๐ตโโ	ุฆุฑ, ุชุงุบ, ุชุงุบ ููุณููพูุชู ูููฺฏู ุฆุฑ, ููููุด, ูููฺฏฺู, ููุณููพูุช
๐ตโโ	ุฆุงูุงู, ุชุงุบ, ุชุงุบ ููุณููพูุชู ูููฺฏู ุฆุงูุงู, ููููุด, ูููฺฏฺู, ููุณููพูุช
๐คธ	ูพู ุณูุฒุด, ูพู ุณูุฒุงุชูุงู ููุดู, ฺฏูููุงุณุชููุง
๐คธโโ	ุฆุฑ, ูพู ุณูุฒุด, ูพู ุณูุฒุงุชูุงู ุฆุฑ, ฺฏูููุงุณุชููุง
๐คธโโ	ุฆุงูุงู, ูพู ุณูุฒุด, ูพู ุณูุฒุงุชูุงู ุฆุงูุงู, ฺฏูููุงุณุชููุง
๐คผ	ฺููุด, ฺููุดูุด, ฺููุดฺู
๐คผโโ	ุฆุฑ, ุฆุฑ ฺููุดฺู, ฺููุดฺู
๐คผโโ	ุฆุงูุงู, ุฆุงูุงู ฺููุดฺู, ฺููุดฺู
๐คฝ	ุชููพ, ุณ, ุณ ุชููพู ุฆูููุงุงุชูุงููุงุฑ
๐คฝโโ	ุฆุฑ, ุณ ุชููพู, ุณ ุชููพู ุฆูููุงุงุชูุงู ุฆุฑ
๐คฝโโ	ุฆุงูุงู, ุณ ุชููพู, ุณ ุชููพู ุฆูููุงุงุชูุงู ุฆุงูุงู
๐คพ	ุชููพ, ูููุชููพ, ูููุชููพ ุฆูููุงุงุชูุงู ููุดู
๐คพโโ	ุฆุฑ, ูููุชููพ, ูููุชููพ ุฆูููุงุงุชูุงู ุฆุฑ
๐คพโโ	ุฆุงูุงู, ูููุชููพ, ูููุชููพ ุฆูููุงุงุชูุงู ุฆุงูุงู
๐คน	ุชฺญูพฺญูู, ุดุงุฑ ุฆูููุงุด, ุดุงุฑ ุฆููููุบฺู, ููพ ุฆูุด ููููุด, ฺพูุฑ
๐คนโโ	ุฆุฑ, ุดุงุฑ ุฆูููุงุด, ุดุงุฑ ุฆูููุงุงุชูุงู ุฆุฑ, ููพ ุฆูุด ููููุด
๐คนโโ	ุฆุงูุงู, ุดุงุฑ ุฆูููุงุด, ุดุงุฑ ุฆูููุงุงุชูุงู ุฆุงูุงู, ููพ ุฆูุด ููููุด
๐ง	ุชููฺููููุด, ููฺฏุง, ฺฏููุงฺพ ฺพุฑููุชููู ููุดู
๐งโโ	ุชููฺููููุด, ููฺฏุง, ฺฏููุงฺพ ฺพุฑููุชููู ุฆุฑ
๐งโโ	ุชููฺููููุด, ููฺฏุง, ฺฏููุงฺพ ฺพุฑููุชููู ุฆุงูุงู
๐	ููุด, ูููุฏุงู, ูููุงุชูุงู ููุดู
๐	ุฆุฎูุงุด, ูุงุฑูุงุชุชููู ููุดู, ูฺพูุงูุฎุงูุง
๐ญ	ุฆุงูุงู, ุชุชุด, ุฌูพ, ููู, ููู ุชุชุดูุงู ุฆุงูุงููุงุฑ
๐ซ	ุฆุงูุงู, ุฆุฑ, ุชุชุด, ุฌูพ, ููู, ููู ุชุชุดูุงู ุฆุฑ-ุฆุงูุงู
๐ฌ	ุฆุฑ, ุชุชุด, ุฌูพ, ููุดูุฒู, ููุดูุงู, ููู, ููู ุชุชุดูุงู ุฆุฑูุฑ, ูฺู
๐	ุฌูพ, ุณูุด
๐	ุฌูพ, ุณูฺฏ, ูฺพุจุจุช, ูุฑูููู ุฌูพูุฑ
๐ช๏ธ	ุฆุงุฆูู
๐ฃ๏ธ	ุจุงุด, ุณุงู, ุณุฒูุด, ุณุฒูุงุชูุงู ุจุงุด, ฺูุฑุงู, ฺฏูพ
๐ค	ุณุงู, ููุดู ุณุงููุณู, ฺพููู
๐ฅ	ุณุงู, ููุดููุฑููฺญ ุณุงููุณู, ฺพููู
๐ฃ	ุฆุงูุงุบ ุฆูุฒู, ุฆูุฒ, ููููู
๐ต	ูุงููู, ูุงููู ฺูุฑุงู, ฺูุฑุงู
๐	ูุงููู
๐ฆ	ฺฏูุฑูููุง
๐ถ	ุฆูุช, ุฆูุช ฺูุฑุงู, ุฆุฑูู, ฺูุฑุงู
๐๏ธ	ุฆูุช, ุฆุฑูู
๐ฉ	ุฆูุช, ุดูุฑ ุฆูุช
๐บ	ุจุฑ, ุจุฑ ูุฒ, ฺูุฑุงู
๐ฆ	ุชูู, ุชูู ฺูุฑุงู, ฺูุฑุงู
๐ฑ	ุฆุฑูู, ูุดู, ูุดู ฺูุฑุงู, ฺูุฑุงู
๐๏ธ	ุฆุฑูู, ูุดู
๐ฆ	ุฆุงุฑุณูุงู, ุดูุฑ, ุดูุฑ ฺูุฑุงู, ูฺู, ฺูุฑุงู
๐ฏ	ูููุงุณ, ูููุงุณ ฺูุฑุงู, ฺูุฑุงู
๐	ูููุงุณ
๐	ูุงูพูุงู
๐ด	ุฆุงุช, ุฆุงุช ฺูุฑุงู, ฺูุฑุงู
๐	ุฆุงุช, ุจูฺฏ, ุจูฺฏ ุฆุชู, ฺูุฏุงุฒ
๐ฆ	ูููุงู, ูููุงู ฺูุฑุงู, ฺูุฑุงู
๐ฆ	ุชุงุฑุชูู, ุชุงุบููุฆุงุช
๐ฆ	ุจุบุง
๐ฎ	ุฆููู, ุฆููู ฺูุฑุงู, ฺูุฑุงู
๐	ุฆูุฒ, ุฆู, ุจูุง, ูฺู
๐	ุณ, ุณ ูุงููุณู, ูุงูุง
๐	ุฆููู
๐ท	ฺูุดูุง, ฺูุดูุง ฺูุฑุงู, ฺูุฑุงู
๐	ฺูุดูุง, ฺูุดู ฺูุดูุง
๐	ุชูฺญฺฏุฒ, ฺูุดูุง
๐ฝ	ุจุฑู, ฺูุดูุง, ฺูุดูุง ุจุฑู, ฺูุฑุงู
๐	ุฆุฑูู, ููุดูุงุฑ, ููู, ูฺู, ฺพูู
๐	ุณุงุบููู, ููู, ฺูุดู
๐	ุฆูุบูุงู, ุฆฺู, ูฺู
๐ช	ุจูุฑ ููููุง, ุชฺฏ, ุฏูู
๐ซ	ุชฺฏ, ููุด ููููุง, ููุด ูููููููู ุชฺฏ, ููููุง
๐ฆ	ุฒูุฑุงูพ, ููุชููุงุฑ
๐	ูพูู
๐ฆ	ูุฑููุฏุงู
๐ญ	ฺุงุดูุงู, ฺุงุดูุงู ฺูุฑุงู, ฺูุฑุงู
๐	ฺุงุดูุงู
๐	ุชูุฑูุง
๐น	ุฆุฑูู, ุชูุฑูุง, ุชูุฑูุง ฺูุฑุงู, ฺูุฑุงู
๐ฐ	ุฆุฑูู, ุจุฌู, ุชูุดูุงู, ุชูุดูุงู ฺูุฑุงู, ฺูุฑุงู
๐	ุฆุฑูู, ุชูุดูุงู
๐ฟ๏ธ	ฺููพุงุฑ ุชูููู
๐ฆ	ุชูููููู, ููุฑูพ
๐ฆ	ุดูพุฑฺญ, ูุงูุฎูุฑ
๐ป	ุฆููู, ุฆููู ฺูุฑุงู, ฺูุฑุงู
๐จ	ุฆููู, ุฎุงูุชุงุฆููู
๐ผ	ูุดูุฆููู, ูุดูุฆููู ฺูุฑุงู, ฺูุฑุงู
๐พ	ุฆูุฒ, ูพุช, ูพูุฌ, ูพูุฌ ุฆูุฒู
๐ฆ	ูุด, ูุงุง ุชูุฎ
๐	ุชูุฎ, ูุด
๐	ุฎูุฑุงุฒ, ูุด
๐ฃ	ุจุงูุง, ุชูุฎ, ุชุฎูุฏูู ฺูููุงู ฺุฌ, ุชุฎูุฏูู ฺูููุด, ูุด
๐ค	ุจูุงู, ุชูุฎ, ูุด, ฺุฌ
๐ฅ	ุฆุงูุฏูฺ ฺุฌ, ุจูุงู, ุชูุฎ, ูุด
๐ฆ๏ธ	ูุด
๐ง	ูุด, ูพููฺฏูู
๐๏ธ	ุฆฺุด, ุชููฺููู, ูุด, ููพุชุฑ
๐ฆ	ุจุฑูุช, ูุด
๐ฆ	ุฆุฑุฏู, ูุด
๐ฆ	ุฆูููููู, ูุด, ูุดููุงูพููุงู
๐ธ	ูพุงูุง, ูพุงูุง ฺูุฑุงู, ฺูุฑุงู
๐	ุชููุณุงฺพ
๐ข	ุชุงุดูพุงูุง, ุณ ุชุงุดูพุงููุณู, ูุงูพ
๐ฆ	ุฆููููฺฏฺู, ูุณููฺู
๐	ุฆุฌุฏูฺพุง, ุชุฑุด, ูฺู, ูููุงู
๐ฒ	ุฆุฌุฏูฺพุง, ุฆุฌุฏูฺพุง ฺูุฑุงู, ฺูุฑุงู, ฺฺู
๐	ุฆุฌุฏูฺพุง, ฺฺู
๐ฆ	ุจุฑููุชูุฒุงุฑ, ุจูุฑููุชูุฒุงุฑ, ุฏููพููุฏููุณ, ูุณููฺู ูพุชูููุงุฑ
๐ฆ	ุช-ุฑูุณ, ุชูุฑุงูููุฒุงุฑ ุฑูุณ
๐ณ	ููุช, ูพุดูุฑุด, ูพุดูุฑุงุชูุงู ููุช, ฺูุฑุงู
๐	ููุช
๐ฌ	ุฏูููู, ูพุงูุงูฺ
๐๏ธ	ุจููู, ูฺู
๐	ุฆูุณุณูู, ุฆูุณุณูู ุจูุจุงุบ ุจูููู, ุจููู
๐ก	ุจููู, ุชูููุงู ุจููู
๐ฆ	ุจููู, ูฺพฺญ
๐	ุณูููุฒ ุฆุงูุงุบ
๐	ูุงุณุฑุงู, ูุงูพ, ููู ููพู
๐	ููู
๐ฆ	ูุฑุช, ููพููู, ฺูุฑุงูููู, ฺพุงุดุงุฑุงุช
๐	ูุฑุช, ฺพุงุดุงุฑุงุช
๐	ฺูู, ฺพุงุดุงุฑุงุช
๐	ฺพุงุดุงุฑุงุช, ฺพุฑ, ฺพุณู ฺพุฑูุณู
๐	ุฎุงูููุฒ, ููุฒ ูุฑุช, ููุฒ ูุด, ูุฑุช, ูพูุช
๐ฆ	ูุงฺูู, ูพุงูุงูุชููพ
๐ท๏ธ	ุฆูฺู, ฺพุงุดุงุฑุงุช
๐ธ๏ธ	ุฆูฺู, ุฆูฺู ุชูุฑู, ุชูุฑ
๐ฆ	ุฆุดู, ูฺู, ฺุงูุงู
๐	ฺฺู, ฺฏูุฏุณุช
๐ธ	ุบูฺ, ฺฏููุงุณ, ฺฏููุงุณ ฺฺููู, ฺฏู
๐ฎ	ุฆุงู ฺฏู, ฺฺู
๐ต๏ธ	ุฆุณููู, ุฆุชูุฑ
๐น	ุฆุชูุฑฺฏู, ฺฺู
๐ฅ	ุณูุบุงู ฺฏู, ุณูุด, ฺฏู
๐บ	ฺฺู, ฺฺููุงุบุงฺ
๐ป	ุฆุงูพุชุงูพูพุฑุณ, ูู, ฺฺู
๐ผ	ฺฺู
๐ท	ูุฑูู, ฺฺู
๐ฑ	ูุงูุณุง, ูุงุด
๐ฒ	ุฆุงุฑฺุง, ุฏุฑุฎ
๐ณ	ุชุงุดูุงุด, ุฏุฑุฎ, ูุงูพุฑุงู, ูููพุฑูุงู ุชุงุดูุงุฑ
๐ด	ุฏุฑุฎ, ูพุงููุง
๐ต	ุฆุณููู, ูุงูุชุณ
๐พ	ุฏุงู, ุดุงู, ููุงู, ฺฏุฑฺ
๐ฟ	ุฆูุช-ฺูพ, ูููพุฑูุงู
โ๏ธ	ุฆุณููู, ุฆฺููุงู
๐	4, ุชุช, ุชุชูุงูพุฑุงู, ูุงูพุฑุงู, ูููพุฑูุงู
๐	ุฆุฑู, ุฆุฑู ูููพุฑูููู, ูููพุฑูุงู, ฺุดุด
๐	ูููพุฑูุงู, ฺุดูู ูููพุฑูุงู, ฺุดุด
๐	ุดุงูุงู, ููููฺฏู ูููพุฑูุงู, ูููุด, ููพููุฏุด, ูููพุฑูุงู
๐	ุฆุฒู, ู
๐	ููุบู, ู
๐	ุชุงุฒ, ู
๐	ุฆุงูพูุณูู, ู
๐	ุณูุชุฑุณ, ูููู, ู
๐	ุจุงูุงู, ู
๐	ุฆุงูุงูุงุณ, ู
๐	ุฆุงููุง, ููุฒูู, ููุฒูู ุฆุงููุง, ู
๐	ุฆุงููุง, ู, ูุดูู, ูุดูู ุฆุงููุง
๐	ู, ูุดูพุช
๐	ุดุงูพุชู, ู
๐	ู, ฺฏููุงุณ
๐	ุจูุฌุฑฺฏู, ู
๐ฅ	ูุงููู, ูุงููู ุดุงูพุชูู, ู, ูููููู
๐	ููุชุงุช, ู, ูพููุฏุฑ
๐ฅฅ	ุฆุงูุงูุงุณ, ูููุณ, ูพููุง ูููุงุฏุง
๐ฅ	ุฆุงููุงุฏู, ู, ูููููู
๐	ููุชุงุช, ูพูุฏูฺฏู
๐ฅ	ุจุฑฺญฺฏ, ููุชุงุช, ูููููู
๐ฅ	ุณุฒ, ููุชุงุช, ูููููู
๐ฝ	ุณูุฑููู, ูููุงู, ูููุงู ููููู, ููุงู, ูููููููุงู
๐ถ๏ธ	ุฆุงฺฺูู ูฺ, ููุฒูู, ูฺ
๐ฅ	ุฆุงฺฺูู ุชุฑุฎูู, ุชุฑุฎูู, ููุชุงุช, ูููููู
๐ฅฆ	ูุงุง ูุณููู, ูุดูู-ฺฺู
๐	ุฆุดููุฏููู, ูุฑ ูุฏููู
๐ฅ	ุฎุงุณูฺญ, ููุชุงุช, ูุฑ ูุงฺญููู
๐ฐ	ุฆุณููู, ูุงุดุชุงู
๐	ูุงู, ูพุงุฑฺ
๐ฅ	ุจูููุง, ููุฑุงูุณุฒฺ, ูฺญฺฏุฒ, ูฺญฺฏุฒ ุจูููุง, ูฺฏู, ูููููู
๐ฅ	ุจูููุง, ููุฑุงูุณุฒฺ, ููุฑุงูุณุฒฺ ุจูููุง, ูุงู, ูููููู
๐ฅจ	ุชููุบุงูุบุงู, ูุฑูุจูููุง
๐ฅ	ุชูุฑุช, ุชุฑูู, ูุงุฒุงู ูุงูฺูุณู, ููุฒูู, ูููููู
๐ง	ูพูุดูุงู, ูพูุดูุงู ูพุงุฑฺูุณู
๐	ุณฺญู, ุณฺญูููู ฺฏุด, ฺฏุด
๐	ุชูุฎ, ุณฺญู, ูพุช, ูพุช ฺฏุด, ฺฏุด
๐ฅฉ	ุชูุบุฑุงู, ููู ฺฏุดู, ูพุงุฑฺูุณู, ฺูุดูุง ฺฏุดู, ฺฏุด ูพุงุฑฺูุณู
๐ฅ	ูุงุงูพ, ูููููู, ฺูุดูุง ูุงููพู, ฺฏุด
๐	ูุงูพูุง ุจูููุง, ฺพุงูุจุฑฺฏ ุจููููุณู
๐	ููุฑุงูุณุฒฺ, ููุฑุงูุณุฒฺ ููุฒุงุฑุชูุง, ููุฒุงุฑุชูุง
๐	ูพุงุฑฺ, ูพูุชุณุง, ูพูุดูุงู
๐ญ	ุฎูุช ุฏูฺฏ, ุฎูุชุฏูฺฏ, ููุฑุงูููุฑุชุฑ, ูุฒุง
๐ฅช	ุณุงูุฏูฺ, ูุงู
๐ฎ	ุชุงูู, ููุณูููฺ
๐ฏ	ุฆูุฑุงู, ููููุง, ููุณููุง
๐ฅ	ุชฺฏู, ุชฺฏู ุจูููุง, ุฌูุฑู, ูุงูุงูู, ูุงุงูพ, ูููููู
๐ฅ	ุชุฎู, ูููููู
๐ณ	ุชุฎู, ุณุงูพููู, ููุฑุด, ูพูุดุฑุด
๐ฅ	ุชููุฒ, ุชุฎุณ, ูุงุฒุงู, ูฺฏู, ูฺฏูููู ูููููู, ูููููู
๐ฒ	ุฏููุด, ูุงุฒุงู, ูุงุฒุงูุฏููู ุฆุงุด
๐ฅฃ	ุฆุงุด, ุฆูุงฺ, ููุดููู ูุงฺุง, ูุงุดุชุง
๐ฅ	ุณุงูุงุช, ูุดูู, ูุดูู ุณุงูุงุช, ูููููู
๐ฟ	ุฆุชููุฏุฑูุง
๐ฅซ	ูุชุง, ูุชูููู ูููููู
๐ฑ	ุฆุงุด, ุฆูพููู ุฆุงุด, ูุงฺุง
๐	ุฆุชููุฏุฑูุง, ฺฏุฑฺ, ฺฏุฑฺ ุฆุชููุฏุฑููุณู
๐	ุชููพ, ูุงูพููฺ, ฺฏุฑฺ, ฺฏุฑฺ ุชููพ
๐	ูพูุดูู, ูพูุดูู ฺฏุฑฺ, ฺฏุฑฺ
๐	ููุฑุบุงู, ููุฑุบุงู ฺฏุฑฺ, ฺฏุฑฺ
๐	ุฆฺฏุฑ, ูุงฺุง, ูุบูู, ฺพูุฑ, ฺพูุฑูู ูุงฺุง
๐	ุฆูุชุงููู ฺูพู, ุฆู ุชุงุฆุงู
๐	ุจุฑฺญฺฏ, ุชุงุชููู, ุชุงุชููู ุจุฑฺญฺฏ ููุฒุงุฑุชููุณู, ููุฑูุบุงู
๐ข	ุฆูุฏู, ุฏฺญูุฒ ููููููููุฑู, ุฏุณุช, ุฒูู, ูุงุงูพ
๐ฃ	ุณุดู
๐ค	ุชููพุฑุง, ุฏฺญูุฒ, ุฑุงู, ูุงููุงูุบุงู, ููุฑูุบุงู ุฑุงู
๐ฅ	ุฆู, ุจููู, ุชูุฑุช, ูฺฏููฺ, ูฺฏููฺ ุจููู ูพูุดุฑูู
๐ก	ุชุงุชููู, ุฏุงูฺฏู, ุฏุณุช, ุฒููููู, ูุงูพููฺ, ูพูุดุฑู
๐ฅ	ุจูุดูุฑ, ุชฺฏุฑ, ุชฺฏู, ุฌุงุง, ูุงุฒุงูููู
๐ฅ	ุจูุดุงุฑุช, ุชูู ูพูุดุฑูู
๐ฅก	ููู ูุงูพ, ูุบุฒ ูุงูพ
๐ฆ	ุณุฑุชุงู, ููุณูฺูพุงูุง, ูฺู
๐ฆ	ุฑุงู, ูุงุณุฑุงูููู ุจููู, ููฺูู, ูููููู
๐ฆ	ุณููุงฺพ, ูุงุฑุงูฺูุจููู, ููุดุงู, ูููููู
๐ฆ	ุชุงุชููู, ูุงููุงู, ูุฒ, ูุฒูุงููุงู, ููุดุงู, ููุดุงู ูุฒูุงููุงู, ูพูุดุฑู
๐ง	ุชุงุชููู, ููุฑุบุงู ูุฒ, ููุฑูุด, ูุฒ, ูพูุดุฑู
๐จ	ุชุงุชููู, ูุงููุงู, ูุฒ, ูุฒูุงููุงู, ูุงูุฆุงุด
๐ฉ	ุชุงุชููู, ูพูุดุฑู, ฺพุงููุง, ฺพุงููุง ูพูุดุฑู
๐ช	ุชุงุชููู, ูพูุดุฑู
๐	ุฆู, ุชุงุชููู, ุชูุฑุช, ุชุบูุบุงู ูู, ุชุบูุบุงู ูู ุชูุฑุชู, ุชุจุฑูููุด, ูพูุดุฑู
๐ฐ	ุฆู, ุชุงุชููู, ุชูุฑุช, ููฺูู ุชูุฑุช, ูพุงุฑฺ, ูพูุดุฑู
๐ฅง	ุฎููุฑ, ููููุง, ูพุฑ
๐ซ	ุชุงุชููู, ุชุงูฺ, ุดุงูููุงุช, ูููฺ ุดุงูููุงุช, ูพูุดุฑู
๐ฌ	ุชุงุชููู, ูููพุช, ูพูุดุฑู
๐ญ	ุชุงุชููู, ุณุงูพุงูููู ูููพุช, ูููพุช, ูพูุดุฑู
๐ฎ	ุฆูุชูุง, ุชุงุชููู, ูุงููุงู ุฆูุชููุณู, ูพูุดุฑู
๐ฏ	ุชุงุชููู, ูุงฺุง, ฺพุณู, ฺพุณู ูุงฺูุณู
๐ผ	ุฆูฺููููู, ุฆููุฒฺฏ ูุชุง, ุจูุชููุง, ุจูุงู, ุณุช
๐ฅ	ุฆูุณุชุงูุงู, ุฆูฺููููู, ุจูุฑ ูุงฺุง ุณุช, ุณุช
โ๏ธ	ุฆูุณุณูู ุฆูฺููููู, ุฆูฺู, ุฆูฺููููู, ููุฒูู, ูฺพ, ฺุงู, ฺพูุฑ
๐ต	ุฆูฺู, ุฆูฺููููู, ูพููุงู, ฺุงู, ฺุงู ูพููุงููุณู
๐ถ	ุฆูฺู, ุฆูฺููููู, ุจูุชููุง, ุณุงูู, ูุงฺุง, ูุงุงู
๐พ	ุฆูฺู, ุฆุบูุฒ, ุจูุชููุง, ูุงุงู, ูุงุบุงฺ, ูุงุบุงฺ ุชุงูููู ุจูุชููุง
๐ท	ุฆูฺู, ุฆูฺููููู, ุฑูููุง, ูุงุงู, ฺพุงุฑุงู, ฺพุงุฑุงู ุฑููููุณู
๐ธ๏ธ	ุฆูฺูููู, ุฑูููุง, ูููฺ, ูููุชู, ูููุชู ุฑููููุณู
๐น	ุฆูุณุณูู, ุฆูุณุณูู ุจูุจุงุบ ุฆูฺูููููู, ุฆูฺููููู, ูุงุงู
๐บ	ุฆูุณุชุงูุงู, ุฆูฺููููู, ูุงุงู, ูพูุง, ูพูุง ุฑููููุณู
๐ป	ุฆูุณุชุงูุงู, ุณููุด, ูุงุงู, ูพูุง, ูพูุง ุณููุดุชุฑุด
๐ฅ	ุฆูฺูุด, ุชุจุฑูููุด, ุฑูููุง, ุฑูููุง ุณููุดุชุฑุด, ุณููุดุชุฑุด
๐ฅ	ุฆููู, ุฆููู ุฑูููุง, ุฑูููุง, ูุฏฺพ, ฺพุงุฑุงู, ูุณูู
๐ฅค	ุณูุฏุง, ุณูุฑฺฏฺูู ูุงฺุง, ุดุฑุจุช
๐ฅข	ฺููุง, ฺพุงุดู
๐ฝ๏ธ	ุฆุงุฑุง, ุฆุงุฑุง-ูพูฺุงู  ุชุฎุณ, ุชุงูุงู ุฆุชูุด, ุชุฎุณ, ูพูฺุงู
๐ด	ุฆุงุฑุง, ุฆุงุฑุง  ูพูฺุงู, ุชุงูุงู ุฆุชูุด, ูพูฺุงู
๐ฅ	ุฏุงุณุชูุฎุงู, ููุดู
๐ช	ุฆุงุดุฎุงูุง ูพูฺููู, ุชุงูุงู ุฆุชูุด, ุฌุงุจุฏู, ููุฑุงู, ููฺญุฑุงู, ูพูฺุงู
๐บ	ุฆูฺููููู, ุชุงูุงู ุฆุชูุด, ุณุงููุงู, ุณูุบูุง, ูุงฺุง, ููุฑุงู, ููฺญูุง, ูฺู
๐	ุฆุงูุฑููุง, ุฏููุง, ูุงุฑููพุง, ูุงุฑููพุง-ุฆุงูุฑููููู ูุฑุณุชูู ฺฏูููุจุณ, ูุฑุดุงุฑู, ฺฏูููุจุณ
๐๏ธ	ุฆุงูุฑููุง, ุฆูููู ุฆุงูุฑููููู ูุฑุณุชูู ฺฏูููุจุณ, ุฏููุง, ูุฑุดุงุฑู, ฺฏูููุจุณ
๐	ุฆุงุณููุง, ุฆุงุณููุง-ุฆุงุณุชุฑุงููููู ูุฑุณุชูู ฺฏูููุจุณ, ุฆุงุณุชุฑุงููู, ุฏููุง, ูุฑุดุงุฑู, ฺฏูููุจุณ
๐	ุฏููุง, ูุฑุฏููุงู, ูุฑุฏููุงูููู ฺฏูููุจุณ, ูุฑุดุงุฑู, ฺฏูููุจุณ
๐บ๏ธ	ุฎุฑูุช, ุฏููุง, ุฏููุง ุฎุฑูุชูุณู
๐พ	ุฎุฑูุช, ูุงูพูููู, ูุงูพูููู ุฎุฑูุชูุณู
๐๏ธ	ุชุงุบ, ุณูุบู, ูุงุฑ, ูุงุฑููู ุชุงุบ
โฐ๏ธ	ุชุงุบ
๐	ุฆุฑูุด, ุชุงุบ, ูุงูุงุฑุชุงุบ
๐ป	ุชุงุบ, ูุฌู, ูุฌู ุชุบู
๐๏ธ	ุฏุงููุฏุง ูููุด
๐๏ธ	ููุฑุบุงู, ููุฑุบุงู  ูููู, ูููู
๐๏ธ	ูููู
๐๏ธ	ุฆุงุฑุงู, ูููู, ูููู ุฆุงุฑุงู
๐๏ธ	ุจุงุบฺุง, ุฏูุชููู ุจุงุบฺุง
๐๏ธ	ุชูุชุฑุจูู ููุฏุงูู
๐๏ธ	ูุฏูููู ูุฑูุด, ูููุงุณุณูู
๐๏ธ	ุจููุง ูุฑูุดู, ูุฑูุด
๐๏ธ	ุฆู ุชุฑุงูุบ
๐๏ธ	ุฆู, ุชุงุดูุงูุฏู, ุชุงุดูุงูุฏู ุฆู
๐๏ธ	ุฆุงุฆูู, ุฆู, ููุฑ
๐ก	ุฆู, ุจุงุบ, ุชุฑุงูุบ, ฺฏููู ุฆู
๐ข	ุฆูุดุฎุงูุง ุจููุงุณู, ุจููุง
๐ฃ	ูุงูพููฺ, ูุงูพููฺ ูพูฺุชูุฎุงูุง, ูพูฺุชูุฎุงูุง
๐ค	ูุงุฑููพุงฺ, ูพูฺุชูุฎุงูุง
๐ฅ	ุฏูุฎุชุฑ, ุฏูุฎุชุฑุฎุงูุง, ุฏูุฑุง
๐ฆ	ุจุงููุง, ุจููุง
๐จ	ุจููุง, ูฺพูุงูุณุงุฑุงู
๐ฉ	ุฆุงุดูู-ูุดููุงุฑ ูฺพูุงูุณุงุฑููู, ุณูฺฏ, ูฺพูุงูุณุงุฑุงู
๐ช	ุฏูุงู, ูููุงู, ูููุงู ุฏูุงู
๐ซ	ุจููุง, ููุชูพ
๐ฌ	ุจูู, ุชุฑูู ูุงููุงุฑ ูุงฺฏุฒููู, ูุงฺฏุฒูู
๐ญ๏ธ	ุจููุง, ุฒุงุช
๐ฏ	ููุฆ, ูุงูพููฺ, ูุงูพููฺ ููุฆ
๐ฐ	ููุฆ, ูุงุฑููพุงฺ
๐	ุฆูุจุงุฏุชุฎุงูุง, ุชูู, ุฑููุงูุชูู
๐ผ	ุชูููู, ุชูููู ููุงุฑู, ููุงุฑ
๐ฝ	ุฆุฑูููููู, ุฆุฑูููููู ฺพููููู, ฺพููู
โช๏ธ	ุฎูุฑูุณุชููุงู, ุฏูู, ููุฑุณุช, ฺุฑูุง
๐	ุฆูุณูุงู, ุฏูู, ูุณููุงู, ูุณฺูุช
๐	ุฆูุจุงุฏุชุฎุงูุง, ุฆูุณุฑุงุฆูู, ุฏูู, ุณููุงฺฏูฺฏ, ูฺพุฏู
โฉ๏ธ	ุฆูุจุงุฏุชุฎุงูุง, ุฏูู, ุดููุชู, ุดููุชู ุฆูุจุงุฏุชุฎุงููุณู
๐	ุฆูุณูุงู, ุฏูู, ูุจ, ูุณููุงู
โฒ๏ธ	ุฆููุจูุงู
โบ๏ธ	ุฏุงููุฏุง ูููุด, ฺุฏูุฑ
๐	ุชูุงู, ุชูุงูููู
๐	ูฺ, ููุชุฒ, ููุชุฒูู ูฺ
๐๏ธ	ุดฺพุฑ, ุดฺพุฑ ููุฒูุฑูุณู
๐	ุฆุชูฺฏู, ุชุงุบ, ุชุงุบุฏูู ูู ฺูููุด, ูู, ฺูููุด
๐	ุฆุชูฺฏู, ูู, ูู ฺูููุด
๐	ุฆูพู, ุดฺพุฑ, ูู, ูู ูพุชูุด, ูฺ, ฺฏฺฏู, ฺฏฺฏูุฏููู ุดฺพุฑ
๐	ูู, ูู ูพุชูุด, ฺฏฺฏู
๐	ูุฑู, ูฺูุฏููู ูุฑู, ูฺ
โจ๏ธ	ุฆูุณุณูู ุจูุงู, ุฆูุณุณูู ุณ, ุจูุงู, ููุฒูู, ฺพูุฑ
๐	ุฆุงููุงููุง, ุฆุงููุงููุง ุฆู, ุฆู
๐ก	ุฆููู ฺุงููพูููู, ูฺญู ุฆฺูุด, ฺุงู, ฺุฑูู
๐ข	ุฆุงููุงููุง, ูฺญู ุฆฺูุด, ฺพุงฺพ ูพูู
๐	ุชุฑู, ุณุงุชุฑุงฺ, ุณุงุชุฑุงฺ ุชุฑูู, ฺุงฺ ูุงุณุงุด
๐ช	ุณุฑูู, ุณุฑูู ฺุฏูุฑู, ฺุฏูุฑู
๐	ุฑููุณ, ููุชูุฑ, ูพุงุฑุงุฒ, ูพูููุฒ, ฺพูุฑ
๐	ุชูููู, ุชูุฑุงูููุจุณ, ุชูุฑุงูุงู, ุชูุฑููู, ูุงุดููุง, ูพูููุฒ, ุงฺฏูู
๐	ุชูุฑููู, ุชุฒ ูพูููุฒ, ุชุฒููู, ุดูููุงูุณู, ูพูููุฒ
๐	ุฆูู, ุชูุฑููู, ุชุฒ ุณุฑุฆุชููู ุฆูููพูููุฒ, ุชุฒููู, ุดูููุงูุณู, ูพูููุฒ
๐	ุชูุฑููู, ูพูููุฒ
๐๏ธ	ูุชุฑู, ูุฑ ุฆุงุณุชู ูููู
๐	ุชูุฑููู, ูููู ุชูุฑููู
๐	ุชูุฑ ููู, ูพูููุฒ, ูฺฏุฒุงู
๐	ุชูุฑุงูููุจุณ, ุชูุฑุงูุงู
๐	ุฆุงูพุชูููุจูู, ุจูุฑุฑููุณ
๐	ุชุงุบ, ุชุงุบ ุชูุฑูููู, ุชูุฑ ููู, ูุงุดููุง
๐	ุชูุฑุงูููุจุณ, ุชูุฑุงูุงู, ุชูุฑุงูุงู ูุงุดููุง, ูุงุดููุง
๐	ุฆุงูพุชูุจุณ, ุฆุงูพุชูููุจูู
๐๏ธ	ุฆุงูพุชูุจุณ, ูููุงุชูุงู, ูููุงุชูุงู ุฆุงูพุชูุจุณ
๐	ุฆุงูพุชูุจุณ, ุชูุฑุงูููุจุณ, ุชูุฑุงูุงู
๐	ุฆุงูพุชูุจุณ, ููููุจุณ
๐๏ธ	ุฆุงูพุชูููุจูู, ูุชูุฒุด ูุงุดูููุณู
๐	ุฆูุช, ุฆูุช ุฆฺุฑุด ูุงุดูููุณู, ููุชูุฑ, ูู ูุงุดูููุณู
๐	ุณุงูฺู, ุณุงูฺู ูุงุดูููุณู, ูุงุดููุง, ฺุงุฑูุงุด
๐๏ธ	ุณุงูฺู, ูููุงุชูุงู ุณุงูฺู ูุงุดูููุณู, ููฺฏู, ูุงุดููุง
๐	ุฆุงูพุชูููุจูู, ุชุงูุณู
๐	ุชุงูุณู, ูููุงุชูุงู ุชุงูุณู, ูู
๐	ุฆุงูพุชูููุจูู, ูุงุดููุง
๐๏ธ	ุฆุงูพุชูููุจูู, ูููุงุชูุงู ุฆุงูพุชูููุจูู, ูู, ูุงุดููุง
๐	ุฆููู, ุชูุชุฑุจูู ููุฑุงูู, ุฏุงูุง ูุงุดูููุณู
๐	ูุงุดูููุณู, ูุงู, ูุงู ูุงุดูููุณู
๐	ูู ูุงุดูููุณู, ูุฑูู, ฺุงุชูุง, ฺุงุชูุง ูุงู ูุงุดูููุณู
๐	ุฆุงูพุชูููุจูู, ุชูุฑุงูุชูุฑ
๐๏ธ	ูุงุดููุง, ูุณุงุจูู, ูุณุงุจูู ูุงุดูููุณู
๐๏ธ	ููุชูุณููููุช, ูุณุงุจูู
๐ต	ููฺูู ููุชูุณููููุช, ููุชูุฑูู, ููุณููพูุช
๐ฒ๏ธ	ููุณููพูุช
๐ด	ุชููุณููููุช, ุชูููุบ, ฺุงูููู ุชูููุบ
๐	ุฆุงูพุชูุจุณ, ุฆุงูพุชูุจุณ ุจููุชู, ุจูุช, ุชุฑุงู
๐ฃ๏ธ	ุชุฒ ุณุฑุฆุชููู ููู, ููุชูุฑูู ูุงุชูุงุด ูููู, ููู
๐ค๏ธ	ุชูุฑ ููู, ูพูููุฒ
๐ข๏ธ	ููพ, ูุงู, ูุงู ููพู
โฝ๏ธ	ูุงู, ูุงู ูุงุณูุณู, ูุงูุฆุงุชู, ูุงุณูุณ, ูพููููุช, ฺฏุงุฒ
๐จ	ุณุงูฺู, ุณุงูฺู ูุงุดูููุณูููฺญ ฺูุฑููู, ุณูฺฏูุงู, ูุงูพููพ, ูุงุดููุง, ฺูุฑุงู
๐ฅ	ุชุฒ ูุงุชูุงุด ฺูุฑููู, ุณูฺฏูุงู, ูุงุชูุงุด, ฺูุฑุงู
๐ฆ	ุชูู ูุงุชูุงุด ฺูุฑููู, ุณูฺฏูุงู, ูุงุชูุงุด, ฺูุฑุงู
๐	ุจูฺฏ, ุชูุฎุชุงุด, ุชูุฎุชุงุด ุจูฺฏูุณู, ุณูููุฒ ุชุฑูพ
๐ง	ุชูุณู, ูุฑูุด
โ๏ธ	ููุฑุงู, ูู, ูฺญฺฏุฑ
โต๏ธ	ุฏฺญูุฒ, ุณุงูุงฺพุช, ูููู, ูู
๐ถ	ูููุงู, ูููู
๐ค	ุชุฒ ูููู, ูููู
๐ณ๏ธ	ูู, ูููฺู, ูููฺููุงุฑ ูููุณู
โด๏ธ	ุณุงูุงฺพุช ูููุณู, ูููู, ูููฺู
๐ฅ๏ธ	ูููู, ููุชูุฑ, ููุชูุฑูู ูููู
๐ข	ูููู, ูู, ูููฺู
โ๏ธ	ุฆุงูุฑููพููุงู, ุฆฺู
๐ฉ๏ธ	ุฆุงูุฑููพููุงู, ุฆฺู, ููฺูู ุฆุงูุฑููพููุงู
๐ซ	ุฆุงูุฑููพููุงู, ุฆุงูุฑููพููุงู ุฆฺุด, ุฆฺู, ุฆฺุด, ุจูุช ุชูุดุฑุด, ูฺญูุด
๐ฌ	ุฆุงูุฑููพููุงู, ุฆุงูุฑููพููุงู ูููุด, ุฆฺู, ุจุฑูุด, ูููุด, ูููุด
๐บ	ุฆูุฑู, ุฆูุฑูุฏู
๐	ุฆุงูพุชูููุจูู, ุชููุฆฺุงุฑ
๐	ุฆุงุณูุง, ุฆุงุณูุง ูพูููุฒ, ุชูุฑููู
๐	ุฆุณูู, ุชุงุบ, ุชุงุบ ุฆุงุณูุง ูููู, ุณูู
๐ก	ุฆุงุณูุง ุชูุฑุงูุงู, ุฆุณูู, ุชูุฑุงูุงู, ุณูู, ูุงุดููุง, ฺพุงุง
๐ฐ๏ธ	ุจูุดูู, ุณูุฆูู ฺพูุฑุงฺพ
๐	ุจูุดูู, ุฑุงูุชุง
๐ธ	UFO, ุฆฺุงุฑ ุชุฎุณ
๐๏ธ	ููฺญุบุฑุงู, ูฺพูุงูุฎุงูุง, ููุชุงูฺู, ููุชุงูฺู ููฺญุบุฑููู
โ๏ธ	ุณุงุฆุช, ูู, ููุณุงุฆุช
โณ๏ธ	ุฆููู, ุณุงุฆุช, ูู, ูู ุฆููุงุชูุงู ููุณุงุฆุช
โ๏ธ	ุณุงุฆุช
โฐ	ุณุงุฆุช, ููฺญุบุฑุงู, ููฺญุบุฑุงู ุณุงุฆุช
โฑ๏ธ	ุณุงุฆุช, ุงููุช ุณุงููุบฺ
โฒ๏ธ	ุณุงุฆุช, ุงููุชฺู, ุงููุชฺู ุณุงุฆุช
๐ฐ๏ธ	ุชุงู ุณุงุฆุช, ุณุงุฆุช
๐๏ธ	00, 12, 12:00, ุฆูู ุฆูููู, ุณุงุฆุช, ุณุงุฆุช ุฆูู ุฆูููู
๐ง	12, 12:30, 30, ุฆูุชุชุฒ, ุฆูู ุฆูููู, ุฆูู ุฆูููู ูุฑูู, ุณุงุฆุช
๐๏ธ	00, 1, 1:00, ุจูุฑ, ุณุงุฆุช, ุณุงุฆุช ุจูุฑ
๐	1, 1:30, 30, ุฆูุชุชุฒ, ุจูุฑ, ุจูุฑ ูุฑูู, ุณุงุฆุช
๐๏ธ	00, 2, 2:00, ุฆูููู, ุณุงุฆุช, ุณุงุฆุช ุฆูููู
๐	2, 2:30, 30, ุฆูุชุชุฒ, ุฆูููู, ุฆูููู ูุฑูู, ุณุงุฆุช
๐๏ธ	00, 3, 3:00, ุฆฺ, ุณุงุฆุช, ุณุงุฆุช ุฆฺ
๐	3, 30, 3:30, ุฆูุชุชุฒ, ุฆฺ, ุฆฺ ูุฑูู, ุณุงุฆุช
๐๏ธ	00, 4, 4:00, ุชุช, ุณุงุฆุช, ุณุงุฆุช ุชุช
๐	30, 4, 4:30, ุฆูุชุชุฒ, ุชุช, ุชุช ูุฑูู, ุณุงุฆุช
๐๏ธ	00, 5, 5:00, ุจุด, ุณุงุฆุช, ุณุงุฆุช ุจุด
๐	30, 5, 5:30, ุฆูุชุชุฒ, ุจุด, ุจุด ูุฑูู, ุณุงุฆุช
๐๏ธ	00, 6, 6:00, ุฆุงูุช, ุณุงุฆุช, ุณุงุฆุช ุฆุงูุช
๐ก	30, 6, 6:30, ุฆุงูุช, ุฆุงูุช ูุฑูู, ุฆูุชุชุฒ, ุณุงุฆุช
๐๏ธ	00, 7, 7:00, ุณุงุฆุช, ุณุงุฆุช ูุชุช, ูุชุช
๐ข	30, 7, 7:30, ุฆูุชุชุฒ, ุณุงุฆุช, ูุชุช, ูุชุช ูุฑูู
๐๏ธ	00, 8, 8:00, ุณุงุฆุช, ุณุงุฆุช ุณูููุฒ, ุณูููุฒ
๐ฃ	30, 8, 8:30, ุฆูุชุชุฒ, ุณุงุฆุช, ุณูููุฒ, ุณูููุฒ ูุฑูู
๐๏ธ	00, 9, 9:00, ุชูููุฒ, ุณุงุฆุช, ุณุงุฆุช ุชูููุฒ
๐ค	30, 9, 9:30, ุฆูุชุชุฒ, ุชูููุฒ, ุชูููุฒ ูุฑูู, ุณุงุฆุช
๐๏ธ	00, 10, 10:00, ุฆูู, ุณุงุฆุช, ุณุงุฆุช ุฆูู
๐ฅ	10, 10:30, 30, ุฆูุชุชุฒ, ุฆูู, ุฆูู ูุฑูู, ุณุงุฆุช
๐๏ธ	00, 11, 11:00, ุฆูู ุจูุฑ, ุณุงุฆุช, ุณุงุฆุช ุฆูู ุจูุฑ
๐ฆ	11, 11:30, 30, ุฆูุชุชุฒ, ุฆูู ุจูุฑ, ุฆูู ุจูุฑ ูุฑูู, ุณุงุฆุช
๐	ุฆุงู, ูุงุฑุงฺญุบ, ูฺญู ุฆุงู
๐	ุฆุงู, ุฆูุฑุบุงู, ูพุชุฑ, ูพุชุฑ ุฆูุฑุบุงู ุฆุงู
๐	ุฆุงู, ุจุงุด ฺุงุฑู ุฆุงู, ฺุงุฑู
๐	ุฆุงู, ุชููุงุฑ, ุชููุงุฑ ฺูฺญ ุฆุงู, ฺูฺญ
๐๏ธ	ุฆุงู, ุชููู, ุชููู ุฆุงู
๐	ุฆุงู, ูุชุฑ, ูุชุฑ ฺูฺญ ุฆุงู, ฺูฺญ
๐	ุฆุงุฎูุฑูู ฺุงุฑู ุฆุงู, ุฆุงู, ฺุงุฑู
๐	ุฆุงู, ุฆูุฑุบุงู, ูุชุฑ, ูุชุฑ ุฆูุฑุบุงู ุฆุงู
๐	ุฆุงู, ุฆูุฑุบุงู, ุฆูุฑุบุงู ุฆุงู
๐	ุฆุงู, ูุฒูู ูฺญู ุฆุงู, ฺูุฑุงู
๐	ุฆุงู, ูุฒูู ุจุงุด ฺุงุฑู ุฆุงู, ฺุงุฑู
๐๏ธ	ุฆุงู, ูุฒูู ุฆุงุฎูุฑูู ฺุงุฑู ุฆุงู, ฺุงุฑู
๐ก๏ธ	ุชุฑูููุชูุฑ, ฺพุงุงุฑุงูู
โ๏ธ	ุฆุงูพุชุงูพ, ูู, ูุฑ, ููุฑู
๐	ุฆุงู, ุชููู, ููุฑู, ูุฒูู ุชููู ุฆุงู, ฺูุฑุงู
๐	ูู, ููุฑู, ูุฒ, ูุฒูู ููุงุด
โญ๏ธ	ุฆุงู ุฆุงุฑุง ููุชุฒ, ููุชุฒ
๐	ูุงุฑููู, ูุงููู, ููุฑู, ููุชุฒ, ฺุงููุงุฑ ููุชุฒ, ฺุงููุงุด
๐	ุฆุงุชุงุฑ, ุฆุงูุงุฑ ููุชุฒ, ููุชุฒ, ฺุดุฑ
๐	ุจูุดูู, ุณุงูุงู ูููู
โ๏ธ	ุจูุช, ฺพุงุงุฑุงูู
โ๏ธ	ุจูุช, ุจูุชูู ููุงุด, ููุงุด
โ๏ธ	ุจูุช, ูุงูุบุฑ, ฺฏูุฏุฑูุงูุง, ฺฏูุฏุฑูุงููููู ูุงูุบุฑ
๐ค๏ธ	ุจูุช, ููุงุด, ูพุงุฑฺ ุจูุช ุฆุงุฑููุฏุง ููุงุด
๐ฅ๏ธ	ุจูุช, ููุงุด, ฺูฺญ ุจูุช ุฆุงุฑููุฏุง ููุงุด
๐ฆ๏ธ	ุจูุช, ููุงุด, ูุงูุบุฑ, ูุงูุบุฑูู ุจูุช ุฆุงุฑููุฏุง ููุงุด
๐ง๏ธ	ุจูุช, ูุงูุบุฑ, ูุงูุบุฑูู ุจูุช
๐จ๏ธ	ุจูุช, ุณูุบู, ูุงุฑ, ูุงุฑููู ุจูุช
๐ฉ๏ธ	ุจูุช, ฺุงููุงู, ฺุงููุงูููู ุจูุช
๐ช๏ธ	ุจูุช, ููู
๐ซ๏ธ	ุจูุช, ุชูุงู
๐ฌ๏ธ	ุจูุช, ุดุงูุงู, ุดุงูุงู ฺูุฑุงู, ูพูุด, ฺูุฑุงู
๐	ุชููพุงู, ุชุชู, ูุงุชุชูู ููู, ฺุฑุด
๐	ูุงูุบุฑ, ฺพุณู-ฺพุณู
๐	ููููู, ูููู, ูุงูุบุฑ, ููพูู ูููู
โ๏ธ	ููููู, ูููู, ูุงูุบุฑ
โ๏ธ	ููููู, ูููู, ูุงูุบุฑ, ูุงูุบุฑ ุชุงูฺููุงุงุชูุงู ูููู, ฺุดุด
โฑ๏ธ	ูู, ูููู, ูุงูุบุฑ, ูุฑุฏููู ูููู
โก๏ธ	ุฆููุชูุฑ, ุชูู, ุฎุชุฑ, ุณููุด, ูููุฑู ุชูู ุจุณููู, ฺุงููุงู, ููุช
โ๏ธ	ุณูุบู, ูุงุฑ, ูุงุฑ ุฆฺููู
โ๏ธ	ุณูุบู, ูุงุฑ, ูุงุฑ ุจูุงู
โ๏ธ	ุณูุบู, ูุงุฑ, ูุงุฑ ุจูุงู, ูุงุฑุณูุฒ ูุงุฑ ุฆุงุฏู
โ๏ธ	ุจูุดูู, ููุฑููู ููุชุฒ
๐ฅ	ุฆูุช, ุฆฺูู, ููุฑุงู
๐ง	ุชุงูฺ, ุชุฑ, ุณูุบู, ููููููู
๐	ุฆูููุงู, ุฏูููู, ุณ, ุณ ุฏููููู
๐	ุชุจุฑูููุด, ูุงุง ฺูุฑุงู, ูพุงูุณ, ูพุฑูุดุช ุจุงูุฑููู, ฺูุฑุงู
๐	ุชุจุฑูููุด, ุฏุฑุฎ, ูููุงุฏ, ูููุงุฏ ุฏุฑูุฎู
๐	ุชุจุฑูููุด, ุณุงููุช
๐	ุฆฺูู, ุชุจุฑูููุด, ุณุงููุช, ูพุงุฑุณููุฏุงู
โจ	ุฆฺูู, ููุชุฒ, ุงูุฏุฑ-ูุฏุฑ
๐	ุชุจุฑูููุด, ุดุงุฑ
๐	ุชุจุฑูููุด, ุณูุฑู, ุณูุฑู ูพุงุฑุณููุฏููู, ููุฑู, ูพุงุฑุณููุฏุงู
๐	ุฆุงู, ุชููพ, ุชุจุฑูููุด, ูุบุฒ ุฆุงู
๐	ุชุงูุงุจุงุชุง ุฏุฑูุฎู, ุชุจุฑูููุด, ุฏุฑุฎ, ูุงูพููฺ, ูพููุงูุงุช
๐	ุจุงูุจู, ุชุจุฑูููุด, ูุงุฑูุบุงู, ูุงุฑูุบุงู ุจุฒู, ูุงูพููฺ
๐	ุฆูููฺู, ุจุงูุฑุงู, ุชุจุฑูููุด, ูุงูพููฺ, ูุงูพููฺ ูููฺุงู
๐	ุจููู ููพ-ููพ, ุชุจุฑูููุด, ูุงุณูุงู, ููพ-ููพ
๐	ุชุจุฑูููุด, ุดุงูุงู, ุดุงูุงู ูุงูุงู, ููฺญุบุฑุงู, ูุงูุงู
๐	ุฆุงู, ุฆุงู ูุฑุด ูุฑุงุณููู, ุชุจุฑูููุด, ูุฑุงุณูู
๐	ุชุจุฑูููุด, ููุชุง
๐	ุฆูุฑุงู ุณูุบุงุช, ุจููุงู, ุชุจุฑูููุด, ุณูุบุงุช, ูุงูพ, ูุชุง
๐๏ธ	ุฆุงฺฏุงฺพูุงูุฏุฑุด, ุฆุณูุด ููุชูุณู, ุชุจุฑูููุด, ููุชุง
๐๏ธ	ุจูุช, ููุจู, ููุจููุงุด ุจููุชู
๐ซ	ุจูุช, ููุจู
๐๏ธ	ุชุจุฑูููุด, ูุฏุงู, ฺพุฑุจู, ฺพุฑุจูู ูุฏุงู
๐๏ธ	ููุงูพุงุช, ููุงูพุงุช ููฺญููุณู
๐	ุชูุชุฑุจูู ูุฏุงูู, ูุฏุงู
๐ฅ	ุฆุงูุชู, ุจูุฑููฺู, ุจูุฑููฺูููู ูุฏุงูู, ูุฏุงู
๐ฅ	ุฆูููููฺู, ุฆูููููฺูููู ูุฏุงูู, ููุด, ูุฏุงู
๐ฅ	ุฆฺููฺู, ุฆฺููฺูููู ูุฏุงูู, ููุณ, ูุฏุงู
โฝ๏ธ	ุชููพ, ูพุชุจูู, ูพุชุชููพ
โพ๏ธ	ุชููพ, ููุฑุบุงูุชููพ
๐	ุชููพ, ุณุช, ุงุณูุชุจูู
๐	ุฆููู, ุชููพ, ุงููุจูู
๐	ุฆุงูุฑููุง, ุฆุงูุฑููุง ูพุชุจููู, ุชููพ, ูพุชุจูู
๐	ุชููพ, ุฒูุชู, ุฒูุชู ุชููพ, ูพุชุจูู
๐พ	ุชูุฑูู, ุชููพ, ฺูููุง ุชููพ
๐ณ	ุฆููู, ุชููพ, ุฏููููููุง ุชููพ
๐	ุฆููู, ุชููพ, ูุงูุชูุชููพ ุฆูููู, ูพุงูุงููุงุด
๐	ุฆููู, ุชููพ, ูุงูุชู, ูุงูุชูุชููพ, ูุฑ
๐	ุฆููู, ูุงูุชู, ูุงูุชูุชููพ, ูุฒ, ูุฒุชููพ
๐	ุฆููู, ุชููพ, ุชููุชุงูุชููพ, ุชูพู, ูพุงูุงู, ฺูููุง ุชููพ
๐ธ	ุฆููู, ุชูุฑูู, ูุดูุงฺ, ูพูุชููพ
๐ฅ	ุจููุณ, ุจููุณ ูพูููู, ูพูููู
๐ฅ	ุชุงููููุฏู, ุฌุงูุจุงุฒููู, ุฌุงูุจุงุฒููู ูููููู, ุฌุฏู, ููุฑูุง, ูุงุฑุงุช
๐ฅ	ุชูุฑ, ุงุฑุชุง, ุงุฑุชุง ุชูุฑู
โณ๏ธ	ุฆูุฑูุชููู ุจุงูุฑุงู, ุชุดู, ฺฏููู
โธ๏ธ	ุชููููุด, ูุฒ, ูุฒ ุชููููุด
๐ฃ	ุจููู, ุณุงูพ, ูุงุฑูุงู ุณูพู
๐ฝ	ุชูุชุฑุจูู, ุฑุงููุง, ูฺญูู, ูฺฏุฑุด, ูฺฏุฑุด ูฺญูููู
๐ฟ	ูุงุฑ, ฺุงฺญุบุง
๐ท	ุชูููุบุง, ฺุงฺญุบุง ฺพุงุฑุง
๐ฅ	ุฆููู, ุฆฺฏู ุชุงุด, ุชุงุด
๐ฏ	ุฆููุชุงู, ุฆููู, ุฆุชูุด, ุจูุง, ุฏู ุชฺฏูุด, ูุงุฑูุบุง, ูุฒ, ููุดุงู
๐ฑ	8, 8 ููู ุจูููุงุฑุช, ุฆููู, ุจูููุงุฑุช, ุชููพ, ุณูููุฒ
๐ฎ	ุชููพ, ุฎุฒูู, ูุงูุชุงุฒูู, ููุฑุงู, ููุฑูุณุชุงู, ููุฑูุณุชุงู ุชููพ, ฺฺู
๐ฎ๏ธ	ุฆููู, ุฆููุชูุฑูููู ุฆููู, ุชูุฒฺฏูู
๐น๏ธ	ุฆููู, ุฆููู ุชูุฒฺฏููููู, ุฆููุชูุฑูููู ุฆููู
๐ฐ	ุฆููู, ุณุชูุด, ูุงู ุณุงุชูฺ
๐ฒ	ุฆูุดู, ุฆููู, ุดูุดูุฎุงู, ุดูุดูุฎุงู ุฆูููู
โ๏ธ	ุฆููู, ูุงุฑุชุง, ูุงุบุง
โฅ๏ธ	ุฆููู, ุชุงูพุงู, ูุงุฑุชุง
โฆ๏ธ	ุฆููู, ุบูฺ, ูุงุฑุชุง
โฃ๏ธ	ุฆููู, ูุงุฑุชุง, ฺูุชุชูุฑ
๐	ุฆููู, ุฌููุฑ, ุณูุฑุชูู ูุงุฑุชุง, ูุงุฑุชุง
๐๏ธ	ุฆููู, ููุฒูู, ูุงุฌุงฺญ, ูุงุฌุงฺญ ููุฒูู ุฆุฌุฏูฺพุง
๐ด	ุฆูููุงุด, ุฆููู, ูุงุฑุชุง, ูุงูพููฺ, ฺฏู, ฺฏููู ูุงุฑุชุง
๐ญ๏ธ	ุฆููู ูุฑุณูุชูุด, ุชููุงุชูุฑุฎุงูุง, ุณูุฆุช, ููููุฎุงูุง, ูุฑุณูุชูุด, ูุงุณูุง
๐ผ๏ธ	ุฑุงููุง, ุฑุงูููููู ุฑุณูู, ุฑุณูู, ุฑุณูู ุณูุฒูุด, ุณูุฆุช, ูุฒู
๐จ	ุจููุงู ุชุงุฎุชูุณู, ุณูุฒูุด, ุณูุฆุช, ูุฒู
๐๏ธ	ุฆููู, ููููู, ูุฒ, ูุฒููู
๐ถ๏ธ	ุฆููู, ูุงุฑุงฺญุบ, ูุฒ, ูุฒููู, ูู ุฆููููู
๐	ููููู-ูฺู, ฺฏุงููุณุชู
๐	ููููู, ูููู, ูฺญูู
๐	ุฆูุดุชุงู, ุดูู, ููููู, ูพุงุฏูฺููุงุฑ ุฆูุดุชููู
๐งฃ	ุจููู, ุดุงุฑูพุง
๐งค	ููู, ูพูู
๐งฅ	ูพูุชู, ฺุงูพุงู
๐งฆ	ุฏูููููุด, ูพุงููพุงู
๐	ููููู, ููููู-ูฺู
๐	ูููููู, ููููู-ูฺู
๐	ุฆุฒุด, ุจุงุบูุฑุฏุงู, ููููู-ูฺู
๐	ุฆุงูุงู, ุฆุงูุงูฺ ููููู, ููููู-ูฺู
๐	ููููู-ูฺู, ูพู, ฺพููุงู
๐	ุฎุงูุชุง, ูููุณูููุง, ููููู, ฺพููุงู
๐	ุฎุงูุชุง, ุณูููุง, ูููุจูุบฺุง, ููููู
๐๏ธ	ุฎุงูุชุง, ุณุชูููุด, ูุงู ุณุชูููุด ุฎุงูุชูุณู, ูฺพูุงูุฎุงูุง
๐	ุฎุงูุชุง, ุณูููุง, ููุชุงุจ ุจูุบฺูุณู, ููุชูพ
๐	ุฆุงูุงุบ, ุฆุฑ, ุฆุฑูฺ ุฆุงูุงุบ, ููููู
๐	ุฆุงูุงุบ, ุชููพ ุฆุงููุบู, ุชูุชุฑุจูู, ููููู, ูฺฏุฑุด ุฆุงููุบู
๐	ุฆุงูุงุบ, ุฆุงูุงู, ุฆฺฏูุฒ ูพุงุดููููู ุฆุงูุงุบ, ููููู, ูพุงุดูุง
๐ก	ุฆุงูุงุบ, ุฆุงูุงู, ุฆุงูุงูฺ ุณุงูููู ุฆุงูุงุบ, ุณุงูููู, ููููู
๐ข	ุฆุงูุงุบ, ุฆุงูุงู, ุฆุงูุงูฺ ุฆุชู, ุฆุชู, ููููู
๐	ุชุงุฌ, ุฎุงู, ุฎุงููุด, ููููู
๐	ุฆุงูุงู, ุฆุงูุงูฺ ูุงููพุงู, ูุงููพุงู, ููููู
๐ฉ	ุฆุฒู ูุงููพุงู, ุจุงุด, ูุงููพุงู, ููููู
๐๏ธ	ุฆููุด ูพุชุชุฑุด, ุฆููุด ูพุชุชุฑุด ูุงููพููู, ุชุจุฑูููุด, ุดูพู, ูุงููพุงู, ููููู
๐งข	ุฆุฒู ุชูุดู ุดูพู, ููุฑุบุงูุชููพ ูุงููพููู
โ๏ธ	ุจูุฎุชุฑููู ูุงููพููู, ูุงููพุงู, ููุดุด ุจูฺฏูุณู, ูุชูุฒุบฺู ูุงููพููู, ูุงุฑุฏู
๐ฟ	ุชุณู, ุฏูู, ุฏุฆุง, ุฒูุฌูุฑ, ููููู, ูุงุฑุฌุงู
๐	ูุณุฑุฎ, ูุงุณูููุด, ฺฏูุฑูู
๐	ุฆุงููุงุณ, ุฆุฒู
๐	ุฆุงููุงุณ, ุฒูููุช, ฺฏฺพุฑ, ฺฏฺพุฑ ุชุงุด
๐	ุฆูุณูุฒ, ุฆูุณูุฒ ูุงฺญุฑุงุชู, ุชููฺ, ุฌูู, ูุงฺญุฑุงุชู
๐๏ธ	ุชู ุฆููู ูุงฺญุฑุงุชู, ููุดุงู
๐	ุฆุงุฑุง, ุฆุงุฑุง ุฆููู ูุงฺญุฑุงุชู
๐	ุฆููู, ูููุฑู ุฆููู ูุงฺญุฑุงุชู
๐ข	ุฆุงููููู ุฆุงุฏุฑุณ, ุฆููู, ูุงฺญุฑุงุชู
๐ฃ	ุฆููุชูฺ, ุฑูฺพููููุด
๐ฏ	ุณูุงู, ูพูฺุชุง, ูพูฺุชุง ฺฏุฏูู, ูพูฺุชูฺูููู
๐	ููฺญุบุฑุงู
๐	ุฆูุณูุฒ, ุฆูุณ, ุชููฺ, ุฌูู, ููฺญุบุฑุงู, ููููุงฺญ, ูุงู, ฺูููฺฏู, ฺูููฺฏู ููฺญุบุฑุงู
๐ผ	ูุฒููุง, ูุฒููุง ูุงุฒููุณู, ูุงุฒูุง
๐ต	ูุฒููุง, ููุชุง
๐ถ	ูุฒููุง, ููุชุง, ููุชููุงุฑ
๐๏ธ	ุฆูุณุชุฏูู, ุฆูุณุชุฏูู ูููุฑููููู, ููู, ูููุฑูููู, ูุฒููุง
๐๏ธ	ุฏุฑูุฌ, ุฏุฑูุฌ ุณููุฑูฺฏฺ, ุณููุฑูฺฏฺ, ูุฒููุง
๐๏ธ	ุชูุฒฺฏูู, ุชูุฒฺฏูู ุชุชูุง, ุชุชูุง, ูุฒููุง
๐ค	ูุงุฑุงุฆููู, ูููุฑูููู
๐ง๏ธ	ุชุงูููุง ุชูฺญุดูุบฺ, ุชูฺญุดูุบฺ
๐ป๏ธ	ุฑุงุฏููู, ุณูู
๐ท	ุณุงุฒ, ุณุงูุณ, ุณุงูุณูููู, ูุฒููุง
๐ธ	ุณุงุฒ, ุณุงูุณ, ฺฏูุชุงุฑ
๐น	ุณุงุฒ, ูุฒููุง, ูุฒููุง ุชูู ุชุงุฎุชูุณู, ูพููุงูููู, ฺุงูุบ
๐บ	ุณุงุฒ, ุณุงูุณ, ุณูุงู
๐ป	ุฆูุณููุฑููพูุง, ุณุงุฒ, ุณุงูุณ
๐ฅ	ุฏูุจุงู, ูุฒููุง, ฺุงูุบฺ
๐ฑ	ุชูููู, ููู, ูฺู, ูุงูููู
๐ฒ	ุฆููุด, ุชูููู, ููู, ูุฑุณุชูฺ, ูุฑุณุชูฺูู ูุงูููู, ูฺู, ูุงูููู, ฺุงููุฑูุด
โ๏ธ	ุชูููู
๐	ุฆุงูุบฺ, ุชูููู, ุชูููู ุฆุงูุบฺ, ููู
๐๏ธ	ฺุงููุฑุบ
๐	ูุงูุณ, ูุงูุณฺู
๐	ุจุงุชุงุฑู
๐	ุฆููุชูุฑ, ุชูู, ฺุงุชูฺ
๐ป๏ธ	ุฎุงุชูุฑ ููููพูุชุฑ, ุดุฎุณูู, ููููพูุชุฑ
๐ฅ๏ธ	ุฆุณุชู, ุฆุณุชู ููููพูุชุฑู, ููููพูุชุฑ
๐จ๏ธ	ุจุงุณูฺ, ููููพูุชุฑ
โจ๏ธ	ููููพูุชุฑ, ูููพูุง ุชุงุฎุชูุณู
๐ฑ๏ธ	ููููพูุชุฑ, ูุงุฆุณ
๐ฒ๏ธ	ููููพูุชุฑ, ูุงุฆุณ ุดุงุฑฺูุณู
๐ฝ	ุฏูุณูุง, ููููพูุชุฑ, ููููพูุชุฑ ุฏูุณููุณู, ููฺูู ุฏูุณูุง, ูุฑ
๐พ	ุฏูุณูุง, ููููพูุชุฑ, ููุดุงู, ููุดุงู ุฏูุณูุง
๐ฟ๏ธ	cd, ุฏูุณูุง, ููููพูุชุฑ, ูุฑ, ูุฑ ุฏูุณูุง
๐	blu-ray, dvd, ุฏูุณูุง, ููููพูุชุฑ, ูุฑ
๐ฅ	ูุงูุฑุง, ูููู, ูููู ูุงูุฑุงุณู, ููููุฎุงูุง
๐๏ธ	ุฑุงููุง, ููููู, ูููู, ูููู ุฑุงูููุณู, ููููุฎุงูุง
๐ฝ๏ธ	ุณูู, ููููู, ููููู ูููุบฺ, ูููุบฺ, ูููู, ููููุฎุงูุง
๐ฌ๏ธ	ูููู, ฺูู-ฺุงู
๐บ๏ธ	ุชููุฒูุฑ, ุชููุฒูู, ุณูู
๐ท๏ธ	ุณูู, ูุงูุฑุง
๐ธ	ุณูู, ูุงูุฑุง, ฺุงููุงู ฺูุฑุงู, ฺูุฑุงูููู ูุงูุฑุง
๐น๏ธ	ุณูู, ุณูู ูุงูุฑุง, ูุงูุฑุง
๐ผ	ุณูู, ุณููุฆุงูุบ, ุณููุฆุงูุบ ููุชูุณู, ููุชุง
๐	ุฆูุฒุฏุด, ุฆููู, ุณููุบุง ูุงุฑูุบุงู ฺูฺญุงูุชูฺ, ููุฑุงู, ฺูฺญุงูุชูฺ
๐	ุฆูฺญุบุง ูุงุฑูุบุงู ฺูฺญุงูุชูฺ, ุฆูุฒุฏุด, ุฆููู, ููุฑุงู, ฺูฺญุงูุชูฺ
๐ฏ๏ธ	ุดุงู, ฺูุฑุงู
๐ก	ุชูููู, ูุฒูุงุฑุงุด, ููููููู, ูุงููพุง, ูุงููพฺูุง, ฺูุฑุงู
๐ฆ	ุชูู, ููุฑุงู, ูููฺูุฑุงู, ููุฑุชุด, ฺูุฑุงู
๐ฎ	ูุงุงู, ููุฒูู, ููุฒูู ูพุงูุณ, ูพุงูุณ, ฺูุฑุงู
๐	ุจุฒู, ุชุงุด, ุฎุงุชูุฑ, ุฑฺญููู ุฎุงุชูุฑ, ููุชุงุจ
๐	ููุชุงุจ, ููพูู, ููพูู ููุชุงุจ
๐	ุฆูฺู, ุฆูฺู ููุชุงุจ, ููุชุงุจ
๐	ููุชุงุจ, ูุดูู, ูุดูู ููุชุงุจ
๐	ููุชุงุจ, ูู, ูู ููุชุงุจ
๐	ููุฒุบฺ, ููุฒุบฺ ููุชุงุจ, ููุชุงุจ
๐๏ธ	ููุชุงุจ, ููุชุงุจูุงุฑ
๐	ุฎุงุชูุฑ ุฏูพุชุฑ
๐	ุฎุงุชูุฑ ุฏูพุชุฑ, ุฏูพุชุฑ
๐	ุฆฺฏู, ุฆฺฏู ุจุช, ุจุช, ูพุชู
๐	ุณููุฑูุด, ูุบุฒ
๐	ุฆุณุชูฺฏ ูุงุฑูุบุงู ุจุช, ูุบุฒ, ูพุชู
๐ฐ	ุฎุฑ, ูุบุฒ, ฺฏุฒูุช
๐	ุฆูุฑุงู ฺฏุฒูุช, ุฆูุฑุงู, ุฎุฑ, ูุบุฒ, ฺฏุฒูุช
๐	ุจุชูฺ, ุจูฺฏ, ุฎุชูฺ, ููุบูฺ, ููุบูฺ ุจุชูฺู
๐	ุจูฺฏ, ููุบูฺ
๐ท๏ธ	ุฎุชูฺ
๐ฐ๏ธ	ุฎุงูุชุง, ุฏูููุงุฑ, ูพู, ูพู ุฎุงูุชูุณู, ฺพููุงู
๐ด	ุฆุงูฺุง, ุจุงููุง, ุชฺญฺฏ, ูุบุฒ ูพู, ูุงุฑูุงู, ูู, ูพู
๐ต	ุฆุงูฺุง, ุจุงููุง, ุชฺญฺฏ, ุฏูููุงุฑ, ูุบุฒ ูพู, ูุงุฑูุงู, ูพู
๐ถ	ุฆุงูฺุง, ุจุงููุง, ุชฺญฺฏ, ูุบุฒ ูพู, ูุงุฑูุงู, ูุงุฑู, ูพู
๐ท	ุฆุงูฺุง, ุจุงููุง, ุชฺญฺฏ, ูุบุฒ ูพู, ูุงุฑูุงู, ูพููุฏ, ูพููุฏุณุชุฑููฺญ, ูพู
๐ธ	ุฆุงูฺุง, ุฆฺุด, ุจุงููุง, ุชฺญฺฏ, ูุงูุงุช, ูุงูุงุชููู ูพู, ูุบุฒ ูพู, ูุงุฑูุงู, ูพู
๐ณ๏ธ	ุฆููุงุช, ุฆููุงุชููู ูุงุฑุชุง, ุจุงููุง, ูุงุฑุชุง, ูพู
๐น	ุฆุงูฺุง, ุฆุฑูุด, ุฆุดูุด, ุจุงุฒุงุฑ, ุจุงููุง, ุฌุฏู, ูููุฑูุบุง, ูุฒููููุด, ูู, ูู ุฆุงุดูุง ฺฏูุฑุงูููู, ูพู, ฺฏูุฑุงููู
โ๏ธ	ุชูุฑุฎุช, ุฎุช, ูููุฑุช
๐ง	ุชูุฑุฎุช, ุฎุช, ุณุงูุงู ุฎุช
๐จ	ุฆูุฎุช, ุชุงูพุดุฑููุด, ุชูุฑุฎุช, ุฎุช, ุณุงูุงูุฎุช, ูููุฑุช, ููฺฏู, ููฺฏู ุฎุช
๐ฉ	ุฆูุฎุช, ุฆุชูู, ุชูุฑุฎุช, ุชู, ุฎุช, ุณุงูุงูุฎุช, ูููุฑุช, ูุฑุณุชูฺ, ูุฑุณุชูฺูู ุฎุช, ูุชูู
๐ค๏ธ	ุฆุชูู, ุฎุช, ุฎุช ููููุงุด ุจูฺฏูุณู, ุณุงูุงูุฎุช, ุณุงูุฏู, ูุชุง, ููููุงุด ุณุงูุฏูู
๐ฅ๏ธ	ุจูฺฏ, ุชุงูพุดุฑููุด, ุฎุช, ุฎุช ุณุงูุฏูู, ุฎุช ูููุด ุจูฺฏูุณู, ุณุงูุงูุฎุช, ุณุงูุฏู
๐ฆ๏ธ	ุฎุงูุชุง, ุณุงูุฏู
๐ซ๏ธ	ุชุบูุงูุบุงู ููพูู ุฎุช ุณุงูุฏูู, ุฎุช, ุฎุช ุณุงูุฏูู, ููพูู, ูพูฺุชุง ุณุงูุฏูู
๐ช๏ธ	ุชุบ ฺุดุฑูฺฏู ููพูู ุฎุช ุณุงูุฏูู, ุฎุช, ุฎุช ุณุงูุฏูู, ููพูู, ูพูฺุชุง ุณุงูุฏูู, ฺุดูู
๐ฌ๏ธ	ุฆูฺู, ุชุบูุงูุบุงู ุฆูฺู ุฎุช ุณุงูุฏูู, ุฎุช, ุฎุช ุณุงูุฏูู, ูพูฺุชุง ุณุงูุฏูู
๐ญ๏ธ	ุฆูฺู, ุชุบ ฺุดุฑูฺฏู ุฆูฺู ุฎุช ุณุงูุฏูู, ุฎุช, ุฎุช ุณุงูุฏูู, ูพูฺุชุง ุณุงูุฏูู, ฺุดูู
๐ฎ	ุฎุช, ุฎุช ุณุงูุฏูู, ูพูฺุชุง ุณุงูุฏูู
๐ณ๏ธ	ุจูุช, ุจูุช ฺุดูู ุจูุช ุณุงูุฏูู, ุณุงูุฏู
โ๏ธ	ูุฑููุฏุงุด
โ๏ธ	ุฆฺ, ูุงุฑุง ุฆฺ, ููู
๐๏ธ	ุณููุงฺพ, ุณููุงฺพ ููู, ููู
๐๏ธ	ููู, ูุงู ููู
๐๏ธ	ุณูุฒูุด, ฺูุชูุง
๐๏ธ	ุจููุงู ููู
๐	ุฆุณูุชู, ูุฑููุฏุงุด
๐ผ	ุณูููุง, ููู ุณูููุง
๐	ููุณูฺ, ฺพุฌุฌุช, ฺพุฌุฌุช ููุณูฺ
๐	ุฆูฺู, ุฆูฺู ููุณูฺ, ููุณูฺ, ฺพุฌุฌุช
๐๏ธ	ุฆุงูุฑูู ุณุงูุฏู, ุฆููุฏูุณ, ุจูฺฏฺ, ูุงุฑุชุง
๐	ูุงููุฏุงุฑ, ฺุณูุง
๐	ูุงููุฏุงุฑ, ููุฑุชูู ูุงููุฏุงุฑ
๐๏ธ	ุชุงุฎุชุง, ุฎุงุชูุฑ, ฺพุงููุง, ฺพุงูููุณููุงู ุฎุงุชูุฑ
๐๏ธ	ุชุงุฎุชุง, ูุงููุฏุงุฑ, ฺพุงููุง, ฺพุงูููุณููุงู ูุงููุฏุงุฑ
๐	ุฆุงููุงููุง, ุฆููุฏูุณ, ูุงุฑุชุง, ูุงุฑุชุง ูุฑุณุชูฺ
๐	ุฆุงุดูุง ฺฏูุฑุงููู, ุฆุดูุด, ุฌุฏู, ูููุฑูุบุง, ูุฒููููุด, ฺฏูุฑุงููู
๐	ุฌุฏู, ูุฒููููุด, ฺุดู ฺฏูุฑุงููู, ฺุดุด, ฺฏูุฑุงููู
๐	ุชุฑู, ุชุฑููู ฺฏูุฑุงููู, ุฌุฏู, ฺฏูุฑุงููู
๐๏ธ	ูุณูุด ุชุงุฎุชูุณู
๐	ูุงุฏุงู, ูููพูุง
๐	ูุงุฏุงู, ูููพูุง, ููููุงู ููุฎ
๐	ูุบุฒ ููุณูฺ
๐๏ธ	ุฆูุงููุง, ุฆููููุด, ูุบุฒ ููุณูฺ
๐	ุชุฒ ุณูุฒุบฺ, ุชุฒ ููุฑ, ุณูุฒุบฺ
๐	ุฆฺ ุจูฺญูู ุณูุฒุบฺ, ุจูฺญ, ุณูุฒุบฺ, ูุฑุดูู
โ๏ธ	ูุงูฺุง, ููุฑุงู, ูุณูุด
๐๏ธ	ุณุงูุฏู, ูุบุฒ ฺพุฌุฌุช ุณุงูุฏูู, ูุงุฑุชุง, ฺพุฌุฌุช
๐๏ธ	ุฆุงุฑุฎููพ, ุฆูุดูุงูพ, ฺพุฌุฌุช, ฺพุฌุฌุช ุฆูุดูุงูพู
๐๏ธ	ุฆุฎูุช ุณูุชู
๐๏ธ	ูููพูุงู, ููพูู
๐๏ธ	ุฆฺูุด, ูููพ, ูููพุณูุฒ
๐	ุฆฺ, ุจููุงู, ูููพ, ููู, ูููููู ูููพ, ูุฎูพููุชููู
๐	ุฆุงฺูฺ, ุฆุงฺูฺูู ูููพ, ุจูุฎุชุฑ, ูููพ, ููพูู
๐	ุฆุงฺูฺ, ูููพ, ูพุงุฑูู
๐๏ธ	ุฆุงฺูฺ, ูููพ, ูููุง, ูููุง ุฆุงฺูฺ, ูููพ ุฆฺู
๐จ	ุจูููุง, ููุฑุงู
โ๏ธ	ููุฑุงู, ูุงู, ฺูุช
โ๏ธ	ุจูููุง, ุจูููุง  ฺูุช, ููุฑุงู, ฺูุช
๐๏ธ	ุจูููุง, ุจูููุง  ููฺ, ุฌุงุจุฏู, ููุฑุงู, ููฺ
๐ก๏ธ	ุฎูุฌุฑ, ููุฑุงู-ูุงุฑุงุบ, ูพูฺุงู
โ๏ธ	ุดูุดุฑ, ูุงูฺููุงููุง, ูุงูฺููุงููุง ุดูุดุฑูุฑ, ูุงุฑุงุบ
๐ซ	ุฆุงููุงููุง ุชุงูพุงูฺุง, ุชุงูพุงูฺุง, ููุฑุงู, ูููุชูู, ูุงุฑุงุบ
๐น	ุฆูู, ุฆูููุงฺู, ุฆูููุงฺูููู, ููุฑุงู, ูฺู, ูุง, ูุง  ุฆูู, ูุงุฑุงุบ, ูุงฺุงู
๐ก๏ธ	ูุงููุงู, ููุฑุงู
๐ง	ุฌุงุจุฏู, ููุฑุงู, ููฺ
๐ฉ	ููุฑุงู, ฺฏุงููุง, ฺฏุงููุง  ููุชุง, ููุชุง
โ๏ธ	ููุฑุงู, ฺูุดููู ฺุงู
๐๏ธ	ุจุงุณุชุฑู, ููุฑุงู, ููุณูฺ, ููุณูุด
โ๏ธ	ุฆูฺู, ุฆุบูุฑููู, ุชฺญููู, ุชฺญูพฺญ, ุชฺญูพฺญูู ุฆูฺูฺฏฺ, ููุฑุงู, ูฺู, ฺู
๐	ุฆูุงููุง
โ๏ธ	ุฒูุฌูุฑ, ุฒูุฌูุฑูุฑ
โ๏ธ	ุฎูููู, ููุฑุงู, ฺพูุฑูุงูุฏุฑุบฺ
๐ฌ	ููุฑุงู, ูููุฑูุณูููพ, ูพู
๐ญ	ุชูุณูููพ, ููุฑุงู, ูพู
๐ก	ุฆุงูุชููุง, ุชุฎุณ, ุณูุฆูู ฺพูุฑุง ุฆุงูุชููุงุณู, ุณูุฆูู ฺพูุฑุงฺพ
๐	ุฆููู, ุฆูุดูพูุฑูุณ, ุฏูุฎุชุฑ, ุฏูุฑุง, ููุฑุงู, ูุณู, ููฺญู
๐	ุชุงุจูุชูุง, ุฏูุฎุชุฑ, ุฏูุฑุง, ูุณู
๐ช	ุฆูุดูู
๐๏ธ	ุฆุฎูุงุด, ูุงุฑูุงุช, ูฺพูุงูุฎุงูุง
๐๏ธ	ุฏูุงู, ุฏูุงู  ฺูุฑุงู, ูฺพูุงูุฎุงูุง, ฺูุฑุงู
๐ฝ	ฺพุงุฌุชุฎุงูุง
๐ฟ	ุณ, ูููุด
๐	ููฺุง, ูููุฏุงู
๐	ุณูุฏูููู, ุณุฑู, ูุงู ฺพุงุฑูุณู, ฺพุงุฑุง
๐ฌ	ุชุงูุงูุง, ุชุงูุงูุง ฺููุด
โฐ๏ธ	ุฆูู, ุชุงุช
โฑ๏ธ	ุฆูู, ุฏูพู, ูู, ูู ูุงฺูุณู, ูููุช ูุงฺูุณู
๐ฟ	ุชุงุด ฺพููู, ูููุงู, ฺูุฑุงู, ฺพููู
๐ง	atm, ุฆุงูพุชููุงุชูู, ุจุงููุง, ูพูุฆุงูุบ, ูพูุฆุงูุบ ุจูฺฏูุณู
๐ฎ	ุฆุฎูุช, ุฆุฎูุช ูุงฺูุณู, ุณุชู ุฆุฎูุช ุชุงุดูุงุด ุจูฺฏูุณู
๐ฐ	ุฆูฺูุด, ุฆูฺููููู, ุฆูฺููููู ุณ, ุณ
โฟ๏ธ	ููุฑูุด, ููููพูุงุฑ ฺพุงุฑูุณูููฺญ ุจูฺฏูุณู
๐น๏ธ	ุฆุฑ, ุฆุฑูุฑ ฺพุงุฌุชุฎุงููุณู, ุชุงุฒูููู ุฆูู, ุณุฎุงูุง, ฺพุงุฌุชุฎุงูุง
๐บ๏ธ	ุฆุงูุงู, ุฆุงูุงููุงุฑ ฺพุงุฌุชุฎุงููุณู, ุชุงุฒูููู ุฆูู, ุณุฎุงูุง, ฺพุงุฌุชุฎุงูุง
๐ป	ุชุงุฒูููู ุฆูู, ุณุฎุงูุง, ฺพุงุฌุชุฎุงูุง
๐ผ๏ธ	ุฆุฒฺฏูุฑูุด, ุจูุงู, ุจูุงู ุจูฺฏูุณู
๐พ	ุชุงุฒูููู ุฆูู, ุณ, ุณุฎุงูุง, ฺพุงุฌุชุฎุงูุง
๐	ุชูุฒฺฏูู, ูพุงุฑูู, ูพุงุฑูู ุชูุฒฺฏููู
๐	ุชุงููฺูุง
๐	ุฆููุด, ูู-ุชุงู, ูู-ุชุงู ุฆูุฑูู
๐	ุฆูุดูุงูพ, ุณูููุง, ูุงูุฏู ูู-ุชุงู, ูู-ุชุงู
โ๏ธ	ุฆุงฺฏุงฺพูุงูุฏุฑุด
๐ธ	ุฆุชุด, ุจุงูุง, ุจุงูููุงุฑ ุฆุชุงุชูุฏ, ูุงุชูุงุด, ูพููุงุฏ
โ๏ธ	ุฆูุณ, ูุงุชูุงุด, ููุฑูฺญ, ููุฑูุด, ูุงู, ฺูููฺฏู
๐ซ	ููุฑูุด, ูุงู, ููู, ฺูููฺฏู
๐ณ	ููููฺญ, ููููุด, ูุงู, ฺูููฺฏู, ููุณููพูุช, ููุณููพูุช ููููฺญ
๐ญ๏ธ	ุชุงูุงูุง, ุชุงูุงูุง ฺููฺญ, ูุงู, ููู, ฺูููฺฏู, ฺููฺญ
๐ฏ	ุฆุฎูุช, ุฆุฎูุช ุชุงุดูููุงฺญ, ุชุงุดูููุงฺญ, ูุงู, ููู, ฺูููฺฏู
๐ฑ	ุฆูฺูููู ุจูููุงูุฏ, ุฆูฺูฺญ, ุฆูฺูููุณ ุณ, ุณ
๐ท	ูุงฺญูุงฺญ, ูุงู, ููู, ูพููุงุฏ, ูพููุงุฏ ูุงฺญูุงฺญ, ฺูููฺฏู
๐ต	ุฆูุดูุชูฺญ, ุชูููู, ูุงุชู, ูฺู, ูุงู, ูุงูููู, ูุงูููู ุฆูุดูุชูฺญ, ููู, ฺูููฺฏู
๐	18, ุฆูู ุณูููุฒ, ุฆูู ุณูููุฒุฏูู ุชููุฑ ฺููููุฏ, ููุฑูฺญ, ูุงุด ฺูู, ูุงู, ููู, ูุดู ุชูุดูุงูุฏูุบุงููุงุฑ, ฺูููฺฏู
โข๏ธ	ุจูฺฏ, ุฑุงุฏูููุฆุงูุชููพ
โฃ๏ธ	ุจูููููฺฏููููู ุฎุชุฑ, ุจูฺฏ
โฌ๏ธ	ุฆุงุณุงุณ, ุฆุณุชู ูุฑุณุชูฺ, ุดููุงู, ูุฑุณุชูฺ, ูููููุด
โ๏ธ	ุฆุงุฑุง ูููููุดููู, ุฆุณุชู-ุฆูฺญ ูุฑุณุชูฺ, ุดุฑููู-ุดููุงู, ูุฑุณุชูฺ, ูููููุด
โก๏ธ	ุฆุงุณุงุณ, ุฆูฺญ ูุฑุณุชูฺ, ุดุฑู, ูุฑุณุชูฺ, ูููููุด
โ๏ธ	ุฆุงุฑุง ูููููุดููู, ุฆุงุณุชู ุฆูฺญ ูุฑุณุชูฺ, ุดุฑููู-ุฌูุจ, ูุฑุณุชูฺ, ูููููุด
โฌ๏ธ	ุฆุงุณุงุณ, ุฆุงุณุชู, ุฆุงุณุชู ูุฑุณุชูฺ, ุฌูุจ, ูุฑุณุชูฺ, ูููููุด
โ๏ธ	ุฆุงุฑุง ูููููุดููู, ุฆุงุณุชู ุณูู ูุฑุณุชูฺ, ุบุฑุจูู-ุดููุงู, ูุฑุณุชูฺ, ูููููุด
โฌ๏ธ	ุฆุงุณุงุณ, ุณูู ูุฑุณุชูฺ, ุบุฑุจ, ูุฑุณุชูฺ, ูููููุด
โ๏ธ	ุฆุงุฑุง ูููููุดููู, ุฆุณุชู ุณูู ูุฑุณุชูฺ, ุบุฑุจูู-ุดููุงู, ูุฑุณุชูฺ, ูููููุด
โ๏ธ	ุฆุงุณุชู-ุฆุณุชู ูุฑุณุชูฺ, ูุฑุณุชูฺ
โ๏ธ	ุฆูฺญ-ุณูู ูุฑุณุชูฺ, ูุฑุณุชูฺ
โฉ๏ธ	ุณููุบุง ุฆฺฏููฺฏู ุฆูฺญ ูุฑุณุชูฺ, ูุฑุณุชูฺ
โช๏ธ	ุฆูฺญุบุง ุฆฺฏููฺฏู ุณูู ูุฑุณุชูฺ, ูุฑุณุชูฺ
โคด๏ธ	ุฆุณุชูฺฏ ุฆฺฏููฺฏู ุฆูฺญ ูุฑุณุชูฺ, ูุฑุณุชูฺ
โคต๏ธ	ุฆุงุณุชู, ุฆุงุณุชูุบุง ุฆฺฏููฺฏู ุฆูฺญ ูุฑุณุชูฺ, ูุฑุณุชูฺ
๐	ุณุงุฆุช ูููููุดู, ุณุงุฆุช ูููููุดูุฏููู ุชูู ูุฑุณุชูฺ, ูุงูุชุง ูููุด, ูุฑุณุชูฺ
๐	ุณุงุฆุช ูููููุดูฺฏ ูุงุฑุดู, ุณุงุฆุชู ูุงุฑุดู, ุณุงุฆุชู ูุงุฑุดู ูููููุดุชููู ูุฑุณุชูฺ, ูุงุฑุดู, ูุฑุณุชูฺ
๐	ุฆุงุฑูุง, ุฆุงุฑูุง ูุฑุณุชูฺ, ูุฑุณุชูฺ
๐	ุฆุงูุงุบ, ุฆุงูุงุบ ูุฑุณุชูฺ, ูุฑุณุชูฺ
๐	ุฆูฺู, ุฆูฺู! ูุฑุณุชูฺ, ุจูฺฏ, ูุฑุณุชูฺ
๐	ูุฑุณุชูฺ, ููููุฏุง, ููููุฏุง ุฏฺฏู ูุฑุณุชูฺ
๐	ุฆุณุชู, ูุฑุณุชูฺ, ูููุฑู, ฺูููุง ูุฑุณุชูฺ
๐	ุฆูุจุงุฏุชุฎุงูุง, ุฆุชููุงุฏ, ุฏูู
โ๏ธ	ุฆุงุชูู, ุฆุงุชูู ุจูฺฏูุณู, ุฆุงุชุฒูู
๐๏ธ	ุฆูู, ุฏูู, ฺพููุฏู
โก๏ธ	ุฆูุณุฑุงุฆูู, ุฏุงุช, ุฏุงุช ููุชุฒู, ุฏูู, ููุชุฒ, ูฺพุฏู
โธ๏ธ	ุจุฏุฏูุณุช, ุฏุงุฑูุง, ุฏุงุฑูุง ฺุงูู, ุฏูู, ฺุงู
โฏ๏ธ	ุฏุง, ุฏุงุฒูู, ุฏูู, ูุงฺญ, ููู, ููู ูุงฺญ
โ๏ธ	ุฎูุฑูุณุชููุงู, ุฏูู, ููุฑุณุช, ูุงุชูู ููุฑุณุช
โฆ๏ธ	ุฆูุฑุชูุฏููุณ, ุฎูุฑูุณุชููุงู, ุฏูู, ููุฑุณุช
โช๏ธ	ุฆูุณูุงู, ุฏูู, ูุณููุงู, ููุชุฒ  ฺพููุงู ุฆุงู
โฎ๏ธ	ุชููฺููู, ุชููฺููู ุจูฺฏูุณู
๐	ุฏูู, ููุฏูู, ููุฏู, ููุฏู ูููุบฺ
๐ฏ	ุฆุงูุช ุจุฑุฌูููู ููุชุฒ, ุฎุฒูู, ููุชุฒ
โ๏ธ	ููุดูุงุฑ, ูฺู, ฺพูู
โ๏ธ	ุฆูุฒ, ุฆู, ุจูุง, ูฺู
โ๏ธ	ููุดูุฒู, ูฺู
โ๏ธ	ุณุฑุชุงู, ููุณูฺูพุงูุง, ูฺู
โ๏ธ	ุดูุฑ, ูฺู
โ๏ธ	ุจุบุฏุงูุจุงุด, ูฺู
โ๏ธ	ุฆุงุฏุงูุช, ุฆูฺู, ุชฺญูพฺญ, ูฺู, ฺู
โ๏ธ	ุฆุดู, ุฆูุฑุจ, ูฺู, ฺุงูุงู
โ๏ธ	ูฺู, ูุงฺุงู
โ๏ธ	ุฆูุบูุงู, ุฆฺู, ูฺู
โ๏ธ	ุชุชุงุฑ, ุณูุบูุง, ุณ, ูฺู
โ๏ธ	ุจููู, ุจูููฺู, ูฺู
โ	ุชุชุงุฑ, ูฺู, ูููุงู, ูููุงูฺู
๐	ุชุงุณูุงุด ูููพููุณู, ูุงูฺููุงููุง, ูุฑุณุชูฺ
๐	ุณุงุฆุช ูููููุดู, ูุงูุชููุงุด, ูุงูุชููุงุด ูููพููุณู, ูุฑุณุชูฺ
๐	ุจูุฑ, ุณุงุฆุช ูููููุดู, ูุฑุณุชูฺ, ููู ูุงูุชููุงุด ูููพููุณู
โถ	ุฆูฺญ, ุฆฺุจูฺญ, ูููุด, ูููุด ูููพููุณู, ูุฑุณุชูฺ
โฉ	ุชุฒ, ุชุฒ ุณุฑุด ูููพููุณู, ุณุฑุด, ููุด, ูุฑุณุชูฺ
โญ	ุฆฺุจูฺญ, ูุฑุณุชูฺ, ูููููู, ูููููู ูุฑูุด, ูููููู ูููพููุณู
โฏ	ุฆูฺญ, ุฆฺุจูฺญ, ุชูุฑูุฒูุงุด, ูููุด ูุงูู ุชูุฑูุฒูุงุด ูููพููุณู, ูุฑุณุชูฺ
โ	ุฆฺุจูฺญ, ุชุฒ ูุงูุชุฑุด ูููพููุณู, ุณูู, ูุงูุชุฑุด, ูุฑุณุชูฺ
โช	ูุงูุชุง ูููุด, ูุงูุชุฑุด ูููพููุณู, ููุด, ูุฑุณุชูฺ
โฎ	ุฆุงูุฏูููู, ุฆุงูุฏูููู ูุฑูุด, ุฆุงูุฏูููู ูููพููุณู, ุฆฺุจูฺญ, ูุฑุณุชูฺ
๐ผ	ุฆุฑูุด ูููพููุณู, ููุฒูู, ูุฑุณุชูฺ, ูููพูุง
โซ	ุชุฒ ุฆุฑูุด ูููพููุณู, ููุด, ูุฑุณุชูฺ
๐ฝ	ุชููุด, ุชููุด ูููพููุณู, ููุฒูู, ูุฑุณุชูฺ, ูููพูุง
โฌ	ุชููุด, ุชุฒ ุชููุด ูููพููุณู, ููุด, ูุฑุณุชูฺ
โธ๏ธ	ุจุงูุฏุงู, ุชูุฑูุฒูุงุด, ุชูุฑูุฒูุงุด ูููพููุณู, ุชูู, ููุด
โน๏ธ	ุชูุฎุชุงุด, ุชูุฎุชุงุด ูููพููุณู, ููุงุฏุฑุงุช
โบ๏ธ	ุฆููุด, ุฆููุด ูููพููุณู, ฺูุจุฑ
โ๏ธ	ฺูููุฑูุด, ฺูููุฑูุด ูููพููุณู
๐ฆ	ููููู, ูุงูุฑุง, ูููู, ููููุฎุงูุง
๐	ุชู, ุชุชู, ุบุงููู ูููพููุณู, ููุฑููู
๐	ููุฑู, ููุฑููู, ููุฑููู ูููพููุณู
๐ถ	ุฆุงูุชููุง, ุฆุงูุชููุง ุจุงูุฏููู, ุจุงูุฏุงู, ุชูููู, ุณูฺฏูุงู, ูุงุชู, ูฺู, ูุงูููู
๐ณ	ุชูุชุฑุด, ุชูุชุฑุด ฺพุงููุชู, ุชูููู, ูฺู, ูุงู ุชูููู, ูุงูููู, ฺพุงูุช
๐ด	ุฆุชูู, ุชูููู, ูฺู, ูุงูููู, ูุงูููู ุฆุชูู
โ๏ธ	ุฆุงูุงู, ุฆุงูุงู ุจูฺฏูุณู
โ๏ธ	ุฆุฑ, ุฆุฑ ุจูฺฏูุณู
โ๏ธ	x, ุฆุบูุฑ ููพูุชูุด ุจูฺฏูุณู, ุจููุงุฑ ููููุด, ููพูุช, ููพูุชูุด
โ	ุฆุบูุฑ ููุดุด ุจูฺฏูุณู, ููุดุด, ูุงุชูุงุชููุง
โ	ุฆุบูุฑ ุฆููุด ุจูฺฏูุณู, ุฆููุด, ูุงุชูุงุชููุง
โ	ุฆุบูุฑ ุจูุด ุจูฺฏูุณู, ุจูุด, ูุงุชูุงุชููุง
โผ๏ธ	ุฆุฑุด, ุฆูุฏุด, ุจูฺฏ, ุชูููุด, ููุด ุฆูุฏุด ุจูฺฏูุณู
โ๏ธ	ุฆูุฏุด, ุฆูุฏุดููู ุณูุฆุงู ุจูฺฏูุณู, ุจูฺฏ, ุชูููุด, ุณูุฆุงู, ุณูุฆุงูููู ุฆูุฏุด
โ๏ธ	ุจูฺฏ, ุชูููุด, ุณูุฆุงู, ุณูุฆุงู ุจูฺฏูุณู
โ	ุฆุงู ุณูุฆุงู ุจูฺฏูุณู, ุจูฺฏ, ุชูููุด, ุณูุฆุงู, ุณูุฒูู
โ	ุฆุงู ุฆูุฏุด ุจูฺฏูุณู, ุฆูุฏุด, ุจูฺฏ, ุชูููุด, ุณูุฒูู
โ๏ธ	ุฆูุฏุด, ุฆูุฏุด ุจูฺฏูุณู, ุจูฺฏ, ุชูููุด
ใฐ๏ธ	ุชูููุด, ุฏูููููู, ุฏูููููู ููพ ฺููุช, ฺููุช
๐ฑ	ุฆุงูฺุง, ุฆุงููุงุดุชุฑุด, ุจุงููุง, ูพู, ูพู ุฆุงููุงุดุชุฑุด
๐ฒ	ุฆุงูฺุง, ุฆุบูุฑ ุฏูููุงุฑ ุจูฺฏูุณู, ุฏูููุงุฑ, ูพู
โ๏ธ	ุฆุงุณููุงูพููุณ, ุฎุงุฏูู, ุฏูุฑุง, ุฏูุฑุง ุจูฺฏูุณู
โป๏ธ	ููุบููพ ุฆูุดูุด, ููุบููพ ุฆูุดูุด ุจูฺฏูุณู
โ	ูููุด
๐ฑ	ุฆุงุฑุง, ุฆุงุฑุง ุจูฺฏ, ุจูฺฏ, ููุฑุงู, ูู, ูฺญฺฏุฑ
๐	ุฆูุฒูู, ูุงู
๐ฐ	ุฆุงฺููุงู, ุจุงุดููุบฺู, ุณุฑูู, ููุฑุงู, ูุงูพุฑุงู, ูุงูพููฺ, ูุงูพููฺ ุจุงุดูุงูุบฺ ุจูฺฏูุณู, ูุดูู
โญ๏ธ	o, ฺูฺญ ุฆุบูุฑ ฺพุงููุง, ฺพุงููุง
โ	ุฆุงู ุฆุบูุฑ ุชูุบุฑุง ุจูฺฏูุณู, ุจูฺฏ, ุชุงููุงุด
โ๏ธ	ุจูุช, ุชุงููุงุด, ุชุงููุงูุบุงู ุจูุช ุณุงูุฏูู, ุณุงูุฏู
โ๏ธ	ุฆุบูุฑ ุชูุบุฑุง ุจูฺฏูุณู, ุจูฺฏ, ุชุงููุงุด
โ	x, ุจููุงุฑ ููููุด, ุจูฺฏ, ุฎุงุชุง ุจูฺฏูุณู, ููพูุช, ููพูุชูุด
โ	ุจูฺฏ, ุฎุงุชุง ุจูฺฏ ูููพููุณู, ููุงุฏุฑุงุช
โฐ	ุฆฺฏู, ุฆฺฏู ฺพุงููุง, ฺพุงููุง
โฟ	ุฆฺฏู, ููุด, ููุด ุฆฺฏู ฺพุงููุง, ฺพุงููุง
ใฝ๏ธ	ุจูฺฏ, ููุณูู, ููุณูู ุฆุฒฺฏุฑุชูุด ุจูฺฏูุณู
โณ๏ธ	ุณูููุฒ ุจุฑุฌูููู ููุชุฒ ุจูฺฏูุณู, ููุชุฒ ุจูฺฏูุณู
โด๏ธ	ุณูููุฒ ุจุฑุฌูููู ููุชุฒ, ููุชุฒ
โ๏ธ	ฺุงููุงุด
ยฉ๏ธ	ูุดุฑ ฺพูููู
ยฎ๏ธ	ุชูุฒูููุงุชูุงู
โข๏ธ	ุณ ู, ุณูุฏุง ูุงุฑููุณู, ูุงุฑูุง
๐	ABCD, ููุฑฺฏุฒุด, ูุงุชูู, ูุงุชููฺ ฺูฺญ ฺพุฑูพ, ฺูฺญ, ฺพุฑูพ
๐ก	abcd, ููุฑฺฏุฒุด, ููฺูู, ูุงุชูู, ูุงุชููฺ ููฺูู ฺพุฑูพ, ฺพุฑูพ
๐ข	1234, ุณุงู, ุณุงู ููุฑฺฏุฒุด, ููุฑฺฏุฒุด
๐ฃ	ุจูฺฏ ููุฑฺฏุฒุด, ููุฑฺฏุฒุด, ใโช&%
๐ค	abc, ุฆูููพุจ, ููุฑฺฏุฒุด, ูุงุชูู, ูุงุชููฺ ฺพุฑูพ ููุฑฺฏุฒุด, ฺพุฑูพ
๐ฐ๏ธ	A ูููพููุณู (ูุงู ุชููพู), a, ูุงู ุชููพู
๐	AB ูููพููุณู (ูุงู ุชููพู), ab, ูุงู ุชููพู
๐ฑ๏ธ	B ูููพููุณู (ูุงู ุชููพู), b, ูุงู ุชููพู
๐	CL ูููพููุณู, cl
๐	ยซุจูููุฏูููยป ูููพููุณู, ุจูููุฏููู
๐	ยซุจููุงุฑยป ูููพููุณู, ุจููุงุฑ
โน๏ธ	i, ุฆฺุฑ
๐	ID ูููพููุณู, id, ูููููู
โ๏ธ	m, ฺพุงููุง, ฺพุงูููููู M
๐	ยซูฺญูยป ูููพููุณู, ูฺญู
๐	NG ูููพููุณู, ng
๐พ๏ธ	O ูููพููุณู (ูุงู ุชููพู), o, ูุงู ุชููพู
๐	ยซOKยป ูููพููุณู, ูุงูู
๐ฟ๏ธ	P ูููพููุณู, ุชูุฎุชูุชูุด
๐	SOS ูููพููุณู, sos, ูุงุฑุฏู
๐	UP! ูููพููุณู, ุฆุณุชู, ุจูฺฏ
๐	VS ูููพููุณู, vs, ุจุณ
๐	ยซุจ ูุฑยป, ูุงุชุงูุงูุง, ูุงูพููฺ, ูุงูพููฺ ยซุจ ูุฑยป ุฏฺฏู ูููพูุง, ใณใณ
๐๏ธ	ยซููุงุฒููุช ฺพูููยป, ูุงุชุงูุงูุง, ูุงูพููฺ, ูุงูพููฺ ยซููุงุฒููุช ฺพูููยป ุฏฺฏู ูููพูุง, ใต
๐ท	ยซุฆุงูููู ุณูููุงยป, ูููููู ูุฒูู, ูุงูพููฺ, ูุงูพููฺ ยซุฆุงููููยป ุฏฺฏู ูููพูุง, ๆ
๐ถ	ยซฺพูุณูุฒ ุฆูุณยป, ูููููู ูุฒูู, ูุงูพููฺ, ูุงูพููฺ ยซฺพูุณูุฒ ุฆูุณยป ุฏฺฏู ูููพูุง, ๆ
๐ฏ	ยซุณุงููุงูยป, ูููููู ูุฒูู, ูุงูพููฺ, ูุงูพููฺ ยซุณุงููุงูยป ุฏฺฏู ูููพูุง, ๆ
๐	ยซุณูุฏูููุดูุดยป, ูููููู ูุฒูู, ูุงูพููฺ, ูุงูพููฺ ยซุณูุฏูููุดูุดยป ุฏฺฏู ูููพูุง, ๅพ
๐น	ยซุฆุชูุจุงุฑยป, ูููููู ูุฒูู, ูุงูพููฺ, ูุงูพููฺ ยซุฆุชูุจุงุฑยป ุฏฺฏู ูููพูุง, ๅฒ
๐	ยซฺพูุณูุฒยป, ูููููู ูุฒูู, ูุงูพููฺ, ูุงูพููฺ ยซฺพูุณูุฒยป ุฏฺฏู ูููพูุง, ็ก
๐ฒ	ยซฺููุดยป, ูููููู ูุฒูู, ูุงูพููฺ, ูุงูพููฺ ยซฺูููฺฏูยป ุฏฺฏู ูููพูุง, ็ฆ
๐	ยซูุงูุงูุชูููยป, ูููููู ูุฒูู, ูุงูพููฺ, ูุงูพููฺ ยซูุงูุงูุชูููยป ุฏฺฏู ููููพูุง, ๅฏ
๐ธ	ยซุฆููุชููุงุณยป, ูููููู ูุฒูู, ูุงูพููฺ, ูุงูพููฺ ยซุฆููุชููุงุณยป ูููพููุณู, ็ณ
๐ด	ยซูููุฑ ฺููยป, ูููููู ูุฒูู, ูุงูพููฺ, ูุงูพููฺ ยซูููุฑ ฺููยป ูููพููุณู, ๅ
๐ณ	ยซุจูุดยป, ูููููู ูุฒูู, ูุงูพููฺ, ูุงูพููฺ ยซุจูุดยป ุฏฺฏู ูููพูุง, ็ฉบ
ใ๏ธ	ยซูุจุงุฑูยป, ูููููู ูุฒูู, ูุงูพููฺ, ูุงูพููฺ ยซูุจุงุฑูยป ุฏฺฏู ูููพูุง, ็ฅ
ใ๏ธ	ยซุณูุฑยป, ูููููู ูุฒูู, ูุงูพููฺ, ูุงูพููฺ ยซูุฎูพููุชูููยป ุฏฺฏู ูููพูุง, ็ง
๐บ	ยซุฆูฺูยป, ูููููู ูุฒูู, ูุงูพููฺ, ูุงูพููฺ ยซุฆูฺูยป ุฏฺฏู ูููพูุง, ๅถ
๐ต	ยซุจูุด ุฆูุณยป, ูููููู ูุฒูู, ูุงูพููฺ, ูุงูพููฺ ยซุจูุด ุฆูุณยป ุฏฺฏู ูููพูุง, ๆบ
๐ด	ููุฒูู, ููุฒูู ฺูุจุฑ, ฺูุจุฑ, ฺฏุฆููุชูุฑูู
๐ต	ูู, ูู ฺูุจุฑ, ฺูุจุฑ, ฺฏุฆููุชูุฑูู
โซ๏ธ	ูุงุฑุง ฺูุจุฑ, ฺูุจุฑ, ฺฏุฆููุชูุฑูู
โช๏ธ	ุฆุงู ฺูุจุฑ, ฺูุจุฑ, ฺฏุฆููุชูุฑูู
โฌ๏ธ	ูุงุฑุง ฺูฺญ ููุงุฏุฑุงุช, ููุงุฏุฑุงุช, ฺฏุฆููุชูุฑูู
โฌ๏ธ	ุฆุงู ฺูฺญ ููุงุฏุฑุงุช, ููุงุฏุฑุงุช, ฺฏุฆููุชูุฑูู
โผ๏ธ	ูุงุฑุง ุฆุงุฑุง ููุงุฏุฑุงุช, ููุงุฏุฑุงุช, ฺฏุฆููุชูุฑูู
โป๏ธ	ุฆุงู ุฆุงุฑุง ููุงุฏุฑุงุช, ููุงุฏุฑุงุช, ฺฏุฆููุชูุฑูู
โพ๏ธ	ูุงุฑุง ููฺููุฑู ููุงุฏุฑุงุช, ููุงุฏุฑุงุช, ฺฏุฆููุชูุฑูู
โฝ๏ธ	ุฆุงู ููฺููุฑู ููุงุฏุฑุงุช, ููุงุฏุฑุงุช, ฺฏุฆููุชูุฑูู
โช๏ธ	ูุงุฑุง ููฺูู ููุงุฏุฑุงุช, ููุงุฏุฑุงุช, ฺฏุฆููุชูุฑูู
โซ๏ธ	ุฆุงู ููฺูู ููุงุฏุฑุงุช, ููุงุฏุฑุงุช, ฺฏุฆููุชูุฑูู
๐ถ	ุฑููุจุง, ููุฒุบฺ, ฺูฺญ ููุฒุบฺ ุฑููุจุง, ฺฏุฆููุชูุฑูู
๐ท	ุฑููุจุง, ูู, ฺูฺญ ูู ุฑููุจุง, ฺฏุฆููุชูุฑูู
๐ธ	ุฑููุจุง, ููุฒุบฺ, ููฺูู ููุฒุบฺ ุฑููุจุง, ฺฏุฆููุชูุฑูู
๐น	ุฑููุจุง, ููฺูู ูู ุฑููุจุง, ูู, ฺฏุฆููุชูุฑูู
๐บ	ููุฒูู, ููุฒูู ุฆุณุชู ุฆฺุจูฺญ, ฺฏุฆููุชูุฑูู
๐ป	ุชู, ููุฒูู, ููุฒูู ุฆุงุณุชู ุฆฺุจูฺญ, ฺฏุฆููุชูุฑูู
๐	ุฆูฺูู, ุฑููุจุง, ููููููู, ฺููุชููู ุฑููุจุง, ฺฏุฆููุชูุฑูู
๐	ุฑุงุฏููุณ, ูููพูุง, ููููุงู ูููพูุง, ฺฏุฆููุชูุฑูู
๐ณ	ุฆุงู ููุงุฏุฑุงุช ูููพููุณู, ุณูุฒูู, ููุงุฏุฑุงุช, ูููพูุง, ฺฏุฆููุชูุฑูู
๐ฒ	ูุงุฑุง ฺุงุณุง ูููพูุง, ููุงุฏุฑุงุช, ูููพูุง, ฺฏุฆููุชูุฑูู
๐	ูุงุชูฺ, ูุงุชูฺ ุจุงูุฑุงู, ูุณุงุจูู, ฺุงููุงูููู
๐ฉ	ุฆฺ ุจุฑุฌู ุจุงูุฑุงู, ุฎุงุฏุง
๐	ุชุจุฑูููุด, ูุงูฺููุงููุง, ูุงูฺููุงููุง ุจุงูุฑุงููุงุฑ, ูุงูพููฺ
๐ด	ูุงุฑุง ุจุงูุฑุงู, ฺุฑุด
๐ณ๏ธ	ุฆุงู ุจุงูุฑุงู, ฺุฑุด
๐ณโ๐	ฺพุณู-ฺพุณู, ฺพุณู-ฺพุณู ุจุงูุฑุงู
ยค	ููฺู ูพู
ึ	ุฆุฑูููู ุฏูุฑุงูู
ุ	ุฆุงูุบุงู ุฆุงูุบุงูู
เงณ	ุจุงฺญูุงุฏูุด ุชุงูุงุณู
เธฟ	ุชุงููุงูุฏ ุจุงุฎุชู
แ	ูุงูุจูุฏฺุง ุฑูุฆูู
โก	ููุณุชุงุฑููุง ูููููู
โฆ	ููฺฏุฑูู ูุงูุฑุงุณู
โง	ุฆูุณูพุงููู ูพุณุชุงุณู
โช	ุฆูุณุฑุงุฆูู ูฺญู ุดููู
โซ	ููุชูุงู ุฏูฺญู
โญ	ูุงุฆูุณ ูููพู
โฎ	ููฺญุบููู ุชฺฏุฑููู
โฒ	ูพุงุฑุงฺฏุงู ฺฏุฆุงุฑุงููุณู
โด	ุฆูุฑุงุฆููุง ุฎุฑููุงุณู
โต	ฺฏุงูุง ุณุฏูุณู
โธ	ูุงุฒุงููุณุชุงู ุชฺญฺฏูุณู
โบ	ุชุฑููู ููุฑุงุณู
โผ	ุฆุฒุฑุจูุฌุงู ูุงูุงุชู
โพ	ฺฏูุฑุฒูู ูุงุฑูุณู
๐ป	ุฆุงฺ ุชุฑ ุฑฺญ, ุชุฑ 1โ2, ุชุฑ ุฑฺญฺฏู
๐ผ	ุฆุงุฑุง ุฆุงฺ ุชุฑ ุฑฺญฺฏู, ุชุฑ 3, ุชุฑ ุฑฺญฺฏู
๐ฝ	ุฆุงุฑุง ุชุฑ ุฑฺญฺฏู, ุชุฑ 4, ุชุฑ ุฑฺญฺฏู
๐พ	ุฆุงุฑุง ุชูู ุชุฑ ุฑฺญฺฏู, ุชุฑ 5, ุชุฑ ุฑฺญฺฏู
๐ฟ	ุชูู ุชุฑ ุฑฺญ, ุชุฑ 6, ุชุฑ ุฑฺญฺฏู
