â€¾	overline
â€½	interrobang
â€¸	caret
â‚	asterism
ğŸ˜€	gaÃ±Ã±i, kanam, kanam guy gaÃ±Ã±i
ğŸ˜ƒ	gÃ©mmiÃ±, kanam, kanam ak gÃ©mmiÃ± gu ubbeeku di muuÃ±, muuÃ±, ubbeeku
ğŸ˜„	bÃ«t, gÃ©mmiÃ±, kanam, kanam guy muuÃ± ak ubbeeku gÃ©mmiÃ± ak muuÃ± bÃ«t, muuÃ±, ubbeeku
ğŸ˜	bÃ«t, gaÃ±Ã±i, kanam, kanam guy gaÃ±Ã±i ak bÃ«t yuy muuÃ±, muuÃ±
ğŸ˜†	gÃ©mmiÃ±, kanam, kanam guy muuÃ± ak ubbeeku gÃ©mmiÃ± ak buÃ± tÃ«j bÃ«t, muuÃ±, reetaan, satisfied, ubbeeku
ğŸ˜…	kanam, kanam guy muuÃ± ak ubbeeku gÃ©mmiÃ± ak Ã±Ã qu tiitaange, muuÃ±, sedd, ubbeeku, Ã±Ã q
ğŸ¤£	kanam, ree ba xalangu ci suuf, reetaan, suuf, xalangu
ğŸ˜‚	kanam, kanam gu am rangooÃ±u bÃ nneex, mbegte, rangooÃ±, reetaan
ğŸ™‚	kanam, kanam gu muuÃ± tuuti, muuÃ±
ğŸ™ƒ	buÃ± juutal, kanam, kanam gu dÃ«ppu
ğŸ˜‰	kanam, piis, piis benn bÃ«t
ğŸ˜Š	bÃ«t, kanam, kanamu mbegte ak bÃ«t yuy muuÃ±, mbegte, muuÃ±
ğŸ˜‡	feem, kanam, kanam guy muuÃ± ak serkal ci kawam, lÃ©ebu fee, malaaka, muuÃ±, serkal ci kaw, xamul-dara
ğŸ˜	bÃ«t, kanam, mbÃ«ggeel, muuÃ±, muuÃ±, kanam, xol, bÃ«t
ğŸ¤©	biddeew, bÃ«t, dÃ³or-biddeew, gaÃ±Ã±i, kanam
ğŸ˜˜	fÃ³on, kanam, kanam guy Ã«f fÃ³on
ğŸ˜—	fÃ³on, kanam, kanam guy fÃ³on
â˜ºï¸	bÃ yyeeku, fÃ«sal, kanam, kanam guy muuÃ±, muuÃ±
ğŸ˜š	buÃ± tÃ«j, bÃ«t, fÃ³on, kanam, kanam guy fÃ³on ak bÃ«t yu gÃ«mm
ğŸ˜™	bÃ«t, fÃ³on, kanam, kanam guy fÃ³on ak bÃ«ti muuÃ±, muuÃ±
ğŸ˜‹	bÃ nneexu, kanam, kanam, bÃ nneexu, Ã±eex, Ã±am, melaastiku, muuÃ±, neex, um
ğŸ˜›	kanam, kanam bu Ã nd ak lÃ mmiÃ± wuÃ± tÃ llal, lÃ mmiÃ±
ğŸ˜œ	bÃ«t, kaf, kanam, kanam ak tÃ llal lÃ mmiÃ± ak bÃ«t buy piis, lÃ mmiÃ±, piis
ğŸ¤ª	bÃ«t, kanamu dof, ndaw, yaatu
ğŸ˜	bÃ«t, cafka, kanam, kanam ak tÃ llal lÃ mmiÃ± ak buÃ± tÃ«j bÃ«t, lÃ mmiÃ±, Ã±aaw
ğŸ¤‘	gÃ©mmiÃ±, kanam, kanamu gÃ©mmiÃ±u xaalis, xaalis
ğŸ¤—	kanam, kanamu kottante, kott, kottante
ğŸ¤­	dar-gÃ©mmiÃ±, kanam ak loxo bu dar gÃ©mmiÃ±
ğŸ¤«	kanamu shuut noppil, noppi, shuut
ğŸ¤”	kanam, kanamu guy xalaat, xalaat
ğŸ¤	fermitiir, gÃ©mmiÃ±, kanam, kanam ak gÃ©miÃ± guÃ± fermitiir
ğŸ¤¨	kanam ak buÃ± yÃ«kkati yÃ©en, Ã±aaw-njortu, Ã±Ã kka-wÃ³olu
ğŸ˜ï¸	fige, kanam, kanam gu ni tekk, neutre
ğŸ˜‘	bu waxul dara, budul wax dara, gu melul nenn, kanam, kanam gu melul nenn
ğŸ˜¶	cellaaral, gÃ©mmiÃ±, kanam, kanam gu amul gÃ©mmiÃ±, tekk
ğŸ˜	bÃ«gg-waccu, kanam, kanam gu bÃ«gg-waccu
ğŸ˜’	kanam, kanam gu Ã±Ã kk xorom, kontaanul, Ã±Ã kk-caaxaan
ğŸ™„	bÃ«t, kanam, kanam guy regeju, regeju
ğŸ˜¬	kanam, kanam guy def yÃ«fi golo, yÃ«fi golo
ğŸ¤¥	buy fen, kanamu, kanamu fenkat, pinocchio
ğŸ˜Œ	kanam, kanam fÃ©ex, noppalu
ğŸ˜”	bari-xalaat, dejected, kanam, kanamu kuy xalaat
ğŸ˜ª	kanam, kanam guy nelaw, nelaw
ğŸ¤¤	guy yuut, kanam, kanam guy yuut
ğŸ˜´	kanam, kanam gu nelaw, nelaw, zzz
ğŸ˜·	doktor, garab, kanam, kanam guÃ± bÃ ndaas, mask, sedd, wopp
ğŸ¤’	feelaat, kanam, kanam gu Ã nd ak termomeetar, termomeetar, wopp
ğŸ¤•	bandage, gaaÃ±u, kanam, kanam guÃ± laxas ak bÃ ndaas, naxar
ğŸ¤¢	kanam, kanamu guy teey xel, waccu, xel muy teey
ğŸ¤®	feebar, kanam guy waccu, waccu
ğŸ¤§	gu jÃ©ggi dayo, kanamu, kanamu tissooli, tissooli
ğŸ˜µ	diis, kanam, kanam gu diis
ğŸ¤¯	bopp buy toj, mbettel
ğŸ¤ 	kaboy, kanam, kanam gu sol mbaxane kaboy, mbaxane, sÃ mm-bu-jigÃ©en
ğŸ˜	bÃ«t, jant, kanam, lunet, muuÃ±, muuÃ±, kanam, nuwaarfime, neex-deret, nuwaarfime, weer, yÃ nj
ğŸ¤“	bÃ«gg-masin, kanam, kanamu bÃ«Ã±u lÃ«k, lÃ«k
ğŸ§	fatt, kanam ak lunet-bennbÃ«t
ğŸ˜•	jaaxasoo, kanam, kanam gu jaaxasoo
ğŸ˜Ÿ	jaaxle, kanam, kanam gu jaaxle
ğŸ™	aj-yÃ©en, kanam, kanam gu Ã nd ak yÃ©en yu xawa lemu
â˜¹ï¸	aj-yÃ©en, aj-yÃ©en kanam, kanam
ğŸ˜®	gÃ©mmiÃ±, kanam, kanam ak gÃ©miÃ± gu ubbeeku, sympaty, ubbeeku
ğŸ˜¯	guÃ± juutal, jaaxle, kanam, kanam guÃ± juutal, waaru
ğŸ˜²	bu baax, kanam, kanam gu waaru, soke, waaru
ğŸ˜³	bu am tomb yu xonk, kanam, kanam gu am tomb yu xonk, xel mu deppaar
ğŸ˜¦	aj ay yÃ©en, gÃ©mmiÃ±, kanam, kanam gu Ã nd ak yÃ©en yu lemu ak gÃ©mmiÃ± gu ubbiku, ubbeeku
ğŸ˜§	kanam, kanam gu xawa jaaxle, xawa jaaxle
ğŸ˜¨	kanam, kanam guy tiitaleete, ragal, tiit
ğŸ˜°	baxa, gaawantu, gÃ©mmiÃ±, kanam, kanam ak ubbeeku gÃ©mmiÃ± ak Ã±Ã qu tiitaange, sedd, ubbeeku, Ã±Ã q
ğŸ˜¥	fÃ©ex, kanam, kanamu mbetteel te fÃ©ex, kapris, mbetteel
ğŸ˜¢	jooy, kanam, kanam guy jooy, rangooÃ±, xol-bu-neexul
ğŸ˜­	jooy, kanam, kanam guy jooy ca kaw, rangooÃ±, sob, xol-bu-neexul
ğŸ˜±	kanam, kanam guy jooy te tiit, ragal, tiit, yuuxu, yÃ«y
ğŸ˜–	jaawale, kanam, kanam gu jaawale
ğŸ˜£	kanam, kanam guy Ã±afe, Ã±afe
ğŸ˜	kanam, kanam gu am mbetteel, mbetteel
ğŸ˜“	kanam, kanam ak Ã±aq wu sedd, sedd, Ã±Ã q
ğŸ˜©	jommi, kanam, kanamu coono, sonn
ğŸ˜«	kanam, kanam gu sonn, sonn
ğŸ˜¤	gaÃ±e, kanam, kanam gu Ã nd ak saxaaru bakkan, ndam
ğŸ˜¡	dof, kanam, kanam guy puucatu, mer, puucatu, xonk
ğŸ˜ 	dof, kanam, kanam gu mer, mer
ğŸ¤¬	kanam ak mÃ ndarga ci gÃ©mmiÃ±, waat
ğŸ˜ˆ	bÃ©jjen, feem, kanam, kanam gu am ay bÃ©jjen, lÃ©ebu fee, muuÃ±
ğŸ‘¿	dÃ«mm, feem, imp, jinne, kanam, kanam gu mer am ay bÃ©jjen, lÃ©ebu fee
ğŸ’€	dee, kanam, lÃ©ebu fee, rab-wu-gÃ nde, yaxu-bopp
â˜ ï¸	dee, kanam, kraan, kraan and yax yu kruwaase, rab-wu-gÃ nde, yax yu kruwaase
ğŸ’©	julu puup, kanam, neefere, puup, rab, reelu
ğŸ¤¡	kanam, kanamu kluun, kluun
ğŸ‘¹	feem, kanam, lÃ©ebu fee, mbinddÃ©ef, oogar, rab-wu-gÃ nde
ğŸ‘º	feem, kanam, kus-kondoroÅ‹, lÃ©ebu fee, mbinddÃ©ef, rab-wu-gÃ nde
ğŸ‘»	feem, fÃ ntom, kanam, lÃ©ebu fee, mbinddÃ©ef, rab-wu-gÃ nde
ğŸ‘½ï¸	aliyeen, feem, kanam, kaw-jawwu ji, lÃ©ebu fee, mbiddÃ©ef, rab-wu-gÃ nde, ufo
ğŸ‘¾	aliyeen, feem, jiney aliyeen, kanam, kaw-jawwu ji, lÃ©ebu fee, mbiddÃ©ef, rab-wu-gÃ nde, ufo
ğŸ¤–	kanam, kanamu roboo, rab-wu-gÃ nde, roboo
ğŸ˜º	gÃ©mmiÃ±, kanam, kanamu muus muy muuÃ± ak gÃ©mmiÃ± gu ubbeeku, muus, muuÃ±, ubbeeku
ğŸ˜¸	bÃ«t, grin, kanam, kanamu muus muy xiiru ak bÃ«t yuy muuÃ±, muus, muuÃ±
ğŸ˜¹	joy, kanam, kanamu muus bu Ã nd ak rangooÃ±i mbÃ©gte, muus, rangooÃ±
ğŸ˜»	bÃ«t, kanam, kanamu muus buy muuÃ± ak bÃ«ti xol, mbÃ«ggeel, muus, muuÃ±
ğŸ˜¼	kanam, kanamu muus ak muuÃ± gu weng, muus, muuÃ±, weng, Ã±aawal
ğŸ˜½	bÃ«t, fÃ³on, kanam, kanamu muus bu tÃ«j bÃ«t di fÃ³on, muus
ğŸ™€	am-mbetteel, jommi, kanam, kanamu muus mu jommi, muus, oh
ğŸ˜¿	jooy, kanam, kanam muus muy jooy, muus, rangooÃ±, xol-bu-neexul
ğŸ˜¾	kanam, kanamu muus mu mer, muus, puucatu
ğŸ™ˆ	bul, dÃ©et, gis, golo, golo budul gis lu bon, kanam, liyaar, lu bon, luÃ± aaye, luÃ± tere
ğŸ™‰	bul, dÃ©et, dÃ©gg, golo, golo budul dÃ©gg lu bon, kanam, liyaar, lu bon, luÃ± aaye, luÃ± tere
ğŸ™Š	bul, dÃ©et, golo, golo budul wax lu bon, kanam, liyaar, lu bon, luÃ± aaye, luÃ± tere, wax
ğŸ’‹	fÃ³on, marku fÃ³on, tuÃ±
ğŸ’Œ	bataaxal, bataaxalu mbÃ«ggeel, leetar, mbÃ«ggeel, xol
ğŸ’˜	bÃ«gg-xaalis, fett, xol ak fett
ğŸ’	Walantin, ribbon, xol buÃ± laxas ribaÅ‹
ğŸ’–	eksite, tÃ kk, xol bu yÃ nj
ğŸ’—	buy mÃ gg, eksite, mer, xol buy mÃ gg, yÃ«ngu
ğŸ’“	dÃ³or, xol buy tÃ«f-tÃ«fi, yÃ«ngu
ğŸ’	wÃ«ndeelu, xol buÃ± wÃ«ndeelu
ğŸ’•	mbÃ«ggeel, Ã±aari xol
ğŸ’Ÿ	taaralukaayu xol, xol
â£ï¸	esklamaasiyoÅ‹, mÃ ndarga, tomb, xol esklamaasiyoÅ‹ bu fÃ«s
ğŸ’”	damm, dammu, xol bu tasaaroo
â¤ï¸	xol, xonk xol
ğŸ§¡	oraas, xol bu oraas
ğŸ’›	mboq, xol bu mboq
ğŸ’š	wert, xol bu wert
ğŸ’™	baxa, xol bu baxa
ğŸ’œ	xol bu yolet, yolet
ğŸ–¤	iÃ±aan, soxor, xol bu Ã±uul, Ã±uul
ğŸ’¯	100, eskoor, fees, tombi teemÃ©er, tÃ©emeer
ğŸ’¢	dof, mer, mÃ ndarga ku mer, reelu
ğŸ’¥	boom, mbÃ«kkante, reelu
ğŸ’«	biddeew, miir, reelu
ğŸ’¦	reelu, tasaaroo, toqu Ã±aq, Ã±Ã q
ğŸ’¨	daw, dem, dem sa yoon, reelu
ğŸ•³ï¸	pax
ğŸ’£ï¸	bomb, reelu
ğŸ’¬	bul, jalog, mÃ nq, reelu, rÃ«ddu bind kÃ ddu, wax
ğŸ‘â€ğŸ—¨	bÃ«t, bÃ«t ci rÃ«ddu-bind-wax, rÃ«ddu-bind-wax, seede
ğŸ—¨ï¸	bulu bind waxu cÃ mmoÃ±, jalog, kÃ ddu
ğŸ—¯ï¸	bul, dof, mer, mÃ nq, ndijoor mer bul
ğŸ’­	bul, mÃ nq, reelu, rÃ«ddu bind xalaat, xalaat
ğŸ’¤	nelaw, reelu, zzz
ğŸ‘‹	buy tÃ llal, loxo, tÃ llal, tÃ llal loxo
ğŸ¤š	buÃ± yÃ«kkati, ginaaw loxo, ginaawu loxo bu jog
ğŸ–ï¸	baaraam, buÃ± yÃ«kkati loxo ak baaraam yuÃ± tÃ llal, loxo, tÃ llal
âœ‹	loxo, loxo bu jog
ğŸ––	baaraam, ferÃ±et, loxo, loxo xaajale Ã±eenti baaraam, wolkaa
ğŸ‘Œ	laxo waaw-kay, loxo, waaw-kay
âœŒï¸	loxo, loxo ndam, ndam, v
ğŸ¤	baaraam, laxasante Ã±aari baaraam, loxo, wÃ«rsÃ«k
ğŸ¤Ÿ	ILY, liyaar mbÃ«ggeel, loxo
ğŸ¤˜	baaraam, bÃ©jjen, lem, loxo, loxo def mÃ ndarga bÃ©jjen
ğŸ¤™	loxo, loxo nanga ma woo, woote
ğŸ‘ˆï¸	baaraam, baaraamu joxoÃ±, ginaaw loxo buy joxoÃ± cÃ mmoÃ±, ginaawu loxo, joxoÃ±, loxo
ğŸ‘‰ï¸	baaraam, baaraamu joxoÃ±, ginaaw loxo buy joxoÃ± ndijoor, ginaawu loxo, joxoÃ±, loxo
ğŸ‘†ï¸	baaraam, baaraamu joxoÃ±, ginaaw loxo buy joxoÃ± ci kaw, ginaawu loxo, joxoÃ±, kaw, loxo
ğŸ–•	baaraam, baaraamu digg, loxo
ğŸ‘‡ï¸	baaraam, baaraamu joxoÃ±, ginaaw loxo buy joxoÃ± ci suuf, ginaawu loxo, joxoÃ±, loxo, suuf
â˜ï¸	baaraam, baaraamu joxoÃ±, baaraamu joxoÃ± buy joxoÃ± ci kaw, joxoÃ±, kaw, loxo
ğŸ‘ï¸	+1, baaraam bu dijj, baaraamu waaw, kaw, loxo
ğŸ‘ï¸	-1, baaraam bu dijj, baaraamu dÃ©et, loxo, suuf
âœŠ	dÃ³or, kurfaÃ±, kurfaÃ± bu jog, loxo, Å‹Ã«b
ğŸ‘Š	dÃ³or, kurfaÃ±, kurfaÃ± buy Ã±Ã«w, loxo, Å‹Ã«b
ğŸ¤›	jÃ«m cÃ mmoÃ±, kurfaÃ±, kurfaÃ±u cÃ mmoÃ±
ğŸ¤œ	jÃ«m ndijoor, kurfaÃ±, kurfaÃ±u ndijoor
ğŸ‘	loxo, loxo yuy tÃ ccu, tÃ ccu
ğŸ™Œ	buÃ± yÃ«kkati, liyaar, loxo, mÃ ggal, wÃ«ey, yÃ«kkati ay loxo
ğŸ‘	loxo, loxo yu ubbeeku, ubbeeku
ğŸ¤²	tallal loxo Ã±aan, Ã±aan
ğŸ¤	dÃ©ggoo, joxante, joxante loxo, loxo, ndaje
ğŸ™	ark, buÃ± lem, jaamu, jÃ«rÃ«jÃ«f, laaj, lem ay loxo, liyaar, loxo, ngir yÃ lla
âœï¸	bind, loxo, loxo buy bind
ğŸ’…	faj, jakkal wew, jekkal, kosmetik, manikiir, wew
ğŸ¤³	nataalukaay, selfie, telefon
ğŸ’ª	doole, lem, reelu, sidit, wane doole
ğŸ‘‚ï¸	nopp, yaram
ğŸ‘ƒ	bakkan, yaram
ğŸ§ 	muus, yuur
ğŸ‘€	bÃ«t, gÃ«t, kanam
ğŸ‘ï¸	bÃ«t, yaram
ğŸ‘…	lÃ mmiÃ±, yaram
ğŸ‘„	gÃ©mmiÃ±, tuÃ±
ğŸ‘¶	liir, ndaw
ğŸ§’	du gÃ³or du jigÃ©en, ndaw, xale
ğŸ‘¦	ndaw, xale bu gÃ³or
ğŸ‘§	Wirgo, ndaw, sojak, xale bu jigÃ©en
ğŸ§‘	du gÃ³or du jigÃ©en, mag
ğŸ‘±	karaw gu mboq, nit ku karaw yu weex
ğŸ‘¨	gÃ³or
ğŸ§”	nit am sikkim, sikkim
ğŸ‘±â€â™‚	gÃ³or, gÃ³or gu am karaw gu mboq, karaw gu mboq
ğŸ‘©	jigÃ©en
ğŸ‘±â€â™€	jigÃ©en, karaw gu am kawar gu mboq jigÃ©en, karaw gu mboq
ğŸ§“	du gÃ³or du jigÃ©en, mag mu gÃ«n a mÃ gget, mÃ gget
ğŸ‘´	gÃ³or, mÃ gget, mÃ gget gu gÃ³or
ğŸ‘µ	jigÃ©en, mÃ gget, mÃ gget gu jigÃ©en
ğŸ™	aj-yÃ©en, liyaar, nit ku yÃ©en yi lemu
ğŸ™â€â™‚	aj-yÃ©en, gÃ³or, gÃ³or aj-yÃ©en, liyaar
ğŸ™â€â™€	aj-yÃ©en, jigÃ©en, jigÃ©en aj-yÃ©en, liyaar
ğŸ™	liyaar, nit kuy puucatu, puucatu
ğŸ™â€â™‚	gÃ³or, gÃ³or puucatu, liyaar, puucatu
ğŸ™â€â™€	jigÃ©en, jigÃ©en puucatu, liyaar, puucatu
ğŸ™…	bul, dÃ©et, liyaar, loxo, luÃ± aaye, luÃ± tere, nit ku naan dÃ©edet
ğŸ™…â€â™‚	bul, gÃ³or, gÃ³or buy liyaar DÃ©et, liyaar, loxo, luÃ± aaye, luÃ± tere
ğŸ™…â€â™€	bul, jigÃ©en, jigÃ©en juy liyaar DÃ©et, liyaar, loxo, luÃ± aaye, luÃ± tere
ğŸ™†	liyaar, loxo, nit ku naan waaw-kay, waaw-kay
ğŸ™†â€â™‚	gÃ³or, gÃ³or buy liyaar waaw-kay, liyaar, loxo, waaw-kay
ğŸ™†â€â™€	jigÃ©en, jigÃ©en juy liyaar waaw-kay, liyaar, loxo, waaw-kay
ğŸ’	jÃ ppale, leeral, loxo, ndimbal, nit kuy joxee wet, tÃ ng
ğŸ’â€â™‚	gÃ³or, gÃ³or loxo jÃ ppale, loxo jÃ ppale, sassy
ğŸ’â€â™€	jigÃ©en, jigÃ©en loxo jÃ ppale, loxo jÃ ppale, tÃ ng
ğŸ™‹	buÃ± yÃ«kkati, kontaan, liyaar, loxo, nit kuy yÃ«kkati loxo
ğŸ™‹â€â™‚	gÃ³or, gÃ³or yÃ«kkati loxo, liyaar, yÃ«kkati loxo
ğŸ™‹â€â™€	jigÃ©en, jigÃ©en yÃ«kkati loxo, liyaar, yÃ«kkati loxo
ğŸ™‡	ark, jÃ©ggalu, liyaar, massawu, nit kuy sÃ«gg-nuyoo
ğŸ™‡â€â™‚	beral-loxo, gÃ³or, gÃ³or sujjÃ³otal, jÃ©ggalu, liyaar, massawu, sujjÃ³otal
ğŸ™‡â€â™€	beral-loxo, jigÃ©en, jigÃ©en sujjÃ³otal, jÃ©ggalu, liyaar, massawu, sujjÃ³otal
ğŸ¤¦	gu jaaxle, gÃ«dofi, kanam, loxo, nit ku taf loxo ci kanamam
ğŸ¤¦â€â™‚	gÃ³or, gÃ³or gu taf loxo ci kanamam, jaaxle, kanam, loxo
ğŸ¤¦â€â™€	jaaxle, jigÃ©en, ju taf loxo ci kanamam, kanam, loxo
ğŸ¤·	aj, baÃ± faale, mbagg, nit ku aj mbaggam, Ã±Ã kka xam
ğŸ¤·â€â™‚	aj mbagg, baÃ± faale, gÃ³or, gÃ³or aj mbagg, wÃ³oloodi, Ã±Ã kka xam
ğŸ¤·â€â™€	aj mbagg, baÃ± faale, jigÃ©en, jigÃ©en aj mbagg, wÃ³oloodi, Ã±Ã kka xam
ğŸ‘¨â€âš•	doktor, faj, fajkat, fajkat bu gÃ³or, gÃ³or, infirmiyee
ğŸ‘©â€âš•	doktoor, faj-nit, fajkat, fajkat bu jigÃ©en, jigÃ©en, saas-faam
ğŸ‘¨â€ğŸ“	diplom, gÃ³or, ndongo, ndongo bu gÃ³or
ğŸ‘©â€ğŸ“	diplom, jigÃ©en, ndongo, ndongo lu jigÃ©en
ğŸ‘¨â€ğŸ«	gÃ³or, jÃ ngalekat, jÃ ngaletkat bu gÃ³or, meetar, profesÃ«r
ğŸ‘©â€ğŸ«	jigÃ©en, jÃ ngalekat, jÃ ngalekat bu jigÃ©en, meetar, profesÃ«r
ğŸ‘¨â€âš–	balaas, gÃ³or, justis, Ã ttekat gÃ³or
ğŸ‘©â€âš–	jigÃ©en, scales, Ã ttekat, Ã ttekat bu jigÃ©en
ğŸ‘¨â€ğŸŒ¾	baykat, baykat bu gÃ³or, boroom-rÃ ns, gÃ³or, sardiÃ±ee
ğŸ‘©â€ğŸŒ¾	baykat, baykat bu jigÃ©en, jigÃ©en, sardiÃ±ee, yarkat
ğŸ‘¨â€ğŸ³	gÃ³or, seef, toggkat, toggkat gÃ³or
ğŸ‘©â€ğŸ³	jigÃ©en, seef, toggkat, toggkat bu jigÃ©en
ğŸ‘¨â€ğŸ”§	elektrisiyee, gÃ³or, jaaykat, mekanisee, mekaniyee bu gÃ³or, plombiyee
ğŸ‘©â€ğŸ”§	electrisiyee, jaaykat, jigÃ©en, jigÃ©en mekanik, mekanik, plumber
ğŸ‘¨â€ğŸ­	gÃ³or, indistri, isin, liggÃ©eykat, liggÃ©eykatu isin bu gÃ³or, ndaje
ğŸ‘©â€ğŸ­	bu isin, isin, jigÃ©en, jigÃ©en juy liggÃ©eykat ci isin, liggÃ©eykat, ndaje
ğŸ‘¨â€ğŸ’¼	arsitek, biro, bisnes, gÃ³or, kuy liggÃ©ey ci biro, liggÃ©eykat bu xaraÃ±, njiit
ğŸ‘©â€ğŸ’¼	arsitekt, biro, bisnes, jigÃ©en, jigÃ©en biro liggÃ©eykat, liggÃ©eykat bu xaraÃ±, patroÅ‹
ğŸ‘¨â€ğŸ”¬	biyolosist, engeÃ±Ã«r, fisiyee, gÃ³or, matematisiyee, simist, xaralakat, xaralakat bu gÃ³or
ğŸ‘©â€ğŸ”¬	biolosist, engeÃ±Ã«r, fisisiyee, jigÃ©en, jigÃ©en wu-xarala, matematisiyee, simist, wu-xarala
ğŸ‘¨â€ğŸ’»	defarkat, gÃ³or, gÃ³or teknolosist, kodekat, losisel, soskat, teknolosist
ğŸ‘©â€ğŸ’»	defarkat, jigÃ©en, jigÃ©en teknolosist, kodekat, losisel, soskat, teknolosist
ğŸ‘¨â€ğŸ¤	aktÃ«r, begalkat, biddeew, gÃ³or, gÃ³or waykat, rok, waykat
ğŸ‘©â€ğŸ¤	aktÃ«r, begalkat, biddeew, jigÃ©en, jigÃ©en waykat, rok, waykat
ğŸ‘¨â€ğŸ¨	artist, artist bu gÃ³or, gÃ³or, palet
ğŸ‘©â€ğŸ¨	artist, artist bu jigÃ©en, jigÃ©en, palet
ğŸ‘¨â€âœˆ	gÃ³or, gÃ³or piloot, piloot, roppalaan
ğŸ‘©â€âœˆ	jigÃ©en, piloot, piloot bu jigÃ©en, roppalaan
ğŸ‘¨â€ğŸš€	astronot, astronot bu gÃ³or, gÃ³or, roket
ğŸ‘©â€ğŸš€	astronot, astronot bu jigÃ©en, jigÃ©en, roket
ğŸ‘¨â€ğŸš’	gÃ³or, oto-sapÃ«r, sapÃ«r, sapÃ«r bu gÃ³or
ğŸ‘©â€ğŸš’	jigÃ©en, oto-pompiyee, pompiyee, pompiyee bu jigÃ©en
ğŸ‘®	liggÃ©eykat, poliis, polisiye, polisiyee
ğŸ‘®â€â™‚	gÃ³or, gÃ³or poliis liggÃ©eykat bu gÃ³or, liggÃ©eykat bu gÃ³or, poliis, polisiye
ğŸ‘®â€â™€	jigÃ©en, liggÃ©eykat, poliis, polisiye, polisiyee bu jigÃ©en
ğŸ•µï¸	detektif, lÃ nketkat, yÃ«ddukat
ğŸ•µâ€â™‚	detektif, gÃ³or, gÃ³or detektif, lÃ nketkat, yÃ«ddukat
ğŸ•µâ€â™€	detektif, jigÃ©en, jigÃ©en detektif, lÃ nketkat, yÃ«ddukat
ğŸ’‚	gardiÃ±e
ğŸ’‚â€â™‚	gÃ³or, gÃ³or guy wattu, wattu
ğŸ’‚â€â™€	jigÃ©en, jigÃ©en juy wattu, wattu
ğŸ‘·	liggÃ©eykat, mbaxane, tabax, tabaxkat
ğŸ‘·â€â™‚	gÃ³or, gÃ³or tabax liggÃ©eykat, liggÃ©eykat, tabax
ğŸ‘·â€â™€	jigÃ©en, jigÃ©en tabax liggÃ©eykat, liggÃ©eykat, tabax
ğŸ¤´	doomu-buur bu gÃ³or
ğŸ‘¸	doomu buur bu jigÃ©en, feem, lÃ©ebu fee
ğŸ‘³	kaala, nit ku kaalawu
ğŸ‘³â€â™‚	gÃ³or, gÃ³or gu kaalawu, kaala
ğŸ‘³â€â™€	jigÃ©en, jigÃ©en ju kaalawu, kaala
ğŸ‘²	gua pi mao, gÃ³or, gÃ³or gu sol mbaxane sinuwaa, mbaxane
ğŸ§•	hijab, jigÃ©en ju musÃ³oru, mantilla, musÃ³or, tichel
ğŸ¤µ	gÃ³or gu sol kostim, gÃ³or guy cÃ©etal, kostim, sol
ğŸ‘°	cÃ©et, muraay, sÃ©et, sÃ©et bu mÃ³oru
ğŸ¤°	jigÃ©en, jigÃ©en ju Ã«mb, Ã«mb
ğŸ¤±	liir, nÃ mpal, nÃ ppalee ween, ween
ğŸ‘¼	feem, kanam, liir, liiru malaaka, lÃ©ebu fee, malaaka
ğŸ…	Pere nowel, mÃ ggal, nowel, papa, pere
ğŸ¤¶	meer, meer nowel, mÃ ggal, nowel, yaay
ğŸ§™	dÃ«mm, luxuskat, mage
ğŸ§™â€â™‚	dÃ«mm, luxuskat, mage bu gÃ³or
ğŸ§™â€â™€	dÃ«mm, mage bu jigÃ©en
ğŸ§š	Oberon, Puk, Titania, fee
ğŸ§šâ€â™‚	Oberon, Puk, fee bu gÃ³or
ğŸ§šâ€â™€	Titania, fee bu jigÃ©en
ğŸ§›	Dracula, bu deewul, wÃ mpiir
ğŸ§›â€â™‚	Dracula, bu deewul, wÃ mpiir bu gÃ³or
ğŸ§›â€â™€	bu deewul, wÃ mpiir bu jigÃ©en
ğŸ§œ	sireen, sireen bu gÃ³or, sireen bu jigÃ©en, sireen bu nit
ğŸ§œâ€â™‚	Fettu Ã±atti bopp, sireen bu gÃ³or
ğŸ§œâ€â™€	sireen, sireen bu jigÃ©en
ğŸ§	elfe, yÃ©eme
ğŸ§â€â™‚	elfe bu gÃ³or, yÃ©eme
ğŸ§â€â™€	elfe bu jigÃ©en, yÃ©eme
ğŸ§	jinne
ğŸ§â€â™‚	jinne, jinne ju gÃ³or
ğŸ§â€â™€	jinne, jinne ju jigÃ©en
ğŸ§Ÿ	bu deewul, nÃ©ew buy dox, zombi
ğŸ§Ÿâ€â™‚	bu deewul, nÃ©ew buy dox, zombi bu gÃ³or
ğŸ§Ÿâ€â™€	bu deewul, nÃ©ew buy dox, zombi bu jigÃ©en
ğŸ’†	dÃ mp, kanam, nit ku Ã±uy dÃ mp, saloÅ‹
ğŸ’†â€â™‚	dÃ mp, gÃ³or, gÃ³or bu Ã±uy dÃ mp, kanam
ğŸ’†â€â™€	dÃ mp, jigÃ©en, jigÃ©en bu Ã±uy dÃ mp, kanam
ğŸ’‡	barab, nit kuy watu, taar, wateef, watkat
ğŸ’‡â€â™‚	gÃ³or, gÃ³or bu Ã±uy wat, wateef
ğŸ’‡â€â™€	jigÃ©en, jigÃ©en bu Ã±uy wat, wateef
ğŸš¶	dox, nit kuy dox, yÃ©eg tund
ğŸš¶â€â™‚	dox, gÃ³or, gÃ³or dox, yÃ©eg tund
ğŸš¶â€â™€	dox, jigÃ©en, jigÃ©en dox, yÃ©eg tund
ğŸƒ	daw, maraton, nit kuy daw
ğŸƒâ€â™‚	daw, gÃ³or, gÃ³or daw, kursu, maraton
ğŸƒâ€â™€	daw, jigÃ©en, jigÃ©en daw, kursu, maraton
ğŸ’ƒ	fecc, jigÃ©en, jigÃ©en juy fecc
ğŸ•º	fecc, gÃ³or guy fecc, nit
ğŸ•´ï¸	bisnes, gÃ³or, gÃ³or ci bisnes kostim lewitasiyoÅ‹, kostim
ğŸ‘¯	fecckat, nit Ã±uy fecc, ak noppi lÃ«k, noppi lÃ«k, suwaare
ğŸ‘¯â€â™‚	fecckat, gÃ³or, gÃ³orak noppi lÃ«ks suwaare, noppi lÃ«k, suwaare
ğŸ‘¯â€â™€	fecckat, jigÃ©en, jigÃ©en ak noppi lÃ«ks suwaare, noppi lÃ«k, suwaare
ğŸ§–	nit ci nÃ©egu wapÃ«r, nÃ©ego wapÃ«r, souna
ğŸ§–â€â™‚	gÃ³or ci nÃ©egu wapÃ«r, nÃ©ego wapÃ«r, souna
ğŸ§–â€â™€	jigÃ©en ci nÃ©egu wapÃ«r, nÃ©ego wapÃ«r, souna
ğŸ§—	nit kuy yÃ©eg, yÃ©egkat
ğŸ§—â€â™‚	gÃ³or guy yÃ©eg, yÃ©egkat
ğŸ§—â€â™€	jigÃ©en juy yÃ©eg, yÃ©egkat
ğŸ¤º	eppee, fente, fentekat, nit kuy fente
ğŸ‡	fas, fasukursu, kursu, kursu fas, sooke
â›·ï¸	nees, ski, skikat
ğŸ‚ï¸	gaalu-nees, kuy pateÅ‹ ci nees, nees, ski
ğŸŒï¸	bal, golf, nit kuy golf
ğŸŒâ€â™‚	golf, gÃ³or, gÃ³or guy golf
ğŸŒâ€â™€	golf, jigÃ©en, jigÃ©en juy golf
ğŸ„ï¸	nit kuy sÃ«rfe, sÃ«rfe
ğŸ„â€â™‚	gÃ³or, gÃ³or guy sÃ«rfe, sÃ«rfe
ğŸ„â€â™€	jigÃ©en, jigÃ©en juy sÃ«rfe, sÃ«rfe
ğŸš£	gaal, gaalu-joow, nit joow gaal
ğŸš£â€â™‚	gaal, gaalu-joow, gÃ³or, gÃ³or guy joow gaal
ğŸš£â€â™€	gaal, gaalu-joow, jigÃ©en, jigÃ©en juy joow gaal
ğŸŠï¸	fÃ©ey, nit kuy fÃ©ey
ğŸŠâ€â™‚	fÃ©ey, gÃ³or, gÃ³or guy fÃ©ey
ğŸŠâ€â™€	fÃ©ey, jigÃ©en, jigÃ©en juy fÃ©ey
â›¹ï¸	bal, nit kuy bondeel bal
â›¹â€â™‚	bal, gÃ³or, gÃ³or guy bondeel bal
â›¹â€â™€	bal, jigÃ©en, jigÃ©en juy bondeel bal
ğŸ‹ï¸	lu diis, nit kuy yÃ«kkati lu diis, yÃ«kkatikat
ğŸ‹â€â™‚	gÃ³or, gÃ³or guy yÃ«kkati lu diis, yÃ«kkatikatu lu diis
ğŸ‹â€â™€	jigÃ©en, jigÃ©en juy yÃ«kkati lu diis, yÃ«kkatikatu lu diis
ğŸš´	dawal welo, dawalkatu welo, nit kuy dawal welo, welo
ğŸš´â€â™‚	dawal welo, dawalkatu welo, gÃ³or, gÃ³or guy dawal welo, welo
ğŸš´â€â™€	dawal welo, dawalkatu welo, jigÃ©en, jigÃ©en juy dawal welo, welo
ğŸšµ	dawalkatu welo, montaaÃ±, nit kuy dawal vtt, welo
ğŸšµâ€â™‚	dawalkatu welo, gÃ³or, gÃ³or guy dawal welo ci montaaÃ±, montaaÃ±, welo
ğŸšµâ€â™€	dawal welo, dawalkatu welo, jigÃ©en, jigÃ©en juy dawal welo ci montaaÃ±, montaaÃ±, welo
ğŸ¤¸	jimnastik, nit Ã±uy Ã nd bÃ«rÃ«Å‹u, pÃ«no-sareet
ğŸ¤¸â€â™‚	gÃ³or, gÃ³or guy pÃ«no-sareet, jimnastik, pÃ«no-sareet
ğŸ¤¸â€â™€	jigÃ©en, jigÃ©en juy pÃ«no-sareet, jimnastik, pÃ«no-sareet
ğŸ¤¼	bÃ«re, bÃ«rekat, nit Ã±uy bÃ«re
ğŸ¤¼â€â™‚	bÃ«re, gÃ³or, gÃ³or guy bÃ«re
ğŸ¤¼â€â™€	bÃ«re, jigÃ©en, jigÃ©en juy bÃ«re
ğŸ¤½	ndox, nit kuy polo ci ndox, polo
ğŸ¤½â€â™‚	gÃ³or, gÃ³or guy polo ci ndox, polo ci ndox
ğŸ¤½â€â™€	jigÃ©en, jigÃ©en juy polo ci ndox, polo ci ndox
ğŸ¤¾	bal, handball, nit kuy aanbÃ³ol
ğŸ¤¾â€â™‚	gÃ³or, gÃ³or guy handball, handball
ğŸ¤¾â€â™€	handball, jigÃ©en, jigÃ©en juy handball
ğŸ¤¹	am, ekiliibre, mbir yu bari, nit kuy sÃ nni-kapte, sÃ nni-kapte
ğŸ¤¹â€â™‚	gÃ³or, gÃ³or guy sÃ nni-kapte, mbir yu bari, sÃ nni-kapte
ğŸ¤¹â€â™€	jigÃ©en, jigÃ©en juy sÃ nni-kapte, mbir yu bari, sÃ nni-kapte
ğŸ§˜	nit ku farankulaayu, xalaat, yoga
ğŸ§˜â€â™‚	gÃ³or gu farankulaayu, xalaat, yoga
ğŸ§˜â€â™€	jigÃ©en ju farankulaayu, xalaat, yoga
ğŸ›€	beÃ±uwaar, nit kuy sangu, sangu
ğŸ›Œ	nelaw, nit ci kaw lal, otel
ğŸ‘­	gÃ³or ak jigÃ©en, jigÃ©en, loxo, tÃ«ye, Ã±aari jigÃ©en yu jÃ ppante loxo
ğŸ‘«	gÃ³or, gÃ³or ak jigÃ©en, gÃ³or ak jigÃ©en jÃ ppante loxo, jigÃ©en, loxo, tÃ«ye
ğŸ‘¬	GÃ©meau, ay seex, gÃ³or, gÃ³or ak jigÃ©en, loxo, sojak, tÃ«ye, Ã±aari gÃ³or yu jÃ ppante loxo
ğŸ’	fÃ³on, gÃ³or ak jigÃ©en
ğŸ’‘	gÃ³or ak jigÃ©en, mbÃ«ggeel, xol ak Ã±aar Ã±u bÃ«ggante
ğŸ‘ªï¸	bokk famiy
ğŸ—£ï¸	bopp, kanam, takkandeer, wax, wax bopp
ğŸ‘¤	takkandeer, yaram, yaram takkandeer
ğŸ‘¥	ay yaram takkandeer, takkandeer, yaram
ğŸ‘£	emprime, fu tÃ nk teguwoon, mÃ rku-tÃ nk, yÃ©ere
ğŸµ	golo, kanam, kanamu golo
ğŸ’	golo
ğŸ¦	dÃ ngin
ğŸ¶	boppu xaj, kanam, rabu-yar, xaj
ğŸ•ï¸	rabu-yar, xaj
ğŸ©	kaj bu ndaw, sÃ«q kawar, xaj
ğŸº	kanam, kanamu xaju-tundu, xaju-tund
ğŸ¦Š	kanam, kanamu rÃ«naar, rÃ«naar
ğŸ±	kanam, kanamu muus, muus, rabu-yar
ğŸˆï¸	muus, rabu-yar
ğŸ¦	Leo, gaynde, kanam, kanamu gaynde, sojak
ğŸ¯	kanam, kanamu segg, segg
ğŸ…	segg
ğŸ†	lewopaar
ğŸ´	fas, kanam, kanamu fas
ğŸ	ci wÃ llu fas, fas, fasukursu, kursu
ğŸ¦„	gu sax bÃ©jjen, kanam, kanam gu sax bÃ©jjen
ğŸ¦“	reyiir, zebre
ğŸ¦Œ	serf
ğŸ®	kanamu, kanamu nag, nag
ğŸ‚	YÃ©kk, nag, sojak, yÃ©kk
ğŸƒ	nag, nagu ndox, ndox
ğŸ„	nag
ğŸ·	kanam, kanamu mbaam-xuux, mbaam-xuux
ğŸ–	mbaam-xuux, mbaam-xuux bu jigÃ©en
ğŸ—	mbaam-xuux, mbaam-Ã ll
ğŸ½	bakkan, bakkanu mbaam-xuux, kanam, mbaam-xuux
ğŸ	Kuy, bu gÃ³or, sojak, xar, yÃ ppu kuy
ğŸ‘	bu jigÃ©en, xar, xar bu jigÃ©en
ğŸ	Kaprikorn, bÃ«y, sojak
ğŸª	boos, gilÃ©em
ğŸ«	batri, boos, gileemu Ã±aari boos, gilÃ©em
ğŸ¦’	giraaf, tomb
ğŸ˜	Ã±ay
ğŸ¦	rinoseros
ğŸ­	jinax, kanam, kanmu jinax
ğŸ	jinax
ğŸ€	kaÃ±a
ğŸ¹	hamster, kanam, kanamu jinax, rabu yar
ğŸ°	kanam, kanamu lÃ«k, lÃ«kk, rabbit, rabu-yar
ğŸ‡	lÃ«k, lÃ«kk, rabu-yar
ğŸ¿ï¸	cipmÃ nk
ğŸ¦”	jame, suÃ±eel
ğŸ¦‡	njugub, wÃ mpiir
ğŸ»	Kanam, kanam urs, urs
ğŸ¨	koala, urs
ğŸ¼	kanam, kanamu panda, panda
ğŸ¾	emprime, fu tÃ nku rab teguwoon, tÃ nk, tÃ nku-rab
ğŸ¦ƒ	koppin, picc
ğŸ”	ginaar, picc
ğŸ“	picc, sÃ©q
ğŸ£	cuuj, cuuj bu gÃ©nn ci nen, gÃ©nn ci nenn, liir, picc
ğŸ¤	cuuj, liir, picc
ğŸ¥	cuuj, kanam jÃ kkarloo ak lexu xale, liir, picc
ğŸ¦ï¸	picc
ğŸ§	penguweÅ‹, picc
ğŸ•Šï¸	jÃ mm, kolomb, naaw, picc
ğŸ¦…	cÃ©eli, picc
ğŸ¦†	kanaara, picc
ğŸ¦‰	looy, picc, xelu
ğŸ¸	kanam, kanamu mbott, mbott
ğŸŠ	jasit
ğŸ¢	mbonaat, mbonaatu-ndox
ğŸ¦	luy raam, sindax
ğŸ	Ophiuchus, gÃ ddukat, jaan, sojak
ğŸ²	dragoÅ‹, kanam, kanamu dragoÅ‹, lÃ©ebu fee
ğŸ‰	dragoÅ‹, lÃ©ebu fee
ğŸ¦•	brachiosorus, brontosorus, diplodocus, soropod
ğŸ¦–	T-Rex, Tyrannosorus Rex
ğŸ³	baleen, baleen bu puucatu, kanam, sÃ ll wu Ã±aw
ğŸ‹	baleen
ğŸ¬	dÃ³feÅ‹, flipÃ«r
ğŸŸï¸	JÃ«n ji, jÃ«n, sojak
ğŸ 	jÃ«n, jÃ«nu tÃ ngoor, tÃ ngoor
ğŸ¡	bun fokkin, jÃ«n
ğŸ¦ˆ	jÃ«n, rekeÅ‹
ğŸ™	oktopis
ğŸš	espiraal, xor, xoru espiraal
ğŸŒ	eskargoo
ğŸ¦‹	gunÃ³or, lÃ«ppaalÃ«p, rafet
ğŸ›	gunÃ³or, gunÃ³or bu sew
ğŸœ	gunÃ³or bu sew, sÃ nqaleÃ±
ğŸ	gunÃ³or bu sew, yamb, yÃ mb
ğŸ	gunÃ³or am tupp yu weex, gunÃ³or bu sew, koksineel, koksinel
ğŸ¦—	kriket, soccet
ğŸ•·ï¸	gunÃ³or bu sew, jargoÃ±
ğŸ•¸ï¸	jargoÃ±, lÃ«nd, lÃ«ndu jargoÃ±
ğŸ¦‚	jiit, sojak
ğŸ’	fulÃ«r, takkufulÃ«r
ğŸŒ¸	fulÃ«r, fulÃ³or yu am melo sÃ«riis, sÃ«riis
ğŸ’®	fulÃ«r, fulÃ³or bu weex
ğŸµï¸	garab, roset
ğŸŒ¹	fulÃ«r, rÃ³os
ğŸ¥€	bu waw, fulÃ«r, fulÃ³or bu waw
ğŸŒº	fulÃ«r, ibiskus
ğŸŒ»	fulÃ«r, fulÃ³oru jant, jant
ğŸŒ¼	fulÃ«r, fulÃ³or
ğŸŒ·	fulÃ«r, tulip
ğŸŒ±	ndaw, semis
ğŸŒ²	garab, garab gu am xob yuy dund
ğŸŒ³	garab, garab gu am xob yuy dee, ruus, wÃ Ã±Ã±iku
ğŸŒ´	garabu, garabu-tiir, tiir
ğŸŒµ	garab, gargamboose
ğŸŒ¾	ceeb, nopp, pepp, sayu ceeb
ğŸŒ¿	xob, Ã±ax
â˜˜ï¸	garab, tereefal
ğŸ€	4, treefal, treefalu Ã±eenti xob, xob, Ã±eent
ğŸ	daanu, kanadaa, kobu kanadaa, xob
ğŸ‚	daanu, xob, xob yu daanu
ğŸƒ	ngelaw, xob, xob wu gelaw yÃ«ngal, yÃ«ngu, Ã«f
ğŸ‡	meÃ±Ã±eef, reeseÅ‹
ğŸˆ	meÃ±Ã±eef, mÃ«loÅ‹
ğŸ‰	meÃ±Ã±eef, xaal
ğŸŠ	meÃ±Ã±eef, mÃ ndarin, oraas
ğŸ‹	agrume, lingom, meÃ±Ã±eef
ğŸŒ	banana, meÃ±Ã±eef
ğŸ	ananas, meÃ±Ã±eef
ğŸ	meÃ±Ã±eef, pom, pom bu xonk, xonk
ğŸ	meÃ±Ã±eef, pom, pom bu wert, wert
ğŸ	meÃ±Ã±eef, puwaar
ğŸ‘	meÃ±Ã±eef, pes
ğŸ’	meÃ±Ã±eef, sÃ«riis
ğŸ“	bee, frees, meÃ±Ã±eef
ğŸ¥	kiwi, lekk, meÃ±Ã±eef
ğŸ…	lujum, meÃ±Ã±eef, tamaate
ğŸ¥¥	piÃ±a colada, tiir, Ã±amu coco
ğŸ¥‘	awokaa, lekk, meÃ±Ã±eef
ğŸ†	basante, lujum
ğŸ¥”	lujum, meÃ±Ã±eef, pombiteer, potaas
ğŸ¥•	karot, lekk, lujum
ğŸŒ½	mboq, nopp, noppi mboq
ğŸŒ¶ï¸	kaani, kaani xeeÃ±, xeeÃ±
ğŸ¥’	komjomlaat, komkombar, lekk, meÃ±Ã±eef, njaxas
ğŸ¥¦	brokoli, supame
ğŸ„	sampiÃ±oÅ‹, sampiÃ±oÅ‹ weneer
ğŸ¥œ	gerte, lekk, lujum, nuwaa
ğŸŒ°	garab, sateÃ±
ğŸ	mburu, peÅ‹
ğŸ¥	KurwaasaÅ‹, briyoos, kurwaasaÅ‹, lekk, mburu, wu-faraas
ğŸ¥–	lekk, mburu, miis, miisu mburu, wu-faraas
ğŸ¥¨	bretzel, buÃ± lem
ğŸ¥	crÃªpe, krep, lekk, ngato bu tÃ nk
ğŸ§€	cÃ«ru fromaas, fromaas
ğŸ–	yax, yÃ pp, yÃ pp ci yax
ğŸ—	ginaar, tÃ nk, tÃ nku ginaar, yax
ğŸ¥©	bitik, bitik xar, bitik-mbaam xuux, dogu yÃ pp, steak
ğŸ¥“	bakon, bekon, lekk, yÃ pp
ğŸ”	bÃ«rgÃ«, Ã mburgÃ«
ğŸŸ	buÃ± saaf, pombiteer, pombiteer buÃ± saaf
ğŸ•	dagg, fromaas, pizza
ğŸŒ­	ot-dog, otdog, sosis
ğŸ¥ª	mburu, sandwich
ğŸŒ®	tako, wu-meksik
ğŸŒ¯	burito, mbar, wu-meksik
ğŸ¥™	falafel, farse, jiro, kebab, lekk, mburu, mburu-farsi
ğŸ¥š	lekk, nen
ğŸ³	nen, pane, saaf, togg
ğŸ¥˜	boolu togg bu xÃ³otul, bu xÃ³otul, kaserol, lekk, pane, paylaa
ğŸ²	potu, potu Ã±am, ragu
ğŸ¥£	bool ak kuddu, congee, dugub, ndeki
ğŸ¥—	lekk, salaad bu wert, salaat, wert
ğŸ¿	pop korn
ğŸ¥«	kanet, lekk ci kanet
ğŸ±	bento, boyetu, boyetu bento
ğŸ˜	ceeb, gato, gato ceeb
ğŸ™	Sapone, ball, balu ceeb, ceeb
ğŸš	ceeb, ceeb buÃ± togg, togg
ğŸ›	ceebu, ceebu kari, kari
ğŸœ	bool, espageti-laxasu, ramen, toggee ci wapÃ«r, wapÃ«r
ğŸ	espageti, paat
ğŸ 	pataas buÃ± roti, pombiteer, roti, suukÃ«r
ğŸ¢	broset, fruit, kebab, meÃ±Ã±eefu gÃ©ej, oden
ğŸ£	sushi
ğŸ¤	saaf, sippax, sippax buÃ± saaf, tempura
ğŸ¥	buteeli jÃ«n, jÃ«n, ngato, wÃ«ndeelu
ğŸ¡	broset, dango, deseer, fruit, sapone, suukÃ«r
ğŸ¥Ÿ	buleet, empanada, gyÅza, jiaozi, pierogi, potsticker
ğŸ¥ 	mbiskitu musuwaar, yÃ³nent
ğŸ¥¡	boyetu yÃ³bbaale, siwo yoxos
ğŸ¦€	KÃ nseer, junqoob, sojak
ğŸ¦	krÃ«wet, lekk, meÃ±Ã±eefu gÃ©ej, ndaw
ğŸ¦‘	kalamaar, lekk, yÃ©et
ğŸ¦	deseer, galaas, kreem, kreem galaas bu am suukar, kreem-galaase, nooy, suukÃ«r
ğŸ§	buÃ± wat, deseer, galaas, galaas guÃ± dÃ«bb, suukÃ«r
ğŸ¨	deseer, glaas, kereem, kreem galaase, suukÃ«r
ğŸ©	beÃ±e, deseer, suukÃ«r
ğŸª	deseer, mbiskit, suukÃ«r
ğŸ‚	bisu-judd, deseer, gato, mÃ ggal, ngato mÃ ggal bisu-judd, paat, suukÃ«r
ğŸ°	deseer, gato, gÃ ttal-yoon, paat, suukÃ«r, xaaj
ğŸ¥§	farinu, mburu, tÃ rt
ğŸ«	deseer, laal, laatu-sokolaa, sokolaa, suukÃ«r
ğŸ¬	deseer, suukÃ«r, tÃ ngal
ğŸ­	deseer, suukÃ«r, tÃ ngal, tÃ ngal bant
ğŸ®	deseer, kreem, pudiÅ‹, suukÃ«r
ğŸ¯	lem, pot, potu lem, suukÃ«r
ğŸ¼	biberoÅ‹, buteel, liir, meew, naan
ğŸ¥›	kaas, kaasu meew, meew, naan
â˜•ï¸	attaaya, kafe, naan, naan gu tank, tÃ ng, wapÃ«r
ğŸµ	attaaya, kaas, kaasu attaaya, kaasu attaayu bu amul jÃ ppukaay, naan
ğŸ¶	buteel, buteel bu yaatu gÃ©mmiÃ±, kaas, laal, naan
ğŸ¾	buteel, buteel bu saaÃ± biy naaw, laat, naan, naaw, saaÃ±
ğŸ·	bevemer, glass, kaasu sÃ ngara, laat, naan, wine
ğŸ¸ï¸	kaasu koktel, koktel, laat, naan, weer
ğŸ¹	laat, naan, naan tÃ ngoor, tÃ ngoor
ğŸº	beer, kaas, kaasu biyeer, laat, naan
ğŸ»	beer, dÃ³orante kaasu biyeer, kaas, kliÅ‹, laat, naan
ğŸ¥‚	dÃ³orante, dÃ³orante kaas, kaas, mÃ ggal, naan
ğŸ¥ƒ	kaas, kaasu ndox, likÃ«r, ndox, whisky, Ã±am
ğŸ¥¤	jus, kaas ak paay, soda
ğŸ¥¢	baget, hashi
ğŸ½ï¸	asiyet, furset, furset and paaka ak asiyet, paaka, togg
ğŸ´	furset, furset ak paaka, paaka, togg
ğŸ¥„	kuddu, taabal
ğŸ”ª	hocho, jumtukaay, ngÃ nnaay, paaka, paaka waaÃ±, togg
ğŸº	Aquarius, jug, jumtukaay, naan, ngÃ nnaay, sojak, togg, Ã mfoor
ğŸŒ	Africa, glob, glob buy wane Ã«rop ak afrik, suuf, Ã‹rop, Ã dduna
ğŸŒï¸	Amerika, glob, glob buy wane amerik, suuf, Ã dduna
ğŸŒ	Asi, glob, glob buy wane asi ak Ã³straali, ostralia, suuf, Ã dduna
ğŸŒ	glob, glob buy wane merijeÅ‹ yi, merijeÅ‹, suuf, Ã dduna
ğŸ—ºï¸	kÃ rt, kÃ rtu Ã dduna, Ã dduna
ğŸ—¾	SapoÅ‹, kÃ rt, kÃ rtu sapoÅ‹
ğŸ”ï¸	montaaÃ±, nees, nees bu muur montaaÃ±, sedd
â›°ï¸	montaaÃ±
ğŸŒ‹	gÃ©eju xal, montaaÃ±, xal yuy gÃ©nn
ğŸ—»	fuji, montaaÃ±, tundu fuji
ğŸ•ï¸	kampiÅ‹
ğŸ–ï¸	parasol, tefes, tefes ak parasol
ğŸœï¸	desert
ğŸï¸	desert, desert dun, dun
ğŸï¸	park, park national
ğŸŸï¸	estad
ğŸ›ï¸	cosaan, tabaxu cosaan
ğŸ—ï¸	tabax, tabax ab tabax
ğŸ˜ï¸	kÃ«r yi
ğŸšï¸	gent, kÃ«r, kÃ«r gu gent
ğŸ ï¸	dÃ«kkuwaay, kÃ«r
ğŸ¡	dÃ«kkuwaay, kÃ«r, kÃ«r ak sardeÅ‹, sardeÅ‹
ğŸ¢	taaxu liggÃ©ey, tabax
ğŸ£	biro post ci sapoÅ‹, post, sapone
ğŸ¤	biro post, post, Ã‹roop
ğŸ¥	doktor, medsin, opitaal
ğŸ¦	bÃ nk, tabax
ğŸ¨	otel, tabax
ğŸ©	mbÃ«ggeel, otel, otelu mbÃ«ggeel
ğŸª	mu yomb, njaay, njaay mu yomb
ğŸ«	daara, tabax
ğŸ¬	magasin, rÃ«y, rÃ«y magasin
ğŸ­ï¸	Isinu-liggÃ©ey, tabax
ğŸ¯	Sapone, taax, taaxu sapoÅ‹
ğŸ°	taaxu buur, Ã‹roop
ğŸ’’	cÃ©et, jÃ ngu, mbÃ«ggeel
ğŸ—¼	tokyo, tuuru, tuuru ci tokyo
ğŸ—½	estati, estati liberte, liberte
â›ªï¸	KreceÅ‹, diine, jÃ ngu, kruwaa
ğŸ•Œ	Jullit, JÃ kka, diine, islam
ğŸ•	Juif, diine, sinaagog, tÃ mpal
â›©ï¸	armeel, armeeli Shinto, diine, shinto
ğŸ•‹	Jullit, Kaaba, diine, islam
â›²ï¸	ndax muy sÃ nni
â›ºï¸	kampiÅ‹, tant
ğŸŒ	ab lay, lay
ğŸŒƒ	biddeew, guddi, guddi ak ay biddÃ©ew
ğŸ™ï¸	city, cityscape
ğŸŒ„	jant, jant buy fenk, jant buy fenk ci tund, suba, tundu
ğŸŒ…	jant, jant buy fenk, suba
ğŸŒ†	dÃ«kk, guddi, jant, jant buy so, peyisaas, timis, timis ci rÃ©ewu taax
ğŸŒ‡	jant, jant bu so ci rÃ©ewu taax, so
ğŸŒ‰	guddi, pom, pom ci guddi
â™¨ï¸	cooroon, cooroon bu tÃ ng, cooroon yu tÃ ng, saxaar, tÃ ng
ğŸ 	fasu, fasu kurusel, kurusel
ğŸ¡	barabu bÃ©gal xol, kawe lool, pÃ«no, pÃ«no bu kawe lool
ğŸ¢	barabu bÃ©gal xol, risi, tundu, tundu risi
ğŸ’ˆ	tablo, tablo watkat, wateef, watkat
ğŸª	barabu, barabu sirk, sirk
ğŸš‚	motÃ«r, ndaamaar, otoraay, raay, wapÃ«r
ğŸšƒ	kuuraÅ‹, oto, otoraay, raay, tram, trolleybus
ğŸš„	gaawaay, otoraay, otoraay bu gaaw lool, raay, shinkansen
ğŸš…	bullet, gaawaay, otoraay, otoraay bu gaaw lool ak kanam gu sew, raay, shinkansen
ğŸš†	raay, saxaar
ğŸš‡ï¸	metro, subweey
ğŸšˆ	otoraay bu moome fÃ©pp, raay
ğŸš‰	gaar, otoraay, raay
ğŸšŠ	tram, trolleybus
ğŸš	monoraay, waruwaay
ğŸš	montaaÃ±, oto, raay, raayu tund
ğŸš‹	oto, oto tramweey, tram, trolleybus
ğŸšŒ	otokaar, waruwaay
ğŸšï¸	kaar, kaar buy Ã±Ã«w, Ã±Ã«w
ğŸš	kaar, tram, trolley, trolleybus
ğŸš	minikaar, otokaar
ğŸš‘ï¸	waruwaay, Ã mbilaas
ğŸš’	fire, motÃ«r, oto pompiyee, truk
ğŸš“	oto, oto poliis, patrol, poliis
ğŸš”ï¸	buy Ã±Ã«w, oto, oto poliis buy Ã±Ã«w, poliis
ğŸš•	taxi, waruwaay
ğŸš–	taxi, taxi buy Ã±Ã«w, Ã±Ã«w
ğŸš—	oto
ğŸš˜ï¸	buy Ã±Ã«w, oto, oto buy Ã±Ã«w, otoportaabal
ğŸš™	bÃ©gal-xol, njÃ«kkante, oto njÃ«kkante
ğŸšš	bagaas, kamiyoÅ‹u, kamiyoÅ‹u bagaas
ğŸš›	kamiyoÅ‹, kamiyoÅ‹u bu gudd lool, semi
ğŸšœ	traktÃ«r, waruwaay
ğŸï¸	kursu, kursu oto, oto
ğŸï¸	kursu, moto
ğŸ›µ	eskutÃ«r, moto
ğŸš²ï¸	welo
ğŸ›´	benn tÃ nk, welo, welo benn tÃ nk
ğŸš	are-kaar, bus, taxaw
ğŸ›£ï¸	oto-ruut, otoruut, tali
ğŸ›¤ï¸	otoraay, raay, wagoÅ‹ raay
ğŸ›¢ï¸	bidoÅ‹, bidoÅ‹u diw, diw
â›½ï¸	esaas, estasiyoÅ‹, karbiraÅ‹, pomp, pompu esaas, pompu-esaas
ğŸš¨	faar, lÃ mp, lÃ mpu oto poliis, oto, poliis, wÃ«ndeelu
ğŸš¥	lÃ mp, lÃ mpi estop yu tÃ«dd, siÃ±aal, tali
ğŸš¦	lÃ mp, lÃ mpi estop yu taxaw, siÃ±aal, tali
ğŸ›‘	dakkal, mÃ ndarga dakkal, siÃ±, wu-oktagon
ğŸš§	bariyeer, tabax
âš“ï¸	bato, jumtukaay, serukaayu gaal
â›µï¸	gaal, gaalu ngelaw, gÃ©ej, serukaay, yacht
ğŸ›¶	gaal, kaal gu ndaw, kanowe
ğŸš¤	gaal, gaalu motÃ«r
ğŸ›³ï¸	bato, ki mu yab, ki mu yab bato
â›´ï¸	bak, gaal, ki mu yab
ğŸ›¥ï¸	gaal, gaalu-motÃ«r
ğŸš¢	gaal, gaal gu mag, ki mu yab
âœˆï¸	aeroppalaan, roppalaan
ğŸ›©ï¸	aeroppalaan, roppalaan, roppalaan bu ndaw
ğŸ›«	aeroppalaan, deppaar, deppaar yi, enregistremaa, roppalaan, roppalaan buy dem
ğŸ›¬	aeroppalaan, buy Ã±Ã«w, roppalaan, roppalaan buy Ã±Ã«w, wÃ cci, Ã±Ã«w yi
ğŸ’º	sees, toogu
ğŸš	elikopteer, waruwaay
ğŸšŸ	bu-aju, raay, raay ci kaw
ğŸš 	cable, gondol, montaaÃ±, teleferik
ğŸš¡	ci-kaw, gondol, kaabal, oto, tramweey, tramweey ci kaw
ğŸ›°ï¸	espaas, satelit
ğŸš€	espaas, fuse-jawwu
ğŸ›¸	OVNI, sukup buy naaw
ğŸ›ï¸	joolooli, joolooli bu Ã±uy bÃ«s, otel
âŒ›ï¸	jÃ«l-waxtu, saabliyee, suuf
â³ï¸	jÃ«l-waxtu, saabliyee, saabliyee buy sotti suuf, suuf
âŒšï¸	montar, seetaan
â°	waxtukaayu, waxtukaayu yÃ©gle, yÃ©gle
â±ï¸	kronoo, montar
â²ï¸	jÃ«l-waxtu, montar, montar jÃ«l-waxtu
ğŸ•°ï¸	montar, montaru wÃ©kk
ğŸ•›ï¸	00, 12, 12:00, midi, montar, piil
ğŸ•§	12, 12:30, 30, genn-wÃ ll, midi, montar
ğŸ•ï¸	00, 01:00, 1, 1:00, benn, montar, piil
ğŸ•œ	01:30, 1, 1:30, 30, genn-wÃ ll, montar, one
ğŸ•‘ï¸	00, 02:00, 2, 2:00, montar, piil, Ã±aar
ğŸ•	02:30, 2, 2:30, 30, genn-wÃ ll, montar, Ã±aar
ğŸ•’ï¸	00, 03:00, 3, 3:00, garab, montar, piil
ğŸ•	03:30, 3, 30, 3:30, genn-wÃ ll, montar, Ã±att
ğŸ•“ï¸	00, 04:00, 4, 4:00, montar, piil, Ã±eent
ğŸ•Ÿ	04:30, 30, 4, 4:30, genn-wÃ ll, montar, Ã±eent
ğŸ•”ï¸	00, 05:00, 5, 5:00, jurÃ³om, montar, piil
ğŸ• 	05:30, 30, 5, 5:30, genn-wÃ ll, jurÃ³om, montar
ğŸ••ï¸	00, 06:00, 6, 6:00, jurÃ³om-benn, montar, piil
ğŸ•¡	06:30, 30, 6, 6:30, genn-wÃ ll, jurÃ³om-benn, montar
ğŸ•–ï¸	00, 07:00, 7, 7:00, jurÃ³om-Ã±aar, montar, piil
ğŸ•¢	07:30, 30, 7, 7:30, genn-wÃ ll, jurÃ³om-Ã±aar, montar
ğŸ•—ï¸	00, 08:00, 8, 8:00, jurÃ³om-Ã±att, montar, piil
ğŸ•£	08:30, 30, 8, 8:30, genn-wÃ ll, jurÃ³om-Ã±att, montar
ğŸ•˜ï¸	00, 09:00, 9, 9:00, jurÃ³om-Ã±eent, montar, piil
ğŸ•¤	09:30, 30, 9, 9:30, genn-wÃ ll, jurÃ³om-Ã±eent, montar
ğŸ•™ï¸	00, 10, 10:00, fukk, montar, piil
ğŸ•¥	10, 10:30, 30, fukk, genn-wÃ ll, montar
ğŸ•šï¸	00, 11, 11:00, fukk ak benn, montar, piil
ğŸ•¦	11, 11:30, 30, fukk ak benn, genn-wÃ ll, montar
ğŸŒ‘	lÃ«ndÃ«m, moon, weer wu bees
ğŸŒ’	weer, wÃ Ã±Ã±iku, xaaj, xaaju weer buy wÃ Ã±Ã±iku
ğŸŒ“	weer wu njÃ«kk, xaaj, xaaju weer wu njÃ«kk
ğŸŒ”	sew, weer, weer wu sew buy wÃ Ã±Ã±iku, wÃ Ã±Ã±iku
ğŸŒ•ï¸	fees, weer, weer wu fees
ğŸŒ–	sew, weer, weer wu sew buy yokk, yokk
ğŸŒ—	weer wu njÃ«kk, xaaj, xaaju weer wu mujj
ğŸŒ˜	weer, xaaj, xaaju weer buy yokk, yokk
ğŸŒ™	sew di mÃ gg, weer wu, weer wu sew di mÃ gg
ğŸŒš	kanam, kanamu weer wu bees, weer
ğŸŒ›	kanam, weer, weeru xaaj bu njÃ«kk, xaaj bu njÃ«kk
ğŸŒœï¸	kanam, weer, weeru Ã±eenteelu xaaj, xaaj bu njÃ«kk
ğŸŒ¡ï¸	klimaa, termomeetar
â˜€ï¸	jant, naaj, reyoÅ‹, yÃ nj
ğŸŒ	kanam, weer, weer Ã±umm bu am kanam, yÃ nj, Ã±umm
ğŸŒ	jant, jant bu am kanam, kanam, yÃ nj
â­ï¸	biddeew, biddeew, weexaay bu yam
ğŸŒŸ	biddeew, biddeew tÃ kk, leeraay, tÃ kk, yÃ nj, yÃ njaay
ğŸŒ 	biddeew, biddeew buy daw, daanu, dÃ³or
ğŸŒŒ	asamaan aki biddÃ©ew, espaas
â˜ï¸	klimaa, niir
â›…ï¸	jant ci ginaaw niir, niir, sun
â›ˆï¸	dÃ«nd, niir, niir ak melax ak taw, taw
ğŸŒ¤ï¸	jant ci ginaaw niir wu ndaw, niir, sun
ğŸŒ¥ï¸	jant ci ginaaw niir wu rÃ«y, niir, sun
ğŸŒ¦ï¸	jant, jant ci ginaaw taw niir, niir, taw
ğŸŒ§ï¸	niir, niir ak taw, taw
ğŸŒ¨ï¸	nees, niir, niir ak nees, sedd
ğŸŒ©ï¸	melax, niir, niir ak melax
ğŸŒªï¸	Tawu-ngelaw, niir, turbiyoÅ‹
ğŸŒ«ï¸	ab lay, niir
ğŸŒ¬ï¸	kanam, kanamu ngelaw, ngelaw, niir, uppu
ğŸŒ€	laxas, miir, ngelaw luy wÃ«ndeelu, tifoÅ‹
ğŸŒˆ	taw, xon
ğŸŒ‚	parasol, parasol bu tÃ«ju, taw, yÃ©ere
â˜‚ï¸	parasol, taw, yÃ©ere
â˜”ï¸	parasol, parasol bu am toqu taw, taw, toq, yÃ©ere
â›±ï¸	jant, parasol, parasol ci kaw suuf, taw
âš¡ï¸	bu kuuraÅ‹, dmer, kuuraÅ‹, kuuraÅ‹ bu am doole, melax, woltaas, zap
â„ï¸	donju nees, nees, sedd
â˜ƒï¸	bonomu-nees, nees, sedd
â›„ï¸	bonomu-nees, nees, nitu nees bu amul nees, sedd
â˜„ï¸	espaas, komet
ğŸ”¥	flaam, jumtukaay, xal
ğŸ’§	reelu, sedd, toq, toqu ndox, Ã±Ã q
ğŸŒŠ	duusu ndox, ndox, oseyaÅ‹, tÃ llal
ğŸƒ	alowiin, jak, lÃ ntern, mÃ ggal, naajo alowiin
ğŸ„	garab, garabu nowel, mÃ ggal, nowel
ğŸ†	mÃ ggal, petaaru artifis
ğŸ‡	ferÃ±eent, mÃ ggal, petaaru artifis, potu sondeel
âœ¨	biddeew, ferÃ±eent
ğŸˆ	baloÅ‹, mÃ ggal
ğŸ‰	bombu taabal, mÃ ggal, pÃ«rÃ«m, swaare, tada
ğŸŠ	konfeti, mÃ ggal, mÃ nq, mÃ nqu konfeti
ğŸ‹	Sapone, garab, garabu tanabata, mÃ ggal, raaya
ğŸ	Sapone, bÃ mbu, mÃ ggal, pain, taaralukaayu sapeÅ‹
ğŸ	Sapone, fanaal, mÃ ggal, pupe, pupe sapone
ğŸ	bÃ ndarol, bÃ ndarolu waas, mÃ ggal, waas
ğŸ	gittaxu keseÅ‹-keseÅ‹, joolooli, keseÅ‹-keseÅ‹, mÃ ggal, ngelaw
ğŸ‘	mÃ ggal, sÃ©entu weer, weer
ğŸ€	mÃ ggal, ribaÅ‹
ğŸ	boyet, kado, kado buÃ± Ã«mb, mÃ ggal, neexal, Ã«mb
ğŸ—ï¸	fÃ ttalikaay, mÃ ggal, ribaÅ‹, ribaÅ‹u fÃ ttalikaay
ğŸŸï¸	biye, biye dugg, dugg
ğŸ«	biye, dugg
ğŸ–ï¸	medaay, medaayu militeer, militeer, mÃ ggal
ğŸ†ï¸	kup, pri
ğŸ…	medaay, medaayu tÃ ggat-yaram
ğŸ¥‡	medaay, medaayu plaas 1, njÃ«kk, wurus
ğŸ¥ˆ	medaay, medaayu plaas 2, xaalis, Ã±aareel
ğŸ¥‰	medaay, medaayu plaas 3, pÃ«rÃ«m, Ã±atteel
âš½ï¸	bal, balu futbal, football, futbal
âš¾ï¸	bal, besbÃ³ol
ğŸ€	bal, basket, sersÃ³o
ğŸ	bal, po, wolebal
ğŸˆ	american, bal, futbal, futbalu amerik
ğŸ‰	bal, futbal, futbalu rigbi, rigbi
ğŸ¾	bal, raket, tenis
ğŸ³	bal, buliÅ‹, po
ğŸ	bal, po, powum kriket, yat
ğŸ‘	bal, hockey, hockey ci Ã±ax, po, teereÅ‹, yat
ğŸ’	glaas, hockey, hockey ci galaas, po, puk, yat
ğŸ“	bal, bat, dÃ³orukaay, ping pong, po, taabalu tenis
ğŸ¸	badminton, balu-badminton, birdie, po, raket
ğŸ¥Š	boksÃ«r, gaÅ‹u, gaÅ‹u boksÃ«r
ğŸ¥‹	aar marsiyoo, judo, karate, kimono, kimono defkatu aar, taekwondo
ğŸ¥…	caax, caaxu kaaÅ‹, kaaÅ‹
â›³ï¸	golf, pax, raaya ci pax
â›¸ï¸	glaas, patee, patee ci galaas
ğŸ£	bantu nappukaay, jÃ«n, pÃ³ol
ğŸ½	daw, dawkat, mbubu tÃ ggat-yaram, sash, sÃ«miis
ğŸ¿	nees, ski, skis
ğŸ›·	sareetu peer nowel, trenÃ³o
ğŸ¥Œ	po, rok, xeeru kÃ«rliÅ‹
ğŸ¯	bÃ«t, bÃ«tu nag, ci digg bi, dÃ³or bu jub, fett, jam, nag, po
ğŸ±	8, bal, biyaar, biyaar 8 bal, jurÃ³om Ã±att, po
ğŸ”®	bul, bulu kristaal, feem, jumtukaay, kristaal, lÃ©ebu fee, wÃ«rsÃ«g
ğŸ®ï¸	manet, po, powum wideo
ğŸ•¹ï¸	joystick, po, powu wideo
ğŸ°	masin, masinu xaalis, xaalis
ğŸ²	dee, deewu lido, faatu, po
â™ ï¸	kÃ rt, pikk yÃ©pp, po
â™¥ï¸	kÃ rt, kÃ«r yÃ©pp, po
â™¦ï¸	karo yÃ©pp, kÃ rt, po
â™£ï¸	kÃ rt, po, treefal yÃ©pp
ğŸƒ	jokeer, kÃ rt, po
ğŸ€„ï¸	dragon mahjong bu xonk, mahjong, po, xonk
ğŸ´	Sapone, fowe, fulÃ«r, kÃ rt, kÃ rti fulÃ«r, po
ğŸ­ï¸	art, def, mask, teyaatar, yÃ«ngu ci aar
ğŸ–¼ï¸	art, kaadar, muse, nataal, nataal buÃ± kaadare, pentiir
ğŸ¨	art, boolu pentiirukaay, muse, palette, pentiir
ğŸ‘“ï¸	bÃ«t, bÃ«tweer, linet, lunet, yÃ©ere
ğŸ•¶ï¸	bÃ«t, lunet, lÃ«ndÃ«m, nuwaarfime, weer
ğŸ‘”	karawaat, yÃ©ere
ğŸ‘•	sÃ«miis, tiset, yÃ©ere
ğŸ‘–	jiin, pÃ ntaloÅ‹, tubÃ«y, yÃ©ere
ğŸ§£	baat, kol
ğŸ§¤	gant, loxo
ğŸ§¥	jaket, mÃ ntÃ³o
ğŸ§¦	denc, kawas
ğŸ‘—	robbu, yÃ©ere
ğŸ‘˜	kimono, yÃ©ere
ğŸ‘™	bikini, fÃ©ey, yÃ©ere
ğŸ‘š	jigÃ©en, yÃ©ere, yÃ©ere jigÃ©en
ğŸ‘›	nafa, piyees, yÃ©ere
ğŸ‘œ	bag, nafa, saagu loxo, yÃ©ere
ğŸ‘	poos, poset, saag, yÃ©ere
ğŸ›ï¸	ndugg, otel, saag, saagu ndugg
ğŸ’	daara, saag, saagu ndongo daara, satchel
ğŸ‘	dÃ ll, dÃ llu gÃ³or, gÃ³or, yÃ©ere
ğŸ‘Ÿ	atletik, dÃ ll, dÃ llu daw, sneaker, yÃ©ere
ğŸ‘ 	dÃ ll, jigÃ©en, koket yu gudd, taloÅ‹, yÃ©ere
ğŸ‘¡	carax, caraxu jigÃ©en, dÃ ll, jigÃ©en, yÃ©ere
ğŸ‘¢	bot, botu jigÃ©Ã©en, dÃ ll, jigÃ©en, yÃ©ere
ğŸ‘‘	buur, kuron, lingeer, yÃ©ere
ğŸ‘’	jigÃ©en, mbaxane, mbaxane jigeen, yÃ©ere
ğŸ©	kaw, mbaxane, mbaxane joniwalkÃ«r, topmbaxane, yÃ©ere
ğŸ“ï¸	joxe-lijaasa, kap, mbaxane, mbaxane lijaasa, mÃ ggal, yÃ©ere
ğŸ§¢	kap, mbaxane baseball
â›‘ï¸	kanam, kruwaa, mbaxane, mbaxane-kaaraange, mbaxane-kaaraange wallukat, ndimbal
ğŸ“¿	cÃ q, diine, jaamukat, kurus, per, yÃ©ere
ğŸ’„	kosmetik, makiyaas, xonkal tuÃ±
ğŸ’	jaaro, jamaa
ğŸ’	gem, jamaa, takkaay, xeer wu seer
ğŸ”‡	cellaaral, noppi, oparlÃ«r buÃ± noppiloo, waxkat
ğŸ”ˆï¸	ndÃ nk, oparlÃ«r buy wax ndÃ nk
ğŸ”‰	oparlÃ«r bu xumbul noonu, yam
ğŸ”Š	oparlÃ«r bu xumbul lool, xumb
ğŸ“¢	baafal, dÃ«kkuwaayu Ã±Ã©pp, xumb
ğŸ“£	brawoo, megafon
ğŸ“¯	bataaxal, mbiibu, mbiibu bataaxal, post
ğŸ””	joolooli
ğŸ”•	bul, cellaaral, dÃ©et, joolooli, joolooli ak buum, luÃ± aaye, luÃ± tere, noppi
ğŸ¼	kle, kle misik, misik
ğŸµ	araf, arafu misik, misik
ğŸ¶	araf, araf yi, arafi misik, misik
ğŸ™ï¸	mikro, mikrofon, mikrofonu studio, misik, studio
ğŸšï¸	dayo, misik, xÃ jjalekaay, xÃ jjalekaayu dayo
ğŸ›ï¸	bitoÅ‹, bitoÅ‹u yokk/wÃ Ã±Ã±i, misik, yokk/wÃ Ã±Ã±i
ğŸ¤	karaoke, mikro, mikrofon
ğŸ§ï¸	ekutÃ«r, kasku misik
ğŸ“»ï¸	rajo, wideo
ğŸ·	jumtukaay, misik, saks, saksofon
ğŸ¸	gitaar, jumtukaay, misik
ğŸ¹	jumtukaay, klaawiyee, klawiyee misik, misik, piano
ğŸº	jumtukaay, misik, trompet
ğŸ»	jumtukaay, misik, violon
ğŸ¥	galaÃ±, misik, ndÃ«nd
ğŸ“±	portaabal, telefon, telefon portaabal
ğŸ“²	fett, jot, portaabal, telefon, telefon portaabal ak fett, woote
â˜ï¸	telefon
ğŸ“	kombine, kombine telefon, telefon
ğŸ“Ÿï¸	bipÃ«r
ğŸ“ 	faks, fakse
ğŸ”‹	batiri
ğŸ”Œ	bu-kuuraÅ‹, kuuraÅ‹, priis, priisu kuuraÅ‹
ğŸ’»ï¸	benn-nit, ordi portaabal, ordinatÃ«r, pc
ğŸ–¥ï¸	ordi-biro, ordi-biro ordinatÃ«r, ordinatÃ«r
ğŸ–¨ï¸	emprimaant, ordinatÃ«r
âŒ¨ï¸	klaawiyee, ordinatÃ«r
ğŸ–±ï¸	ordinatÃ«r, suuri ordinatÃ«r
ğŸ–²ï¸	ordinatÃ«r, trackball
ğŸ’½	bu-optik, disk, disk bu ndaw, disku ordi, ordinatÃ«r
ğŸ’¾	disk, disket, ordinatÃ«r
ğŸ’¿ï¸	bu-optik, cd, disk, disk optik, ordinatÃ«r
ğŸ“€	blu-ray, bu-optik, disk, dvd, ordinatÃ«r
ğŸ¥	filmu, kameraa filmu, nataalukaay, sinemaa
ğŸï¸	film, kaadar, kaadaru klise, klise, sinemaa
ğŸ“½ï¸	filmu, klise, prosektÃ«r, prosektÃ«r filmu, sinemaa, wideo
ğŸ¬ï¸	filmu, klapet
ğŸ“ºï¸	tele, wideo
ğŸ“·ï¸	nataalukaay, wideo
ğŸ“¸	flash, nataalukaay, nataalukaay bu Ã nd ak flaas, wideo
ğŸ“¹ï¸	kameraa wideo, nataalukaay wideo
ğŸ“¼	bÃ nk, kasetu wideo, vhs, wideo
ğŸ”	jumtukaay, lup bu fÃ©ete cÃ mmoÃ±, rÃ«yal, seet, weer
ğŸ”	jumtukaay, lup bu fÃ©ete ndijoor, rÃ«yal, seet, weer
ğŸ•¯ï¸	lÃ mp, sondeel
ğŸ’¡	bu-kuuraÅ‹, lÃ mp, reelu, xalaat, Ã mpul
ğŸ”¦	bu-kuuraÅ‹, jumtukaay, light, lÃ mp-tors
ğŸ®	laat, lÃ mp, lÃ ntern, lÃ ntern bu xonk, xonk
ğŸ“”	buÃ±-taaral, kubÃ©er, kÃ rne, kÃ rne bu Ã nd ak kubÃ©er gu rafet, tÃ©ere
ğŸ“•	buÃ± tÃ«j, tÃ©ere, tÃ©ere bu tÃ«ju
ğŸ“–	tÃ©ere, tÃ©ere bu ubbiku, ubbeeku
ğŸ“—	tÃ©ere, tÃ©ere bu wert, wert
ğŸ“˜	baxa, tÃ©ere, tÃ©ere bu baxa
ğŸ“™	oraas, tÃ©ere, tÃ©ere bu oraas
ğŸ“šï¸	tÃ©ere, tÃ©ere yi
ğŸ““	kÃ rne
ğŸ“’	kÃ rne, tÃ©ere bu rÃ«y
ğŸ“ƒ	kÃ«yit wuÃ± lem muus wi, lemu, wayndare, xÃ«t
ğŸ“œ	kÃ«yit, tawal
ğŸ“„	kanam gu tÃ©en, wayndare, xÃ«t
ğŸ“°	kÃ«yit, kÃ«yitu xibaar, xibaar
ğŸ—	kÃ«yit, kÃ«yitu xibaar, kÃ«yitu xibaar buÃ± lem, rolled, xibaar
ğŸ“‘	boole ci yi ma gÃ«nal, laf yi, xÃ mme, xÃ mme-tÃ©ere, xÃ mmekaay
ğŸ”–	xÃ mme, xÃ mme-tÃ©ere
ğŸ·ï¸	mÃ ndarga
ğŸ’°ï¸	dolaar, saagu xaalis, saak, xaalis
ğŸ’´	biye, biye yen, bÃ nk, koppar, xaalis, xaalisu kÃ«yit, yen
ğŸ’µ	biye, biye dolaar, bÃ nk, dollar, koppar, xaalis, xaalisu kÃ«yit
ğŸ’¶	biye, biye euro, bÃ nk, euro, koppar, xaalis, xaalisu kÃ«yit
ğŸ’·	biye, bÃ nk, koppar, piye pound, pound, xaalis, xaalisu kÃ«yit
ğŸ’¸	ay laaf, biye, bÃ nk, dollar, fly, xaalis, xaalis bu am ay laaf, xaalisu kÃ«yit
ğŸ’³ï¸	bÃ nk, keredi, kÃ rt, kÃ rtu keredi, xaalis
ğŸ’¹	bÃ nk, grafik, grafiku yen buy yÃ©eg, jÃ«m kaw, koppar, kurb, marse, mÃ gg, xaalis, xew, yen, yÃ©eg
âœ‰ï¸	bataaxal, imeel, mbaru-bataaxal
ğŸ“§	bataaxal, bataaxalu net, imeel
ğŸ“¨	bataaxal, buy Ã±Ã«w, imeel, jot, mbaru-bataaxal, mbaru-bataaxal biy Ã±Ã«w
ğŸ“©	bataaxal, fett, gÃ©nn, imeel, mbaru-bataaxal, mbaru-bataaxal, am fett, suuf, yÃ³nnee
ğŸ“¤ï¸	bataaxal, boyet, boyetu-yÃ³nne bataaxal, gÃ©nn-boyet, paÃ±e, yÃ³nnee
ğŸ“¥ï¸	bataaxal, boyet, boyetu-jot bataaxal, inbox, jot, paÃ±e
ğŸ“¦ï¸	boyet, paket, parsel
ğŸ“«ï¸	bataaxal, boyetu bataaxal, boyetu post, boyetu-bataaxal buÃ± tÃ«j, am raaya buÃ± yÃ«kkati, buÃ± tÃ«j
ğŸ“ªï¸	bataaxal, boyetu bataaxal, boyetu post, boyetu-bataaxal buÃ± tÃ«j, am raaya buÃ± wÃ cce, buÃ± tÃ«j, wÃ cce
ğŸ“¬ï¸	bataaxal, boyetu bataaxal, boyetu post, boyetu-bataaxal buÃ± ubbi, am raaya buÃ± yÃ«kkati, ubbeeku
ğŸ“­ï¸	bataaxal, boyetu bataaxal, boyetu post, boyetu-bataaxal buÃ± ubbi, am raaya buÃ± wÃ cce, lowexonk, ubbeeku
ğŸ“®	bataaxal, boyetu bataaxal, boyetu-leetar
ğŸ—³ï¸	boyet, boyetu-wote ak kÃ rtu-wote, kÃ rtu-wote
âœï¸	kreyoÅ‹
âœ’ï¸	bik, dik fÃ«tar, fÃ«tar
ğŸ–‹ï¸	bik, estilo, plim
ğŸ–Šï¸	bik, bik-sempal
ğŸ–Œï¸	borosu-pentiir, pentiir
ğŸ–ï¸	kreyoÅ‹ kulÃ«r
ğŸ“	karmat, kreyoÅ‹
ğŸ’¼	waliis wu ndaw
ğŸ“	taxaÃ±, Ã«mbu, Ã«mbu taxaÃ±
ğŸ“‚	taxaÃ±, ubbeeku, ubbi Ã«mbu taxaÃ±, Ã«mb
ğŸ—‚ï¸	kÃ rt, lim, xaajalekaay, xÃ jjalekaayu limu kÃ rt
ğŸ“…	arminaat, bis
ğŸ“†	arminaat, arminaatu xotti-kayit
ğŸ—’ï¸	am weÃ±, blok, bloknot bu am weÃ±, not
ğŸ—“ï¸	arminaat, arminaat bu am weÃ±, blok, bu am weÃ±
ğŸ“‡	kÃ rt, limu, limu kÃ«yit, rolodex
ğŸ“ˆ	grafik, grafik buy yÃ©eg, kurb, mÃ gg, xew, yÃ©eg
ğŸ“‰	grafik, kurb, suuf, tablo buy wÃ cci, xew
ğŸ“Š	grafik, jagraamu bÃ nd, kurb, laat
ğŸ“‹ï¸	klasÃ«ru kepp-kayit
ğŸ“Œ	pasarel, pinees
ğŸ“	bitoÅ‹ bu roÅ‹, pinees
ğŸ“	trombon
ğŸ–‡ï¸	lÃ«kkale, trombonu kÃ«yit yuÃ± lÃ«kkale, trombonu kÃ«yitu
ğŸ“	jub pegg, reegal, reegal bu jub
ğŸ“	def, reegal, reegal bu am jÃ«mmu triyÃ ngal, triyÃ ngal
âœ‚ï¸	dagg, jumtukaay, siso
ğŸ—ƒï¸	boyet, boyetu kÃ rtu taxaÃ±, kÃ rt, taxaÃ±
ğŸ—„ï¸	def taxaÃ±, taxaÃ±, tirwaar, tirwaaru taxaÃ±
ğŸ—‘ï¸	paÃ±e mbalit
ğŸ”’ï¸	tÃ«j naÃ±u ko, ub naÃ±u ko
ğŸ”“ï¸	caabi, tijji, tijji naÃ±u ko, ubbi
ğŸ”	bik, caabu, daa, fÃ«tar, suturlu, tÃ«j naÃ±u ko ak bik
ğŸ”	key, tÃ«j, tÃ«j naÃ±u ko, tÃ«j naÃ±u ko ak caabi, wÃ³or
ğŸ”‘	baatu-jÃ ll, caabi
ğŸ—ï¸	caabi, caabi ju yÃ gg, mÃ gget, tegtal
ğŸ”¨	jumtukaay, marto
â›ï¸	jumtukaay, miin, pik
âš’ï¸	jumtukaay, marto, marto ak pik, pik
ğŸ› ï¸	jumtukaay, kle, marto, marto ak kle
ğŸ—¡ï¸	ngÃ nnaay, paaka
âš”ï¸	bu am kruwaa, bu am kruwaa eppee, eppee, ngÃ nnaay
ğŸ”«	fetal, jumtukaay, ngÃ nnaay, pistole
ğŸ¹	Sagiteer, ark, ark bu Ã nd ak fett, fett, jumtukaay, ngÃ nnaay, sojak
ğŸ›¡ï¸	kiiraay, ngÃ nnaay
ğŸ”§	jumtukaay, kle
ğŸ”©	buloÅ‹, buloÅ‹ ak wiisam, jumtukaay, nut
âš™ï¸	jumtukaay, piÃ±oÅ‹
ğŸ—œï¸	jumtukaay, kompres, tÃ«naaj, wiis
âš–ï¸	balaas, balaasu peesekaay, jumtukaay, peese, sojak, yoon
ğŸ”—	lÃ«kkalekaay
â›“ï¸	ceen
âš—ï¸	alembik, jumtukaay, simi
ğŸ”¬	jumtukaay, mikroskop, xarala
ğŸ”­	jumtukaay, teleskop, xarala
ğŸ“¡	satelit, sukup, Ã nten, Ã ntenu satelit
ğŸ’‰	doktor, jam, jumtukaay, medsin, pikiir, puso, sik
ğŸ’Š	doktor, feebar, garab, medsin
ğŸšª	buntu
ğŸ›ï¸	lal, nelaw, otel
ğŸ›‹ï¸	kanape, kanape and lÃ mp, lÃ mp, otel
ğŸš½	wanag
ğŸš¿	duus, ndox
ğŸ›	beÃ±uwaar, sangu
ğŸ›’	ndugg, puus-puus, puus-puusu bagaas, sariyoo
ğŸš¬	sigaret, tox
âš°ï¸	dee, keesu-nÃ©ew
âš±ï¸	dee, dÃ«j, dÃ³omu-taal, urn, urnu dÃ«j
ğŸ—¿	estati, kanam, moai, moyai
ğŸ§	atm, bÃ nk, mÃ ndarga ATM, otomated, waxkat
ğŸš®	mbalit, mÃ ndarga mbalit ci pot, potu mbalit
ğŸš°	naan, ndox, ndox mu sell, sell
â™¿ï¸	jot, mÃ ndarga puus-puus
ğŸš¹ï¸	duus, gÃ³or, noppalukaay, nÃ©egu gÃ³or Ã±i, wc
ğŸšºï¸	duus, jigÃ©en, noppalukaay, nÃ©egu jigÃ©en Ã±i, wc
ğŸš»	WC, duus, noppalukaay, nÃ©egu noppalukaay
ğŸš¼ï¸	fomp, liir, mÃ ndarga liir
ğŸš¾	duus, ndox, noppalukaay, tuurukaayu ndox, wanag, wc
ğŸ›‚	paaspoor, xool, xool sa paaspoor
ğŸ›ƒ	duwaan
ğŸ›„	bagaas, laajte, laajte say bagaas
ğŸ›…	bagaas, bagaas yiÃ± bÃ yyi, lÃ kk, tÃ«jukaay
âš ï¸	moytul
ğŸš¸	jeggi, tali, xale, xale yi daÃ±u fiy jaar, Ã±iy dox
â›”ï¸	bu fi kenn dugg, bul, dugg, dÃ©et, luÃ± aaye, luÃ± tere, tali
ğŸš«	bul, daÃ±u koy tere, dugg, dÃ©et, luÃ± tere
ğŸš³	bu fi kenn dawal welo, bul, dÃ©et, luÃ± aaye, luÃ± tere, welo
ğŸš­ï¸	bu fi kenn tox, bul, dÃ©et, luÃ± aaye, luÃ± tere, tox
ğŸš¯	bu fi kenn sÃ nni mbalit, bul, dÃ©et, litter, luÃ± aaye, luÃ± tere
ğŸš±	bu sellul, ndox, ndox mii sellul, sellul
ğŸš·	bu kenn dox jaar fii, bul, dÃ©et, kiy dox, luÃ± aaye, luÃ± tere
ğŸ“µ	bul, daÃ±u fi tere portaabal, dÃ©et, luÃ± aaye, luÃ± tere, portaabal, telefon
ğŸ”	18, bul, dÃ©et, fukk ak jurÃ³om Ã±att, gune, ku amul 18 at bokkul, luÃ± aaye, luÃ± tere, tere-gune
â˜¢ï¸	mÃ ndarga, radioaktif
â˜£ï¸	mÃ ndarga, risku-bio
â¬†ï¸	fett, fettu kaw, gÃ nnaar, jubluwaay, kÃ rdinal
â†—ï¸	fett, fettu ndijooru kaw, interkÃ rdinal, jubluwaay, penku-gÃ nnaar
â¡ï¸	fett, fettu ndijoor, jubluwaay, kÃ rdinal, penku
â†˜ï¸	direction, fett, interkÃ rdinal, penku-gÃ njool, suuf-ndijoor fett
â¬‡ï¸	direction, fett, fettu suuf, gÃ njool, kÃ rdinal, suuf
â†™ï¸	fett, interkÃ rdinal, jubluwaay, sowwu-gÃ njool, suuf-cÃ mmoÃ± fett
â¬…ï¸	fett, fettu cÃ mmoÃ±, jubluwaay, kÃ rdinal, sowwu
â†–ï¸	direction, fett, fettu cÃ mmoÃ±u-kaw, interkÃ rdinal, sowwu-gÃ nnaar
â†•ï¸	fett, fettu suufu-kaw
â†”ï¸	fett, fettu cÃ mmoÃ±u-ndijoor
â†©ï¸	fett, fettu ndijoor lemoo cÃ mmoÃ±
â†ªï¸	fett, fettu cÃ mmoÃ± lemoo ndijoor
â¤´ï¸	fett, fettu ndijoor lemoo kaw
â¤µï¸	fett, fettu ndijoor lemoo suuf, suuf
ğŸ”ƒ	ci yoonu montar, fett, fett yu ci yoonu montar, yabaat
ğŸ”„	bitoÅ‹u fett yu juuyoo te safaan-montar, fett, juuyoo, safaan-montar, yoonal
ğŸ”™	fett, fettu DELLU, montar
ğŸ”š	fett, fettu JEEX, jeex
ğŸ”›	fett, fettu ci TAAL, mark, taal
ğŸ”œ	ci kanam, fett, fettu CI KANAM
ğŸ”	cat, fett, fettu COLLU, kaw
ğŸ›	barabu jaamukaay, diine, jaamu
âš›ï¸	atom, mÃ ndarga atom, yÃ©efar
ğŸ•‰ï¸	Endo, diine, om
âœ¡ï¸	Dawuda, Yawuut, biddeew, biddeew of Dawuda, diine
â˜¸ï¸	Buddhist, dharma, diine, pÃ«no, pÃ«no dharma
â˜¯ï¸	diine, tao, wu-tao, yang, yin, yin yang
âœï¸	KreceÅ‹, diine, kruwaa, kruwaa lateÅ‹
â˜¦ï¸	KreceÅ‹, diine, kruwaa, kruwaa ortodoks
â˜ªï¸	Jullit, biddeew ak weer, diine, islam
â˜®ï¸	jÃ mm, mÃ ndarga jÃ mm
ğŸ•	diine, menorah, sondeel, tegukaayu sondeel
ğŸ”¯	biddeew, biddÃ©ewu 6 car, wÃ«rsÃ«k
â™ˆï¸	Kuy, ram, sojak
â™‰ï¸	Nag wu gÃ³or, nag, sojak, yÃ©kk
â™Šï¸	JemÃ³o, ay seex, sojak
â™‹ï¸	KÃ Å‹seer, junxoob, sojak
â™Œï¸	Gaynde, lion, sojak
â™ï¸	Wiyerse, sojak
â™ï¸	Balaas, balaas, sojak, yoon
â™ï¸	EskorpiyoÅ‹, jiit, sojak
â™ï¸	Sajiteer, ark, sojak
â™‘ï¸	Kaprikorn, bÃ«y, sojak
â™’ï¸	WersÃ³o, ndox, sojak, yanukat
â™“ï¸	JÃ«n yi, jÃ«n, sojak
â›	U buÃ± baare, jaan, sojak, yanukat
ğŸ”€	bitoÅ‹u jaxase way yi, bu am kruwaa, fett
ğŸ”	baamtu, bitoÅ‹u baamtu, ci yoonu montar, fett
ğŸ”‚	benn-yoon, bitoÅ‹u benn baamtu, ci yoonu montar, fett
â–¶	bitoÅ‹u doxal, doxal, fett, ndijoor, triyangal
â©	bitoÅ‹u jÃ«male kanam gaaw, fett, gaaw, jÃ«male kanam, Ã±aarte
â­	bitoÅ‹u way wi topp, fett, seen bi ci topp, triyangal, way wi ci topp
â¯	bitoÅ‹u doxal wala taxawal, doxal, fett, ndijoor, taxawal, triyangal
â—€	bitoÅ‹u delloo ginaaw, cÃ mmoÃ±, delloo ginaaw, fett, triayangal
âª	bitoÅ‹u delloo ginaaw gaaw, delloo, fett, Ã±aarte
â®	bitoÅ‹u way wi mujj, fett, seen bi weesu, triayangal, way wi weesu
ğŸ”¼	bitoÅ‹, bitoÅ‹u yÃ©egal, fett, xonk
â«	bitoÅ‹u gaawal yÃ©egal, fett, Ã±aarte
ğŸ”½	bitoÅ‹, bitoÅ‹u wÃ cce, fett, suuf, xonk
â¬	bitoÅ‹u gaawal wÃ cce, fett, suuf, Ã±aarte
â¸ï¸	bitoÅ‹u taxawal, laat, taxaw, taxawal, Ã±aarte
â¹ï¸	bitoÅ‹u dakkal, dakkal, kaare
âºï¸	bitoÅ‹u enregistare, enregistare, serkal
âï¸	bitoÅ‹u gÃ©nne, gÃ©nne
ğŸ¦	film, kamera, klise, sinemaa
ğŸ”…	bitoÅ‹u lÃ«ndÃ«m, suufe, yam, yÃ njaay
ğŸ”†	bitoÅ‹u leeraay, yÃ nj, yÃ njaay
ğŸ“¶	baari reso, laat, portaabal, siÃ±aal, telefon, Ã nten
ğŸ“³	anam, anamu wiibrÃ«r, portaabal, telefon, wiibre
ğŸ“´	fay, portaabal, portaabal buÃ± fay, telefon
â™€ï¸	jigÃ©en, mÃ ndarga jigÃ©en
â™‚ï¸	gÃ³or, mÃ ndarga gÃ³or
âœ–ï¸	bÃ yyi, fuul, x, x fuul bu rÃ«y
â•	mat, mÃ ndargay yokk bu rÃ«y, yokk
â–	mat, mÃ ndargay wÃ Ã±Ã±i bu rÃ«y, wÃ Ã±Ã±i
â—	diwise, mat, mÃ ndargay xaajale bu rÃ«y
â€¼ï¸	bangbang, esklamaasiyoÅ‹, mÃ ndarga, tomb, Ã±aarte mÃ ndarga esklamaasiyoÅ‹
â‰ï¸	esklamaasiyoÅ‹, interrobang, laajte, mÃ ndarga, mÃ ndarga esklamaasiyoÅ‹ laajte, tomb
â“ï¸	laajte, mÃ ndarga, tomb, tombu laajte
â”	fÃ«sal, laajte, mÃ ndarga, tomb, tombu laajte bu weex
â•	esklamaasiyoÅ‹, fÃ«sal, mÃ ndarga, tomb, tombu esklamaasiyoÅ‹ bu weex
â—ï¸	esklamaasiyoÅ‹, mÃ ndarga, tomb, tombu esklamaasiyoÅ‹
ã€°ï¸	ondule, tiire, tiire ondule, tomb
ğŸ’±	bÃ nk, koppar, wecci, wecci koppar, xaalis
ğŸ’²	dolaar, koppar, mÃ ndarga dolaar bu dijj, xaalis
âš•ï¸	eskalapuus, liggÃ©eykat, medsin, mÃ ndarga medsin
â™»ï¸	defaraat, mÃ ndarga defaraat
âšœ	flÃ«ru-lis
ğŸ”±	bato, jumtukaay, raaya, serukaay, xeeju Ã±atti bopp, Ã±atti-fett
ğŸ“›	badsu, badsu tur, tur
ğŸ”°	Sapone, gÃ«m, jumtukaay, mboq, mÃ ndarga sapone, soog a door, tÃ mbalikat, wert, xob
â­•ï¸	o, sarkal bu rÃ«y te diis, serkal
âœ…	marke, mÃ ndarga nangu bu weex te rÃ«y, xÃ mme
â˜‘ï¸	boyet, kaas, kaasu boyet ak xÃ mme, xÃ mme
âœ”ï¸	marke, mÃ ndarga nangu bu rÃ«y, xÃ mme
âŒ	fuul, kruwaa, mÃ ndarga, x
â	bitoÅ‹ kruwaa, kaare, mÃ ndarga
â°	buum gu lemu benn yoon, lemu, loop
â¿	buukal, buum gu lemu Ã±aari yoon, lemu, Ã±aarte
ã€½ï¸	mÃ ndarga, mÃ ndarga beneen wÃ ll, wÃ ll
âœ³ï¸	asterisk, asterisk bu 8 car
âœ´ï¸	biddeew, biddeewu 8 cat
â‡ï¸	eklaa
Â©ï¸	Ã qu moomeel
Â®ï¸	bindu na
â„¢ï¸	mÃ ndarga, tm, turu liggÃ©ey, turu-liggÃ©ey
ğŸ” 	ABCD, bataaxal, lateÅ‹, majiskil, mbind, mbind lateÅ‹, majiskil
ğŸ”¡	abcd, bataaxal, lateÅ‹, mbind, mbind lateÅ‹, miniskil, miniskil
ğŸ”¢	1234, mbind, mbindu nimero, numero
ğŸ”£	mbind, mÃ ndargay mbind, ã€’â™ª&%
ğŸ”¤	abc, alfabet, arafi mbindu lateÅ‹, bataaxal, lateÅ‹, mbind
ğŸ…°ï¸	a, bitoÅ‹u A (xeetu deret), xeet deret
ğŸ†	ab, bitoÅ‹u AB (xeetu deret), xeetu deret
ğŸ…±ï¸	b, bitoÅ‹u B (xeetu deret), xeetu deret
ğŸ†‘	bitoÅ‹u CL, cl
ğŸ†’	bitoÅ‹u KUUL, sedd
ğŸ†“	amul fay, bitoÅ‹u AMUL FAY
â„¹ï¸	i, info (xibaar)
ğŸ†”	bitoÅ‹u ID (dÃ ntite), dÃ ntite, id
â“‚ï¸	M bu wÃ«rale serkal, m, wÃ«rale serkal
ğŸ†•	bees, bitoÅ‹u BEES
ğŸ†–	bitoÅ‹u NG, ng
ğŸ…¾ï¸	bitoÅ‹ O (xeetu deret), o, xeetu deret
ğŸ†—	bitoÅ‹u waaw-kay, waaw-kay
ğŸ…¿ï¸	bitoÅ‹u P, gaare
ğŸ†˜	bitoÅ‹u WALLU, ndimbal, wallu
ğŸ†™	bitoÅ‹u YEEGAL, kaw, xÃ mme
ğŸ†š	bitoÅ‹u daje, daje ak, vs
ğŸˆ	"fii", Sapone, bitoÅ‹u "fii" bu sapoÅ‹, katakana, ã‚³ã‚³
ğŸˆ‚ï¸	"fay cÃ«r", Sapone, bitoÅ‹u "dafa am juuti" bu sapoÅ‹, katakana, ã‚µ
ğŸˆ·	"lu Ã±uy fay weer", Sapone, bitoÅ‹u sapone "lu Ã±uy fay weer", ideograf, æœˆ
ğŸˆ¶	"dafa am juuti", Sapone, bitoÅ‹u sapone "dafa am juuti", ideograf, æœ‰
ğŸˆ¯	"amna boroom", Sapone, bitoÅ‹u "amna boroom" bu sapoÅ‹, ideograf, æŒ‡
ğŸ‰	"waxaale", Sapone, bitoÅ‹u "waxaale" bu sapoÅ‹, ideograf, å¾—
ğŸˆ¹	"wÃ Ã±Ã±i", Sapone, bitoÅ‹u "wÃ Ã±Ã±i" bu sapoÅ‹, ideograf, å‰²
ğŸˆš	"amul juuti", Sapone, bitoÅ‹u "amul juuti" bu sapoÅ‹, ideograf, ç„¡
ğŸˆ²	"daÃ±u koy tere", Sapone, bitoÅ‹u "daÃ±u koy tere" bu sapoÅ‹, ideograf, ç¦
ğŸ‰‘	"mÃ«n naÃ±u ko nangu", Sapone, bitoÅ‹u "terewu Ã±u ko" bu sapoÅ‹, ideograf, å¯
ğŸˆ¸	"jÃ«fekaay", Sapone, bitoÅ‹u "jÃ«fekaay" bu sapoÅ‹, ideograf, ç”³
ğŸˆ´	"paase klaas", Sapone, bitoÅ‹u "jÃ ll klaas" bu sapoÅ‹, ideograf, åˆ
ğŸˆ³	"fÃ©exna", Sapone, bitoÅ‹u "wakaas" bu sapoÅ‹, ideograf, ç©º
ãŠ—ï¸	"ndokkale", Sapone, bitoÅ‹u "ndokkale" bu sapoÅ‹, ideograf, ç¥
ãŠ™ï¸	"sekkere", Sapone, bitoÅ‹u "sekkere" bu sapoÅ‹, ideograf, ç§˜
ğŸˆº	"ubbi ngir liggÃ©ey", Sapone, bitoÅ‹ "ku bÃ«gg liggÃ©ey" bu sapoÅ‹, ideograf, å–¶
ğŸˆµ	"fÃ©exul", Sapone, bitoÅ‹u "amul wakaas" bu sapoÅ‹, ideograf, æº€
ğŸ”´	serkal, serkal xonk, wu-geometri, xonk
ğŸ”µ	baxa, serkal, serkal baxa, wu-geometri
âš«ï¸	serkal, serkal Ã±uul, wu-geometri
âšªï¸	serkal, serkal bu weex, wu-geometri
â¬›ï¸	bu-geometri, kaare, kaare bu rÃ«y te Ã±uul
â¬œï¸	bu-geometri, kaare, kaare bu rÃ«y te weex
â—¼ï¸	bu-geometri, kaare, kaare bu yam te Ã±uul
â—»ï¸	bu-geometri, kaare, kaare bu yam te weex
â—¾ï¸	bu-geometri, kaare, kaare yam-ndaw te Ã±uul
â—½ï¸	bu-geometri, kaare, kaare yam-ndaw te weex
â–ªï¸	bu-geometri, kaare, kaare bu ndaw te Ã±uul
â–«ï¸	bu-geometri, kaare, kaare bu ndaw te weex
ğŸ”¶	karo, karo rÃ«y oraas, oraas, wu-geometri
ğŸ”·	baxa, karo, karo rÃ«y baxa, wu-geometri
ğŸ”¸	karo, karo ndaw oraas, oraas, wu-geometri
ğŸ”¹	baxa, karo, karo ndaw baxa, wu-geometri
ğŸ”º	wu-geometri, xonk, xonk, tri-Ã ngal, buÃ± defal tomb
ğŸ”»	suuf, tri-Ã ngal xonk muuse jÃ«m suuf, wu-geometri, xonk
ğŸ’ 	ci biir, karo, karo bu Ã nd ak tomb, reelu, wu-geometri
ğŸ”˜	bitoÅ‹, bitoÅ‹u rajo, radio, wu-geometri
ğŸ”³	bitoÅ‹, bitoÅ‹u kaare bu weex, fÃ«sal, kaare, wu-geometri
ğŸ”²	bitoÅ‹, bitoÅ‹u kaare Ã±uul, kaare, wu-geometri
ğŸ	karo damiye, kursu, raaya bu am karo damiye
ğŸš©	post, raaya am jÃ«mmu tri-yÃ ngal
ğŸŒ	Sapone, bu am kruwaa, kruwaa, mÃ ggal, raaya yu fÃ©ewaloo
ğŸ´	buÃ± tÃ llal, raaya bu Ã±uul
ğŸ³ï¸	buÃ± tÃ llal, raaya bu weex
ğŸ³â€ğŸŒˆ	raaya xon, xon
Â¤	Xaalis buÃ± Xamul
ğŸ»	xeesaayu der, xeesaayu der bu woyof, xeet 1â€“2
ğŸ¼	xeesaayu der, xeesaayu der bu xeereer, xeet 3
ğŸ½	xeesaayu der, xeesaayu der bu yam, xeet 4
ğŸ¾	xeesaayu der, xeesaayu der bu xawa Ã±uul, xeet 5
ğŸ¿	xeesaayu der, xeesaayu der bu Ã±uul, xeet 6
