โพ	apแปju
โฝ	interrobang
โธ	itแปju
โ	asterism
๐	Ojรบ tรณ rแบนฬrรฌn, fแบนyรญn, ojรบ
๐	Ojรบ tรณ rแบนฬrรฌn Pแบนฬlรบ แบธnu Lรญlร sรญlแบนฬ, ojรบ, rแบนฬrรฌล mรบsแบนฬ, แนฃรญ, แบนnu
๐	ojรบ, ojรบ tรณ ล rแบนฬrรฌล mรบsแบนฬ pแบนฬlรบ แบนnu lรญlร sรญlแบนฬ รti แบนyinjรบ tรณ ล rkrรฌล mรบsแบนฬ, rแบนฬrรฌล mรบsแบนฬ, แนฃรญ, แบนnu, แบนyinjรบ
๐	Ojรบ tรณ fแบนyรญn pแบนฬlรบ แบธyinjรบ tรณ rแบนฬrรฌn mรบsแบนฬ, fแบนyรญn, ojรบ, rแบนฬrรฌn mรบsแบนฬ, แบนyinjรบ
๐	ojรบ, ojรบ tรณ ล rแบนฬrรฌล mรบsแบนฬ pแบนฬlรบ แบนnu lรญlร sรญlแบนฬ รti รฒรณgรนn tรบtรน, rแบนฬrรฌล mรบsแบนฬ, รฌtแบนฬlarรนn, แบนnu, แบนฬrรญn
๐	ojรบ, ojรบ tรณ ล rแบนฬrรฌล pแบนฬlรบ แบนnu lรญlร sรญlแบนฬ รti รฒรณgรนn, rแบนฬrรฌล mรบsแบนฬ, รฒtรบtรน, รฒรณgรนn, แนฃรญ
๐คฃ	Yรญyรญ nรญ ilแบนฬnlแบนฬ tรบn rแบนฬrรฌn, ilแบนฬ, ojรบ, rแบนฬrรฌล, yรญyรญ
๐	Ojรบ pแบนฬlรบ แบนkรบn ayแปฬ, ojรบ, รyแปฬ, แบนkรบn, แบนฬrรญn
๐	Oju Ti O N Rแบนrin Muแนฃแบนn, ojรบ, rแบนฬrรญn mรบsแบนฬ
๐	Oju Ti O Rแป walแบน, dojรบ kodรฒ, ojรบ
๐	Ojรบ tรณ แนฃแบนฬjรน, ojรบ, แนฃแบนฬjรบ
๐	Ojรบ tรณ rแบนฬrรฌn Mรบsแบนฬ Pแบนฬlรบ แบธyinjรบ tรณ rแบนฬrรฌn Mรบsแบนฬ, ojรบ, rแบนฬrรฌล mรบsแบนฬ, rแบนฬrรฌล รฌtรฌjรน, แบนyinjรบ
๐	Oju แบธrin Ati Bawo, alรกรฌแนฃแบนฬ, bรกwo, ojรบ, rแบนฬrรฌn mรบsแบนฬ, รla fรบ แปmแปdรฉ, รlรก, รลgแบนฬlรฌ
๐	Oju Ti O N Rแบนrin Pแบนlu awแปn oju แปkan, ojรบ, rแบนฬrรฌn mรบsแบนฬ, รฌfแบนฬ, แบนyinjรบ
๐คฉ	Pรญpa pรจฬฉlรบ รฌrรwแปฬ, Rแบนฬrรฌn-รญn รฌyรlรฉฬฉnu, ojรบ, รฌrรwแปฬ, แบนyinjรบ
๐	Oju Ti O N Fแบน Ifแบนnuko, ojรบ, รฌfแบนnukonu
๐	Ojรบ tรณ Fแบนnuko แบนnu, ojรบ, รฌfแบนnukonu
โบ๏ธ	ojรบ, ojรบ tรณ ล rแบนฬrรฌล mรบsแบนฬ, rแบนฬrรฌล mรบsแบนฬ, รฌgbafแบนฬ, รฌlรnร
๐	Oju Ti O N Fแบนnuko Pแบนlu Awแปn Oju didi, ojรบ, ti padรฉ, รฌfแบนnukonu, แบนyinjรบ
๐	Ojรบ tรณ Fแบนnuko แบนnu Pแบนฬlรบ แบธyinjรบ tแป rแบนฬrรฌn Mรบsแบนฬ, ojรบ, rแบนฬrรฌล mรบsแบนฬ, รฌfแบนnukonu, แบนyinjรบ
๐	Oju Ti O N jแบน Ounjแบน Aladidun, alรกdรญdรนn, jรญjแบน alรกdรญdรนn, ojรบ, rแบนฬrรฌล mรบsแบนฬ, um, yum
๐	Oju Ti Ahแปn Ti O Yแป Sita, ahแปฬn, ojรบ
๐	ahแปฬn, ojรบ, ojรบ pแบนฬlรบ ahแปฬn lรญlร sรญlแบนฬ รti แบนyinjรบ tรญ ล แนฃแบนฬjรบ, yแบนฬyแบนฬ, แนฃแบนฬjรบ, แบนyinjรบ
๐คช	Nlรก, Ojรบ aแนฃiwรจrรจ, kรฉkerรฉ, ojรบ
๐	ahแปฬn, burรบjรน, ojรบ, ojรบ pแบนฬlรบ ahแปฬn lรญlร sรญlแบนฬ รti แบนyinjรบ tรณ padรฉ, รฌtแปฬwรฒ, แบนyinjรบ
๐ค	Oju แบธnu owo, ojรบ, owรณ, แบนnu
๐ค	fanimแปฬra, oju Ti O fanimแปra, ojรบ
๐คญ	Ikรณฬฉ, Ojรบ tรก fแปwแปฬ bo แบนnu
๐คซ	Ojรบ tรณ sรนpรฒฬฉ, dรกkแบนฬ, panu mแปฬ
๐ค	Ojรบ tรณ Ronรบ, ojรบ, ลronรบ
๐ค	Oju แบธni Ti A Tipa, ojรบ, tรฌpa, แบนnu
๐คจ	Onรญyรจmรฉjรฌ, รrun ojรบ ta gbรฉ sรณkรจ, รรฌgbรgbแปฬ
๐๏ธ	Ojรบ รbรญรฌbรญ, ojรบ, รรกrรญn, รรฌpani lแบนฬrรฌล
๐	Oju Ti Ko Fanimแปra, ojรบ, รรฌfanimแปฬra, รรฌlรจ sแปฬrแปฬ, รรฌlรจsแปฬrแปฬ
๐ถ	Ojรบ tรญ kรฒ nรญ แบธnu, dรกkรฉ, ojรบ, แบนnu
๐	Oju แบธrin Abosi, ojรบ, rแบนฬrรญn รbรฒsรญ
๐	Oju Aifanimแปra, ojรบ, รรฌdunรบ, รรฌfanimแปฬra
๐	Ojรบ Pแบนฬlรบ แบธyinjรบ tรณ yรญn, ojรบ, tรณ yรญn, รwแปn แบนyinjรบ
๐ฌ	Oju Ifaro, ojรบ, รฌfaro
๐คฅ	Oju Irแป, irแปฬ, ojรบ, onรญmรบ gรญgรนn
๐	Oju Itura, ojรบ, รฌtura
๐	Oju Ironu, jรกkulแบนฬ, ojรบ, รฌpรฒruru
๐ช	Oju Iloorun, ojรบ, sรนn
๐คค	adatแป, oju adatแป, ojรบ
๐ด	Oju Ti O N Sun, ojรบ, sss, sรนn
๐ท	Oju Pแบนlu Iboju Iแนฃoogun, dรณkรญtร, ojรบ, otรบtรน, รรกrแบนฬ, รฌbรฒjรบ, รฒgรนn
๐ค	oju pแบนlu oแนฃuwแปn igbona, ojรบ, รรกrแบนฬ, รฌlera, รฒแนฃรนwแปฬn รฌgbรณnรก
๐ค	Oju Pแบนlu Ori ti a de Lแปja, egbรฒ, farapa, ojรบ, รฌdรฌ
๐คข	Oju Ailera, ojรบ, รรฌlera, รจรฉbรฌ
๐คฎ	รรฉbรฌ ajแบนmแปฬjรบ, รรฌsรn, รจรฉbรฌ
๐คง	Oju Sinsin, gesundheit, ojรบ, sรญn
๐ต	Oju Itoogbe, itoogbe, ojรบ
๐คฏ	Orรญ tรณ bรบ gbรmรน, รjayร
๐ค	Oju Fila Adaran, adaran, fรฌlร, obรฌnrin แบนlแบนฬแนฃin, ojรบ
๐	Oju Ti O N Rแบนrin Pแบนlu Digi Oju, mแปฬlแบนฬ, ojรบ, rแบนฬrรฌล mรบsแบนฬ, tutรน, รwแปn gรญlรกsรฌ, รwแปn gรญlรกsรฌ รฒrรนn, รฌbojรบ, รฒrรนn, แบนyinjรบ
๐ค	Oju แปmแปwe Ti Ko Jafafa, ojรบ, แปฬmแปฬwรฉ, แปฬmแปฬwรฉ tรญ kรฒ jรกfรกfรก
๐ง	Ojรบ tรณ sรบnkรฌ, Sรญtแปฬfรฌ
๐	Oju Iporuru, iporuru, ojรบ
๐	Oju Idamu, ojรบ, รฌdรmรบ
๐	Oju Ifajuro Diแบน, fajรบro, ojรบ
โน๏ธ	fajรบro, ojรบ, ojรบ tรณ fajรบro
๐ฎ	Oju Pแบนlu แบธnu Lila, kแบนฬdรนn, ojรบ, แนฃรญ, แบนnu
๐ฏ	Oju Idakแบนjแบน, dรกkแบนฬjแบนฬ, ojรบ, รฌyรlแบนฬnu
๐ฒ	ojรบ, ojรบ รฌyalแบนnu, pรกtรกpรกtรก, รฌpalรกyร, รฌyรlแบนฬnu
๐ณ	Oju Idunnu, ojรบ, yรlแบนฬnu, รฌdรนnรบ
๐ฆ	Oju Ti o Faro Pแบนlu แบธnu lila silแบน, fajรบro, ojรบ, แนฃรญ, แบนnu
๐ง	ojรบ, ojรบ รฌrora, รฌrora
๐จ	Oju แบธru, ojรบ, รฌbแบนฬrรน
๐ฐ	bรบlรน, ojรบ, ojรบ pแบนฬlรบ แบนnu lรญlร sรญlแบนฬ รti รฒรณgรนn tรบtรน, sรกrรฉ, tรบtรน, รฒรณgรนn, แนฃรญ, แบนnu
๐ฅ	Oju Ijakulแบน แนขugbแปn Itura, hmmm, ojรบ, รฌjรกkulแบนฬ, รฌtura
๐ข	Oju แบธkun, ojรบ, รฌbรnรบjแบน, แบนkรบn
๐ญ	Oju Ti n Sunkun Gidi, ojรบ, sunkรบn, รฌbรnรบjแบน, แบนkรบn
๐ฑ	Oju Fifi แบธru han an, bแบนฬrรน, han, jแบน, ojรบ, รฌbแบนฬrรน
๐	Oju Itiju, itiju, ojรบ
๐ฃ	Oju Ifarada, ojรบ, รฌfaradร
๐	ojรบ, ojรบ รฌjakulแบนฬ, รฌjakulแบน
๐	Oju Pแบนlu Ilaagun Tutu, ojรบ, รฒtรบtรน, รฒรณgรนn
๐ฉ	Oju Ti o Rแบนฬ, ojรบ, rรญrแบนฬ
๐ซ	Oju Rirแบน, ojรบ, rรญrแบนฬ
๐ค	Oju Pแบนlu Ikun Nimu, ojรบ, yege, รฌjagunmรณlรบ
๐ก	Oju Iyaahan, bรญnรบ, ojรบ, yรnhรn
๐	Oju Ibinu, bรญnรบ, ojรบ, รฌbรญnรบ
๐คฌ	bรญbรบra, รmรฌ ojรบ tรณ rรฉkแปjรก แบนnu
๐	Oju แบธrin Pแบนlu Awแปn Iho, ojรบ, rแบนฬrรฌn mรบsแบนฬ, รlรก, รฌtรn แปmแปdรฉ, รฌwo
๐ฟ	Oju Ibinu Pแบนlu Iho, imp, ojรบ, รlรก, รจแนฃรน, รฌtรn แปmแปdรฉ, แบนแนฃรน
๐	Ipakแป, abรmรฌ, ikรบ, ojรบ, รฌtรกn แปmแปdรฉ
โ๏ธ	ikรบ, ojรบ, รwแปn egun รgbรฉlรฉbรน, รฌpรkแปฬ, รฌpรkแปฬ รti รwแปn egun รgbรฉlรฉbรน
๐ฉ	Okiti Igbแบน, abรmรฌ, apanilแบนฬrรฌล, ojรบ, รฌgbแบนฬ, รฒgรนn
๐คก	apanilแบนrin, ojรบ, ojรบ apanilแบนrin
๐น	Omiran Ajแบนniyan, abรmรฌ, ojรบ, รlรก, รฌtรn แปmแปdรฉ, แบนฬdรก
๐บ	abรmรฌ, abรmรฌ arรrรก, ojรบ, รlรก, รฌtรn แปmแปdรฉ, แบนฬdรก
๐ป	abรmรฌ, ojรบ, รlรก, รฌtรn แปmแปdรฉ, รฒkรบ, แบนฬdรก
๐ฝ๏ธ	ojรบ, ufo, รbรmรฌ, รjรฒjรฌ, รlรก, รฌtรn แปmแปdรฉ, แบนฬdรก
๐พ	ojรบ, ufo, รjรฒjรฌ Abami, รbรmรฌ, รjรฒjรฌ, รlรก, รฌtรn แปmแปdรฉ, แบนฬdรก
๐ค	Oju แนขigidi, abรmรฌ, ojรบ, แนฃรฌgรฌdรฌ
๐บ	Oju Arแบนrin Ologbo Pแบนlu แบธnu Yiya, ojรบ, olรณngbรฒ, rแบนฬrรฌล mรบsแบนฬ, แนฃรญ, แบนnu
๐ธ	Oju Ibinu Ologbo Pแบนlu Awแปn Oju Arแบนrin, fแบนyรญn, ojรบ, olรณngbรฒ, rแบนฬrรฌn mรบsแบนฬ
๐น	Oju Ologbo Pแบนlu แบธkun Ayแป, ayแปฬ, ojรบ, olรณngbรฒ, แบนkรบn
๐ป	Oju Arแบนrin Ologbo Pแบนlu Oju-แปkan, ojรบ, olรณngbรฒ, rแบนฬrรฌn mรบsแบนฬ, รฌfแบนฬ, แบนyinjรบ
๐ผ	Oju Ologbo Pแบนlu แบธrin Afiniแนฃแบนsin, alรกรฌrรญbรณแนฃeyแบน, ojรบ, olรณngbรฒ, rแบนฬrรฌล mรบsแบนฬ, แนฃแบนฬsรญn
๐ฝ	Oju Ologbo Afแบนnukonu Pแบนlu Awแปn Oju Didi, olรณngbรฒ, รฌfenukonu, แบนyinjรบ
๐	Oju Ologbo Ti o Rแบน, haa, ojรบ, olรณngbรฒ, rรญrแบนฬ, รฌyรlแบนฬnu
๐ฟ	Oju แบธkun Ologbo, ojรบ, olรณngbรฒ, รฌbรnรบjแบนฬ, แบนkรบn
๐พ	Oju Ete Ologbo, ojรบ, olรณngbo, แนฃu รจtรจ sรญta
๐	ojรบ, rรกrรก, wรฒรณ, รจwแปฬ, รจแนฃรน, รฌfแปwแปฬjรบwรจ, แปbแป Mari Ibi, แปฬbแป
๐	gbแปฬ, ojรบ, rรกrรก, รจwแปฬ, รจแนฃรน, รฌfแปwแปฬjรบwรจ, แปbแป Magbแป Ibi
๐	ojรบ, rรกrรก, sแปฬrแปฬ, รจwแปฬ, รจแนฃรน, รฌfแปwแปฬjรบwรจ, แปbแป Masแป ibi, แปฬbแป
๐	Aami Ifแบนnuko, fแบนnukonu, รจtรจ
๐	Lแบนta Ifแบน, lแบนฬtร, mรฉรจlรฌ, รฌfแบนฬ, แปkรn
๐	แปkan Ti o Ni แปfa, แปfร, แปmแป แปlแปฬfร
๐	rรญbแปฬnรฌ รyรกjแปฬ olรณlรนfแบนฬ, แปkan Pแบนlu Riboni
๐	dunรบ, dรกn, แปkan Didan
๐	bแบนฬrรน, dunรบ, dรgbร, แนฃแปkรนlรบ, แปkan Didagba
๐	mรญmรญ, mรญmรญ แปkรn, แปkan Ti O N Mi
๐	yรญyรญ, แปkan Ti O N Yi
๐	Awแปn แปkan Meji, รฌfแบนฬ
๐	แปkan Ti A แนขe Lแปแนฃแป, แปkรn
โฃ๏ธ	รmรฌ, รmรฌ รฌyanu, รmรฌ รฌyanรบ แปkรn tรณ wรบwo, รฌfรmรฌsรญ
๐	Ibanujแบน แปkan, kรกn, ti kรกn
โค๏ธ	แปkรn, แปkรn pupa
๐งก	alรกwแปฬ แปsรn, แปlakรn แปsรn
๐	yแบนฬlรฒ, แปkan Awแป Ofeefe
๐	รwแปฬ ewรฉ, แปkan Awแป Ewe
๐	bรบlรน, แปkan Bulu
๐	pแปฬpรน, แปkan Awแป Pแปpu
๐ค	dรบdรบ, รจแนฃรน, รฌkร, แปkรn Dรบdรบ
๐ฏ	100, koko แปgแปrun, kรบn, รฌแนฃirรฒ, แปgแปฬrรนn
๐ข	bรญnรบ, รmรฌ Ibinu, รwรdร
๐ฅ	Ikแปlu, bรณรฒmรน, รwรdร
๐ซ	Itoogbe, รwรdร, รฌrรwแปฬ
๐ฆ	Ilaagun Ti N kan, tami, รwรdร, รฒรณgรนn
๐จ	N Salแป, dรกรแนฃรฌ, รwรdร, ล sรกrรฉ
๐ณ๏ธ	ihรฒ
๐ฃ๏ธ	Bแปmbu, รwรdร
๐ฌ	Bรlรบnรน แปฬrแปฬ Sรญsแป, bรlรบ, รdรlรบ, รwรdร, รฌtรkรนrแปฬsแป, แปฬrแปฬ
๐โ๐จ	bรlรบ แปฬrแปฬ, eyinjรบ, ojรบ nรญ รlรบ แปฬrแปฬ, แบนlรฉri
๐จ๏ธ	bรlรบnรน แปฬrแปฬ sรญsแป รฒsรฌ, รฌtรkรนrแปฬsแป, แปฬrแปฬ
๐ฏ๏ธ	bรlรบnรน, bรlรบnรน แปฬrแปฬ sรญsแป แปฬtรบn, bรญnรบ, รdรlรบ
๐ญ	Bรlรบnรน Ero, bรlรบnรน, รdรlรบ, รwรdร, รจrรฒ
๐ค	Zzz, sรนn, รwรdร
๐	N Juwแป, juwแปฬ, ล juwแปฬ, แปwแปฬ
๐ค	Na แบธhin แปwแป Soke, nร sรณkรจ, แบนฬyรฌn แปwแปฬ
๐๏ธ	nawแปฬ sรณkรจ pแบนฬlรบ รฌyรka, yรka, รฌka, แปwแปฬ
โ	แปwแป Nina Soke, แปwแปฬ
๐	Kiki Ibแบนri Funni, spock, vulcan, รฌka, แปwแปฬ
๐	รDรRA, แปwแป ODARA, แปwแปฬ
โ๏ธ	aแนฃeyแปrรญ, aแนฃeyแปrรญ แปwแปฬ, v, แปwแปฬ
๐ค	Igbekalera, dรกbรนรบ, orรญrere, รฌka, แปwแปฬ
๐ค	ILY, รฌfแปwแปฬjรบwรจ mo nรญ รฌfแบนฬ, แปwแปฬ
๐ค	19900, Aami Awแปn Iwo, รฌka, รฌwo, แปwแปฬ
๐ค	รฌpรจ, แปwแป Ipeni, แปwแปฬ
๐๏ธ	รฌka, รฌka kรฉkerรฉ, แบธyin แปwแป Ti O Tแปka Si Apa Osi, แบนฬyรฌn แปwแปฬ, แปwแปฬ, แปฬgรกngรกn
๐๏ธ	รฌka, รฌka kรฉkerรฉ, แบธyin แปwแป Ti O Tแปka Si Apa แปtun, แบนฬyรฌn แปwแปฬ, แปwแปฬ, แปฬgรกngรกn
๐๏ธ	sรณkรจ, tแปฬka, รฌka, รฌka kรฉkerรฉ, แบธyin แปwแป Ti O Tแปka Si Oke, แบนฬyรฌn แปwแปฬ, แปwแปฬ
๐	รฌka, รฌka รรกrรญn, แปwแปฬ
๐๏ธ	tแปฬka, รฌka, รฌka kรฉkerรฉ, รฌsรlแบนฬ, แบธyin แปwแป Ti O Tแปka Si Isalแบน, แบนฬyรฌn แปwแปฬ, แปwแปฬ
โ๏ธ	sรณkรจ, tแปฬka, รฌka, รฌka kรฉkerรฉ, รฌka kรฉkerรฉ tรญ ล tแปฬka sรณkรจ, แปwแปฬ
๐๏ธ	+1, Atanpako Loke, รtรnpรkรฒ, รฒkรจ, แปwแปฬ
๐๏ธ	-1, Atanpako Nisalแบน, รtรnpรkรฒ, รฌsรlแบนฬ, แปwแปฬ
โ	Naแนฃแบน Soke, fรบn แปwแปฬ pแปฬ, รฌแนฃแบนฬ, รฒwแปฬ แบนฬแนฃแบนฬ
๐	fรบn แปwแปฬ pแปฬ, รฌแนฃแบนฬ, รฒwแปฬ แบนฬแนฃแบนฬ, แบธแนฃแบน Ti o Nbแป
๐ค	apรก แปฬsรฌ, แบธsแบน ti O Kแปju sosi, แบนฬแนฃแบนฬ
๐ค	apรก แปฬtรบn, แบธsแบน ti O Kแปju sแปtun, แบนฬแนฃแบนฬ
๐	N Patแบนwแป, pรtแบนฬwแปฬ, แปwแปฬ
๐	Ina Awแปn แปwแป, ayแบนyแบน, fแปwแปฬjรบwรจ, hooray, nawแปฬ, แปwแปฬ
๐	Awแปn แปwแป แนขiแนฃi, แนฃรญ, แปwแปฬ
๐คฒ	รdรบrร, รtแบนฬlแบนฬแปwแปฬ papแปฬ
๐ค	gbแปn, รbแปwแปฬ, รฌbแปwแปฬ, รฌfaramแปฬ, รฌpรdรฉ, แปwแป
๐	Ika Awแปn แปwแป, adรบpรฉ, bรจrรจ, fแปwแปฬjรบwรจ, gbรจdรบrร, jแปฬwแปฬ, kรกkรฒ, tแบนrรญba, แปwแปฬ
โ๏ธ	kแปฬwรฉ, ลkแปฬwรฉ, แปwแปฬ
๐	Ikun Eekanna, aแนฃaralรณge, kรญkรนn, รkun ojรบ, รจรฉkรกnnรก, รฌtแปฬjรบ
๐คณ	Yiya Ara แบนni, fรณรฒnรน, fแปฬtรฒ รdรกyร, kรกmแบนฬrร
๐ช	Aya Fifแบน, egun แปwแปฬ, iแนฃan, nร, รwรdร
๐๏ธ	Ara, Etรญ
๐	Ara, Imu
๐ง	แปmแปwรฉ, แปpแปlแป
๐	Awแปn Ojรบ, eyinjรบ, ojรบ
๐๏ธ	Ara, eyinjรบ
๐	Ahแปn, Ara
๐	รจtรจ, แบธnu
๐ถ	รฌkรณkรณ, แปฬdแปฬ
๐ง	gรฉฬฉndร-แนฃekuแนฃแบนyแบน, mรjรจsรญn, แปmแป
๐ฆ	แปmแปkรนnrin, แปฬdแปฬ
๐ง	Virgo, รmi oแนฃรน รฌbรญ, แปmแปbรฌrin, แปฬdแปฬ
๐ง	gรฉฬฉndร-แนฃekuแนฃแบนyแบน, รgbร
๐ฑ	Eniyan Onirun funfun, onรญru funfun
๐จ	แปkรนnrin
๐ง	apรกrรญ, irรนngbแปฬn
๐ฑโโ	onรญrun funfun, แปkรนnrin, แปkรนnrin onรญrun funfun
๐ฉ	Obรฌnrin
๐ฑโโ	obรฌnrin, obรฌnrin onรญrun funfun, onรญrun funfun
๐ง	arรบgbรณ, gรฉฬฉndร-แนฃekuแนฃแบนyแบน, รgbรlagbร
๐ด	Agbalagba แปkunrin, รgbรlagbร, แปkรนnrin
๐ต	Agbalagba Obinrin, agbalagba, obinrin
๐	fajรบro, fแปwแปฬjรบwรจ, แบธni N Bojujแบน
๐โโ	fรญfajรบro, fรญfowแปฬjรบwรจ, แปkรนnrin, แปkรนnrin tรญ ล fajรบro
๐โโ	fรญfajรบro, fแปwแปฬjรบwรจ, obรฌnrin, obรฌnrin tรญ ล fajรบro
๐	fรญfowแปฬjรบwรจ, แนฃรญแนฃรน รจtรจ sรญta, แบธni Yahแปn sita
๐โโ	fowแปฬjรบwรจ, แนฃรญแนฃรน รจtรจ sรญta, แปkรนnrin, แปkรนnrin tรญ ล แนฃรญแนฃรน รจtรจ sรญta
๐โโ	fowแปฬjรบwรจ, obรฌnrin, obรฌnrin tรญ ล แนฃรญแนฃรน รจtรจ sรญta, แนฃรญแนฃรน รจtรจ sรญta
๐	fowแปฬjรบwรจ, rรกrรก, รจwแปฬ, แบธni Nsแป RARA, แปwแปฬ
๐โโ	fowแปฬjรบwรจ, rรกrรก, รจwแปฬ, แปkรนnrin tรญ ล sแป RรRร, แปwแปฬ
๐โโ	fowแปฬjรบwรจ, obรฌnrin, obรฌnrin tรญ ล sแป RรRร, rรกrรก, รจwแปฬ, แปwแปฬ
๐	fowแปฬjรบwรจ, รDรRA, แบธni Nsแป O DARA, แปwแปฬ
๐โโ	fowแปฬjรบwรฉ, รDรRA, แปkรนnrin, แปkรนnrin tรญ ล sแป รDรRA, แปwแปฬ
๐โโ	fowแปฬjรบwรจ, obรฌnrin, obรฌnrin tรญ ล sแป รDรRA, รDรRA, แปwแปฬ
๐	tแปฬka, รฌrรnwแปฬ, รฌrรฒyรฌn, แบธni N Tแปka แปwแป, แปlแปyaya, แปwแปฬ
๐โโ	sassy, taka แปwแปฬ, แปkรนnrin, แปkรนnrin tรญ ล tแปฬka แปwแปฬ
๐โโ	obรฌnrin, obรฌnrin tรญ ล tแปฬka แปwแปฬ, sassy, tแปฬka แปwแปฬ
๐	fแปwแปฬjรบwรจ, gbรฉga, รฌdรนnรบ, แบธni N Nawแป Soke, แปwแปฬ
๐โโ	fแปwแปฬjรบwรจ, nawแปฬ sรณkรจ, แปkรนnrin, แปkรนnrintรญ ล nawแปฬ sรณkรจ
๐โโ	fแปwแปฬjรบwรจ, nawแปฬ sรณkรจ, obรฌnrin, obรฌnrin tรญ ล nawแปฬ sรณkรจ
๐	bแบนฬbแบนฬ, fแปwแปฬjรบwรจ, pแบนฬlแบนฬ, tแบนrรญba, แบธni N Tแบนriba
๐โโ	bแบนฬbแบนฬ, fแปwแปฬjรบwรจ, pแบนฬlแบนฬ, tรญtแบนrรญba, รรnรบ, แปkรนnrin, แปkรนnrin tรญ ล tแบนrรญba
๐โโ	bแบนฬbแบนฬ, fแปwแปฬjรบwรจ, obรฌnrin, obรฌnrin tรญ ล tแบนrรญba, pแบนฬlแบนฬ, tรญtแบนrรญba, รรnรบ
๐คฆ	ojรบ, รtแบนฬlแบนฬ แปwa, รรฌgbรgbแปฬ, รฌkรณrira, แบธni Fแปwแป Boju
๐คฆโโ	fแปwแปฬbojรบ, okรนnrin, รรฌgbรgbแปฬ, รฌkรณrira, แปkรนnrin tรญn fแปwแปฬbojรบ
๐คฆโโ	fแปwแปฬbojรบ, obรฌnrin, obรฌnrรญ tรญn fแปwแปฬbojรบ, รรฌgbรgbแปฬ, รฌkรณrira
๐คท	gรบnpรก, iyรจmรฉjรฌ, รรฌmแปฬkan, รรฌnรกnรญ, แบธni N Gunpa
๐คทโโ	gรบnpรก, iyรจmรฉjรฌ, รรฌmแปฬkan, รรฌnรกnรญ, แปkรนnrin, แปkรนnrin tรญ ล gรบnpรก
๐คทโโ	gรบnpรก, iyรจmรฉjรฌ, obรฌnrin, obรฌวนrin tรญ ล gรบnpa, รรฌmแปฬkan, รรฌnรกnnรญ
๐จโโ	ajแป รฌlera, dรณkรญtร, nแปฬแปฬsรฌ, olรนdรกmแปฬrรn, แปkรนnrin, แปkรนnrรญn รฒแนฃรฌแนฃแบนฬ รจtรฒ รฌlera
๐ฉโโ	ajแป รฌlera, dรณkรญtร, nแปฬแปฬsรฌ, obรฌrin, obรฌrin รฒแนฃรฌแนฃแบนฬ รจtรฒ รฌlera, olรนdรกmแปฬrรn
๐จโ๐	akแบนฬkแปฬแปฬ, kรwรฉgboyรจ, แปkรนnrin, แปkรนnrin akแบนฬkแปฬแปฬ
๐ฉโ๐	akแบนฬkแปฬแปฬ, kรwรฉgboyรจ, obรฌrin, obรฌrin akแบนฬkแปฬแปฬ
๐จโ๐ซ	olรนkแปฬ, olรนtanisแปฬnร, แปkรนnrin, แปkรนnrin olรนkแปฬ, แปฬmแปฬwรฉ รgbร
๐ฉโ๐ซ	obรฌnrin olรนkแปฬ, obรฌrin, olรนkแปฬ, olรนtanisแปฬnร, แปฬmแปฬwรฉ รgbร
๐จโโ	รฒdodo onรญdajแป, แปkรนnrin adรกjแปฬ
๐ฉโโ	adรกjแปฬ, obรฌnrin adรกjแปฬ, obรฌrin sรญkรฉlรฌ
๐จโ๐พ	aแนฃแปฬgbร, olรนtแปฬjรบ mรlรนรบ, รgbแบนฬ, แปkรนnrin, แปkรนnrin รgbแบนฬ
๐ฉโ๐พ	aแนฃแปฬgbร, obรฌrin, obรฌrinรgbแบนฬ, olรนtแปฬjรบ mรlรนรบ, รgbแบนฬ
๐จโ๐ณ	olรนse รณnjแบน, olรบse รณnjแบน, แปkรนnrin, แปkรนnrin olรนse รณnjแบน
๐ฉโ๐ณ	obรฌrin, obรฌrin olรนse รณnjแบน, olรนse รณnjแบน, olรบse รณnjแบน
๐จโ๐ง	atรบn inรกแนฃe, atรบn แปkแปฬ แนฃe, pรญlแปฬbร, แบนni แนฃรฒwรฒ, แปkรนnrin, แปkรนnrin atรบn แปkแปฬ แนฃe
๐ฉโ๐ง	atรบn inรกแนฃe, atรบn แปkแปฬ แนฃe, obรฌrin, obรฌrin atรบn แปkแปฬ แนฃe, pรญlแปฬbร, แบนni แนฃรฒwรฒ
๐จโ๐ญ	ilรฉ iแนฃแบนฬ, รฌpรฉjแปpแปฬ, รฒแนฃรฌแนฃแบนฬ, แปkรนnrin, แปkรนnrin รฒแนฃรฌแนฃแบนฬ ilรฉ-iแนฃแบนฬ
๐ฉโ๐ญ	ilรฉ iแนฃแบนฬ, obรฌrin, obรฌrin รฒแนฃรฌแนฃแบนฬ ilรฉ-iแนฃแบนฬ, รฌpรฉjแปpแปฬ, รฒแนฃรฌแนฃแบนฬ
๐จโ๐ผ	alรกbรณรฒjรบtรฒ, iแนฃแบนฬ แปฬfรญsรฌ, olรนyร ilรฉ, รฒwรฒ, แปkรนnrin, แปkรนnrin รฒแนฃรฌแนฃแบนฬ แปฬfรญsรฌ, แปฬfรญsรฌ
๐ฉโ๐ผ	alรกbรณรฒjรบtรฒ, iแนฃแบนฬ แปฬfรญsรฌ, obรฌrin, obรฌrin รฒแนฃรฌแนฃแบนฬ แปฬfรญsรฌ, olรนyร ilรฉ, รฒwรฒ, แปฬfรญsรฌ
๐จโ๐ฌ	bรฌyรณlแปฬgรฌ, fรญsรญsรญtรฌ, kแบนฬmรญsรญtรฌ, onรญmแปฬ lrแป, onรญmแปฬ sรญyแบนฬnsรฌ, onรญmแปฬ รฌแนฃirรฒ, แปkรนnrin, แปkรนnrรญn sรญyแบนฬnsรฌ
๐ฉโ๐ฌ	bรฌyรณlแปฬgรฌ, fรญsรญsรญtรฌ, kแบนฬmรญsรญtรฌ, obรฌrin, obรฌrin sรญyแบนฬnsรฌ, onรญmแปฬ lrแป, onรญmแปฬ sรญyแบนฬnsรฌ, onรญmแปฬ รฌแนฃirรฒ
๐จโ๐ป	kรณdร, olรนdรกsรญlแบนฬ, olรนmรบgbแบนฬrรน, onรญmแปฬ แบนฬrแป, แบนฬyร รrรญdimรบ, แปkรนnrin, แปkรนnrin onรญms แบนฬrแป
๐ฉโ๐ป	kรณdร, obรฌrin, obรฌrin onรญmแปฬ แบนฬrแป, olรนdรกsรญlแบนฬ, olรนmรบgbแบนฬrรน, onรญmแปฬ แบนฬrแป, แบนฬyร รrรญdimรบ
๐จโ๐ค	adรกnirรกrayรก, akแปrin, รpรกta, รฌrรwแปฬ, แปkรนnrin, แปkรนnrin olรณrin, แปแนฃรจrรฉ
๐ฉโ๐ค	adรกnirรกrayรก, akแปrin, obรฌnrin olรณrin, obรฌrin, รpรกta, รฌrรwแปฬ, แปแนฃรจrรฉ
๐จโ๐จ	pรกalแบนฬttรฌ, รฒแนฃรจrรฉ, แปkรนnrin, แปkรนnrin รฒแนฃรจrรฉ
๐ฉโ๐จ	obรฌrin, obรฌrin รฒแนฃรจrรฉ, รฒแนฃรจrรฉ pรกlแบนฬttรฌ
๐จโโ	awa แปks bรกlรบ, bรlรบ, แปkรนnrin, แปkรนnrin awa แปkแปฬ bรlรบ
๐ฉโโ	awa แปkแปฬ bรกlรบ, bรlรบ, obรฌrin, obรฌrin awa แปkแปฬ bรlรบ
๐จโ๐	olรนwรกdรฌรญ inรบ รฒแนฃรนpรก, rแปฬkแบนฬtรฌ, รฒkรนnrin, แปkรนnrin olรนwรกdรฌรญ inรบ รฒแนฃรนpรก แปkรนnrin
๐ฉโ๐	obรฌrin, obรฌrinolรนwรกdรฌรญ inรบ รฒแนฃรนpรก, olรนwรกdรฌรญ inรบ รฒแนฃรนpรก, rแปฬkแบนฬtรฌ
๐จโ๐	panแปฬpanแปฬ, แปkรนnrin, แปkรนnrin panapanแปฬ, แปkแปฬ panapanแปฬ
๐ฉโ๐	obรฌrin, obรฌrin panapanแปฬ, panแปฬpanแปฬ, แปkแปฬ panแปฬpnแปฬ
๐ฎ	รฒแนฃรฌแนฃแบนฬ, แปlแปpa, แปlแปฬpรรก
๐ฎโโ	รฒแนฃรฌแนฃแบนฬ, แปkรนnrin, แปkรนnrin แปlแปpa, แปlแปฬpรรก
๐ฎโโ	obรฌnrin, obรฌnrin แปlแปpa, รฒแนฃรฌแนฃแบนฬ, แปlแปฬpรรก
๐ต๏ธ	aแนฃรจwรกdรฌรญ, แปฬtแบนlรจmรบyรฉ
๐ตโโ	aแนฃรจwรกdรฌรญ, แปkรนnrin, แปkรนnrin แปฬtแบนlรจmรบyรฉ, แปฬtแบนlรจmรบyรฉ
๐ตโโ	aแนฃรจwรกdรฌรญ, obรฌnrin, obรฌnrin แปฬtแบนlรจmรบyรฉ, แปฬtแบนlรจmรบyรฉ
๐	Oluแนฃแป
๐โโ	olรนแนฃแปฬ, แปkรนnrin, แปkรนnrin olรนแนฃแปฬ
๐โโ	obรฌnrin, obรฌnrin olรนแนฃแปฬ, olรนแนฃแปฬ
๐ท	Oแนฃiแนฃแบน Ikแปle, fรฌlร, รฒแนฃiแนฃแบนฬ รฌkแปle, รฒแนฃรฌแนฃแบนฬ
๐ทโโ	รฒแนฃiแนฃแบนฬ รฌkแปle, รฒแนฃiแนฃแบนฬ รฌkแปฬlรฉ แปkรนnrin, รฒแนฃรฌแนฃแบนฬ, แปkรนnrin
๐ทโโ	obรฌnrin, รฒแนฃiแนฃแบนฬ รฌkแปle, รฒแนฃiแนฃแบนฬ รฌkแปฬlรฉ obรฌnrin, รฒแนฃรฌแนฃแบนฬ
๐คด	แปmแปkunrin Alade
๐ธ	รlรก, รฌtรn แปmแปdรฉ, แปmแปbinrin Alade
๐ณ	lรกwรnรญ, แบธni wแป Lawani
๐ณโโ	lรกwรnรญ, แปkรนnrin, แปkรนnrin tรณ dรฉ lรกwรnรญ
๐ณโโ	lรกwรnรญ, obรฌnrin, obรฌnrin tรณ dรฉ lรกwรnรญ
๐ฒ	fรฌlร, gua pi mao, แปkunrin Pแบนlu Fila แนขainisi, แปkรนnrin
๐ง	Gรจlรจ, gรจlรจ รwแปn sรญpรกnรฌ, obinrin tรณ wรฉ gรจlรจ, รฌbรฒrรญ, รฌbรฒrรญ รwแปn jรบรน
๐คต	kรณรฒtรน, แปkunrin Pแบนlu Kootu, แปkรนnrin, แปkแป รฌyรwรณ
๐ฐ	Iyawo Pแบนlu Iboju, รฌbรฒjรบ, รฌgbรฉyรwรณ, รฌyรwรณ
๐คฐ	alaboyun, obinrin, obinrin alaboyun
๐คฑ	รฌfแปฬmแปlแปฬyรn, รฌkรณkรณ, รฌtแปฬjรบ แปmแป, แปyแปฬn
๐ผ	ojรบ, รlรก, รกngแบนli รฌkรณkรณ, รกลgแบนฬlรฌ, รฌkรณkรณ, รฌtรn แปmแปdรฉ
๐	Baba Keresi, ayแบนyแบน, baba, kรฉrรฉsรฌ
๐คถ	Arabinrin Keresi, [kแบนrแบนsรญ, ayแบนyแบน, kรฉrรฉsรฌ, omidan, รฌyรก
๐ง	onรญdรกn, oแนฃรณ, รjแบนฬ
๐งโโ	Oแนฃรณ, แปkรนnrin onรญdรกn
๐งโโ	Obรฌnrin onรญdรกn, รjรฉฬฉ, รjแบนฬ
๐ง	Iwin, Oberon, Puck, Titania
๐งโโ	Iwin แปkรนnrin, Oberon, Puck
๐งโโ	Iwin obรฌnrin, Tรฌtรnรญร
๐ง	Dรrรkรบlร, Fรกnpรกyร, รรฌkรบ
๐งโโ	Dรrรkรบlร, Fรกnpรกyร แปkรนnrin, รรฌkรบ
๐งโโ	Fรกnpรกyร obรฌnrin, รรฌlรจkรบ
๐ง	Yemแปja, Yemแปja รจnรฌyรn
๐งโโ	Triton, Yemแปja แปkรนnrin
๐งโโ	Yemแปja obรฌnrin, iyemแปja
๐ง	Egbรฉre, รฌdรกn
๐งโโ	egbรฉre แปkรนnrin, รฌdรกn
๐งโโ	egbรฉre obรฌnrin, รฌdรกn
๐ง	รnjแปฬnnรบ, รnjแปฬnnรบ arabia
๐งโโ	รnjแปฬnnรบ arabia, รnjแปฬnnรบ แปkรนnrin
๐งโโ	รnjแปฬnnรบ arabia, รnjแปฬnnรบ obรฌnrin
๐ง	รรฌlรจkรบ, รkรบdรกรyร, แบธbแปra
๐งโโ	รรฌlรจkรบ, รkรบdรกรyร, แบธbแปra แปkรนnrin
๐งโโ	รรฌlรจkรบ, รkรบdรกรyร, แบธbแปra obรฌnrin
๐	ilรฉ onรญdรฌrรญ, ojรบ, รฌfirรกnแนฃแบนฬ, แบนni N gba Iแนฃแบน
๐โโ	ojรบ, รฌfirรกnแนฃแบนฬ, แปkรนnrin, แปkรนnrin tรญ ล gba รฌfirรกnแนฃแบนฬ
๐โโ	obรฌnrin, obรฌnrin tรญ ล gba รฌfirรกnแนฃแบนฬ, ojรบ, รฌfirรกnแนฃแบนฬ
๐	agแบนrun, gรฉrun, รฌyรrรก รฌgbรlejรฒ, แบธni N Gแบนrun, แบนwร
๐โโ	gแบนrun, แปkรนnrin, แปkรนnrin tรญ ล gแบนrun
๐โโ	gแบนrun, obรฌnrin, obรฌnrin tรญ ล gแบนrun
๐ถ	รฌrรฌn, ล rรฌn, แบธni N Rin
๐ถโโ	รฌrรฌn, แปkรนnrin, แปkรนnrin tรญ ล rรฌn
๐ถโโ	obรฌnrin, obรฌnrin tรญ ล rรฌn, รฌrรฌn
๐	erรฉ, sรกrรฉ, แบธni N Sare
๐โโ	erรฉ, erรฉ รฌdรญjแบน, sรกrรฉ, แปkรนnrin, แปkรนnrin tรญ ล sรกrรฉ
๐โโ	erรฉ, erรฉ รฌdรญje, obรฌnrin, obรฌrin tรญ ล sรกrรฉ, ล sรกrรฉ
๐	Obinrin Ti Njo, Ti Njo, obinrin
๐บ	ijแปฬ, แปkunrin Ti Njo, แปkรนnrin
๐ด๏ธ	kรณรฒtรน, รฒwรฒ, แปkรนnrin, แปkรนnrin nรญnu kรณรฒtรบ รฒwรฒ
๐ฏ	awแปn eniyan eleti ehoro n sariya, etรญ ehoro, onรญjรณ, รrรญyรก
๐ฏโโ	etรญ ehoro, onรญjรณ, รrรญyรก, รwแปn แปkรนnrin elรฉtรญ ehoro n แนฃรrรญyรก, แปkรนnrin
๐ฏโโ	awแปn obรฌnrin eleti ehoro n sariya, etรญ ehoro, onรญjรณ, รrรญyรก obรฌnrin
๐ง	รnรฌyรn nรญnรบ รyรrรก tรณ n gbรณnรก, รyรrรก tรณ n gbรณnรก
๐งโโ	รyรrรก tรณ n gbรณnรก, แปkรนnrin nรญnรบ รyรrรก tรณ n gbรณnรก
๐งโโ	Obรฌnrin nรญnรบ รyรrรก tรณ n gbรณnรก, รyรrรก tรณ n gbรณnรก
๐ง	agรนnkรจ, รnรฌyรn tรณ n gรฒkรจ
๐งโโ	Oฬฉkรนnrin tรณ n gรฒkรจ, agรนnkรจ
๐งโโ	Obรฌnrin tรณ n gรฒkรจ, agรนnkรจ
๐คบ	erรฉ jรญjร, erรฉ รฌjร, idร, แบธni N Ja Pแบนlu Ida
๐	Ereje แบธlแบนsin, erรฉ แบนlแบนฬแนฃin, รฌdรญje erรฉ, แบนแนฃin
โท๏ธ	sรญkรฌ, yรญnyรฌn, แบนni sรญkรฌ
๐๏ธ	Iแนฃere Ori Yiyin, sรญkรฌ, yรฌnyรญn, รฌแนฃerรฉ orรญ yรฌnyรญn
๐๏ธ	bแปฬแปฬlรน, gแปฬแปฬfรน, แบนni gแปฬแปฬfรน
๐โโ	gแปฬแปฬfรน, แปkรนnrin, แปkรนnrin tรญ ล gแปฬแปฬfรน
๐โโ	gแปฬแปฬfรน, obรฌnrin, obรฌnrin tรญ ล gแปฬแปฬfรน
๐๏ธ	wรญwรกรฌtanแบนti, แบธni N Gun Iji
๐โโ	tรญ ล wรก รญลtรกnแบนฬtรฌ, แปkรนnrin, แปkรนnrin tรญ ล wรก รญลtรกnแบนฬtรฌ
๐โโ	obรฌnrรญn, obรฌnrรญn tรญ ล wรก รญลtรกnแบนฬtรฌ, wรญwรกรฌtanแบนti
๐ฃ	kแปฬ ojรบ omi kรฉkerรฉ, แบธni N wa แปkแป, แปkแปฬ ojรบ omi
๐ฃโโ	แปkรนnrin, แปkรนnrin tรญ ล wakแปฬ ojรบ omo kรฉkerรฉ, แปkแปฬ ojรบ omi, แปkแปฬ ojรบ omo kรฉkerรฉ
๐ฃโโ	obรฌnrin tรญ ล wakแปฬ ojรบ omo kรฉkerรฉ, obรฌrin, แปkแปฬ ojรบ omi, แปkแปฬ ojรบ omi kรฉkerรฉ
๐๏ธ	wแบนdรฒ, แบธni tรญ ล wแบนdรฒ
๐โโ	wแบนdรฒ, แปkรนnrin, แปkรนnrin tรญ ล wแบนdรฒ
๐โโ	obรฌnrin, obรฌnrin tรญ ล wแบนdรฒ, wแบนdรฒ
โน๏ธ	bแปฬแปฬlรน, แบนni tร boun bแปฬแปฬlรน
โนโโ	bแปฬแปฬlรน, แปkรนnrin, แปkรนnrin tรญ ล tร boun bแปฬแปฬlรน
โนโโ	bแปฬแปฬlรน, obรฌnrin, obรฌnrin tร boun bแปฬแปฬlรน
๐๏ธ	a fร ลkan sรณkรจ, รฌwแปฬn, แบนni fa รฌwแปฬn sรณkรจ
๐โโ	a fร รฌwแปฬn sรณkรจ, แปkรนnrin, แปkรนnrin tรญ ล a fร รฌwแปฬn sรณkรจ
๐โโ	a fร รฌwแปฬn sรณkรจ, obรฌnrin, obรฌnrin tรญ ล a fร รฌwแปฬn sรณkรจ
๐ด	awa kแบนฬkแบนฬ, kแบนฬkแบนฬ, รฌwรกkแบนฬkแบนฬ, แบธni N Gun Kแบนkแบน
๐ดโโ	awa kแบนฬkแบนฬ, kแบนฬkแบนฬ, รฌwรกkแบนฬkแบนฬ, แปkรนnrin, แปkรนnrin tรญ ล wa kแบนฬkแบนฬ
๐ดโโ	awa kแบนฬkแบนฬ, kแบนฬkแบนฬ, obรฌnrin, obรฌnrin tรญ ล wa kแบนฬkแบนฬ, รฌwรกkแบนฬkแบนฬ
๐ต	awakแบนฬkแบนฬ, kแบนฬkแบนฬ, รฒkรจ, แบธni N Gun Kแบนkแบน Gun Apata
๐ตโโ	awakแบนฬkแบนฬ, kแบนฬkแบนฬ, รฒkรจ, แปkรนnrin, แปkรนnrin tรญn gรนn kรจ wa kแบนฬkแบนฬ
๐ตโโ	awakแบนฬkแบนฬ, kแบนฬkแบนฬ, obรฌnrin, obรฌnrin tรญn gรนn kรจ wa kแบนฬkแบนฬ, รฌwa kแบนฬkแบนฬ, รฒkรจ
๐คธ	kแบนฬkแบนฬ alรกgbแปฬn, รฌdรกrayรก, แบธni Kawแป Tilแบน Kแบนsแบน Soke
๐คธโโ	kแบนฬkแบนฬ alรกgbแปฬn, รฌdรกrayรก, แปkรนnrin, แปkรนnrin tรญ ล yรญ kแบนฬkแบนฬ alรกgbแปฬn
๐คธโโ	kแบนฬkแบนฬ alรกgbแปฬn, obรฌnrin, obรฌnrin tรญ ล yรญ kแบนฬkแบนฬ alรกgbแปฬn, รฌdรกrayรก
๐คผ	Awแปn Onigidigbo, gรญdรญgรฒ, onรญgรญdรญgbรฒ
๐คผโโ	gรญdรญgbรฒ, รwแปn แปkรนnrin, รwแปn แปkรนnrin gรญdรญgbรฒ
๐คผโโ	gรญdรญgbรฒ, รwแปn obรฌnrin, รwแปn obรฌnrn tรญ ล jร
๐คฝ	omi, pรณlรฒ, แบธni N แนฃere Olomi
๐คฝโโ	erรฉ omi, okรนnrin, แปkรนnrin n แนฃere olomi
๐คฝโโ	erรฉ omi, obรฌnrin, obรฌnrin n แนฃere olomi
๐คพ	bแปฬแปฬlรน, bแปฬแปฬlรน แปlแปฬwแปฬ, แบธni N แนขere Bแปแปlu แปlแปwแป
๐คพโโ	bแปฬแปฬlรน แปlแปฬwแปฬ, แปkรนnrin, แปkรนnrin tรญ ล gbรก bแปฬแปฬlรน แปlแปฬwแปฬ
๐คพโโ	bแปฬแปฬlรน แปlแปฬwแปฬ, obรฌnrin, obรฌnrin tรญ ล gbรก bแปฬแปฬlรน แปlแปฬwแปฬ
๐คน	jรญju วนkan sรณkรจ, รฌdแปฬgba, รฌmแปฬแปฬแนฃe, แบธni N ju Nnkan soke, แปฬpแปฬ iแนฃแบนฬ
๐คนโโ	jรญjรน วนkan sรณkรจ, แปkรนnrin, แปkรนnrin tรญ ล jรน วนkan sรณkรจ, แปฬpแปฬ iแนฃแบนฬ
๐คนโโ	jรญjรน วนkan sรณkรจ, obรฌnrin, obรฌnrin tรญ ล jรบ วนkan sรณkรจ, แปฬpแปฬ iแนฃแบนฬ
๐ง	Yรณgร, รnรฌyรn nรญpรฒ รฌgbรgbรฉ, แนฃรแนฃรrรฒ
๐งโโ	Yรณgร, แนฃรแนฃรrรฒ, แปkรนnrin nรญpรฒ รฌgbรgbรฉ
๐งโโ	Obรฌnrin nรญpรฒ รฌgbรgbรฉ, Yรณgร, แนฃรแนฃรrรฒ
๐	รgbรก รฌwรฉ, รฌwแบนฬ, แบธni Nwแบน
๐	ilรฉ รฌtura, sรนn, แบธniyan Nibusun
๐ญ	Obinrin Meji Ti O Dแปwแป Ara Wแปn Mu, dรฌmรบ, obรฌnrin, tแปkแปtaya, แปwแปฬ
๐ซ	dรฌmรบ, obรฌnrin, tแปkแปtaya, แปkunrin Ati Obirin Ti O Dแปwแป Ara Wแปn Mu, แปkรนnrin, แปwแปฬ
๐ฌ	Gemini, dรฌmรบ, tแปkแปtaya, รmi oแนฃรน รฌbรญ, รฌbejรฌ, แปkunrin Meji Ti O Dแปwแป Ara Wแปn Mu, แปkรนnrin, แปwแปฬ
๐	Ifแบนnuko, tแปkแปtaya
๐	Lแปkแปlaya Pแบนlu แปkan, tแปkแปtaya, รฌfแบนฬ
๐ช๏ธ	แบธbรญ
๐ฃ๏ธ	bรญrรญbรญrรญ, ojรบ, orรญ, orรญ tรญ ล sแปฬrแปฬ, sแปฬrแปฬ, ล sแปฬrแปฬ
๐ค	Bujade Ni Biribiri, bรญrรญbรญrรญ, bรบjรกde
๐ฅ	Awแปn Ibujade Ni Biribiri, bรญrรญbรญrรญ, bรบjรกde
๐ฃ	Ipa แบนsแบน, aแนฃแป, ipasแบนฬ, รฌpasแบนฬ
๐ต	Oju แปbแป, ojรบ, แปฬbแป
๐	แปฬbแป
๐ฆ	Inaki
๐ถ	Ojรบ ajรก, ajรก, ojรบ, วนkan รฌsรฌn
๐๏ธ	Ajรก, ลkan รฌsรฌn
๐ฉ	Ajรก, Ajรก kรฉkerรฉ
๐บ	Oju Ikooko, ojรบ, รฌkookรฒ
๐ฆ	Oju Kแปlแปkแปlแป, kแปlแปkแปlแป, ojรบ
๐ฑ	Ojรบ olรณลgbรฒ, ojรบ, olรณลgรฒ, วนkan รฌsรฌn
๐๏ธ	Olรณลgbรฒ, ลkan รฌsรฌn
๐ฆ	Leo, Oju Kiniun, kรฌnรฌu, ojรบ, รmi oแนฃรน รฌbรญ
๐ฏ	Oju แบธkรนn, ojรบ, แบนkรนn
๐	แบธkรนn
๐	รmแปฬtแบนฬkรนn
๐ด	Oju แบธแนฃin, ojรบ, แบนแนฃin
๐	equestrian, eแนฃi รฌsรกrรฉ, รฌsรกrรฉ, แบธแนฃin
๐ฆ	Oju แบธแนฃin Oniwo, eแนฃin onรญwo, ojรบ
๐ฆ	kแบนฬtแบนฬkแบนฬtแบนฬ abรฌla, onรญlร
๐ฆ	Agbแปnrin
๐ฎ	Oju Maalu, maalu, oju
๐	Taurus, รmi oแนฃรน รฌbรญ, แบธgbแปrแป maalu, แบนgbแปrแป mรlรกlรน
๐	omi, แบธfแปn Omi, แบนfแปฬn
๐	Maalu
๐ท	Oju แบธlแบนdแบน, ojรบ, แบนlแบนฬdแบนฬ
๐	abo แบนlแบนฬdแบนฬ, แบธlแบนdแบน
๐	Biari, แบธlแบนdแบน
๐ฝ	Imu แบธlแบนdแบน, imรบ, ojรบ, แบนlแบนฬdแบนฬ
๐	Agbo, Aries, akแป, รgรนntรn, รmi oแนฃรน รฌbรญ
๐	abo, abo รgรนntรn, รgรนntรn
๐	Ewรบrแบนฬ, capricorn, รmi oแนฃรน รฌbรญ
๐ช	Kแบนtแบนkแบนtแบน, ikรฉ, rรkรบmรญ
๐ซ	Kแบนtแบนkแบนtแบน Onike-Meji, ikรฉ, rรkรบmรญ, rรkรบmรญ onรญkรฉ mรฉjรฌ
๐ฆ	รgรนfแปn, รwแปn รyรจ
๐	Erin
๐ฆ	แบธranko Imado
๐ญ	ekรบ, ojรบ, แปju Eku
๐	Eku
๐	Ekute
๐น	Oju Eku Oko, eku oko, ojรบ, วนkan รฌsรฌn
๐ฐ	Oju Ehoro, ehoro, ojรบ, วนkan รฌsรฌn
๐	Ehoro, ehoro, วนkan รฌsรฌn
๐ฟ๏ธ	eku ลlรก
๐ฆ	hedgehog, แบนlแบนฬgรนล
๐ฆ	Adan, amรนjแบนฬ, รdรกn
๐ป	Oju Biari, biari, oju
๐จ	Koala, bรญรกrรฌ
๐ผ	Oju Panda, ojรบ, pรกndร
๐พ	Apa Eekan, ipa, รtแบนฬlแบนฬ แปwa, แบนsแบนฬ
๐ฆ	Tรณlรฒtรณlรฒ, tรฒlรณtรฒlรณ, แบนyแบน
๐	Adรฌyแบน, adรฌye, แบนyแบน
๐	Akukแป, รkรนkแป, แบนyแบน
๐ฃ	pรญpa, รฌkรณkรณ, แบนyแบน, แปmแป Adiyแบน Pipa, แปmแป adรฌyแบน
๐ค	รฌkรณkรณ, แบนyแบน, แปmแป Adiyแบน, แปmแป adรฌyแบน
๐ฅ	รฌkรณkรณ, แบนyแบน, แปmแป Adiyแบน ti now Iwaju, แปmแป adรฌyแบน
๐ฆ๏ธ	แบธyแบน
๐ง	แบธyแบน Oko, แบนyแบน, แบนyแบน oko
๐๏ธ	fรฒ, รdรbร, รlรกfรญร, แบนyแบน
๐ฆ	รแนฃรก, รแนฃรก, แบนyแบน
๐ฆ	Pแบนฬpแบนฬyแบน, pแบนฬpแบนฬyแบน, แบนyแบน
๐ฆ	Owiwi, รฒwรฌwรญ, แบนyแบน, แปlแปฬngbแปฬn
๐ธ	Oju แปpแปlแป, ojรบ, แปpแปlแป
๐	แปni
๐ข	Adaba, Awun, awun kรฉkerรฉ, รฌjรpรก
๐ฆ	Alรกวนgba, alรกวนgbร, แบนranko tรญ nfรญ รรฌyร fร
๐	Ejรฒ, Ophiuchus, ejรฒ, olรนgbรฉ, รmi oแนฃรน รฌbรญ
๐ฒ	Drรกgรณnรฌ, Oju Dragoni, oju, รฌtรn รrรตnรฌ
๐	Drรกgรณnรฌ, รฌtรn รrรตnรฌ
๐ฆ	brachiosaurus, brontosaurus, diplodocus, sauropod
๐ฆ	T-Rex, Tyrannosaurus Rex
๐ณ	Oju, yแป jade tรฌ ipรก, แบธja Nla, แบธja Nla Atutแป
๐	แบธja Nla
๐ฌ	Dแปfini, Ohun lรบwรซ
๐๏ธ	Pisces, รmi oแนฃรน รฌbรญ, แบธja
๐	oorรนn, แบธja, แบธja oorรนn
๐ก	แบธja, แบธja Awura
๐ฆ	แนขรกรkรฌ, แนฃรกรkรฌ, แบนja
๐	แบธja แบนlแบนsแบน mแบนjแป
๐	Ikarahun, Onikaraun Pinpin, รyรญkรก
๐	รgbรญn
๐ฆ	Labalaba, arแบนwร, kรฒkรฒrรฒ, labalรกbรก
๐	kรฒkรฒrรฒ, รyanjรบ รแนฃรฌแนฃe
๐	Kokoro, kรฒkรฒrรฒ
๐	Oyin, kรฒkรฒrรฒ, kรฒkรฒrรฒ oyin
๐	Yigbแบน-yigbแบน, kรฒkรฒrรฒ, obounboรนn, obounboรนn kรฉkerรฉ
๐ฆ	tata, tata gรญgรนn
๐ท๏ธ	alรกรตtakรนn, kรฒkรฒrรฒ
๐ธ๏ธ	รฌtakรนn, รฌtakรนnalรกรตtakรนn
๐ฆ	Scorpius, scorpio, รkekรจ, รmi oแนฃรน รฌbรญ
๐	Odรฒdรณ, รsรจ
๐ธ	Iruwe แนขแบนri, Odรฒdรณ, รฌtรnnรก, แนฃแบนแบนri
๐ฎ	Ododo Funfun, Odรฒdรณ
๐ต๏ธ	Ohun Odรฒdรณ แปแนฃแป, รตgbรฌn
๐น	Ododo, Odรฒdรณ
๐ฅ	ododo witi, rแบนฬ, รฒdรฒdรณ
๐บ	Ododo Ibisikแปsi, Odรฒdรณ
๐ป	Odรฒdรณ, รtรnรก, รรฒrรนn
๐ผ	Iruwe, Odรฒdรณ
๐ท	Odรฒdรณ, Tulipu
๐ฑ	Ihoro eso, wแบนฬwแบนฬ
๐ฒ	Igi, Igi Aruwe
๐ณ	Igi Igbo, Igi to nta ewe lรดdแป dรบn, igi, ti
๐ด	igi, แปpแบน, แปpแบน
๐ต	Igi แปrแปฬ, รตgbรฌn
๐พ	Etรญ, Idi Ti Irแบนsi, Irแบนsi, แปkร
๐ฟ	Egbo Igi, Ewรฉแบน
โ๏ธ	รตgbรฌn, แนฃรกmrแปkรฌ
๐	4, Ahoro, Ahoro Elewe Merin, Ewรฉ, mแบนฬrin
๐	Ewe Mapulu, Ewรฉ, Jรbแป, igi
๐	Irawe, Jรbแป, igi
๐	Ewe Ti N Fanka Ninu Iji, Ewรฉ, afแบนfแบน, fo bรกkรn, fแบน
๐	Girapu, รso, รจso รjรrร
๐	รso, แบธฬgรบsรญ
๐	Eso Bara, รso
๐	Tanjarini, รso, รดsรกn
๐	Orombo-wแบนwแบน Chiffon, รจso, แปsรn
๐	รso, แปฬgแบนฬdแบนฬ
๐	รso, แปpแบน-oyinbo
๐	Apu Pupa, apรน, pupa, รจso
๐	Apu Alawแป Ewe, apรน, รwแปฬ ewรฉ, รจso
๐	Pรญร, รso
๐	Pรญรญsรฌ, รso
๐	alรกwแปฬ ewรฉ, apรน, รจso, แนขแบนแบนri
๐	Eso dundun, bแบนฬrรฌ, รจso
๐ฅ	Eso Kiwi, kรญwรฌ, รจso, รณnjแบน
๐	Timati, รจso, แบนฬfแปฬ
๐ฅฅ	pina colada, รgbแปn, แปฬpแบน
๐ฅ	Afokado, afokรกdรฒ, รจso, รณnjแบน
๐	Igba, รจso, รฌgbรก
๐ฅ	รnรmแปฬ, รnรmแปฬ, รณnjแบน, แบนฬfแปฬ
๐ฅ	Kรกrแปฬtรฌ, kรกrแปฬtรฌ, รณnjแบน, แบนฬfแปฬ
๐ฝ	Agbado, etรญ, รgbรdo, รgbรdo yรญnyรญn, แปฬnร รฌrรบjรบ
๐ถ๏ธ	ata, ata gbรญgbรณnแปฬ, gbรญgbรณnแปฬ
๐ฅ	Kรนkรบmbร, kรนkรบmbร, pรญkรน, รณnjแบน, แบนฬfแปฬ
๐ฅฆ	ewรฉ แบนlแบนฬfแปฬแปฬ, kabeji รฌbรญlแบนฬ
๐	Olu, olรบ pupa
๐ฅ	kรณrรณ inรบ รจso, รณnjแบน, แบธpa, แบนฬfแปฬ, แบนฬpร
๐ฐ	Kรณrรณ inรบ รจso bรบrรกnรน, รตgbรฌn
๐	Bรบrแบนฬdรฌ, bรบrแบนฬdรฌ gรญgรฉ
๐ฅ	Kurosanti, bรบrแบนฬdรฌ, faransรฉ, kurosanti, kรญrรญsแบนฬntรฌ, รณnjแบน
๐ฅ	Burแบนdi Baguette, bรบrแบนฬdรฌ, bรบrแบนฬdรฌ gbแปแปrแป, faransรฉ, รณnjแบน
๐ฅจ	lแปฬpแปฬ, pretzel
๐ฅ	Atike Ikunju, bรบrแบนฬdรฌ pแบนlแบนbแบน, crepe, รณnjแบน
๐ง	Waara Wedge, wรrร
๐	eegun, แบธran Ara Egungun, แบนran
๐	adรฌye, eegun, ilรฉ รdรฌyรฉ, แบธsแบน Adiyแบน, แบนsแบนฬ
๐ฅฉ	ijแบน รgรนntรn, ijแบน แบนlแบนฬdแบนฬ, steak, รฌgรฉ แบนran, รฌjแบนun
๐ฅ	รณnjแบน, แบธran แบธlแบนdแบน, แบนran, แบนran แบนlแบนฬdแบนฬ
๐	Hamburger, bแปฬgร
๐	Ounjแบน Ipanu Didun, didin, french
๐	Pรญsร, gรญgรฉ, wรrร
๐ญ	Hot Dog, รlแปฬpแปฬ แบนran รti แบนran แบนlแบนฬdแบนฬ, รlแปฬpแปฬ แบนrรกn, รจran แบนlแบนฬdแบนฬ papแปฬ pแบนฬlรบ แบนran
๐ฅช	Bรบrแบนฬdรฌ, bรบrแบนฬdรฌ alรกkรnpแปฬ
๐ฎ	Taco, รณnjแบน mแบนฬsรญkรฒ
๐ฏ	Burito, wรฉpรฒ, รณnjแบน mแบนฬsรญkรฒ
๐ฅ	Burแบนdi Afunpแป Pแบนlแบนbแบน, bรบrแบนdรฌ รfรบnpแปฬ pแบนlแบนbแบน, falafe, gyro, kebab, stuufe, รณnjแบน
๐ฅ	รณnjแบน, แบธyin, แบนyin
๐ณ	Dรญdรกnรก, dรญdรญn, pรกรnรน, แบนyin
๐ฅ	Paanu Ijแบนun kekere, kรกsแบนrแปฬ, pรแบนฬlร, pรกรnรน แนฃรกlรฒ, รณnjแบน, แนฃรกlรฒ
๐ฒ	Ikoko Ounjแบน, รฌkรฒkรฒ, แปbแบนฬ
๐ฅฃ	abแปฬ pแบนฬlรบ แนฃรญbรญ, congee, รgbรdo, รณnjแบน รrแปฬ
๐ฅ	Saladi Elewe, elรฉwรฉ, sรlรกรกdรฌ, รณnjแบน
๐ฟ	Gรบgรบrรบ
๐ฅซ	agolo, รณnjแบน inรบ agolo
๐ฑ	Apoti, Apoti Bento, Bento
๐	Biskit Irแบนsi, bisikรญ, รฌrแบนฬsรฌ
๐	Irแบนsi Roboto, bแปฬแปฬlรบ, japanese, รฌrแบนsรฌ
๐	Irแบนsi, Irแบนsi Sise, Sise
๐	irแบนsi, irแบนsi kแปri, kแปri
๐	Abแป ibแปhun, abแปฬ, nรบdรน, oru, rรกmแบนฬn
๐	Spagแบนti, pรกsรญtร
๐	Anamแป dindin, dรญdรนn, yรญyan, รnรmแปฬ
๐ข	Oden, igi, kehรกb, sรญkรญwร, รณnjแบน omi
๐ฃ	Sushi
๐ค	Ede Dindin, dรญdรญn, tแบนฬmpรบrร, แนฃรญrรญmpรน, แบนdแบน
๐ฅ	Eja dindin Pแบนlu Swirl, swirl, รkรrร รฒyรฌnbรณ, รณnjแบน onรญ fรญlรกwร
๐ก	Dango, igi, japanese, skewer, รdรญdรนn, รณnjรฉ dรญdรนn
๐ฅ	empanada, gyลza, jiaozi, pierogi, potsticker, รฌgbแบนฬ
๐ฅ	asแปtแบนฬlแบนฬ, kรบkรฌ fortune
๐ฅก	pรฉรจlรฌa แปฬyแบนฬstร, รpรณtรญ รgbรฉjรกde
๐ฆ	Alรกkรn, Cancer, รmi oแนฃรน รฌbรญ
๐ฆ	Ede, edรฉ, kรฉkerรฉ, รณnjแบน, แบนja inรบ รฌkarahun
๐ฆ	Sikidi, mรณlรบsรฌ, sรญkรญdรฌ, รณnjแบน
๐ฆ	Wara Didi Rirแป, fแบนฬlแบนฬ, kรญrรญmรน, yรฌnyรญn, yรฌnyรญn dรญdรนn, รdรญdรนn, รณnjแบน dรญdรนn
๐ง	Yinyin Gige, fรก, yรฌnyรญn, รdรญdรนn, รณnjแบน dรญdรนn
๐จ	Wara Didi, kรญrรญmรน, yรฌnyรญn, รdรญdรนn, รณnjแบน dรญdรนn
๐ฉ	Dรณnแปฬแปฬtรฌ, dรณnแปtรฌ, รdรญdรนn, รณnjแบน dรญdรนn
๐ช	Kuki, รdรญdรนn, รณnjแบน dรญdรนn
๐	ayแบนyแบน, รkรrร รฒyรฌnbรณ แปjแปฬรฌbรญ, รdรญdรนn, รkรrร รฒyรฌnbรณ, รณnjแบน dรญdรนn, รณnjแบน onรญ fรญlรกwร, แปjแปฬรฌbรญ
๐ฐ	Akara kekere, gรญgรฉ, รdรญdรนn, รkรrร รฒyรฌnbรณ, รณnjแบน dรญdรนn, รณnjแบน onรญ fรญlรกwร
๐ฅง	kรญkรบn, rรณbรณtรณ, รkรrร
๐ซ	ilรฉ otรญ, รdรญdรนn, รณnjแบน dรญdรนn, แนขokoleti Didi, แนฃokolรฉtรฌ
๐ฌ	Kandi, รdรญdรนn, รณnjแบน dรญdรนn
๐ญ	Suuti Onigi, kรกลdรฌ, รdรญdรนn, รณnjแบน dรญdรนn
๐ฎ	Kแปฬsรญtรdรฌ, pรบdรญnรฌ, รdรญdรนn, รณnjแบน dรญdรนn
๐ฏ	Koko Oyin, oyin, รdรญdรนn, รฌkรฒkรฒ
๐ผ	Igo Ikoko, mรญlรญkรฌ, ohun mรญmu, รฌgรฒ, รฌkรณkรณ
๐ฅ	Ife Wara, gรญlรกsรฌ, mu, mรญlรญkรฌ
โ๏ธ	Tii Gbigbona, gbรญgรณnรก, kแปfรญ, mรญmu, ohun mรญmu onรญ kรฒkรณ, tรญรฌ, yรญyแป oru
๐ต	Ife Tii laini แปwแป, ife, mรญmu, o ohun mรญmu onรญ kรฒkรณ, tรญรฌ
๐ถ	Sake, ife, ilรฉ แปtรญ, ohun mรญmu, ohun mรญmu onรญ kรฒkรณ, รฌgรฒ
๐พ	Igo Olori Yiyแป, ilรฉ แปtรญ, ohun mรญmu, รฌdรฉrรญ แปtรญ, รฌgรฒ, รฌแนฃรญ แปtรญ
๐ท	Gilasi Waini, gรญlรกsรฌ, ilรฉ แปtรญ, ohun mรญmu, ohun mรญmu onรญ kรฒkรณ, wรกรฌnรฌ
๐ธ๏ธ	Gilasi Ounjแบน Amulumala, ilรฉ แปtรญ, รณnjแบน รmรบlรนmรกlร
๐น	Ohun Mimu Akoko Oorun, ilรฉ แปtรญ, ohun mรญmu, แปlแปฬpแบน
๐บ	Imuti, ilรฉ แปtรญ, ohun mรญmu, รฌmutรญ, แปtรญ
๐ป	Imuti Dรญdรบn, dรญdรบn, ilรฉ แปtรญ, รฌmutรญ, รญmu, แปtรญ
๐ฅ	Gilasi Didun, ayแบนyแบน, dรบn, gรญlรกsรฌ, ohun mรญmu
๐ฅ	Gilasi Tแปnbila, gรญlรกsรฌ, tแปฬmbรญlร, แนฃแปฬแปฬtรญ, แปtรญ, แปtรญ lรญle
๐ฅค	ife pแบนฬlรบ sรญrแปฬ, sรณdร, แบนlแบนฬrรฌndรฒdรฒ
๐ฅข	รกแนฃรฌ, รฌlรrรญ
๐ฝ๏ธ	fแปฬแปฬkรฌ, fแปฬแปฬkรฌ รti แปฬbแบน pแบนฬlรบ รwo, รwo, รณnjแบน sรญsรจ, แปฬbแบน
๐ด	Fแปki Ati แปbแบน, fแปฬแปฬkรฌ, รณnjแบน sรญsรจ, แปฬbแบน
๐ฅ	วนkan ilรฉ รฌdรกnรก, แนขรญbรญ, แนฃรญbรญ
๐ช	hocho, irinแนฃแบนฬ, irinแนฃแบนฬ รฌjagun, รsรจ, รฒฬฉbแบน, แปbแบน iyara-idana
๐บ	Amphora, Aquarius, dรญdรกnรก, ife omi, irinแนฃแบนฬ, irinแนฃแบนฬ รฌjagun, ohun mรญmu, รmi oแนฃรน รฌbรญ
๐	Gulobu To N แนขafihan Uropu-Afirika, ayรฉ, gรญlรณbรน, รgbรกyรฉ, รกfรญrรญkร, รญrรณpรน
๐๏ธ	Gulobu To N แนขafihan Amแบนrika, ayรฉ, gรบlรณbรน, รgbรกyรฉ, รwแปn amแบนฬrรญkร
๐	Gulobu To N แนขafihan Aแนฃia-แปsiteria, ayรฉ, gรบlรณbรน, รgbรกyรฉ, รกแนฃรญร, แปsiteria
๐	Gulobu Pแบนlu Mแบนridiani, ayรฉ, gรบlรณbรน, mแบนฬrรญdรญรกnรฌ, รgbรกyรฉ
๐บ๏ธ	mรกรpรน, mรกรpรน รgbรกyรฉ, รgbรกyรฉ
๐พ	Maapu Ti Japanu, jรpรกnรน, mรกรpรน
๐๏ธ	yรฌnyรญn, รฒkรจ, รฒkรจ yรฌnyรญn, รฒtรบtรน
โฐ๏ธ	รฒkรจ
๐	Ifแบน-ilแบน, รฌfแบนฬ ilแบนฬ, รฒkรจ
๐ป	Oke Fuji, fรบjรฌ, รฒkรจ
๐๏ธ	pรญpรgแปฬ
๐๏ธ	agbรฒrรนn, แปฬsร, แปฬsร pแบนฬlรบ agbรฒrรนn
๐๏ธ	aแนฃรกlแบนฬ
๐๏ธ	aแนฃรกlแบนฬ, erรฉkรนแนฃรน, erรฉkรนแนฃรน aแนฃรกlแบนฬ
๐๏ธ	pรกรkรฌ, pรกรkรฌ orรญlแบนฬ
๐๏ธ	pรกpรก รฌแนฃerรฉ
๐๏ธ	ilรฉ tรณ kรญlรกsรญkร, kรญlรกsรญkร
๐๏ธ	Iแนฃแบนฬ แปnร, iแนฃแบนฬ แปnร ilรฉ
๐๏ธ	รwแปn ilรฉ
๐๏ธ	ilรฉ, ilรฉ รรฌdรกra, รรฌdรกra
๐๏ธ	Ilรฉ, ara ilรฉ, ilรฉ
๐ก	Ile Pelu แปgba, ilรฉ, แปgbร
๐ข	Ile Ibi-iแนฃแบน, ilรฉ
๐ฃ	Ile-iแนฃแบน Ifiweranแนฃแบน Japani, Japani, รฌfirรกnแนฃแบนฬ
๐ค	รpรณtรญ รfรฌwรฉRรกnแนฃแบนฬ, รฌrรณpรน
๐ฅ	Ile-iwosan, dรณkรญtร, รฒรฒgรนn
๐ฆ	Ile-ifowopamแปsi, ilรฉ
๐จ	Ilรฉ รฌtura, ilรฉ
๐ฉ	Ilรฉ รฌtura Ifแบน, ilรฉ รฌtura
๐ช	Ibi, Ibi Itura, Itura
๐ซ	Ilรฉ รฌwรฉ, ilรฉ
๐ฌ	itaja, แบนka, แบนka itaja
๐ญ๏ธ	Ilรฉ-iแนฃแบนฬ, ilรฉ
๐ฏ	Ile Nla Japanisi, ilรฉ ลlรก, japanese
๐ฐ	Ile Nla, รญrรฒpรน
๐	ilรฉ รฌjแปsรฌn, รgbรฉyรwรณ, รฌfแบนฬ
๐ผ	Ile Iแนฃแป Tokiyo, Tokiyo, ile iแนฃแป
๐ฝ	Ere Ominira, รจre, รฒmรฌnira
โช๏ธ	รgbรฉlรจbรบ, แนขแปแปแนฃi, แบนlแบนฬsรฌn รฌgbรgbรณฬฉ, แบนฬsรฌn
๐	Mรนsรนlรนmรญ, Mแปฬแนฃรกlรกแนฃรญ, รmรle, แบนฬsรฌn
๐	Eแบนlแบนฬsรฌn jรบรน, Sรญnรกgแปฬgรน, jรบรน, tแบนฬpรญlรฌ, แบนฬsรฌn
โฉ๏ธ	ilรฉ รฒrรฌแนฃร, ilรฉ รฒrรฌแนฃร แนฃรญntรฒ, แนฃรญntรฒ, แบนฬsรฌn
๐	Kaaba, Mรนsรนlรนmรญ, รmรle, แบนฬsรฌn
โฒ๏ธ	Orรญsun omi
โบ๏ธ	pรญpรgแปฬ, รgแปฬ
๐	Ojuju, kรนrukรนru
๐	Aแนฃalแบน Pแบนlu Awแปn Irawแป, alแบนฬ, รฌrรwแปฬ
๐๏ธ	fรญfแบนฬรฌlรบ, รฌlรบ
๐	Lila Oorun Lori Awแปn Oke, รรกrแปฬ, รฌla รฒrรนn, รฒkรจ, รฒrรน
๐	รlร oรฒrรนn, รรกrแปฬ, รฒrรนn
๐	Iwo Ilu Ni Aแนฃalแบน, onรญbรนรบ, รแนฃรlแบนฬ, รฌlรบ, รฌwแป รฒrรนn, รฒrรนn
๐	รwแปฬ oรฒrรนn, รแนฃรกlรฉ, รฒrรบn
๐	Afara Ni Aแนฃalแบน, afรกrรก, alแบนฬ
โจ๏ธ	gbรญgbรณnรก, omi รtilแบนฬwรก, oru
๐	alรกdรนn, แบธแนฃin Aladun, แบนแนฃin
๐ก	Kแบนฬkแบนฬ Ferris, ferris, pรกรkรฌ รฌgbafแบนฬ, rรณboto
๐ข	Kแบนkแบน Olobiri, olรณbรญrรญ, pรกรkรฌ รฌgbafแบนฬ, yรญyรญ
๐	Opo Onigbajamแป, agerun, gรฉrun, รฒpรณ
๐ช	Aba, Aba Ere-idaraya, Ere-idaraya
๐	Yiyi, ojรบ irin, รฒru, แบนฬrแป, แปks ojรบ irin
๐	bแปฬแปฬsรฌ gรญgรนn, ojรบ irin, รฌnรก, แปkแป Oju-irin, แปkแปฬ, แปkแปฬ ojรบ irin, แปฬnร แปkแปฬ ojรบ irin
๐	arรฉ, ojรบ irin, แปkแป oju-irin Alare, แปkแปฬ ojรบ irin, แปkแปฬ ojรบ irin abแบนฬ ilแบนฬ
๐	arรฉ, ojรบ irin, แปkแป oju-irin Alare Pแบนlu Imu แปta, แปkแปฬ ojรบ irin, แปkแปฬ ojรบ irin abแบนฬ ilแบนฬ, แปta
๐	แนขรจdรกnilแบนฬkแปฬแปฬ, แปkแป Oju-irin
๐๏ธ	รjร ilแบนฬ, แปฬnร แปkแปฬ ojรบ irin
๐	แปkแป oju-irin kekere, แปkแป Oju-irin
๐	Ibudo, ojรบ-irin, แปkแป ojรบ-irin
๐	Tiramu, แปkแป Akero Oniwiwแป
๐	Oju irin kan, nแนฃe แปkแปฬ
๐	Reluwe Oloke, รฒkรฉ, แปkแป ojรบ-irin, แปkแปฬ
๐	แปkแป Tiramu, แปkแปฬ, แปkแปฬ akรฉrรฒ onรญwรญwแปฬ, แปkแปฬ ojรบ irin gรญgรนn
๐	nแนฃe แปkแปฬ, แปkแป Akero
๐๏ธ	tรญ ล bแปฬ, แปkแป Akero Ti Nbแป, แปkแปฬ akรฉrรฒ
๐	แปkแป Akero Oniwiwแป, แปkแปฬ akรฉrรฒ, แปkแปฬ akรฉrรฒ onรญwรญwแปฬ, แปkแปฬ ojรบ irin gรญgรนn
๐	แปkแป Akero, แปkแป Akero Kekere
๐๏ธ	nแนฃe แปkแปฬ, แปkแป Alaisan
๐	inรก, แบธnjini Onina, แบนฬrแป, แปkแปฬ akkrรน ลlรก
๐	olรนแนฃแปฬ, แปkแป แปlแปpa, แปkแปฬ, แปlแปฬpรรก
๐๏ธ	tรญ ล bแปฬ, แปkแป แปlแปpa Ti Nbแป, แปkแปฬ, แปlแปฬpรรก
๐	Taasi, nแนฃe แปkแปฬ
๐	Taasi, Taasi Ti Nbแป, Ti Nbแป
๐	แปko, แปkแปฬ
๐๏ธ	tรญ ล bแปฬ, แปkแป Ti Nbแป, แปkแปฬ
๐	รฌgbafแบนฬ, รฒks agbafแบนฬ tรณ dรกra, แปkแป Agbafแบน Daradara
๐	ifijiแนฃแบน, แปkแป Akแบนru
๐	dรญแบนฬ, แปkแป Nla Akแบนru, แปkแปฬ akรฉrรฒ ลlรก, แปkแปฬ akแบนฬrรน
๐	Katakata, nแนฃe แปkแปฬ
๐๏ธ	รฌdรญje erรฉ, แปkแปฬ, แปkแปฬ รฌdรญje erรฉ
๐๏ธ	alรนpรนpรน, รฌdรญje erรฉ
๐ต	alupupu, alupupu onimแปto, onimแปto
๐ฒ๏ธ	Kแบนฬkแบนฬ, kแบนฬkแบนฬ
๐ด	Alupรนpรน แบนlแบนฬsแบนฬ mรฉjรฌ, alupupu kekere, gbรก
๐	Ibudokแป, dรบrรณ, ibรนdรณkแปฬ, แปkแปฬ akรฉrรฒ
๐ฃ๏ธ	ojรบ แปฬnร แปkแปฬ, pรณpรณ, แปฬnร
๐ค๏ธ	ojรบ-irin, แปkแป ojรบ-irin, แปฬnร ojรบ-irin
๐ข๏ธ	epo, รgbรก, รgbรก epo
โฝ๏ธ	afa epo, epo, gรกรsรฌ, ibรนdรณ epo, pแปฬmpรน epo
๐จ	Ina แปkแป แปlแปpa, inรก, yรญpo, แบนran แบนlแบนฬdแบนฬ, แปkแปฬ, แปlแปฬpรรก
๐ฅ	Ina Adariko Onidubu, adarรญ, adarรญkแปฬ, inรก
๐ฆ	Ina Adariko Olopo, adarรญ, adarรญkแปฬ, inรก
๐	Aami Idaduro, Onรญgun mแบนฬjแป, dรบrรณ, รmรฌ
๐ง	Iแนฃแบนฬ แปnร, รฌdรจnร
โ๏ธ	irinแนฃแบนฬ, รdรกkรฒrรณ, แปkแปฬ ojรบ omi ลlรก
โต๏ธ	ibi รฌgbafแบนฬ, okun, แปkแป kekere, แปkแปฬ ojรบ omi, แปkแปฬ ojรบ omi ibi รฌgbafแบนฬ
๐ถ	obele, รbรจlรฉ, แปkแปฬ ojรบ omi
๐ค	แปkแป omi alare, แปkแปฬ ojรบ omi
๐ณ๏ธ	รจrรฒ, แปkแปฬ ojรบ omi ลlรก, แปkแปฬ ojรบ omi ลlรก รจrรฒ
โด๏ธ	ferรญ, รจrรฒ, แปkแปฬ ojรบ omi
๐ฅ๏ธ	แปkแปฬ ojรบ omi, แปkแปฬ ojรบ omi tรณ ล lo แบนฬrแป
๐ข	รจrรฒ, แปkแปฬ ojรบ omi ลlรก, แปkแปฬ ojรบ omi
โ๏ธ	bรlรบ รฒfurufรบ, แปkแปฬ รฒfurufรบ
๐ฉ๏ธ	bรlรบ รฒfurufรบ, bรlรบ รฒfurufรบ kรฉkerรฉ, แปkแปฬ รฒfurufรบ
๐ซ	Ibi Idagbere Baalu, bรlรบ รฒfurufรบ, รฌjรกde, แนฃรyแบนฬwรฒ wแปlรฉ, แปkแปฬ รฒfurufรบ
๐ฌ	Ibi Ikaabแป Baalu, bรlรบ รฒfurufรบ, bรญbalแบนฬ, wรญwแปlรฉ, รwแปn รฌwแปlรฉ, รฌwแปlรฉ, แปkแปฬ รฒfurufรบ
๐บ	รjรฒkรณ, รga
๐	nแนฃe แปkแปฬ, แบธlikแปputa
๐	olรณkรจ, แปkแป oju irin, แปkแป oju irin Oloke
๐	gรฒndรณlร, wรกyร, รฒkรจ, แปkแป oniwaya Ori-oke
๐ก	Tramway Eriali, gรฒndรณlร, wรกyร, รฉrรญklรฌ, แปkแปฬ, แปฬnร แปkแปฬ ojรบ irin
๐ฐ๏ธ	alรกtagbร, รรyรจ
๐	Rแปฬkแบนฬtรฌ, รรyรจ
๐ธ	UFO, รwแป kรฉkerรฉ tรญ ล fรฒ
๐๏ธ	agogo, agogo alรกgbรกgbแบนฬrรนn ilรฉ รฌtura, alรกgbรกgbแบนฬrรนn ilรฉ รฌtura, ilรฉ รฌtura
โ๏ธ	Gilasiakoko, adรญwแปฬn รkรณkรฒ, iyแบนฬpแบนฬ
โณ๏ธ	Gilasiakoko Pแบนlu Iyแบนpแบน Ti N fแบน, adรญwแปฬn รkรณkรฒ, gรญlรกsรฌ รkรณkรฒ, รฌyแบนฬpแบนฬ
โ๏ธ	Ago, ago
โฐ	Ago, Ago Itaniji, Itaniji
โฑ๏ธ	ago, ago alรกfแปwแปฬyรญ
โฒ๏ธ	adรญwแปฬn รkรณkรฒ, ago, ago adรญwแปฬn รkรณkรฒ
๐ฐ๏ธ	ago, ago รgbรฉlแบนฬ
๐๏ธ	00, 12, 12:00, Ago Mejila, ago, lรน gรฉrรฉgรฉ, mรฉjรฌlรก
๐ง	12, 12:30, 30, Ago Mejila Aabแป, ago, mรฉjรฌlรก, แปgbแปฬn
๐๏ธ	00, 1, 1:00, Ago Kan an, ago, lรน gรฉrรฉgรฉ, รฌkan
๐	1, 1:30, 30, Ago kan an aabแป, ago, รฌkan, แปgbแปฬn
๐๏ธ	00, 2, 2:00, Ago Meji, ago, lรน gรฉrรฉgรฉ, mรฉjรฌ
๐	2, 2:30, Ago Meji Aaabแป, ago, mรฉjรฌ, แปgbแปฬn
๐๏ธ	00, 3, 3:00, Ago Mแบนta, ago, lรน gรฉrรฉgรฉ, mแบนฬtรa
๐	3, 3:30, Ago Mแบนta Aabแป, ago, mแบนฬtรa, แปgbแปฬn
๐๏ธ	00, 4, 4:00, Ago Mแบนrin, ago, lรน gรฉrรฉgรฉ, mแบนฬrรฌn
๐	30, 4, 4:30, Ago Merin Aabแป, ago, mแบนฬrรฌn, แปgbแปฬn
๐๏ธ	00, 4, 4:00, Ago Marun un, ago, lรน gรฉrรฉgรฉ, mรกrรนn
๐	30, 4, 4:30, Ago Marun un Aabแป, ago, mรกrรนn, แปgbแปฬn
๐๏ธ	00, 6, 6:00, Ago Mแบนfa, ago, lรน gรฉrรฉgรฉ, mแบนฬfรa
๐ก	30, 6, 6:30, Ago Mแบนfa Aabแป, ago, mแบนฬfรa, แปgbแปฬn
๐๏ธ	00, 7, 7:00, Ago Meje, ago, lรน gรฉrรฉgรฉ, mรฉje
๐ข	30, 7, 7:30, Ago Meje Aabแป, ago, mรฉje, แปgbแปฬn
๐๏ธ	00, 8, 8:00, Ago Mแบนjแป, ago, lรน gรฉrรฉgรฉ, mรฉjแป
๐ฃ	30, 8, 8:30, Ago Mejแป Aabแป, ago, mรฉjแป, แปgbแปฬn
๐๏ธ	00, 9, 9:00, Ago Mแบนsan an, ago, lรน gรฉrรฉgรฉ, mแบนฬsan an
๐ค	30, 9, 9:30, Ago Mแบนsan an Aabแป, ago, mแบนฬsan an, แปgbแปฬn
๐๏ธ	00, 10, 10:00, Ago Mแบนwa, ago, lรน gรฉrรฉgรฉ, mแบนฬwรรก
๐ฅ	10, 10:30, 30, Ago Mแบนwa Aabแป, ago, mแบนฬwรรก, แปgbแปฬn
๐๏ธ	00, 11, 11:00, Ago Mแปkanla, ago, lรน gรฉrรฉgรฉ, mแปฬkรnlรก
๐ฆ	11, 11:30, 30, Ago Mแปkanla Aabแป, ago, mแปฬkรกnlรก, แปgbแปฬn
๐	dรบdรบ, รแนฃรนpรก Tuntun, รฒแนฃรนpรก
๐	Yรญyแปฬ รรbแปฬ Oแนฃรนpรก, kรญrรญsแบนฬntรฌ, yรญyแปฬ, รฒแนฃรนpรก
๐	Oแนฃรนpรก รlรrin รkแปฬkแปฬ, รฌdรกmแบนฬrin, รฒแนฃรนpรก
๐	Yรญyแปฬ Kรญkรบn Oแนฃรนpรก, kรญkรนn, yรญyแปฬ, รฒแนฃรนpรก
๐๏ธ	รแนฃรนpรก, แบธฬkรบnrแบนฬrแบนฬ, แบธฬkรบnrแบนฬrแบนฬ รแนฃรนpรก
๐	Kรญkรบn, Oแนฃรนpรก, Tรญtรn, Tรญtรn Kรญkรบn Oแนฃรนpรก
๐	Oแนฃรนpรก รlรrin รgbแบนฬyรฌn, รฌdรกmแบนฬrin, รฒแนฃรนpรก
๐	Tรญtรn รรbแปฬ Oแนฃรนpรก, kรญrรญsแบนฬntรฌ, รฒแนฃรนpa kรฉkerรฉ, รฒแนฃรนpรก
๐	Oแนฃรนpรก, รรbแปฬ, รรbแปฬ Oแนฃรนpรก
๐	Oju รแนฃรนpรก Tuntun, ojรบ, oแนฃupa
๐	Oแนฃรนpรก รlรrin รkแปฬkแปฬ Pแบนฬlรบ Ojรบ, ojรบ, รฌdรกmแบนฬrin, รฒแนฃรนpรก
๐๏ธ	Oแนฃรนpรก รlรrin รgbแบนฬyรฌn Pแบนฬlรบ Ojรบ, ojรบ, รฌdรกmแบนฬrin, รฒแนฃรนpรก
๐ก๏ธ	ojรบ แปjแปฬ, รฒแนฃรนwแปฬn รฌgbรณnรก
โ๏ธ	itanแนฃan oรฒrรนn, รฌmแปฬlแบนฬ, รฒrรนn
๐	ojรบ, รฌmแปฬlแบนฬ, รฒแนฃรนpรก, แบธฬkรบnrแบนฬrแบนฬ รแนฃรนpรก Pแบนฬlรบ Ojรบ, แบนฬkรบn
๐	Oorun Pแบนlu Oju, ojรบ, รฌmแปฬlแบนฬ, รฒrรนn
โญ๏ธ	Irawแป Alaabแป Funfun, รฌrรwแปฬ
๐	Irawแป Titan, dรกn, dรญdรกn, tรn, รฌrรwแปฬ
๐	Irawแป Yiyแป, jรญjรกbแปฬ, tรญta, รฌrรwแปฬ
๐	รรyรจ, แปna Oniwara
โ๏ธ	ojรบ แปjแปฬ, รฒfurufรบ
โ๏ธ	Oorun Lแบนhin Ofurufu, รฒfurufรบ, รฒรฒrรนn
โ๏ธ	รrรก, รฒfurufรบ, รฒfurufรบ pแบนฬlรบ แนฃรญแนฃรกnรก รti รฒjรฒ, รฒjรฒ
๐ค๏ธ	รฒfurufรบ, รฒรฒrรนn, รฒรฒrรนn lแบนฬyรฌn รฒfurufรบ kรฉkerรฉ
๐ฅ๏ธ	รฒfurufรบ, รฒรฒrรนn, รฒรฒrรนn lแบนฬyรฌn รฒfurufรบ tรณ tรณbi
๐ฆ๏ธ	รฒfurufรบ, รฒjรฒ, รฒรฒrรนn, รฒรฒrรนn lแบนฬyรฌn รฒfurufรบ รฒjรฒ
๐ง๏ธ	รฒfurufรบ, รฒfurufรบ pแบนฬlรบ รฒjรฒ, รฒjรฒ
๐จ๏ธ	yรฌnyรญn, รฒfurufรบ, รฒfurufรบ pแบนฬlรบ yรฌnyรญn, รฒtรบtรน
๐ฉ๏ธ	รฒfurufรบ, รฒfurufรบ pแบนlu แนฃรญแนฃรกnรก, แนฃรญแนฃรกnรก
๐ช๏ธ	รฌjรฌ, รฌjรฌ tรณ le, รฒfurufรบ
๐ซ๏ธ	kรนrukรนru, รฒfurufรบ
๐ฌ๏ธ	atแบนฬgรนn, ojรบ, ojรบ atแบนฬgรนn, tayแป, รฒfurufรบ
๐	รyรญ, รฌjรฌ, รฒyรฌ, แบธfuufu
๐	รฒjรฒ, รฒแนฃรนmarรจ
๐	Agboorun Toti, agbรฒrรนn, aแนฃแป, รฒjรฒ
โ๏ธ	agbรฒrรนn, aแนฃแป, รฒjรฒ
โ๏ธ	Agboorun Pแบนlu Omi Ojo Kikan, agbรฒrรนn, aแนฃแป, kรกn, รฒjรณ
โฑ๏ธ	agbรฒrรนn, agbรฒrรนn nรญ ilแบนฬ, รฒjรฒ, รฒrรนn
โก๏ธ	Agbara Ina Giga, agbรกra inรก, ewu, inรก, mแปฬnแปฬmแปฬnแปฬ, sรกรpรน
โ๏ธ	yรฌnyรญn, รฌdรฌjแป รฒjรฒ yรฌnyรญn, รฒtรบtรน
โ๏ธ	yรฌnyรญn, รฒtรบtรน, แปkรนnrin yรฌnyรญn
โ๏ธ	yรฌnyรญn, รฒtรบtรน, แปkunrin yinyin Laini Yinyin, แปkรนnrin yรฌnyรญn
โ๏ธ	kamแบนฬtรฌ, รรyรจ
๐ฅ	Inรก, inรก, irinแนฃแบนฬ
๐ง	Drแปฬpรบlแบนฬแบนฬtรฌ, kรกn รฒรณgรนn, รwรdร, รฒtรบtรน
๐	Iji Omi, omi, รฌjรฌ, รฒkun
๐	Jack-o-Atupa, alowรญnรฌ, ayแบนyแบน, jรกรkรฌ, รtรนpร
๐	Igi Keresimesi, ayแบนyแบน, igi, kรฉrรฉsรฌmesรฌ
๐	Iแนฃแบนฬinรก, ayแบนyแบน
๐	Olutan, ayแบนyแบน, dรกn, iแนฃแบนฬinรก
โจ	Awแปn Titan, dรกn, รฌrรwแปฬ
๐	Bรlรบรนnรน, ayแบนyแบน
๐	Ariwo Ayแบนye, alรกrรญyรก, ayแบนyแบน, tรกdร, รrรญyรก
๐	Bแปแปlu Kแปnfแบนti, ayแบนyแบน, bแปฬแปฬlรน, kแปnfetรญ
๐	Igi Tanabata, ayแบนyแบน, igi, japanese, รกnร
๐	ayแบนyแบน, eso แปฬpแบน รฒyรฌnbรณ, igi bambรบ, japanese, แบธแนฃแป แปpแบน oyinbo
๐	Awแปn Ere Japanisi, Japanese, ayแบนyแบน, omolankidi, รjแปyแปฬ
๐	Olugekere Capu, ayแบนyแบน, kรกรpรน, รฌbแปsแบนฬ tรญ ล fรฒ
๐	Idun Iji, agogo, atแบนฬgรนn, ayแบนyแบน, รฌdรบn agogo
๐	Wiwo Ayแบนyแบน Oแนฃupa, ayแบนyแบน, รฒแนฃรนpรก
๐	Rรญbรฌnnรฌ, ayแบนyแบน
๐	ayแบนyแบน, wรฉpแปฬ, รpรณtรญ, แบธbun Didi, แบนฬbรนn
๐๏ธ	ayแบนyแบน, rรญbรญnรฌ, rรญbรญnรฌ รฌrรกnilรฉtรญ, รฌrรกnilรฉtรญ
๐๏ธ	รwแปn รฌwแปlรฉ รฌgbaniwแปlรฉ, รฌgbaniwแปlรฉ, รฌwแปlรฉ
๐ซ	Iwe Iwแปle, รฌgbaniwแปlรฉ
๐๏ธ	ayแบนyแบน, fรdรกkร olรณgun
๐๏ธ	Ife, แบนฬbรนn
๐	Fadaka Ere idaraya, fรdรกkร
๐ฅ	Fadaka Ipo Akแปkแป, fรกdรกkร, gรณรฒlรน, รkแปฬkแปฬ
๐ฅ	Fadaka Ipo Ekeji, fรกdรกkร, ipรฒ kejรฌ, sรญlรญfร
๐ฅ	Fadaka Ipo แบธkแบนta, bรญrรณnsรฌ, fรdรกkร, ipรฒ kแบนta
โฝ๏ธ	Bแปแปlu Afแบนsแบนgba, bแปฬแปฬlรน, bแปฬแปฬlรน รfแบนsแบนฬgbรก
โพ๏ธ	Bแปฬแปฬlรนรฒkรจ, bแปฬแปฬlรน
๐	Bแปฬแปฬlรนalรกgbแปฬn, bแปฬแปฬlรน, รฒrรนka onรญrin ลlรก roboto
๐	Folliboolu, bแปฬแปฬlรน, erรฉ
๐	Bแปแปlu Amแบนrika, amแบนฬrรญkร, bแปฬแปฬlรน, bแปฬแปฬlรน รfแบนแนฃแบนฬgbรก
๐	Bแปแปlu Rแปgibi, bแปฬแปฬlรน, bแปฬแปฬlรน rแปฬgรญbรฌ, bแปฬแปฬlรน รfแบนแนฃแบนฬgbรก
๐พ	Tแบนnisi, bแปฬแปฬlรน, rรกkแบนฬtรฌ
๐ณ	Bolin, bแปฬแปฬlรน, erรฉ
๐	bแปฬแปฬlรน, erรฉ, erรฉ bแปฬแปฬlรน afi pรกtรกkรณ gbรก, pรกtรกkรณ รฌgbรก bแปฬแปฬlรน
๐	Hแปki Papa, bแปฬแปฬlรน, erรฉ, hแปฬkรฌ, igi, pรกpรก
๐	Hแปki Yinyin, erรฉ, hแปฬkรฌ, igi, pแปฬkรฌ, yรฌnyรญn
๐	Bแปแปlu Ori Tabili, ajรฉ รฌwakแปฬ, bรกรtรฌ, bแปฬแปฬlรน
๐ธ	Badimitin, bแบนฬแบนฬdรฌ, erรฉ, ihรฒ bแปฬแปฬlรน, rรกkแบนฬtรฌ
๐ฅ	gilofu, gilofu ikanแนฃแบน, ikanแนฃแบน
๐ฅ	Aแนฃแป Ere Itapa, erรฉ onรญpรรก รti แปwแปฬ, erรฉ แบนlแบนฬsแบนฬ, erรฉ แปlแปฬwแปฬ, รwon erรฉ onรญpรรก รti แบนlแบนฬsแบนฬ, รวนkรณรฒ
๐ฅ	gรณรฒlรน, รwแปฬn, รwแปฬn gรณรฒlรน
โณ๏ธ	Asia Ninu Iho, gแปฬแปฬfรน, ihรฒ
โธ๏ธ	sรญkรฉtรฌ, yรฌnyรญn, yรฌnyรญn sรญkรฉtรฌ
๐ฃ	Opo Ipแบนja, รฒpรณ, แบนja
๐ฝ	sรกรแนฃรฌ, sรญsรกrรฉ, รwแปn tรญ ล sรกrรฉ, แนขแบนแบนti Isare, แนฃแบนฬแบนฬtรฌ
๐ฟ	Awแปn Siki, sรญkรฌ, yรญnyรฌn
๐ท	sรญlแบนฬ, sรญlแบนฬdรฌ, sรญlแบนฬjรฌ
๐ฅ	erรฉ, รฒkรบta, รฒkรบta รฌwแปฬ
๐ฏ	Igba Taara, akแป mรlรบ, erรฉ, gรบn, pรกlรญ ayรฒ, รfojรบsรนn, แปฬgรกngแปฬ ayรฒ
๐ฑ	8, Bแปแปlu Odo 8, bรญlรญรกdรฌ, bแปฬแปฬlรน, erรฉ, แบนฬแบนฬjแป
๐ฎ	bแปฬรณฬฉlรน, bแปแปlu aworawแป, pรรกpรรก, รlรณฬฉ ajแบนmรณฬฉwin, รรฌbรกyรฉmu, รฒkรบta aworรwรฒฬฉ, แปrแปฬ
๐ฎ๏ธ	Ere-idaraya Fidio, erรฉ, olรนdarรญ
๐น๏ธ	Ere-idaraya, Ere-idaraya Fidio, รฌdarรญ erรฉ
๐ฐ	erรฉ, รฌfisรญ, แบธrแป Ifisi
๐ฒ	Ere-idaraya Ludo, ayรฒ, erรฉ
โ๏ธ	erรฉ, kรกรdรฌ, รฌpรญn kรกรdรฌ sรญpรจdรฌ
โฅ๏ธ	erรฉ, kรกรdรฌ, รฌpรญn kรกรdรฌ แปkรn
โฆ๏ธ	erรฉ, kรกรdรฌ, รฌpรญn kรกรdรฌ dรญรกmแปฬndรฌ
โฃ๏ธ	erรฉ, kรกรdรฌ, รฌpรญn kรกรdรฌ ewรฉ
๐	Joka, erรฉ, kรกรdรฌ, kรกรdรญ แปlแปฬpแปฬ รฌlรฒ
๐๏ธ	Dragoni Pupa Mahjong, erรฉ, mahjong, pupa
๐ด	Kรกรdรฌ รฌแนฃerรฉ Olรณdรฒdรณ, erรฉ, japanese, kรกรdรฌ, รฒdรฒdรณ, ล แนฃerรฉ
๐ญ๏ธ	Ere Awokแปแนฃe, iแนฃแบนฬ แปnรก, tรญรกtร, รwรฒkแปฬแนฃe, รฌbรฒjรบ, รฌtรgรฉ
๐ผ๏ธ	fรฉrรฉmรน, ilรฉ แปnร, iแนฃแบนฬ แปnรก, kรญkรนn, รwรฒrรกn, รwแปrรกn inรบ fรฉrรฉmรน
๐จ	Pแบนpแบน Oแนฃere, ilรฉ แปnร, iแนฃแบนฬ แปnรก, kรญkรนn, pรกlแบนฬtรฌ
๐๏ธ	Digi, aแนฃแป, gรญlรกรกsรฌ ojรบ, รฌbรฒjรบ, แบนyinjรบ
๐ถ๏ธ	dรบdรบ, gรญlรกรกsรฌ, gรญlรกรกsรฌ รฒrรนn, ojรบ, รฌbรฒjรบ
๐	Okรนnแปrรนn, Wรญwแปแนฃแป
๐	aแนฃแป, tแนฃแบนฬแบนฬtรฌ, แนขแบนแบนti, แนฃแบนฬแบนฬtรฌ
๐	Jinsi, aแนฃแป, pรกtรก, แนฃรฒkรฒtรฒ
๐งฃ	sรญkรกfรน, แปrรนn
๐งค	รฌbแปฬwแปฬ, แปwแปฬ
๐งฅ	jรกkแบนฬtรฌ, kรณรฒtรน
๐งฆ	รฌbแปฬsแบนฬ, รฌbแปฬsแบนฬ obรฌnrin gรญgรนn
๐	Aแนฃแป, Wรญwแปแนฃแป
๐	Kimono, Wรญwแปแนฃแป
๐	Pata obinrin, aแนฃแป, wแบนdรฒ
๐	Awแปn Aแนฃแป Obinrin, aแนฃแป, obรฌnrin
๐	Pแปแปsi, aแนฃแป, kรณbแปฬ
๐	aแนฃแป, pแปฬแปฬsรฌ, รpamแปฬwแปฬ, รpamแปฬwแปฬ
๐	Baagi Ipamแปwแป, aแนฃแป, pรกรนแนฃรฌ, รpamแปฬwแปฬ
๐๏ธ	ilรฉ รฌtura, รpamแปฬwแปฬ, รwแปn รpamแปฬwแปฬ แปjร, แปjร
๐	Baagi Ile-แบนkแป Agbekแบนyin, ilรฉ รฌwรฉ, sรกแนฃแบนฬlรฌ, รpamแปฬwแปฬ
๐	Bata แปkunrin, aแนฃแป, bรtร, แปkรนnrin
๐	Bata Isare, aแนฃแป, bรtร, แบนnรญ sรกrรฉ
๐	Bata Gogoro, aแนฃแป, bรtร, bรtร gogoro, obรฌnrin
๐ก	Bata Obinrin pแบนlแบนbแบน, aแนฃแป, bรtร, bรกtรก pแบนlแบนbแบน, obรฌnrin
๐ข	Buutu Obinrin, aแนฃแป, bรtร, bรบรนtรน, obรฌnrin
๐	Ade, aแนฃแป, olorรฌ, แปba
๐	Haati Obinrin, aแนฃแป, fรฌlร, obรฌnrin
๐ฉ	Haati Oke, aแนฃแป, fรฌlร, รฒkรจ
๐๏ธ	Fila Aแนฃeyแปri, ayแบนyแบน, aแนฃแป, fรฌlร, รแนฃeyแปrรญ
๐งข	fรฌla billed, fรฌla bแปฬแปฬlรนรฒkรจ
โ๏ธ	koto, koto รฒแนฃรฌแนฃแบนฬ รฌrรnwแปฬ, ojรบ, รฌrรnwแปฬ รgbรฉlรฉbรน
๐ฟ	Ilแบนkแบน Adura, aแนฃแป, ilแบนฬkแบนฬ, รdรบrร, แบนฬgbร แปrรนn, แบนฬsรฌn
๐	Ikun-ete, aแนฃaralaแนฃแปฬ, aแนฃaralรณge
๐	Dรบn, dรญรกmแปฬndรฌ
๐	Okuta Iyebiye, dรญรกmแปฬndรฌ, รฒkรบta iyebรญye, แบนฬgbร
๐	Gbohungbohun ti ko Sแปrแป, dรกkรจ, dรกkรฉ, gboรนngboรนn
๐๏ธ	Gbohungbohun ti Ohun rแบน wa Labแบน, fแบนฬlแบนฬ
๐	Gbohungbohun ti Ohun rแบน wa Laarin, รรกrรญn
๐	Gbohungbohun ti Ohun rแบน lแปSoke, pariwo
๐ข	Gbohรนngbohรนn, pariwo, รฌfitรณnilรฉti รฌta gbangban
๐ฃ	รฌbรกraniyรฒฬฉ, แบนฬrแป gbohรนngbohรนn ลlรก
๐ฏ	gbohรนngbohรนn, gbohรนngbohรนn ifiranแนฃแบน, รฌfirรกnแนฃรฉฬฉ
๐	agago
๐	agogo, agogo pแบนlu idinku, bแบนฬแบนฬ kรณฬฉ, kรฒ, รรฌlesแปฬrแปฬ, รจรจwแปฬ, แนฃรจdรญwรณฬฉ
๐ผ	akแปsilแบน orin, akแปsรญlแบนฬ, orin
๐ต	orin, รฒฬฉrแปฬ, แปฬrแปฬ orin
๐ถ	nรณรฒtรฌ orin, orin, รwแปn รฒฬฉrรฒฬฉ, แปฬrแปฬ
๐๏ธ	ilรฉ-agรณdo, maikurofรณรฒnรน, maikurofรณรฒnรน sรญtรบdรญรฒ, maikรฌ, orin
๐๏ธ	ipele, orin, yรญyรฒฬฉ, รฌpele yรญyรฒฬฉ
๐๏ธ	kรณkรณ, kรณkรณ ibรฌdรกrรญ, olรนdarรญ, orin
๐ค	maikurofรณรฒnรน, แบนฬrแป gbohรนngbohรนn kรฉkerรฉ
๐ง๏ธ	รฌrintรญ, แบนฬrแป รdรกgbรณrinsรฉtรญ
๐ป๏ธ	fรญdรญรฒ, rรฉdรญรฒ
๐ท	ipรจ, irinแนฃแบนฬ, orin, sรกรsรฌ
๐ธ	irinแนฃแบนฬ, jรฌtรก, orin
๐น	duuru orin, dรนrรน, ohun รจlรฒ, orin
๐บ	irinแนฃแบนฬ, kakaaki, orin
๐ป	faolini, irinแนฃแบนฬ, orin
๐ฅ	igi รฌlรน, orin, รlรน, รฌlรน
๐ฑ	alรกgbรจรฉkรก, fรณรฒnรน, fรณรฒnรน alรกgbรจรฉkรก, tแบนlifรณรฒnรน
๐ฒ	alรกgbรจรฉkรก, fรณรฒnรน, fรณรฒnรน alรกgbรจรฉkรก pแบนฬlรบ ofร, gbร, tแบนlifรณรฒnรน, รฌpรจ, แปfร
โ๏ธ	tแบนlifรณรฒnรน, แบนฬrแป รฌbรกnisแปฬrแปฬ
๐	fรณรฒnรน, olรนgbร, olรนgbร fรณรฒnรน, tแบนlifรณรฒnรน
๐๏ธ	แบนฬrแป atanilรณlobรณ
๐	fรกkรฌsรฌ, แบนฬrแป fรกkรฌsรฌ
๐	bรกtรฌrรฌ
๐	pulแปgi onina, pรบlแปฬแปฬgรฌ, รฌnรก mแปฬnร-mแปฬnรก, แบนฬlรฉฬฉtรญrรญรฌkรฌ
๐ป๏ธ	kแปฬnpรบtร, kแปฬnpรบtร alรกdรni, kแปฬวนpรบtร รgbรฉlรฉtan, รdรกni
๐ฅ๏ธ	a-gbรฉ-lรณrรญ-tรกbรญlรฌ, kแปฬnpรบtร, kแปฬnpรบtร a-gbรฉ-lรณrรญ-tรกbรญlรฌ
๐จ๏ธ	kแปฬnpรบtร, pรญnrรญntร
โจ๏ธ	kรญรญbแปแปฬdรน, kแปฬnpรบtร
๐ฑ๏ธ	kแปฬnpรบtร, mรกรฒsรฌ kแปฬnpรบtร
๐ฒ๏ธ	kแปฬnpรบtร, รฒntรจฬฉ afinimแปฬnร
๐ฝ	dรญsรฌkรฌ kแปฬวนpรบtร, kแปฬnpรบtร, ojรบ รwo, รwo, รwo pรฉlรฉbรฉ
๐พ	dรญsรฌkรฌ fรญlแปฬpรฌ, fรญlรณฬฉpรฌ, kแปฬnpรบtร, รwo
๐ฟ๏ธ	kแปฬnpรบtร, ojรบ รwo, รwo, รwo akรก-แปฬrแปฬ alรกfojรบrรญ, รwo รฌgbรlรณdรฉ
๐	bรบlรบรน-rรฉรจ, dvd, dรญsรฌkรฌ, kแปฬnpรบtร, ojรบ รwo
๐ฅ	fรญรฌmรน, kamแบนra fรญรฌmรน, kรกmรฉฬฉrร, sinimรก
๐๏ธ	fรญรฌmรน, sinemรก, รwแปn fรฉrรฉmรน, รwแปn fรฉrรฉmรน fรญรฌmรน
๐ฝ๏ธ	fรญdรญรฒ, fรญรฌmรน, pรฌrรฒjแบนฬkรญtแปฬ, sรญnรญmร, รจฬฉrแป agbรฉwรฒrรกn jรกde
๐ฌ๏ธ	fรญรฌmรน, kรญlรกpร, pataki alapade
๐บ๏ธ	fรญdรญรฒ, รmรณhรนnmรกwรฒrรกn
๐ท๏ธ	fรญdรญรฒ, kรกmแบนฬrร
๐ธ	fรญdรญรฒ, fรญlรกsรฌ, kรกmแบนฬrร, kรกmแบนฬrร pแบนlu filaแนฃi
๐น๏ธ	ayรwรฒrรกn fรญdรญรฒ, fรญdรญรฒ, kรกmรฉฬฉrร
๐ผ	awแปn kaadi ododo iแนฃere, fรญdรญรฒ, tรฉรจpรน
๐	dรญรญgรญ, gilasi itแปka-osi amohun tobi, irinแนฃแบนฬ, รฌfojรบsรณde, รฌsแปdinlรก
๐	dรญรญgรญ, gilasi itแปka-แปtun amohun tobi, irinแนฃแบนฬ, รฌfojรบsรณde, รฌsแปdinlรก
๐ฏ๏ธ	inรก, kรกndรบรนlรน
๐ก	bรณฬฉแปฬbรน, gรณlรฒbรน inรก, inรก, kแปฬmรญรฌkรฌ, รฒye, แบนฬlแบนฬtรญrรญรฌkรฌ
๐ฆ	inรก, inรก fรญlรกsรฌ, inรก mแปฬnร-mรณฬฉnรก, irjแนฃรฉฬฉ, tแปฬแปฬแนฃรฌ
๐ฎ	atupa iwe pupa, inรก, pupa, รtรนpร, รฌdรจnร
๐	รfikแปฬwรฉ pแบนlu แบนyin แปlแปแนฃแป, รฌwรฉ, รฌwรฉ รkแปsรญlรจฬฉ, รฌแนฃelแบนฬแนฃแปฬรณฬฉ, แบนฬyรฌn รฌwรฉ
๐	iwe ti pade, pรญpadรฉ, รฌwรฉ
๐	iwe แนฃi silแบน, รฌwรฉ, แนฃรญแนฃรญ
๐	iwe alawแป ewe, รwรฒฬฉ ewรฉ, รฌwรฉ
๐	bulu, iwe alawแป, iwe alawแป bulu
๐	alรกwรฒฬฉ แปsรn, iwe alawแป แปsan, รฌwรฉ
๐๏ธ	รwแปn รฌwรฉ, รฌwรฉ
๐	รfikแปฬwรฉ
๐	lรฉฬฉjร, รfikแปฬwรฉ
๐	oju-iwe pแบนlu lilแป, ojรบ รฌwรฉ, รฌlรณฬฉpแปฬ, รฌwรฉ รฌpamรณฬฉ
๐	gbรฉjรกde, pรฉpร
๐	dแปฬkรบmรฉฬฉแบนฬtรฌ, oju-iwe wa loke, ojรบ รฌwรฉ
๐ฐ	pรฉpร, รฌrรฒyรฌn, รฌwรฉ รฌrรฒyรฌn
๐	pรฉpร, รkรกpแปฬ, รฌrรฒyรฌn, รฌwรฉ รฌrรฒyรฌn, รฌwรฉ รฌrรฒyรฌn alรกyรญpแปฬ
๐	ohun รจlรฒ รฌfรmรฌsรญ, tรกรbรน, รmรฌ, รmรฌ รฌwรฉ รwแปn tรกรbรน, รฌfรmรฌsรญ
๐	รmรฌ, รmรฌ รฌwรฉ
๐ท๏ธ	รkแปฬlรฉ
๐ฐ๏ธ	apo owo, dรณฬฉlร, owรณ, รpรฒ
๐ด	ilรฉ-รฌfowรณpamรณฬฉ, owo yen, owรณ, owรณ bรกnkรฌ, yแบนn, รฌwรณ iye owรณ
๐ต	dแปฬlร, ilรฉ-รฌfowรณpamรณ, owo dแปla, owรณ, owรณ bรกnkรฌ, รฌwรณ iye owรณ
๐ถ	ilรฉ-รฌfowรณpamรณฬฉ, owo uro, owรณ, owรณ bรกnkรฌ, รฌwรณ iye owรณ, รบrรฒ
๐ท	ilรฉ-รฌfowรณpamรณฬฉ, owo pแปun, owรณ, owรณ bรกnkรฌ, pรณฬฉรนn, รฌwรณ iye owรณ
๐ธ	dรณฬฉlร, fรฒ, ilรฉ-รฌfowรณpamรณฬฉ, owo pแบนlu awแปn iyแบน, owรณ, owรณ bรกnkรฌ, รฌwรณ iye owรณ
๐ณ๏ธ	ilรฉ รฌfowรณpamรณฬฉ, kรกรdรฌ, kรกรdรฌ รฌsแปdowรณ, owรณ, รรwรฌn
๐น	ilร atแปฬka รwรฒrรกn, ilรฉ รฌfowรณpamแปฬn, owรณ, yen, รtแบน, รtแบน n pแปsi pแบนlu yแบนn, รฌdรgbรsรณkรจ, รฌdรฌde, รฌgbรlรณdรฉ, รฌlแปsรณkรจ, แปjร
โ๏ธ	lรฉฬฉtร, รpรฒ รฌwรฉ, รญ-meรจlรฌ
๐ง	lแบนฬtร, meรจlรฌ, รญ-meรจlรฌ
๐จ	apo iwe ti o nbแป, lแบนฬtรก, meรจlรฌ, รpรฒ รฌwรฉ, รฌgbรwแปlรฉ, รฌwแปlรฉ, รญ-meรจlรฌ
๐ฉ	apo iwe pelu แปfa, lแบนฬtร, meรจlรฌ, รpรฒ รฌwรฉ, รฌfirรกnแนฃรฉฬฉ, รฌjรกde, รฌsรlแบนฬ, รญ-meรจlรฌ, แปfร
๐ค๏ธ	lแบนฬtรก, meรจlรฌ, tire รpรณtรญ รฌgbแปฬrแปฬjรกde, รpรณtรฌ, รpรณtรญ รฌgbแปฬrแปฬjรกde, รtแบน, รฌfirรกnแนฃแบนฬ
๐ฅ๏ธ	lแบนฬtรก, meรจlรฌ, tire รpรณtรญ รgbรwแปฬlรฉ, รpรณtรฌ, รpรณtรญ รฌgbแปฬrแปฬjรกde, รtแบน, รฌgbรwแปlรฉ
๐ฆ๏ธ	รpรณtรญ, แนฃรญ รkรณjแปpแปฬ, แบนgbรฌnrรฌn
๐ซ๏ธ	meรจlรฌ, pรญpadรฉ, รpรณtรญ meรจlรฌ, รpรณtรญ รฌfigba รฌwรฉ rรกnแนฃแบนฬ, รpรณtรญmรฉรจlรฌ ti a tipa pแบนlu asia nina soke
๐ช๏ธ	meรจlรฌ, pรญpadรฉ, wรกlแบนฬ, รpรณtรญ meรจlรฌ, รpรณtรญ รฌfigba รฌwรฉ rรกnแนฃแบนฬ, รpรณtรญmรฉรจlรฌ ti a tipa pแบนlu asia nina walแบน
๐ฌ๏ธ	meรจlรฌ, sรญ, รpรณtรญ meรจlรฌ, รpรณtรญ รฌfigba รฌwรฉ rรกnแนฃแบนฬ, รpรณtรญmรฉรจlรฌ ti a แนฃi pแบนlu asia nina soke
๐ญ๏ธ	meรจlรฌ, sรญ, wรกlแบนฬ, รpรณtรญ meรจlรฌ, รpรณtรญ รฌfigba รฌwรฉ rรกnแนฃแบนฬ, รpรณtรญmรฉรจlรฌ ti a แนฃi pแบนlu asia nina wale
๐ฎ	apoti ifigba iwe iranแนฃแบน, meรจlรฌ, รpรณtรญ meรจlรฌ
๐ณ๏ธ	รpรณtรญ, รpรณtรญ รฌdรฌbรฒ pแบนฬlรบ รฌwรฉ รฌdรฌbรฒ, รฌwรฉ รฌdรฌbรฒ
โ๏ธ	pแบนฬnsรนlรน
โ๏ธ	gรจgรฉ, gรณngรณ, gรณngรณ dรบdรบ
๐๏ธ	gรจgรฉ, gรจgรฉ orรญsun, orรญsun
๐๏ธ	gรจgรฉ, gรจgรฉ pแบนlu rogodo
๐๏ธ	bรบrรณฬฉsรฌ รฌkรนndร, แปฬdร
๐๏ธ	kereyแปฬnรน
๐	mแบนฬmรฒ, pแบนฬnsรนlรน
๐ผ	รpamแปฬwแปฬ
๐	fรกรฌlรฌ, fรณdร, fรณdร fรกรฌlรฌ
๐	fรกรฌlรฌ, fรณdร, fรณdร fรกรฌlรฌ ti o แนฃi, แนฃรญ
๐๏ธ	kรกรdรฌ, ohun รจlรฒ รฌpรญnyร, ohun รจlรฒ รฌpรญnyร รtรฒjแป atแปฬka-แปฬrแปฬ kรกรdรฌ, รtรฒjแป atแปฬka-แปฬrแปฬ
๐	dรฉรจtรฌ, kรlแบนฬndร
๐	kรlแบนฬndร, kรlแบนฬndร ti a ya
๐๏ธ	nรณรฒtรฌ, nรณรฒtรฌ pรกรdรฌ alรกkรกpรฒฬฉ, pรกรdรฌ, รkรกpแปฬ
๐๏ธ	kรlแบนฬndร, kรlแบนฬndร alรกkรกpแปฬ, pรกรdรฌ, รkรกpแปฬ
๐	fรกรฌlรฌ onรญ kรกรdรฌ, kรกรdรฌ, kรกรdรฌ รtรฒjแป atแปฬkร-แปฬrแปฬ, รtรฒjแป atแปฬka-แปฬrแปฬ
๐	ilร atรณฬฉka รwรฒrรกn, รtแบน, รtแบน n pแปsi, รฌdรgbรsรณkรจ, รฌlแปsรณkรจ, รฌlแปแนฃรญwรกjรบ
๐	tรญrแบนฬndรฌ, รtแบน, รtแบน alรกtรณฬฉka, รtแบน n dinku, รฌsรlแบนฬ
๐	pแบนpแบน รฌwe รwรฒrรกn รfihรn, รtแบน, รtแบน alรกtแปฬka, รtแบน onรญgun
๐๏ธ	aka แปlแปฬpแปฬn
๐	abแบนฬrแบนฬ, abแบนฬrแบนฬohunyรญyร
๐	abแบนฬrแบนฬ, abแบนฬrแบนฬohunyรญyร roboto, pรญรฌnรฌ รgbรกwแปlรฉ
๐	รfimรบwรจรฉpแปฬ
๐๏ธ	รfimรบwรจรฉpรฒฬฉ, รsopแปฬ รฌfimรบwรจรฉpแปฬ, รฌsopแปฬ
๐	etรญ gbแปแปrแป, rula gbแปแปrแป, rรบlร
๐	onรญgun-mรฉฬฉta, rula onigun mแบนta, rรบlร, sแบนฬแบนฬtรฌ
โ๏ธ	gรญgรฉ, irinแนฃรฉฬฉ, sรญsแปฬแปฬsรฌ
๐๏ธ	fรกรฌlรฌ, kรกรdรฌ, รpรณtรญ, รpรณtรญ kรกรdรฌ fรบn fรกรฌlรฌ
๐๏ธ	fรกรlรฌ, รpรณtรญ, รpรณtรญ fรกรlรฌ, รฌforรบkแป fรกรlรฌ sรญlแบนฬ
๐๏ธ	apแบนฬrแบนฬ รฌdalรจฬฉsรญ
๐๏ธ	pรญpadรฉ, ti tรฌรญ
๐๏ธ	ti sรญi, tรฌ, แนฃรญ, แนฃรญแนฃรญ
๐	gรณngรณ, padรฉ, pแบนฬแบนฬnรฌ, ti tรฌรญ pแบนlu pแบนni, รฌkแปฬkแปฬ, รญnkรฌ
๐	kรณฬฉkแปฬrรณฬฉ, pรญpadรฉ, ti tรฌรญ pแบนlu kแปkแปrแป, tรญtรฌ, รรbรฒ
๐	kแปฬkแปฬrแปฬ, pรกsรฌwแปdรน, tรฌ
๐๏ธ	kรณฬฉkแปฬrรณฬฉ รtijรณฬฉ, kแปฬkแปฬrรณฬฉ, olobรณ, tรญtรฌ, รtijรณฬฉ
๐จ	irinsแบนฬ, oรฒlรน
โ๏ธ	irinแนฃรฉฬฉ, sร, รฌwakusร
โ๏ธ	รฒรฒlรน, รฒรฒlรน รti รฌsร
๐๏ธ	irinแนฃแบนฬ, irinแนฃแบนฬ afagbรกra dรจ, sรญpรกnร, รฒรฒlรน, รฒรฒlรน รti irinแนฃแบนฬ afagbรกra dรจ
๐ก๏ธ	dรกgร, irinแนฃแบนฬ รฌjagun, รฒฬฉbแบน
โ๏ธ	idร, idร alรกgbรจรฉlรจbรบ, irinแนฃแบนฬ รฌjagun, รgbรฉlรจbรบ
๐ซ	ibแปn ilewแป, irinแนฃแบนฬ, รฌbแปn, รฌbแปn รฌlรฉwรณฬฉ, รฌbแปn แนฃakabรนlร
๐น	Sagittarius, irinแนฃรฉฬฉ, irinแนฃแบนฬ รฌjagun, tafรtafร, รmi oแนฃรน รฌbรญ, แปfร, แปfร tรญta, แปkแป ati แปfa
๐ก๏ธ	irinแนฃแบนฬ รฌjagun, ohun รจlรฒ รbรฒ
๐ง	irinแนฃแบนฬ, irinแนฃแบนฬ afagbรกra dรจ, oolu, sรญpรกnร
๐ฉ	bรณรฒtรน, irinแนฃรฉฬฉ, nรณฬฉแปฬtรฌ, nแปti ati botu
โ๏ธ	gรญร, irinsแบนฬ
๐๏ธ	gbรกmรบ, irinแนฃแบนฬ, ohun รจlรฒ irinแนฃแบนฬ, รฌfรบnpแปฬ
โ๏ธ	lรญbรฉrร, sรญkรฉlรฌ, รmi oแนฃรน รฌbรญ, รฌdรกjแปฬ, รฌwแปฬn, รฌwแปฬntรบnwแปฬnsรญ, รฌwแปฬntรบnwแปฬnsรญ sรญkรฉlรฌ
๐	รฌtแปฬkasรญ
โ๏ธ	รwแปn แนฃeฬฉkแบนฬแนฃแบนkแบนฬ, แนฃeฬฉkแบนฬแนฃแบนkแบนฬ
โ๏ธ	irinแนฃรฉฬฉ, kแบนฬmรญsรฌrรฌ, รlแบนฬmbรฌk
๐ฌ	irinแนฃแบนฬ, maikirosikopu, sรกyรฉฬฉnsรฌ
๐ญ	irinแนฃแบนฬ, sรกyรฉฬฉnsรฌ, tแบนlisikopu
๐ก	eria satalaiti, รtagbร, รwo, แบนฬrแป alรกtagbร nlรก
๐	abแบนrแบน, dรณkรญtร, ikin, irinแนฃแบนฬ, yรฌn, รรฌsรn, รฒรฒgรนn
๐	dรณkรญtร, pili, รรฌsรn, รฒรฒgรนn
๐ช	รlแบนฬkรนn
๐๏ธ	ibรนsรนn, ilรฉ รฌtura, sรนn
๐๏ธ	ilรฉ รฌtura, รtรนpร, รฌjรณkรฒ, รฌjรณkรฒ รti รtรนpร
๐ฝ	Ilรฉ รฌgbแบนฬ
๐ฟ	omi, รwแบนฬ
๐	รgbรก รฌwแบนฬ, รฌwแบนฬ
๐	kแบนฬkแบนฬ รฌkรณjรsรญ, รtแบน Iraja, รrajร, รtแบน
๐ฌ	siga, sรฌgรก mรญmu
โฐ๏ธ	ikรบ, pรณsรญ
โฑ๏ธ	ahรก, eรฉrรบ, igbรก รฌsรฌnkรบ, ikรบ, รฌsรฌnkรบ
๐ฟ	moai, ojรบ, รจre
๐ง	Aami ATM, ilรฉ-รฌfowรณpamรณฬฉ, tแบนฬlร, รdรกsรญsแบนฬ, แบนฬrแป apแปwรณ
๐ฎ	dแปฬtรญ, idoti ninu aami idแปti, ike รฌdalแบนฬsรญ
๐ฐ	lรกbรณฬฉdรฉ, mรญmu, omi, omi aแนฃeegbe kiri
โฟ๏ธ	รmรฌ kแบนkแบน แบนni-แบนsแบน-ndun, รฌfรyรจgbร
๐น๏ธ	ilรฉ รฌgbรฒฬฉnแนฃแบนฬ olรณmi, ilรฉ รฌgbแปฬnแนฃแบนฬ, iyara awแปn แปkunrin, รฌyรrรก รฌsinmi, แปkรนnrin
๐บ๏ธ	ilรฉ รฌgbรฒฬฉnแนฃแบนฬ olรณmi, ilรฉ รฌgbแปฬnแนฃแบนฬ, iyara awแปn obinrin, obรฌnrin, รฌyรrรก รฌsinmi
๐ป	ilรฉ รฌgbรฒฬฉnแนฃแบนฬ olรณmi, ilรฉ รฌgbแปฬnแนฃแบนฬ, ilรฉรฌyรgbแบนฬ, รฌyรrรก รฌsinmi
๐ผ๏ธ	รmรฌ แปmแป, รyรญpadร, แปmแป รฌkรณkรณ
๐พ	ilรฉ รฌgbแปฬnแนฃแบนฬ, ilรฉ รฌgbแปฬnแนฃแบนฬ olรณmi, ilรฉรฌyรgbแบนฬ olomi, omi, รฌyรrรก รฌsinmi, รฌyแบนฬwรน
๐	darรญ, iแนฃakoso aworan ori, รฌwรฉ รฌrรฌnnร
๐	awแปn aแนฃแปbode
๐	gba, igba แบนru แบนni, แบนrรน
๐	fifi แบนru silแบน, รtรฌpa, แบนrรน
โ๏ธ	รฌkรฌlแปฬ
๐ธ	awแปn แปmแปde n sแปda, olรนfแบนsแบนฬrรฌn, sรบkแบนrแบน-fรkแบนrแบน, รฌsแปdรก, แปmแป
โ๏ธ	kosi iwแปle, kรฒ, kรฒsรกyรจ, rรกrรก, sรบkแบนrแบน-fรkแบนrแบน, รbรกwแปlรฉ, รจรจwแปฬ
๐ซ	kosaye, kรฒ, rรกrรก, รbรกwoฬฉlรฉ, รจรจwแปฬ
๐ณ	bรกรญkรฌ, kosi awแปn kแบนkแบน, kรฒ, kรฒsรกyรจ, kแบนฬkรฉฬฉ, rรกrรก, รจรจwแปฬ
๐ญ๏ธ	kosi mimu siga, kรฒ, kรฒsรกyรจ, rรกrรก, sรฌgรก mรญmu, รจรจwแปฬ
๐ฏ	dแปฬtรญ, kosi idahun-silแบน, kรฒ, kรฒsรกyรจ, rรกrรก, รจรจwแปฬ
๐ฑ	kรฒแนฃรฉรจmu, omi, omi ti koแนฃeemu, รรฌmแปlรกbแปฬdรฉ
๐ท	kosi olufแบนsแบนrin, kรฒ, kรฒsรกyรจ, olรนfแบนsแบนฬrรฌn, rรกrรก, รจรจwแปฬ
๐ต	fรณรฒnรน, kosi awแปn foonu alagbeka, kรฒ, kรฒsรกyรจ, rรกrรก, tแบนlifรณรฒnรน, รgbรฉkรก, รจรจwรฒ, แบธฬrแป alรกgbรฉรจkรก
๐	18, bแบนฬแบนฬkแปฬ, ejรฌdรญnlรณgรบn, kosi eniyan labแบน ejidinlogun, ojแปฬ orรญ tรณ kรฉrรฉ, rรกrรกa, รจwแปฬ, รฌdรฌwแปฬ ojรณ orรญ, แบนwแป
โข๏ธ	rรฉdรญรฒรกtรญfรน, รmรฌ
โฃ๏ธ	ewu ajแบนmแปฬnรฌyรn, รmรฌ
โฌ๏ธ	kรกdรญnรlรฌ, รmรฌ รฌtรณฬฉsแปฬnร oฬฉlแปฬfร, รmรฌ รฒkรจ รฌtรณฬฉsแปฬnร oฬฉlแปฬfร, รrรญwรก, รฌtแปฬsแปฬnร
โ๏ธ	ilร oรฒrรนn รrรญwรก, รmรฌ รฌtรณฬฉsแปฬnร oฬฉlแปฬfร, รmรฌ รฒkรจ รฌtรณฬฉsแปฬnร oฬฉlแปฬfร apรก แปฬtรบn, รฌlแปฬpแปฬ kรกdรญnรlรฌ, รฌtแปฬsแปฬnร
โก๏ธ	ilร oรฒrรนn, kรกdรญnรlรฌ, รmรฌ รฌtรณฬฉsแปฬnร oฬฉlแปฬfร, รmรฌ รฌtรณฬฉsแปฬnร oฬฉlแปฬfร apรก แปฬtรบn, รฌtแปฬsแปฬnร
โ๏ธ	gรบรบsรน ilร oรฒrรนn, รmรฌ ilแบนฬ รฌtรณฬฉsแปฬnร oฬฉlแปฬfร apรก แปฬtรบn, รmรฌ รฌtรณฬฉsแปฬnร oฬฉlแปฬfร, รฌlแปฬpแปฬ kรกdรญnรlรฌ, รฌtแปฬsแปฬnร
โฌ๏ธ	gรบรบsรน, ilรจฬฉ, kรกdรญnรlรฌ, รmรฌ ilแบนฬ รฌtรณฬฉsแปฬnร oฬฉlแปฬfร, รmรฌ รฌtรณฬฉsแปฬnร oฬฉlแปฬfร, รฌtแปฬsแปฬnร
โ๏ธ	iwแปฬ oรฒrรนn gรบรบsรน, รmรฌ ilแบนฬ รฌtรณฬฉsแปฬnร oฬฉlแปฬfร apรก รฒsรฌ, รmรฌ รฌtรณฬฉsแปฬnร oฬฉlแปฬfร, รฌlแปฬpแปฬ kรกdรญnรlรฌ, รฌtแปฬsแปฬnร
โฌ๏ธ	iwแปฬ oรฒrรนn, kรกdรญnรlรฌ, รmรฌ รฌtรณฬฉsแปฬnร oฬฉlแปฬfร, รmรฌ รฌtรณฬฉsแปฬnร oฬฉlแปฬfร apรก รฒsรฌ, รฌtแปฬsแปฬnร
โ๏ธ	iwแปฬ oรฒrรนn รrรญwรก, รmรฌ รฌtรณฬฉsแปฬnร oฬฉlแปฬfร, รmรฌ รฒkรจ รฌtรณฬฉsแปฬnร oฬฉlแปฬfร apรก รฒsรฌ, รฌlแปฬpแปฬ kรกdรญnรlรฌ, รฌtแปฬsแปฬnร
โ๏ธ	แปfร, แปfร tรฒkรจtilแบนฬ
โ๏ธ	รmรฌ รฌtรณฬฉsแปฬnร oฬฉlแปฬfร tแปฬtรบn-tรฒsรฌ, แปfร
โฉ๏ธ	รmรฌ รฌtรณฬฉsแปฬnร oฬฉlแปฬfร apรก แปฬtรบn onรญgun, แปfร
โช๏ธ	รmรฌ รฌtรณฬฉsแปฬnร oฬฉlแปฬfร apรก รฒsรฌ onรญgun, แปfร
โคด๏ธ	รmรฌ รฌtรณฬฉsแปฬnร oฬฉlแปฬfร apรก แปฬtรบn onรญgun รฒkรจ, แปfร
โคต๏ธ	ilแบนฬ, oฬฉfร, รmรฌ รฌtรณฬฉsแปฬnร oฬฉlแปฬfร apรก แปฬtรบn onรญgun รฌsรlแบนฬ
๐	awแปn แปfa yiyi แปna ago, รmรฌ รฌtรณฬฉsแปฬnร oฬฉlแปฬfร, รtรบngbรฉ, แปlแปฬwแปฬ-aago
๐	bแปtini awแปn แปfa yiyi lodi sแปna ago, oฬฉfร, รฌlรฒdรฌsแปฬwแปฬ aago
๐	oฬฉfร, แบนฬyรฌn, แปfa แบธYIN
๐	รฌparรญ, แปfa IPARI, แปfร
๐	lรณrรญ, oฬฉfร, รmรฌ, แปfa LORI!
๐	lรกรฌpแบนฬ, oฬฉfร, แปfa LAIPแบธ
๐	orรญ รฒkรจ, oฬฉfร, รฒkรจ, แปfa LOKE
๐	ibi ijแปsin, รฌjรณฬฉsรฌn, แบนฬsรฌn
โ๏ธ	alรกรฌgbรgbรณฬฉ, รmรฌ รกtแปฬmรน, รกtแปฬmรน
๐๏ธ	Hรญndรน, om, แบนฬsรฌn
โก๏ธ	Dรกfรญdรฌ, Eฬฉlแบนฬsรฌn jรบรน, Jรบรน, รฌrรwแปฬ, รฌrรwแปฬ Dรกfรญdรฌ, แบนฬsรฌn
โธ๏ธ	Eฬฉlแบนฬsรฌn bรณฬฉรณฬฉdร, kรจฬฉkรฉฬฉ, kแบนฬkรฉฬฉ รจฬฉsรฌn dรกรกmร, แบนlแบนฬsรฌn dรกรกmร, แบนฬsรฌn
โฏ๏ธ	tรกรณ, yรกngรฌ, yรญnรฌ, yรญnรฌ yรกngรฌ, แบนlรฉฬฉsรฌn tรกรณ, แบนฬsรฌn
โ๏ธ	รgbรฉlรจbรบ, รgbรฉlรจbรบ lรกtรญรฌnรฌ, แบนlแบนฬsรฌn รฌgbรgbรณฬฉ, แบนฬsรฌn
โฆ๏ธ	รgbรฉlรจbรบ, รgbรฉlรจbรบ รtijรณ, แบนlแบนฬsรฌn รฌgbรgbรณฬฉ, แบนฬsรฌn
โช๏ธ	Mรนsรนlรนmรญ, รmรle, รฌrรwแปฬ รti รฒแนฃรนpรก tรญ kรฒ tรญ yแป tรกn, แบนฬsรฌn
โฎ๏ธ	รlรกรรกfรญร, รmรฌ รlรกรรกfรญร
๐	menorah, รฌdรบrรณ kรกndรน, รฌdรบrรณ รbรฉฬฉlร, แบนฬsรฌn
๐ฏ	irawแป totooto oni-mแบนfa, orรญre, รฌrรwแปฬ
โ๏ธ	Aries, รgbรฒ, รmi oแนฃรน รฌbรญ
โ๏ธ	Taurus, mรlรบรน igbรฒ, รmi oแนฃรน รฌbรญ, แบนgbแปrแป mรlรบรน
โ๏ธ	Gemini, รmi oแนฃรน รฌbรญ, รฌbejรฌ
โ๏ธ	Cancer, akรn, รmi oแนฃรน รฌbรญ
โ๏ธ	Leo, kรฌnรฌhรบn, รmi oแนฃรน รฌbรญ
โ๏ธ	Virgo, รmi oแนฃรน รฌbรญ
โ๏ธ	Libra, รwแปฬntรบnwรฒฬฉnsรฌ, รmi oแนฃรน รฌbรญ, รฌdรกjรณฬฉ, รฒแนฃรนwรฒฬฉn
โ๏ธ	Scorpius, scorpio, รkeรจkรฉ, รmi oแนฃรน รฌbรญ
โ๏ธ	Sagittarius, tafรtafร, รmi oแนฃรน รฌbรญ
โ๏ธ	Capricorn, ewรบrรฉฬฉ, รmi oแนฃรน รฌbรญ
โ๏ธ	Aquarius, olรนjแบนฬ orรบkแป, omi, รmi oแนฃรน รฌbรญ
โ๏ธ	Pisces, รmi oแนฃรน รฌbรญ, แบนja
โ	Ophiuchus, afรyรfร, ejรฒ, รmi oแนฃรน รฌbรญ, แบนnรญ gba วนkan
๐	yiyแป bแปtini tiraki, รmรฌ atแปฬnร แปlแปฬfร, รฌfagilรฉ
๐	atunแนฃe bแปtini, olแปฬwแปฬ aago, รmรฌ atแปฬnร แปlรณฬฉfร, รtรบnsแป
๐	atunแนฃe bแปtini แบนlแบนyแป, olแปฬwแปฬ aago, รmรฌ atรณฬฉnร แปlแปfร, แบนฬแบนฬkan
โถ	bแปฬtรญnรฌ pรญรญlรจ, onรญgun mรฉฬฉta, pรญรญlรจ, รmรฌ atแปฬnร แปlรณฬฉfร, แปฬtรบn
โฉ	mu bแปtini sare lแปwaju, mรฉjรฌ, sรกrรฉ, tแบนฬsรญwรกjรบ, รmรฌ atแปฬnร แปlแปฬfร
โญ	bแปฬtรฌnรฌ tรญrรกkรฌ tรณ kรn, ipele รwรฒrรกn tรญ รณ kรn, onigun mแบนta, tรญrรกkรฌ tรญ รณ kรn, รmรฌ atแปฬnร แปlแปฬfร
โฏ	bรณฬฉtรฌnรฌpรญรญlรจ tรbรญ รฌdรบrรณ, dรบrรณ, onigun mแบนta, pรญรญlรจ, รmรฌ atแปฬnร แปlแปฬfร, แปฬtรบn
โ	Bแปฬtรญnรฌ รฌdรกpadร, dapadร, onigun mแบนta, รmรฌ atแปฬnร แปlแปฬfร, รฒsรฌ
โช	mu bแปtini sare rแบนhin, onรญbejรฌ, รmรฌ atแปฬnร แปlแปฬfร, รmรบrแบนฬyรฌn
โฎ	Tรญrรกรkรฌ tรณ kรฉฬฉyรฌn, onigun mแบนta, tรญrรกรkรฌ ta gbแปฬ kแบนฬyรฌn, รmรฌ atแปฬnร แปlแปฬfร, รฌแนฃe ta wรฒ kแบนฬyรฌn
๐ผ	bแปtini oke, bแปฬtรฌnรฌ, pupa, รmรฌ atแปฬnร แปlแปฬfร
โซ	bแปtini imusoke kia, onรญbejรฌ, รmรฌ atแปฬnร แปlแปฬfร
๐ฝ	bแปtini isalแบน, bแปฬtรฌnรฌ, ilรจฬฉ, pupa, รmรฌ atแปฬnร แปlแปฬfร
โฌ	bแปtini imussalแบน kia, ilรจฬฉ, onรญbejรฌ, รmรฌ atแปฬnร แปlแปฬfร
โธ๏ธ	Bรกร, bแปฬtรญnรฌ รฌdรกnudรบrรณ fรบngbร dรญแบนฬ, dadรบrรณ, olรณรฒrรณ, onรญbejรฌ
โน๏ธ	Onรญgun mแบนฬrin, bแปฬtรญnรฌ รฌdรnudรบrรณ, dรบrรณ
โบ๏ธ	Rogodo, bแปฬtรญnรฌ agbohรนnsรญlแบนฬ, rรฉฬฉkแปฬแปฬdรน
โ๏ธ	bรณฬฉtรญnรฌ รtแบนฬjรกde, รtแบนฬjรกde
๐ฆ	fรญรฌmรน, kรกmแบนฬrร, sinima
๐	bแปtini baibai, รfikรบn inรก, รฌdรญnรกkรน dรญแบนฬ, รฌdรญnรกkรน pรกtรกpรกtรก
๐	bแปtini titan, รmแปฬlแบนฬ, รfikรบn รฌmแปฬlแบนฬ
๐ถ	Alรกtagbร, bรกร, fรณรฒnรน, fรณรฒnรน alรกgbรจรฉkรก, tแบนlifรณรฒnรน, รwแปn รฒpรณ antแบนna, รจฬฉroฬฉ alรกgbรฉรจkรก, รฌfihรn
๐ณ	fรณรฒnรน, gbรญgbแปฬn, moodu gbigbแปn, mรณรฒdรน, tแบนlifรณรฒnรน, รgbรฉkรก, แบธฬrแป alรกgbรฉรจkรก
๐ด	alรกgbรจรฉkรก, fรณรฒnรน, pipa แบนฬrแป รฌbรกnisแปฬrแปฬ alรกgbรจรฉkรก, tแบนlifรณรฒnรน
โ๏ธ	Obรฌnrin, รmรญ obรฌnrin
โ๏ธ	รmรฌ แปkรนnrin, แปkรนnrin
โ๏ธ	fagilรฉ, x, รฌsแปdipรบpรฒฬฉ, รฌsแปdipรบpรฒฬฉ tรณ nรญpแปn x
โ	aami รrรฒpแปฬ nla, รrรฒpแปฬ, แบนฬkรณฬฉ รฌsirรฒ
โ	aami ayแปkuro nla, รyแปkรบrรฒ, แบนฬkรณฬฉ รฌsirรฒ
โ	aami gige nla, รฌpรญn, แบนฬkแปฬ รฌsirรฒ
โผ๏ธ	gbรgbร, รmรฌ, รmรฌ รฌyanu, รmรฌ รฌyanu onรญbejรฌ, รฌfรmรฌsรญ
โ๏ธ	รmรฌ, รmรฌ รฌyanu, รmรฌ รฌyanu onรญbรฉรจrรจ, รฌfรmรฌsรญ, รฌfแปฬrแปฬwรกnilรฉฬฉnuwรฒ
โ๏ธ	รmรฌ, รmรฌ รฌbรฉรจrรจ รฌdรkodรฒ, รฌbรฉรจrรจ, รฌfรmรฌsรญ
โ	aami ibeere funfun, รmรฌ, รรtรฒ, รฌbรฉรจrรจ, รฌfรmรฌsรญ
โ	aami iyalแบนnu funfun, รmรฌ, รmรฌ รฌyanu, รรtรฒ, รฌfรmรฌsรญ
โ๏ธ	รmรฌ, รmรฌ รฌyanu, รmรฌ รฌyรlแบนฬnu รฌdรkodรฒ, รฌfรmรฌsรญ
ใฐ๏ธ	dรกรแนฃรฌ, dรกรแนฃรฌ onรญsรn omi, รฌfรmรฌsรญ, รฌsรn omi
๐ฑ	owรณ, paแนฃiparแป owo, pรแนฃรฉpรrรฒฬฉ, รฌlรฉ รฌfowรณpamแปฬ
๐ฒ	aami dแปla nla, dแปฬlร, owรณ
โ๏ธ	aesculapius, รmรฌ egbรฒgiogรนn, รฒgรนn, รฒแนฃรฌแนฃแบนฬ
โป๏ธ	รmรฌ รtรบnrแป, รtรบnrแป
โ	fleur-de-lis
๐ฑ	aami apแบนแบนrแบน trident, irinแนฃรฉฬฉ, tรญrรญdแบนฬntรฌ, รฌdรกkแปฬrรณ, แบนฬmbรฉฬฉแบนฬmรน, แปkแปฬ
๐	bรกรกjรฌ, orรบkแป, orรบkแป รmรฌ
๐ฐ	Jรpรnรญsรฌ, ewรฉ, irjnแนฃรฉฬฉ, yรฉฬฉlรฒ, รmรฌ Japanisi fun olubแบนre, รbแบนฬrรจฬฉ, รwรฒฬฉ ewรฉ, แนฃรฉฬฉfรบrรณฬฉแปฬnรน
โญ๏ธ	o, roboto wiwo nla, รฒdo
โ	maaki iแนฃayewo funfun nla, รmรฌ, รyแบนฬwรฒ
โ๏ธ	รpรณtรญ, รpรณtรญ รฌdรฌbรฒ, รyแบนฬwรฒ, รyแบนฬwรฒ รpรณtรญ รฌdรฌbรฒ
โ๏ธ	fรญnnรญfรญnnรญ, รmรฌ, รyแบนฬwรฒ
โ	aami idabu, fagilรฉ, x, รmรฌ, รฌsแปdipรบpรฒฬฉ
โ	bแปtini aami idabu, onรญhรmแบนฬrin, รmรฌ
โฐ	iho wแปlแปwแปlo, lรบpรน, รฌyรญpแปฬ
โฟ	iho wแปlแปwแปlo meji, lรบpรน, mรฉjรฌ, รyรญpแปฬ
ใฝ๏ธ	ara, ara mรกรkรฌ ti a ti tแปwรณฬฉbแปฬ, รmรฌ
โณ๏ธ	รmรฌ รkรญyรจsรญ onรญgbรก-mรฉฬฉjแป, รmรฌ รkรญyรฉsรฌ
โด๏ธ	รmรฌ รkรญyรจsรญ onรญgun-mรฉฬฉjแป, รฌrรwแปฬ
โ๏ธ	dรกn
ยฉ๏ธ	รฒfin รฌdรกbรฒbรฒ iแนฃแบนฬ
ยฎ๏ธ	รฌforรบkแปsรญlแบน
โข๏ธ	tm, รmรฌ, รmรฌ รฌdรกmแปฬ fรบn ilรฉeแนฃแบนฬ, รmรฌ รฌdรกnimแปฬ ilรฉeแนฃแบนฬ
๐	ABCD, lรกtรญรฌnรฌ, lรฉฬฉtร nlรก, lแบนฬtร, รgbรฉwแปlรฉ, แนฃafikun latini แปฬrแปฬ gbรณlรณhรนn ลlรก
๐ก	abcd, lรกtรญรฌnรฌ, lรฉฬฉtร nlรก, lแบนฬtร, รgbรฉwแปlรฉ, แนฃafikun latini แปฬrแปฬ gbรณlรณhรนn kรฉkerรฉ
๐ข	1234, nแปฬmbร, รgbรฉwแปlรฉ, แนฃafikun awแปn nแปnba
๐ฃ	รgbรฉwแปlรฉ, แนฃafikun awแปn รmรฌ, ใโช&%
๐ค	abc, lรกtรญรฌnรฌ, รgbรฉwแปlรฉ, รwแปn lแบนฬtร, รกlรญfรกbแบนฬแบนฬtรฌ, แนฃafikun awแปn lแบนta latini
๐ฐ๏ธ	Bแปฬtรฌnรฌ A (irรบfรฉฬฉ แบนฬjแบนฬ), a, irรบfแบนฬ แบนฬjแบนฬ
๐	Bแปtini AB (irufแบน แบนjแบน), ab, irรบfรฉฬฉ แบนฬjแบนฬ
๐ฑ๏ธ	Bแปฬtรฌnรฌ B(irรบfรฉฬฉ แบนฬjแบนฬ), b, irรบfรฉฬฉ แบนฬjแบนฬ
๐	Bแปtini CL, cl
๐	Bแปtini KUULU, tรบtรน
๐	Bแปtini แปFแบธ, แปฬfแบนฬ
โน๏ธ	i, รlรyรฉ
๐	Bแปtini ID, รฌdรกnimรฒฬฉ
โ๏ธ	M รฒdo, m, รฒdo
๐	Bแปtini TUNTUN, tuntun
๐	Bแปtini NG, ng
๐พ๏ธ	Bแปฬtรฌnรฌ O (irรบfรฉฬฉ รจjรจ), irรบfรฉฬฉ รจjรจ, o
๐	Bแปtini DARA, ร Dรกra
๐ฟ๏ธ	bรณฬฉtรฌnรฌ P, รyรจ รฌgbรฉkแปฬsรญ
๐	Bแปtini SOS, sos, รฌrรnwแปฬ
๐	Bแปtini VS, figagbรกga pแบนฬlรบ, fp
๐	"nรญbรญ", Bแปtini Japanisi "nibi", Japanese, katakana, ใณใณ
๐๏ธ	"รฌdรญyelรฉ fรบn owรณ แปฬyร", Bแปฬtรฌnรฌ Japanรญsรฌ "รฌdรญyelรฉ fรบn owรณ แปฬyร", Japanese, katakana, ใต
๐ท	"owรณ รฌdรญyelรฉ oแนฃoรฒแนฃรน", Bรณฬฉtรฌnรฌ Japanisi "owรณ รฌdรญyelรฉ oแนฃoรฒแนฃรน", Japanese, รmรฌ ajแบนmรกwรฒrรกn, ๆ
๐ถ	"kรฒแนฃแปฬfรฉฬฉ", Bแปtini Japanisi "kosi lแปfแบน", Japanese, รmรฌ ajแบนmรกwรฒrรกn, ๆ
๐ฏ	"รฌpamรณฬฉ", Bแปtini Japanisi "nipamแป", Japanese, รmรฌ ajแบนmรกwรฒrรกn, ๆ
๐	"รฌdรบnรdรบrร", Bแปtini Japanisi "idunadura", Japanese, รmรฌ ajแบนmรกwรฒrรกn, ๅพ
๐น	"แบนฬdรญnwรณ", Bแปtini Japanisi "แบนdinwo", Japanese, รmรฌ ajแบนmรกwรฒrรกn, ๅฒ
๐	"lแปฬfแบนฬรฉฬฉ", Bแปtini Japanisi "lแปฬfแบนฬรฉฬฉ", Japanese, รmรฌ ajแบนmรกwรฒrรกn, ็ก
๐ฒ	"รรฌfรyรจgbร", Bแปtini Japanisi "แนฃediwแป", Japanese, รmรฌ ajแบนmรกwรฒrรกn, ็ฆ
๐	"รฌtรฉฬฉwรณฬฉgbร", Bแปtini "itแบนwแปgba" Japanisi, Japanese, รmรฌ ajแบนmรกwรฒrรกn, ๅฏ
๐ธ	"ohun รจlรฒ", Bแปtini "ohun elo" Japanisi, Japanese, รmรฌ ajแบนmรกwรฒrรกn, ็ณ
๐ด	"gbendรฉke รฌkแบนฬkแปฬรณฬฉ yege", Bแปtini "gbendeke iyege" Japanisi, Japanese, รmรฌ ajแบนmรกwรฒrรกn, ๅ
๐ณ	"รรyรจ", Bแปtini "aaye" Japanisi, Japanese, รmรฌ ajแบนmรกwรฒrรกn, ็ฉบ
ใ๏ธ	"kรบ orรญre", Bรณฬฉtรฌnรฌ "kรบ orรญre" Japanisi, Japanese, รmรฌ ajแบนmรกwรฒrรกn, ็ฅ
ใ๏ธ	"รแนฃรญrรญ", Bรณฬฉtรฌnรฌ "รแนฃรญrรญ"Japanisi, Japanese, รmรฌ ajแบนmรกwรฒrรกn, ็ง
๐บ	"แนฃรญ fรบn okรฒwรฒ", Bแปtini "แนฃi fun okowo" Japanisi, Japanese, รmรฌ ajแบนmรกwรฒrรกn, ๅถ
๐ต	"kosi aaye", Bแปtini "kosi aaye" Japanisi, Japanese, รmรฌ ajแบนmรกwรฒrรกn, ๆบ
๐ด	Rogodo, Rogodo Alรกwแปฬ pupa, jiomแบนฬtรญrรญkรฌ, pupa
๐ต	Bรบlรน, Rogodo Bรบlรบรน, jiomแบนฬtรญrรญkรฌ, rogodo
โซ๏ธ	Rogodo, Rogodo Alรกwแปฬ dรบdรบ
โช๏ธ	Rogodo, Rogodo Funfun
โฌ๏ธ	ilร onigun mรฉฬฉrin, jiomรฉฬฉtรญrรญkรฌ, onigunmแบนrin dudu nla
โฌ๏ธ	ilร onigun mรฉฬฉrin, jiomรฉฬฉtรญrรญkรฌ, onigunmแบนrin funfun nla
โผ๏ธ	ilร onigun mรฉฬฉrin, ilร onรญgun mรฉฬฉrin alรกรรกrรญn dรบdรบ, jiomรฉฬฉtรญrรญkรฌ
โป๏ธ	ilร onigun mรฉฬฉrin, ilร onรญgun mรฉฬฉrin alรกรรกrรญn funfun, jiomรฉฬฉtรญrรญkรฌ
โพ๏ธ	ilร onigun mรฉฬฉrin, jiomรฉฬฉtรญrรญkรฌ, onigunmแบนrin idaji-kekere dudu
โฝ๏ธ	ilร onigun mรฉฬฉrin, jiomรฉฬฉtรญrรญkรฌ, onigunmแบนrin idaji-kekere funfun
โช๏ธ	ilร onigun mรฉฬฉrin, jiomรฉฬฉtรญrรญkรฌ, kรฉkerรฉ onรญgun mแบนฬrin dรบdรบ
โซ๏ธ	ilร onigun mรฉฬฉrin, jiomรฉฬฉtรญrรญkรฌ, kรฉkerรฉ onรญgun mแบนฬrin funfun
๐ถ	diamแปndi alawแป oronbo nla, dรญรกmแปฬndรฌ, jiomแบนฬtรญrรญkรฌ, รฒronbรณ
๐ท	Bรบlรน, diamแปndi alawแป bulu nla, dรญรกmแปฬndรฌ, jiomแบนฬtรญrรญkรฌ
๐ธ	diamแปndi alawแป oronbo kekere, dรญรกmแปฬndรฌ, jiomแบนฬtรญrรญkรฌ, รฒronbรณ
๐น	Bรบlรน, diamแปndi alawแป bulu kekere, dรญรกmแปฬndรฌ, jiomแบนฬtรญrรญkรฌ
๐บ	Alawแป Pupa Onigun Mแบนta Toka Soke, jiomแบนฬtรญrรญkรฌ, pupa
๐ป	Alawแป Pupa Onigun Mแบนta Toka Sisalแบน, Ilแบนฬ, jiomแบนฬtรญrรญkรฌ, pupa
๐	Diamแปndi Pแบนlu Dแปti Kan, Dรญรกmแปฬndรฌ, apanilรฉฬฉrรฌn-รญn, inรบ ilรฉ, jiomแบนฬtรญrรญkรฌ
๐	Bรณฬฉtรฌnรฌ, Bแปฬtรฌnnรฌ Rรฉdรญรฒ, jiomแบนฬtรญrรญkรฌ, rรฉdรญรฒ
๐ณ	Bรณฬฉtรฌnรฌ, Bแปtini Onigunmแบนrin Funfun, jiomแบนฬtรญrรญkรฌ, onรญgun mรฉฬฉrin, รรtรฒ
๐ฒ	Bรณฬฉtรฌnรฌ, Bแปtini Onigunmแบนrin Dudu, jiomแบนฬtรญrรญkรฌ, onรญgun mรฉฬฉrin
๐	asia pรฉลpรฉ onรญlร, erรฉ รฌje, รฌsรmรฌsรญ alรกwแปฬ mรฉjรฌ
๐ฉ	asia onigun mแบนta, รฌfirรกnแนฃรฉฬฉ
๐	Awแปn Asia Onidabu, Japanese, ayแบนyแบน, rekoja, รgbรฉlรฉbรน
๐ด	asia dudu, iแนฃรn omi
๐ณ๏ธ	iแนฃรn omi, รsรญรก funfun
๐ณโ๐	รsรญรก olรณแนฃรนmarรจ, รฒแนฃรนmarรจ
ยค	owรณnรญnรก รรฌmแปฬ
ึ	Dรญrรรmรน รmแบนฬnรญร
ุ	Afugรกnรฌ Afuganรญsรญtรรnรฌ
เงณ	Tรกkร Bรกลgรญlรกdแบนฬแบนฬแนฃรฌ
เธฟ	Bรกรtรฌ Thรกรฌ
แ	Rรกyรฒ Kรmฬbแปฬdรญร
โก	Kรณlแปฬแปฬnรฌ Kosita Rรญkร
โฆ	Nรกรญrร Nรรฌjรญrรญร
โช	แนขรฉkรฉlรฌ Tuntun รsรญrแบนฬแบนฬlรฌ
โซ	Dรกhรนn Vietnamese
โญ	Kรญรฌรฌpรน Lรรณtรฌ
โฎ	Tรบgรบrรฌรฌkรฌ Mรฒวนgรณlรญร
โฒ	Gรบรกrรกnรฌ Pรกrรกgรบwรจ
โด	แปrifinรญyร Yukirรฉnรญร
โต	sรญdรฌ Gana
โธ	Tแบนngรฉ Kasakรญsรญtรรnรฌ
โบ	Lรญrร Tแปฬkรฌ
โผ	Mรกnรรtรฌ รsรbรกรญjรกรฌ
โพ	Lรกrรฌ Jแปฬjรญร
๐ป	amแปฬlรกra, amแปฬlรกwแปฬ, irรบ 1โ2
๐ผ	amแปฬlรกra dรญแบนฬ, amแปฬlรกwแปฬ, irรบ 3
๐ฝ	amแปฬlรกwแปฬ, amแปฬlรกwแปฬ dรญแบนฬ, irรบ 4
๐พ	adรบlรกwแปฬ dรญแบนฬ, amแปฬlรกwแปฬ, irรบ 5
๐ฟ	adรบlรกwแปฬ, amแปฬlรกwแปฬ, irรบ 6
