â€¾	apÉ”ju
â€¸	itÉ”ju
ğŸ˜€	OjÃº tÃ³ rÉ›ÌrÃ¬n, fÉ›yÃ­n, ojÃº
ğŸ˜ƒ	OjÃº tÃ³ rÉ›ÌrÃ¬n PÉ›Ì€lÃº Ænu LÃ­lÃ  sÃ­lÉ›Ì€, ojÃº, rÉ›ÌrÃ¬Å„ mÃºsÉ›Ì, shÃ­, É›nu
ğŸ˜„	ojÃº, ojÃº tÃ³ Å„ rÉ›ÌrÃ¬Å„ mÃºsÉ›Ì pÉ›Ì€lÃº É›nu lÃ­lÃ  sÃ­lÉ›Ì€ Ã ti É›yinjÃº tÃ³ Å„ rkrÃ¬Å„ mÃºsÉ›Ì, rÉ›ÌrÃ¬Å„ mÃºsÉ›Ì, shÃ­, É›nu, É›yinjÃº
ğŸ˜	OjÃº tÃ³ fÉ›yÃ­n pÉ›Ì€lÃº ÆyinjÃº tÃ³ rÉ›ÌrÃ¬n mÃºsÉ›Ì, fÉ›yÃ­n, ojÃº, rÉ›ÌrÃ¬n mÃºsÉ›Ì, É›yinjÃº
ğŸ˜†	ojÃº, ojÃº tÃ³ Å„ rÉ›ÌrÃ¬Å„ mÃºsÉ›Ì pÉ›Ì€lÃº É›nu lÃ­lÃ  sÃ­lÉ›Ì€ Ã ti Ã²Ã³gÃ¹n tÃºtÃ¹, rÉ›ÌrÃ¬Å„ mÃºsÉ›Ì, Ã¬tÉ›ÌlarÃ¹n, É›nu, É›Ì€rÃ­n
ğŸ˜…	ojÃº, ojÃº tÃ³ Å„ rÉ›ÌrÃ¬Å„ pÉ›Ì€lÃº É›nu lÃ­lÃ  sÃ­lÉ›Ì€ Ã ti Ã²Ã³gÃ¹n, rÉ›ÌrÃ¬Å„ mÃºsÉ›Ì, shÃ­, Ã²tÃºtÃ¹, Ã²Ã³gÃ¹n
ğŸ¤£	YÃ­yÃ­ nÃ­ ilÉ›Ì€nlÉ›Ì€ tÃºn rÉ›ÌrÃ¬n, ilÉ›Ì€, ojÃº, rÉ›ÌrÃ¬Å„, yÃ­yÃ­
ğŸ˜‚	OjÃº pÉ›Ì€lÃº É›kÃºn ayÉ”Ì€, ojÃº, Ã yÉ”Ì€, É›kÃºn, É›Ì€rÃ­n
ğŸ™‚	Oju Ti O N RÉ›rin MushÉ›n, ojÃº, rÉ›ÌrÃ­n mÃºsÉ›Ì
ğŸ™ƒ	Oju Ti O RÉ” walÉ›, dojÃº kodÃ², ojÃº
ğŸ˜‰	OjÃº tÃ³ shÉ›ÌjÃ¹, ojÃº, shÉ›ÌjÃº
ğŸ˜Š	OjÃº tÃ³ rÉ›ÌrÃ¬n MÃºsÉ›Ì PÉ›Ì€lÃº ÆyinjÃº tÃ³ rÉ›ÌrÃ¬n MÃºsÉ›Ì, ojÃº, rÉ›ÌrÃ¬Å„ mÃºsÉ›Ì, rÉ›ÌrÃ¬Å„ Ã¬tÃ¬jÃ¹, É›yinjÃº
ğŸ˜‡	Oju Ærin Ati Bawo, alÃ¡Ã¬shÉ›Ì€, bÃ¡wo, ojÃº, rÉ›ÌrÃ¬n mÃºsÉ›Ì, Ã la fÃº É”mÉ”dÃ©, Ã lÃ¡, Ã Å„gÉ›ÌlÃ¬
ğŸ˜	Oju Ti O N RÉ›rin PÉ›lu awÉ”n oju Æ†kan, ojÃº, rÉ›ÌrÃ¬n mÃºsÉ›Ì, Ã¬fÉ›Ì, É›yinjÃº
ğŸ¤©	PÃ­pa pÃ¨Ì©lÃº Ã¬rÃ wÉ”Ì€, RÉ›ÌrÃ¬n-Ã­n Ã¬yÃ lÃ©Ì©nu, ojÃº, Ã¬rÃ wÉ”Ì€, É›yinjÃº
ğŸ˜˜	Oju Ti O N FÉ› IfÉ›nuko, ojÃº, Ã¬fÉ›nukonu
ğŸ˜—	OjÃº tÃ³ FÉ›nuko É›nu, ojÃº, Ã¬fÉ›nukonu
â˜ºï¸	ojÃº, ojÃº tÃ³ Å„ rÉ›ÌrÃ¬Å„ mÃºsÉ›Ì, rÉ›ÌrÃ¬Å„ mÃºsÉ›Ì, Ã¬gbafÉ›Ì, Ã¬lÃ nÃ 
ğŸ˜š	Oju Ti O N FÉ›nuko PÉ›lu AwÉ”n Oju didi, ojÃº, ti padÃ©, Ã¬fÉ›nukonu, É›yinjÃº
ğŸ˜™	OjÃº tÃ³ FÉ›nuko É›nu PÉ›Ì€lÃº ÆyinjÃº tÉ” rÉ›ÌrÃ¬n MÃºsÉ›Ì, ojÃº, rÉ›ÌrÃ¬Å„ mÃºsÉ›Ì, Ã¬fÉ›nukonu, É›yinjÃº
ğŸ˜‹	Oju Ti O N jÉ› OunjÉ› Aladidun, alÃ¡dÃ­dÃ¹n, jÃ­jÉ› alÃ¡dÃ­dÃ¹n, ojÃº, rÉ›ÌrÃ¬Å„ mÃºsÉ›Ì, um, yum
ğŸ˜›	Oju Ti AhÉ”n Ti O YÉ” Sita, ahÉ”Ìn, ojÃº
ğŸ˜œ	ahÉ”Ìn, ojÃº, ojÃº pÉ›Ì€lÃº ahÉ”Ìn lÃ­lÃ  sÃ­lÉ›Ì€ Ã ti É›yinjÃº tÃ­ Å„ shÉ›ÌjÃº, shÉ›ÌjÃº, yÉ›Ì€yÉ›Ì, É›yinjÃº
ğŸ¤ª	NlÃ¡, OjÃº ashiwÃ¨rÃ¨, kÃ©kerÃ©, ojÃº
ğŸ˜	ahÉ”Ìn, burÃºjÃ¹, ojÃº, ojÃº pÉ›Ì€lÃº ahÉ”Ìn lÃ­lÃ  sÃ­lÉ›Ì€ Ã ti É›yinjÃº tÃ³ padÃ©, Ã¬tÉ”ÌwÃ², É›yinjÃº
ğŸ¤‘	Oju Ænu owo, ojÃº, owÃ³, É›nu
ğŸ¤—	fanimÉ”Ìra, oju Ti O fanimÉ”ra, ojÃº
ğŸ¤­	IkÃ³Ì©, OjÃº tÃ¡ fÉ”wÉ”Ì bo É›nu
ğŸ¤«	OjÃº tÃ³ sÃ¹pÃ²Ì©, dÃ¡kÉ›Ì, panu mÉ”Ì
ğŸ¤	Oju Æni Ti A Tipa, ojÃº, tÃ¬pa, É›nu
ğŸ¤¨	OnÃ­yÃ¨mÃ©jÃ¬, ÃŒrun ojÃº ta gbÃ© sÃ³kÃ¨, Ã Ã¬gbÃ gbÉ”Ì
ğŸ˜ï¸	OjÃº ÃŒbÃ­Ã¬bÃ­, ojÃº, Ã Ã¡rÃ­n, Ã Ã¬pani lÉ›ÌrÃ¬Å„
ğŸ˜‘	Oju Ti Ko FanimÉ”ra, ojÃº, Ã Ã¬fanimÉ”Ìra, Ã Ã¬lÃ¨ sÉ”Ì€rÉ”Ì€, Ã Ã¬lÃ¨sÉ”Ì€rÉ”Ì€
ğŸ˜¶	OjÃº tÃ­ kÃ² nÃ­ Ænu, dÃ¡kÃ©, ojÃº, É›nu
ğŸ˜	Oju Ærin Abosi, ojÃº, rÉ›ÌrÃ­n Ã bÃ²sÃ­
ğŸ˜’	Oju AifanimÉ”ra, ojÃº, Ã Ã¬dunÃº, Ã Ã¬fanimÉ”Ìra
ğŸ™„	OjÃº PÉ›Ì€lÃº ÆyinjÃº tÃ³ yÃ­n, ojÃº, tÃ³ yÃ­n, Ã wÉ”n É›yinjÃº
ğŸ¤¥	Oju IrÉ”, irÉ”Ì, ojÃº, onÃ­mÃº gÃ­gÃ¹n
ğŸ˜”	Oju Ironu, jÃ¡kulÉ›Ì€, ojÃº, Ã¬pÃ²ruru
ğŸ¤¤	adatÉ”, oju adatÉ”, ojÃº
ğŸ˜·	Oju PÉ›lu Iboju Ishoogun, dÃ³kÃ­tÃ , ojÃº, otÃºtÃ¹, Ã Ã¡rÉ›Ì€, Ã¬bÃ²jÃº, Ã²gÃ¹n
ğŸ¤’	oju pÉ›lu oshuwÉ”n igbona, ojÃº, Ã Ã¡rÉ›Ì€, Ã¬lera, Ã²shÃ¹wÉ”Ì€n Ã¬gbÃ³nÃ¡
ğŸ¤•	Oju PÉ›lu Ori ti a de LÉ”ja, egbÃ², farapa, ojÃº, Ã¬dÃ¬
ğŸ¤®	ÃˆÃ©bÃ¬ ajÉ›mÉ”ÌjÃº, Ã Ã¬sÃ n, Ã¨Ã©bÃ¬
ğŸ¤ 	Oju Fila Adaran, adaran, fÃ¬lÃ , obÃ¬nrin É›lÉ›Ìshin, ojÃº
ğŸ˜	Oju Ti O N RÉ›rin PÉ›lu Digi Oju, mÉ”ÌlÉ›Ì€, ojÃº, rÉ›ÌrÃ¬Å„ mÃºsÉ›Ì, tutÃ¹, Ã wÉ”n gÃ­lÃ¡sÃ¬, Ã wÉ”n gÃ­lÃ¡sÃ¬ Ã²rÃ¹n, Ã¬bojÃº, Ã²rÃ¹n, É›yinjÃº
ğŸ¤“	Oju Æ†mÉ”we Ti Ko Jafafa, ojÃº, É”Ì€mÉ”Ì€wÃ©, É”Ì€mÉ”Ì€wÃ© tÃ­ kÃ² jÃ¡fÃ¡fÃ¡
ğŸ§	OjÃº tÃ³ sÃºnkÃ¬, SÃ­tÉ”ÌfÃ¬
ğŸ™	Oju Ifajuro DiÉ›, fajÃºro, ojÃº
ğŸ˜®	Oju PÉ›lu Ænu Lila, kÉ›ÌdÃ¹n, ojÃº, shÃ­, É›nu
ğŸ˜¯	Oju IdakÉ›jÉ›, dÃ¡kÉ›ÌjÉ›Ì, ojÃº, Ã¬yÃ lÉ›Ìnu
ğŸ˜²	ojÃº, ojÃº Ã¬yalÉ›nu, pÃ¡tÃ¡pÃ¡tÃ¡, Ã¬palÃ¡yÃ , Ã¬yÃ lÉ›Ìnu
ğŸ˜³	Oju Idunnu, ojÃº, yÃ lÉ›Ìnu, Ã¬dÃ¹nÃº
ğŸ˜¦	Oju Ti o Faro PÉ›lu Ænu lila silÉ›, fajÃºro, ojÃº, shÃ­, É›nu
ğŸ˜¨	Oju Æru, ojÃº, Ã¬bÉ›Ì€rÃ¹
ğŸ˜°	bÃºlÃ¹, ojÃº, ojÃº pÉ›Ì€lÃº É›nu lÃ­lÃ  sÃ­lÉ›Ì€ Ã ti Ã²Ã³gÃ¹n tÃºtÃ¹, shÃ­, sÃ¡rÃ©, tÃºtÃ¹, Ã²Ã³gÃ¹n, É›nu
ğŸ˜¥	Oju IjakulÉ› ShugbÉ”n Itura, hmmm, ojÃº, Ã¬jÃ¡kulÉ›Ì€, Ã¬tura
ğŸ˜¢	Oju Ækun, ojÃº, Ã¬bÃ nÃºjÉ›, É›kÃºn
ğŸ˜­	Oju Ti n Sunkun Gidi, ojÃº, sunkÃºn, Ã¬bÃ nÃºjÉ›, É›kÃºn
ğŸ˜±	Oju Fifi Æru han an, bÉ›Ì€rÃ¹, han, jÉ›, ojÃº, Ã¬bÉ›Ì€rÃ¹
ğŸ˜	ojÃº, ojÃº Ã¬jakulÉ›Ì€, Ã¬jakulÉ›
ğŸ˜“	Oju PÉ›lu Ilaagun Tutu, ojÃº, Ã²tÃºtÃ¹, Ã²Ã³gÃ¹n
ğŸ˜©	Oju Ti o RÉ›Ì€, ojÃº, rÃ­rÉ›Ì€
ğŸ˜«	Oju RirÉ›, ojÃº, rÃ­rÉ›Ì€
ğŸ˜¤	Oju PÉ›lu Ikun Nimu, ojÃº, yege, Ã¬jagunmÃ³lÃº
ğŸ¤¬	bÃ­bÃºra, Ã€mÃ¬ ojÃº tÃ³ rÃ©kÉ”jÃ¡ É›nu
ğŸ˜ˆ	Oju Ærin PÉ›lu AwÉ”n Iho, ojÃº, rÉ›ÌrÃ¬n mÃºsÉ›Ì, Ã lÃ¡, Ã¬tÃ n É”mÉ”dÃ©, Ã¬wo
ğŸ‘¿	Oju Ibinu PÉ›lu Iho, imp, ojÃº, Ã lÃ¡, Ã¨shÃ¹, Ã¬tÃ n É”mÉ”dÃ©, É›shÃ¹
ğŸ’€	IpakÉ”, abÃ mÃ¬, ikÃº, ojÃº, Ã¬tÃ¡n É”mÉ”dÃ©
â˜ ï¸	ikÃº, ojÃº, Ã wÉ”n egun Ã gbÃ©lÃ©bÃ¹, Ã¬pÃ kÉ”Ì, Ã¬pÃ kÉ”Ì Ã ti Ã wÉ”n egun Ã gbÃ©lÃ©bÃ¹
ğŸ’©	Okiti IgbÉ›, abÃ mÃ¬, apanilÉ›ÌrÃ¬Å„, ojÃº, Ã¬gbÉ›Ì, Ã²gÃ¹n
ğŸ¤¡	apanilÉ›rin, ojÃº, ojÃº apanilÉ›rin
ğŸ‘¹	Omiran AjÉ›niyan, abÃ mÃ¬, ojÃº, Ã lÃ¡, Ã¬tÃ n É”mÉ”dÃ©, É›Ì€dÃ¡
ğŸ‘º	abÃ mÃ¬, abÃ mÃ¬ arÃ rÃ¡, ojÃº, Ã lÃ¡, Ã¬tÃ n É”mÉ”dÃ©, É›Ì€dÃ¡
ğŸ‘»	abÃ mÃ¬, ojÃº, Ã lÃ¡, Ã¬tÃ n É”mÉ”dÃ©, Ã²kÃº, É›Ì€dÃ¡
ğŸ‘½ï¸	ojÃº, ufo, Ã bÃ mÃ¬, Ã jÃ²jÃ¬, Ã lÃ¡, Ã¬tÃ n É”mÉ”dÃ©, É›Ì€dÃ¡
ğŸ‘¾	ojÃº, ufo, Ã€jÃ²jÃ¬ Abami, Ã bÃ mÃ¬, Ã jÃ²jÃ¬, Ã lÃ¡, Ã¬tÃ n É”mÉ”dÃ©, É›Ì€dÃ¡
ğŸ¤–	Oju Shigidi, abÃ mÃ¬, ojÃº, shÃ¬gÃ¬dÃ¬
ğŸ˜º	Oju ArÉ›rin Ologbo PÉ›lu Ænu Yiya, ojÃº, olÃ³ngbÃ², rÉ›ÌrÃ¬Å„ mÃºsÉ›Ì, shÃ­, É›nu
ğŸ˜¸	Oju Ibinu Ologbo PÉ›lu AwÉ”n Oju ArÉ›rin, fÉ›yÃ­n, ojÃº, olÃ³ngbÃ², rÉ›ÌrÃ¬n mÃºsÉ›Ì
ğŸ˜¹	Oju Ologbo PÉ›lu Ækun AyÉ”, ayÉ”Ì€, ojÃº, olÃ³ngbÃ², É›kÃºn
ğŸ˜»	Oju ArÉ›rin Ologbo PÉ›lu Oju-É”kan, ojÃº, olÃ³ngbÃ², rÉ›ÌrÃ¬n mÃºsÉ›Ì, Ã¬fÉ›Ì, É›yinjÃº
ğŸ˜¼	Oju Ologbo PÉ›lu Ærin AfinishÉ›sin, alÃ¡Ã¬rÃ­bÃ³sheyÉ›, ojÃº, olÃ³ngbÃ², rÉ›ÌrÃ¬Å„ mÃºsÉ›Ì, shÉ›Ì€sÃ­n
ğŸ˜½	Oju Ologbo AfÉ›nukonu PÉ›lu AwÉ”n Oju Didi, olÃ³ngbÃ², Ã¬fenukonu, É›yinjÃº
ğŸ™€	Oju Ologbo Ti o RÉ›, haa, ojÃº, olÃ³ngbÃ², rÃ­rÉ›Ì€, Ã¬yÃ lÉ›Ìnu
ğŸ˜¿	Oju Ækun Ologbo, ojÃº, olÃ³ngbÃ², Ã¬bÃ nÃºjÉ›Ì, É›kÃºn
ğŸ˜¾	Oju Ete Ologbo, ojÃº, olÃ³ngbo, shu Ã¨tÃ¨ sÃ­ta
ğŸ™ˆ	ojÃº, rÃ¡rÃ¡, wÃ²Ã³, Ã¨shÃ¹, Ã¨wÉ”Ì€, Ã¬fÉ”wÉ”ÌjÃºwÃ¨, Æ†bÉ” Mari Ibi, É”Ì€bÉ”
ğŸ™‰	gbÉ”Ì, ojÃº, rÃ¡rÃ¡, Ã¨shÃ¹, Ã¨wÉ”Ì€, Ã¬fÉ”wÉ”ÌjÃºwÃ¨, Æ†bÉ” MagbÉ” Ibi
ğŸ™Š	ojÃº, rÃ¡rÃ¡, sÉ”Ì€rÉ”Ì€, Ã¨shÃ¹, Ã¨wÉ”Ì€, Ã¬fÉ”wÉ”ÌjÃºwÃ¨, Æ†bÉ” MasÉ” ibi, É”Ì€bÉ”
ğŸ’‹	Aami IfÉ›nuko, fÉ›nukonu, Ã¨tÃ¨
ğŸ’Œ	LÉ›ta IfÉ›, lÉ›ÌtÃ , mÃ©Ã¨lÃ¬, Ã¬fÉ›Ì, É”kÃ n
ğŸ’˜	Æ†kan Ti o Ni Æ†fa, É”fÃ , É”mÉ” É”lÉ”ÌfÃ 
ğŸ’	rÃ­bÉ”ÌnÃ¬ Ã yÃ¡jÉ”Ì olÃ³lÃ¹fÉ›Ì€, Æ†kan PÉ›lu Riboni
ğŸ’–	dunÃº, dÃ¡n, Æ†kan Didan
ğŸ’—	bÉ›Ì€rÃ¹, dunÃº, dÃ gbÃ , shÉ”kÃ¹lÃº, Æ†kan Didagba
ğŸ’“	mÃ­mÃ­, mÃ­mÃ­ É”kÃ n, Æ†kan Ti O N Mi
ğŸ’	yÃ­yÃ­, Æ†kan Ti O N Yi
ğŸ’•	AwÉ”n Æ†kan Meji, Ã¬fÉ›Ì
ğŸ’Ÿ	Æ†kan Ti A She LÉ”shÉ”, É”kÃ n
â£ï¸	Ã mÃ¬, Ã mÃ¬ Ã¬yanu, Ã mÃ¬ Ã¬yanÃº É”kÃ n tÃ³ wÃºwo, Ã¬fÃ mÃ¬sÃ­
ğŸ’”	IbanujÉ› Æ†kan, kÃ¡n, ti kÃ¡n
â¤ï¸	É”kÃ n, É”kÃ n pupa
ğŸ§¡	alÃ¡wÉ”Ì€ É”sÃ n, É”lakÃ n É”sÃ n
ğŸ’›	yÉ›ÌlÃ², Æ†kan AwÉ” Ofeefe
ğŸ’š	Ã wÉ”Ì€ ewÃ©, Æ†kan AwÉ” Ewe
ğŸ’™	bÃºlÃ¹, Æ†kan Bulu
ğŸ’œ	pÉ”ÌpÃ¹, Æ†kan AwÉ” PÉ”pu
ğŸ–¤	dÃºdÃº, Ã¨shÃ¹, Ã¬kÃ , Æ†kÃ n DÃºdÃº
ğŸ’¯	100, koko É”gÉ”run, kÃºn, Ã¬shirÃ², É”gÉ”ÌrÃ¹n
ğŸ’¥	IkÉ”lu, bÃ³Ã²mÃ¹, Ã wÃ dÃ 
ğŸ’«	Itoogbe, Ã wÃ dÃ , Ã¬rÃ wÉ”Ì€
ğŸ’¨	N SalÉ”, dÃ¡Ã shÃ¬, Ã wÃ dÃ , Å„ sÃ¡rÃ©
ğŸ’£ï¸	BÉ”mbu, Ã wÃ dÃ 
ğŸ’¬	BÃ lÃºnÃ¹ Æ†Ì€rÉ”Ì€ SÃ­sÉ”, bÃ lÃº, Ã dÃ lÃº, Ã wÃ dÃ , Ã¬tÃ kÃ¹rÉ”Ì€sÉ”, É”Ì€rÉ”Ì€
ğŸ‘â€ğŸ—¨	bÃ lÃº É”Ì€rÉ”Ì€, eyinjÃº, ojÃº nÃ­ Ã lÃº É”Ì€rÉ”Ì€, É›lÃ©ri
ğŸ—¨ï¸	bÃ lÃºnÃ¹ É”Ì€rÉ”Ì€ sÃ­sÉ” Ã²sÃ¬, Ã¬tÃ kÃ¹rÉ”Ì€sÉ”, É”Ì€rÉ”Ì€
ğŸ—¯ï¸	bÃ lÃºnÃ¹, bÃ lÃºnÃ¹ É”Ì€rÉ”Ì€ sÃ­sÉ” É”Ì€tÃºn, bÃ­nÃº, Ã dÃ lÃº
ğŸ‘‹	N JuwÉ”, juwÉ”Ì, Å„ juwÉ”Ì, É”wÉ”Ì
ğŸ¤š	Na Æhin Æ†wÉ” Soke, nÃ  sÃ³kÃ¨, É›Ì€yÃ¬n É”wÉ”Ì
ğŸ–ï¸	nawÉ”Ì sÃ³kÃ¨ pÉ›Ì€lÃº Ã¬yÃ ka, yÃ ka, Ã¬ka, É”wÉ”Ì
âœ‹	Æ†wÉ” Nina Soke, É”wÉ”Ì
ğŸ––	Kiki IbÉ›ri Funni, spock, vulcan, Ã¬ka, É”wÉ”Ì
ğŸ‘Œ	Ã“DÃRA, Æ†wÉ” ODARA, É”wÉ”Ì
âœŒï¸	asheyÉ”rÃ­, asheyÉ”rÃ­ É”wÉ”Ì, v, É”wÉ”Ì
ğŸ¤	Igbekalera, dÃ¡bÃ¹Ãº, orÃ­rere, Ã¬ka, É”wÉ”Ì
ğŸ¤Ÿ	ILY, Ã¬fÉ”wÉ”ÌjÃºwÃ¨ mo nÃ­ Ã¬fÉ›Ì, Æ†wÉ”Ì
ğŸ¤˜	19900, Aami AwÉ”n Iwo, Ã¬ka, Ã¬wo, É”wÉ”Ì
ğŸ¤™	Ã¬pÃ¨, Æ†wÉ” Ipeni, É”wÉ”Ì
ğŸ‘ˆï¸	Ã¬ka, Ã¬ka kÃ©kerÃ©, Æyin Æ†wÉ” Ti O TÉ”ka Si Apa Osi, É”wÉ”Ì, É”Ì€gÃ¡ngÃ¡n, É›Ì€yÃ¬n É”wÉ”Ì
ğŸ‘‰ï¸	Ã¬ka, Ã¬ka kÃ©kerÃ©, Æyin Æ†wÉ” Ti O TÉ”ka Si Apa Æ†tun, É”wÉ”Ì, É”Ì€gÃ¡ngÃ¡n, É›Ì€yÃ¬n É”wÉ”Ì
ğŸ‘†ï¸	sÃ³kÃ¨, tÉ”Ìka, Ã¬ka, Ã¬ka kÃ©kerÃ©, Æyin Æ†wÉ” Ti O TÉ”ka Si Oke, É”wÉ”Ì, É›Ì€yÃ¬n É”wÉ”Ì
ğŸ–•	Ã¬ka, Ã¬ka Ã Ã¡rÃ­n, É”wÉ”Ì
ğŸ‘‡ï¸	tÉ”Ìka, Ã¬ka, Ã¬ka kÃ©kerÃ©, Ã¬sÃ lÉ›Ì€, Æyin Æ†wÉ” Ti O TÉ”ka Si IsalÉ›, É”wÉ”Ì, É›Ì€yÃ¬n É”wÉ”Ì
â˜ï¸	sÃ³kÃ¨, tÉ”Ìka, Ã¬ka, Ã¬ka kÃ©kerÃ©, Ã¬ka kÃ©kerÃ© tÃ­ Å„ tÉ”Ìka sÃ³kÃ¨, É”wÉ”Ì
ğŸ‘ï¸	+1, Atanpako Loke, Ã tÃ npÃ kÃ², Ã²kÃ¨, É”wÉ”Ì
ğŸ‘ï¸	-1, Atanpako NisalÉ›, Ã tÃ npÃ kÃ², Ã¬sÃ lÉ›Ì€, É”wÉ”Ì
âœŠ	NashÉ› Soke, fÃºn É”wÉ”Ì pÉ”Ì€, Ã¬shÉ›Ì, Ã²wÉ”Ì É›Ì€shÉ›Ì
ğŸ‘Š	fÃºn É”wÉ”Ì pÉ”Ì€, Ã¬shÉ›Ì, Ã²wÉ”Ì É›Ì€shÉ›Ì, ÆshÉ› Ti o NbÉ”
ğŸ¤›	apÃ¡ É”Ì€sÃ¬, ÆsÉ› ti O KÉ”ju sosi, É›Ì€shÉ›Ì
ğŸ¤œ	apÃ¡ É”Ì€tÃºn, ÆsÉ› ti O KÉ”ju sÉ”tun, É›Ì€shÉ›Ì
ğŸ‘	N PatÉ›wÉ”, pÃ tÉ›ÌwÉ”Ì, É”wÉ”Ì
ğŸ™Œ	Ina AwÉ”n Æ†wÉ”, ayÉ›yÉ›, fÉ”wÉ”ÌjÃºwÃ¨, hooray, nawÉ”Ì, É”wÉ”Ì
ğŸ‘	AwÉ”n Æ†wÉ” Shishi, shÃ­, É”wÉ”Ì
ğŸ¤²	Ã dÃºrÃ , Ã tÉ›ÌlÉ›ÌÉ”wÉ”Ì papÉ”Ì€
ğŸ¤	gbÉ”n, ÃŒbÉ”wÉ”Ì, Ã¬bÉ”wÉ”Ì, Ã¬faramÉ”Ì, Ã¬pÃ dÃ©, É”wÉ”
ğŸ™	Ika AwÉ”n Æ†wÉ”, adÃºpÃ©, bÃ¨rÃ¨, fÉ”wÉ”ÌjÃºwÃ¨, gbÃ¨dÃºrÃ , jÉ”Ì€wÉ”Ì, kÃ¡kÃ², tÉ›rÃ­ba, É”wÉ”Ì
âœï¸	kÉ”Ì€wÃ©, Å„kÉ”ÌwÃ©, É”wÉ”Ì
ğŸ’…	Ikun Eekanna, asharalÃ³ge, kÃ­kÃ¹n, Ã kun ojÃº, Ã¨Ã©kÃ¡nnÃ¡, Ã¬tÉ”ÌjÃº
ğŸ¤³	Yiya Ara É›ni, fÃ³Ã²nÃ¹, fÉ”ÌtÃ² Ã dÃ¡yÃ , kÃ¡mÉ›ÌrÃ 
ğŸ’ª	Aya FifÉ›, egun É”wÉ”Ì, ishan, nÃ , Ã wÃ dÃ 
ğŸ§ 	É”mÉ”wÃ©, É”pÉ”lÉ”
ğŸ‘€	AwÉ”n OjÃº, eyinjÃº, ojÃº
ğŸ‘…	AhÉ”n, Ara
ğŸ‘„	Ã¨tÃ¨, Ænu
ğŸ‘¶	Ã¬kÃ³kÃ³, É”Ì€dÉ”Ì
ğŸ§’	gÃ©Ì©ndÃ -shekushÉ›yÉ›, mÃ jÃ¨sÃ­n, É”mÉ”
ğŸ‘¦	É”mÉ”kÃ¹nrin, É”Ì€dÉ”Ì
ğŸ‘§	Virgo, Ã mi oshÃ¹ Ã¬bÃ­, É”mÉ”bÃ¬rin, É”Ì€dÉ”Ì
ğŸ§‘	gÃ©Ì©ndÃ -shekushÉ›yÉ›, Ã gbÃ 
ğŸ‘¨	Æ†kÃ¹nrin
ğŸ§”	apÃ¡rÃ­, irÃ¹ngbÉ”Ì€n
ğŸ‘±â€â™‚	onÃ­run funfun, É”kÃ¹nrin, É”kÃ¹nrin onÃ­run funfun
ğŸ§“	arÃºgbÃ³, gÃ©Ì©ndÃ -shekushÉ›yÉ›, Ã gbÃ lagbÃ 
ğŸ‘´	Agbalagba Æ†kunrin, Ã gbÃ lagbÃ , É”kÃ¹nrin
ğŸ™	fajÃºro, fÉ”wÉ”ÌjÃºwÃ¨, Æni N BojujÉ›
ğŸ™â€â™‚	fÃ­fajÃºro, fÃ­fowÉ”ÌjÃºwÃ¨, É”kÃ¹nrin, É”kÃ¹nrin tÃ­ Å„ fajÃºro
ğŸ™â€â™€	fÃ­fajÃºro, fÉ”wÉ”ÌjÃºwÃ¨, obÃ¬nrin, obÃ¬nrin tÃ­ Å„ fajÃºro
ğŸ™	fÃ­fowÉ”ÌjÃºwÃ¨, shÃ­shÃ¹ Ã¨tÃ¨ sÃ­ta, Æni YahÉ”n sita
ğŸ™â€â™‚	fowÉ”ÌjÃºwÃ¨, shÃ­shÃ¹ Ã¨tÃ¨ sÃ­ta, É”kÃ¹nrin, É”kÃ¹nrin tÃ­ Å„ shÃ­shÃ¹ Ã¨tÃ¨ sÃ­ta
ğŸ™â€â™€	fowÉ”ÌjÃºwÃ¨, obÃ¬nrin, obÃ¬nrin tÃ­ Å„ shÃ­shÃ¹ Ã¨tÃ¨ sÃ­ta, shÃ­shÃ¹ Ã¨tÃ¨ sÃ­ta
ğŸ™…	fowÉ”ÌjÃºwÃ¨, rÃ¡rÃ¡, Ã¨wÉ”Ì€, Æni NsÉ” RARA, É”wÉ”Ì
ğŸ™…â€â™‚	fowÉ”ÌjÃºwÃ¨, rÃ¡rÃ¡, Ã¨wÉ”Ì€, É”kÃ¹nrin tÃ­ Å„ sÉ” RÃRÃ, É”wÉ”Ì
ğŸ™…â€â™€	fowÉ”ÌjÃºwÃ¨, obÃ¬nrin, obÃ¬nrin tÃ­ Å„ sÉ” RÃRÃ, rÃ¡rÃ¡, Ã¨wÉ”Ì€, É”wÉ”Ì
ğŸ™†	fowÉ”ÌjÃºwÃ¨, Ã“DÃRA, Æni NsÉ” O DARA, É”wÉ”Ì
ğŸ™†â€â™‚	fowÉ”ÌjÃºwÃ©, Ã“DÃRA, É”kÃ¹nrin, É”kÃ¹nrin tÃ­ Å„ sÉ” Ã“DÃRA, É”wÉ”Ì
ğŸ™†â€â™€	fowÉ”ÌjÃºwÃ¨, obÃ¬nrin, obÃ¬nrin tÃ­ Å„ sÉ” Ã“DÃRA, Ã“DÃRA, É”wÉ”Ì
ğŸ’	tÉ”Ìka, Ã¬rÃ nwÉ”Ì, Ã¬rÃ²yÃ¬n, Æni N TÉ”ka Æ†wÉ”, É”lÉ”yaya, É”wÉ”Ì
ğŸ’â€â™‚	sassy, taka É”wÉ”Ì, É”kÃ¹nrin, É”kÃ¹nrin tÃ­ Å„ tÉ”Ìka É”wÉ”Ì
ğŸ’â€â™€	obÃ¬nrin, obÃ¬nrin tÃ­ Å„ tÉ”Ìka É”wÉ”Ì, sassy, tÉ”Ìka É”wÉ”Ì
ğŸ™‹	fÉ”wÉ”ÌjÃºwÃ¨, gbÃ©ga, Ã¬dÃ¹nÃº, Æni N NawÉ” Soke, É”wÉ”Ì
ğŸ™‹â€â™‚	fÉ”wÉ”ÌjÃºwÃ¨, nawÉ”Ì sÃ³kÃ¨, É”kÃ¹nrin, É”kÃ¹nrintÃ­ Å„ nawÉ”Ì sÃ³kÃ¨
ğŸ™‹â€â™€	fÉ”wÉ”ÌjÃºwÃ¨, nawÉ”Ì sÃ³kÃ¨, obÃ¬nrin, obÃ¬nrin tÃ­ Å„ nawÉ”Ì sÃ³kÃ¨
ğŸ™‡	bÉ›Ì€bÉ›Ì€, fÉ”wÉ”ÌjÃºwÃ¨, pÉ›Ì€lÉ›Ì, tÉ›rÃ­ba, Æni N TÉ›riba
ğŸ™‡â€â™‚	bÉ›Ì€bÉ›Ì€, fÉ”wÉ”ÌjÃºwÃ¨, pÉ›Ì€lÉ›Ì, tÃ­tÉ›rÃ­ba, Ã Ã nÃº, É”kÃ¹nrin, É”kÃ¹nrin tÃ­ Å„ tÉ›rÃ­ba
ğŸ™‡â€â™€	bÉ›Ì€bÉ›Ì€, fÉ”wÉ”ÌjÃºwÃ¨, obÃ¬nrin, obÃ¬nrin tÃ­ Å„ tÉ›rÃ­ba, pÉ›Ì€lÉ›Ì, tÃ­tÉ›rÃ­ba, Ã Ã nÃº
ğŸ¤¦	ojÃº, Ã tÉ›ÌlÉ›Ì É”wa, Ã Ã¬gbÃ gbÉ”Ì, Ã¬kÃ³rira, Æni FÉ”wÉ” Boju
ğŸ¤¦â€â™‚	fÉ”wÉ”ÌbojÃº, okÃ¹nrin, Ã Ã¬gbÃ gbÉ”Ì, Ã¬kÃ³rira, É”kÃ¹nrin tÃ­n fÉ”wÉ”ÌbojÃº
ğŸ¤¦â€â™€	fÉ”wÉ”ÌbojÃº, obÃ¬nrin, obÃ¬nrÃ­ tÃ­n fÉ”wÉ”ÌbojÃº, Ã Ã¬gbÃ gbÉ”Ì, Ã¬kÃ³rira
ğŸ¤·	gÃºnpÃ¡, iyÃ¨mÃ©jÃ¬, Ã Ã¬mÉ”Ì€kan, Ã Ã¬nÃ¡nÃ­, Æni N Gunpa
ğŸ¤·â€â™‚	gÃºnpÃ¡, iyÃ¨mÃ©jÃ¬, Ã Ã¬mÉ”Ì€kan, Ã Ã¬nÃ¡nÃ­, É”kÃ¹nrin, É”kÃ¹nrin tÃ­ Å„ gÃºnpÃ¡
ğŸ¤·â€â™€	gÃºnpÃ¡, iyÃ¨mÃ©jÃ¬, obÃ¬nrin, obÃ¬Ç¹rin tÃ­ Å„ gÃºnpa, Ã Ã¬mÉ”Ì€kan, Ã Ã¬nÃ¡nnÃ­
ğŸ‘¨â€âš•	ajÉ” Ã¬lera, dÃ³kÃ­tÃ , nÉ”ÌÉ”Ì€sÃ¬, olÃ¹dÃ¡mÉ”Ì€rÃ n, É”kÃ¹nrin, É”kÃ¹nrÃ­n Ã²shÃ¬shÉ›Ì Ã¨tÃ² Ã¬lera
ğŸ‘©â€âš•	ajÉ” Ã¬lera, dÃ³kÃ­tÃ , nÉ”ÌÉ”Ì€sÃ¬, obÃ¬rin, obÃ¬rin Ã²shÃ¬shÉ›Ì Ã¨tÃ² Ã¬lera, olÃ¹dÃ¡mÉ”Ì€rÃ n
ğŸ‘¨â€ğŸ“	akÉ›ÌkÉ”Ì€É”Ì, kÃ wÃ©gboyÃ¨, É”kÃ¹nrin, É”kÃ¹nrin akÉ›ÌkÉ”Ì€É”Ì
ğŸ‘©â€ğŸ“	akÉ›ÌkÉ”Ì€É”Ì, kÃ wÃ©gboyÃ¨, obÃ¬rin, obÃ¬rin akÉ›ÌkÉ”Ì€É”Ì
ğŸ‘¨â€ğŸ«	olÃ¹kÉ”Ì, olÃ¹tanisÉ”ÌnÃ , É”kÃ¹nrin, É”kÃ¹nrin olÃ¹kÉ”Ì, É”Ì€mÉ”Ì€wÃ© Ã gbÃ 
ğŸ‘©â€ğŸ«	obÃ¬nrin olÃ¹kÉ”Ì, obÃ¬rin, olÃ¹kÉ”Ì, olÃ¹tanisÉ”ÌnÃ , É”Ì€mÉ”Ì€wÃ© Ã gbÃ 
ğŸ‘¨â€âš–	Ã²dodo onÃ­dajÉ”, É”kÃ¹nrin adÃ¡jÉ”Ì
ğŸ‘©â€âš–	adÃ¡jÉ”Ì, obÃ¬nrin adÃ¡jÉ”Ì, obÃ¬rin sÃ­kÃ©lÃ¬
ğŸ‘¨â€ğŸŒ¾	ashÉ”ÌgbÃ , olÃ¹tÉ”ÌjÃº mÃ lÃ¹Ãº, Ã gbÉ›Ì, É”kÃ¹nrin, É”kÃ¹nrin Ã gbÉ›Ì
ğŸ‘©â€ğŸŒ¾	ashÉ”ÌgbÃ , obÃ¬rin, obÃ¬rinÃ gbÉ›Ì, olÃ¹tÉ”ÌjÃº mÃ lÃ¹Ãº, Ã gbÉ›Ì
ğŸ‘¨â€ğŸ³	olÃ¹se Ã³njÉ›, olÃºse Ã³njÉ›, É”kÃ¹nrin, É”kÃ¹nrin olÃ¹se Ã³njÉ›
ğŸ‘©â€ğŸ³	obÃ¬rin, obÃ¬rin olÃ¹se Ã³njÉ›, olÃ¹se Ã³njÉ›, olÃºse Ã³njÉ›
ğŸ‘¨â€ğŸ”§	atÃºn inÃ¡she, atÃºn É”kÉ”Ì€ she, pÃ­lÉ”ÌbÃ , É”kÃ¹nrin, É”kÃ¹nrin atÃºn É”kÉ”Ì€ she, É›ni shÃ²wÃ²
ğŸ‘©â€ğŸ”§	atÃºn inÃ¡she, atÃºn É”kÉ”Ì€ she, obÃ¬rin, obÃ¬rin atÃºn É”kÉ”Ì€ she, pÃ­lÉ”ÌbÃ , É›ni shÃ²wÃ²
ğŸ‘¨â€ğŸ­	ilÃ© ishÉ›Ì, Ã¬pÃ©jÉ”pÉ”Ì€, Ã²shÃ¬shÉ›Ì, É”kÃ¹nrin, É”kÃ¹nrin Ã²shÃ¬shÉ›Ì ilÃ©-ishÉ›Ì
ğŸ‘©â€ğŸ­	ilÃ© ishÉ›Ì, obÃ¬rin, obÃ¬rin Ã²shÃ¬shÉ›Ì ilÃ©-ishÉ›Ì, Ã¬pÃ©jÉ”pÉ”Ì€, Ã²shÃ¬shÉ›Ì
ğŸ‘¨â€ğŸ’¼	alÃ¡bÃ³Ã²jÃºtÃ², ishÉ›Ì É”ÌfÃ­sÃ¬, olÃ¹yÃ  ilÃ©, Ã²wÃ², É”kÃ¹nrin, É”kÃ¹nrin Ã²shÃ¬shÉ›Ì É”ÌfÃ­sÃ¬, É”ÌfÃ­sÃ¬
ğŸ‘©â€ğŸ’¼	alÃ¡bÃ³Ã²jÃºtÃ², ishÉ›Ì É”ÌfÃ­sÃ¬, obÃ¬rin, obÃ¬rin Ã²shÃ¬shÉ›Ì É”ÌfÃ­sÃ¬, olÃ¹yÃ  ilÃ©, Ã²wÃ², É”ÌfÃ­sÃ¬
ğŸ‘¨â€ğŸ”¬	bÃ¬yÃ³lÉ”ÌgÃ¬, fÃ­sÃ­sÃ­tÃ¬, kÉ›ÌmÃ­sÃ­tÃ¬, onÃ­mÉ”Ì€ lrÉ”, onÃ­mÉ”Ì€ sÃ­yÉ›ÌnsÃ¬, onÃ­mÉ”Ì€ Ã¬shirÃ², É”kÃ¹nrin, É”kÃ¹nrÃ­n sÃ­yÉ›ÌnsÃ¬
ğŸ‘©â€ğŸ”¬	bÃ¬yÃ³lÉ”ÌgÃ¬, fÃ­sÃ­sÃ­tÃ¬, kÉ›ÌmÃ­sÃ­tÃ¬, obÃ¬rin, obÃ¬rin sÃ­yÉ›ÌnsÃ¬, onÃ­mÉ”Ì€ lrÉ”, onÃ­mÉ”Ì€ sÃ­yÉ›ÌnsÃ¬, onÃ­mÉ”Ì€ Ã¬shirÃ²
ğŸ‘¨â€ğŸ’»	kÃ³dÃ , olÃ¹dÃ¡sÃ­lÉ›Ì€, olÃ¹mÃºgbÉ›ÌrÃ¹, onÃ­mÉ”Ì€ É›Ì€rÉ”, É”kÃ¹nrin, É”kÃ¹nrin onÃ­ms É›Ì€rÉ”, É›Ì€yÃ  Ã rÃ­dimÃº
ğŸ‘©â€ğŸ’»	kÃ³dÃ , obÃ¬rin, obÃ¬rin onÃ­mÉ”Ì€ É›Ì€rÉ”, olÃ¹dÃ¡sÃ­lÉ›Ì€, olÃ¹mÃºgbÉ›ÌrÃ¹, onÃ­mÉ”Ì€ É›Ì€rÉ”, É›Ì€yÃ  Ã rÃ­dimÃº
ğŸ‘¨â€ğŸ¤	adÃ¡nirÃ¡rayÃ¡, akÉ”rin, Ã pÃ¡ta, Ã¬rÃ wÉ”Ì€, É”kÃ¹nrin, É”kÃ¹nrin olÃ³rin, É”shÃ¨rÃ©
ğŸ‘©â€ğŸ¤	adÃ¡nirÃ¡rayÃ¡, akÉ”rin, obÃ¬nrin olÃ³rin, obÃ¬rin, Ã pÃ¡ta, Ã¬rÃ wÉ”Ì€, É”shÃ¨rÃ©
ğŸ‘¨â€ğŸ¨	pÃ¡alÉ›ÌttÃ¬, Ã²shÃ¨rÃ©, É”kÃ¹nrin, É”kÃ¹nrin Ã²shÃ¨rÃ©
ğŸ‘©â€ğŸ¨	obÃ¬rin, obÃ¬rin Ã²shÃ¨rÃ©, Ã²shÃ¨rÃ© pÃ¡lÉ›ÌttÃ¬
ğŸ‘¨â€âœˆ	awa É”ks bÃ¡lÃº, bÃ lÃº, É”kÃ¹nrin, É”kÃ¹nrin awa É”kÉ”Ì bÃ lÃº
ğŸ‘©â€âœˆ	awa É”kÉ”Ì€ bÃ¡lÃº, bÃ lÃº, obÃ¬rin, obÃ¬rin awa É”kÉ”Ì bÃ lÃº
ğŸ‘¨â€ğŸš€	olÃ¹wÃ¡dÃ¬Ã­ inÃº Ã²shÃ¹pÃ¡, rÉ”ÌkÉ›Ì€tÃ¬, Ã²kÃ¹nrin, É”kÃ¹nrin olÃ¹wÃ¡dÃ¬Ã­ inÃº Ã²shÃ¹pÃ¡ É”kÃ¹nrin
ğŸ‘©â€ğŸš€	obÃ¬rin, obÃ¬rinolÃ¹wÃ¡dÃ¬Ã­ inÃº Ã²shÃ¹pÃ¡, olÃ¹wÃ¡dÃ¬Ã­ inÃº Ã²shÃ¹pÃ¡, rÉ”ÌkÉ›Ì€tÃ¬
ğŸ‘¨â€ğŸš’	panÉ”ÌpanÉ”Ì, É”kÃ¹nrin, É”kÃ¹nrin panapanÉ”Ì, É”kÉ”Ì€ panapanÉ”Ì
ğŸ‘©â€ğŸš’	obÃ¬rin, obÃ¬rin panapanÉ”Ì, panÉ”ÌpanÉ”Ì, É”kÉ”Ì€ panÉ”ÌpnÉ”Ì
ğŸ‘®	Ã²shÃ¬shÉ›Ì, Æ†lÉ”pa, É”lÉ”ÌpÃ Ã¡
ğŸ‘®â€â™‚	Ã²shÃ¬shÉ›Ì, É”kÃ¹nrin, É”kÃ¹nrin É”lÉ”pa, É”lÉ”ÌpÃ Ã¡
ğŸ‘®â€â™€	obÃ¬nrin, obÃ¬nrin É”lÉ”pa, Ã²shÃ¬shÉ›Ì, É”lÉ”ÌpÃ Ã¡
ğŸ•µï¸	ashÃ¨wÃ¡dÃ¬Ã­, É”Ì€tÉ›lÃ¨mÃºyÃ©
ğŸ•µâ€â™‚	ashÃ¨wÃ¡dÃ¬Ã­, É”kÃ¹nrin, É”kÃ¹nrin É”Ì€tÉ›lÃ¨mÃºyÃ©, É”Ì€tÉ›lÃ¨mÃºyÃ©
ğŸ•µâ€â™€	ashÃ¨wÃ¡dÃ¬Ã­, obÃ¬nrin, obÃ¬nrin É”Ì€tÉ›lÃ¨mÃºyÃ©, É”Ì€tÉ›lÃ¨mÃºyÃ©
ğŸ’‚	OlushÉ”
ğŸ’‚â€â™‚	olÃ¹shÉ”Ì, É”kÃ¹nrin, É”kÃ¹nrin olÃ¹shÉ”Ì
ğŸ’‚â€â™€	obÃ¬nrin, obÃ¬nrin olÃ¹shÉ”Ì, olÃ¹shÉ”Ì
ğŸ‘·	OshishÉ› IkÉ”le, fÃ¬lÃ , Ã²shishÉ›Ì Ã¬kÉ”le, Ã²shÃ¬shÉ›Ì
ğŸ‘·â€â™‚	Ã²shishÉ›Ì Ã¬kÉ”le, Ã²shishÉ›Ì Ã¬kÉ”ÌlÃ© É”kÃ¹nrin, Ã²shÃ¬shÉ›Ì, É”kÃ¹nrin
ğŸ‘·â€â™€	obÃ¬nrin, Ã²shishÉ›Ì Ã¬kÉ”le, Ã²shishÉ›Ì Ã¬kÉ”ÌlÃ© obÃ¬nrin, Ã²shÃ¬shÉ›Ì
ğŸ¤´	Æ†mÉ”kunrin Alade
ğŸ‘¸	Ã lÃ¡, Ã¬tÃ n É”mÉ”dÃ©, Æ†mÉ”binrin Alade
ğŸ‘³	lÃ¡wÃ nÃ­, Æni wÉ” Lawani
ğŸ‘³â€â™‚	lÃ¡wÃ nÃ­, É”kÃ¹nrin, É”kÃ¹nrin tÃ³ dÃ© lÃ¡wÃ nÃ­
ğŸ‘²	fÃ¬lÃ , gua pi mao, Æ†kunrin PÉ›lu Fila Shainisi, É”kÃ¹nrin
ğŸ§•	GÃ¨lÃ¨, gÃ¨lÃ¨ Ã wÉ”n sÃ­pÃ¡nÃ¬, obinrin tÃ³ wÃ© gÃ¨lÃ¨, Ã¬bÃ²rÃ­, Ã¬bÃ²rÃ­ Ã wÉ”n jÃºÃ¹
ğŸ¤µ	kÃ³Ã²tÃ¹, Æ†kunrin PÉ›lu Kootu, É”kÃ¹nrin, É”kÉ” Ã¬yÃ wÃ³
ğŸ‘°	Iyawo PÉ›lu Iboju, Ã¬bÃ²jÃº, Ã¬gbÃ©yÃ wÃ³, Ã¬yÃ wÃ³
ğŸ¤±	Ã¬fÉ”ÌmÉ”lÉ”ÌyÃ n, Ã¬kÃ³kÃ³, Ã¬tÉ”ÌjÃº É”mÉ”, É”yÉ”Ì€n
ğŸ‘¼	ojÃº, Ã lÃ¡, Ã¡ngÉ›li Ã¬kÃ³kÃ³, Ã¡Å„gÉ›ÌlÃ¬, Ã¬kÃ³kÃ³, Ã¬tÃ n É”mÉ”dÃ©
ğŸ…	Baba Keresi, ayÉ›yÉ›, baba, kÃ©rÃ©sÃ¬
ğŸ¤¶	Arabinrin Keresi, [kÉ›rÉ›sÃ­, ayÉ›yÉ›, kÃ©rÃ©sÃ¬, omidan, Ã¬yÃ¡
ğŸ§™	onÃ­dÃ¡n, oshÃ³, Ã jÉ›Ì
ğŸ§™â€â™‚	OshÃ³, Æ†kÃ¹nrin onÃ­dÃ¡n
ğŸ§™â€â™€	ObÃ¬nrin onÃ­dÃ¡n, Ã jÃ©Ì©, Ã jÉ›Ì
ğŸ§šâ€â™‚	Iwin É”kÃ¹nrin, Oberon, Puck
ğŸ§›â€â™‚	DÃ rÃ kÃºlÃ , FÃ¡npÃ¡yÃ  É”kÃ¹nrin, Ã Ã¬kÃº
ğŸ§œ	YemÉ”ja, YemÉ”ja Ã¨nÃ¬yÃ n
ğŸ§œâ€â™‚	Triton, YemÉ”ja É”kÃ¹nrin
ğŸ§œâ€â™€	YemÉ”ja obÃ¬nrin, iyemÉ”ja
ğŸ§â€â™‚	egbÃ©re É”kÃ¹nrin, Ã¬dÃ¡n
ğŸ§	Ã€njÉ”Ì€nnÃº, Ã€njÉ”Ì€nnÃº arabia
ğŸ§â€â™‚	Ã€njÉ”Ì€nnÃº arabia, Ã€njÉ”Ì€nnÃº É”kÃ¹nrin
ğŸ§â€â™€	Ã€njÉ”Ì€nnÃº arabia, Ã€njÉ”Ì€nnÃº obÃ¬nrin
ğŸ§Ÿ	Ã€Ã¬lÃ¨kÃº, Ã kÃºdÃ¡Ã yÃ , ÆbÉ”ra
ğŸ§Ÿâ€â™‚	Ã€Ã¬lÃ¨kÃº, Ã kÃºdÃ¡Ã yÃ , ÆbÉ”ra É”kÃ¹nrin
ğŸ§Ÿâ€â™€	Ã€Ã¬lÃ¨kÃº, Ã kÃºdÃ¡Ã yÃ , ÆbÉ”ra obÃ¬nrin
ğŸ’†	ilÃ© onÃ­dÃ¬rÃ­, ojÃº, Ã¬firÃ¡nshÉ›Ì, É›ni N gba IshÉ›
ğŸ’†â€â™‚	ojÃº, Ã¬firÃ¡nshÉ›Ì, É”kÃ¹nrin, É”kÃ¹nrin tÃ­ Å„ gba Ã¬firÃ¡nshÉ›Ì
ğŸ’†â€â™€	obÃ¬nrin, obÃ¬nrin tÃ­ Å„ gba Ã¬firÃ¡nshÉ›Ì, ojÃº, Ã¬firÃ¡nshÉ›Ì
ğŸ’‡	agÉ›run, gÃ©run, Ã¬yÃ rÃ¡ Ã¬gbÃ lejÃ², Æni N GÉ›run, É›wÃ 
ğŸ’‡â€â™‚	gÉ›run, É”kÃ¹nrin, É”kÃ¹nrin tÃ­ Å„ gÉ›run
ğŸ’‡â€â™€	gÉ›run, obÃ¬nrin, obÃ¬nrin tÃ­ Å„ gÉ›run
ğŸš¶	Ã¬rÃ¬n, Å„ rÃ¬n, Æni N Rin
ğŸš¶â€â™‚	Ã¬rÃ¬n, É”kÃ¹nrin, É”kÃ¹nrin tÃ­ Å„ rÃ¬n
ğŸƒ	erÃ©, sÃ¡rÃ©, Æni N Sare
ğŸƒâ€â™‚	erÃ©, erÃ© Ã¬dÃ­jÉ›, sÃ¡rÃ©, É”kÃ¹nrin, É”kÃ¹nrin tÃ­ Å„ sÃ¡rÃ©
ğŸ•º	ijÉ”Ì, Æ†kunrin Ti Njo, É”kÃ¹nrin
ğŸ•´ï¸	kÃ³Ã²tÃ¹, Ã²wÃ², É”kÃ¹nrin, É”kÃ¹nrin nÃ­nu kÃ³Ã²tÃº Ã²wÃ²
ğŸ‘¯	awÉ”n eniyan eleti ehoro n sariya, etÃ­ ehoro, onÃ­jÃ³, Ã rÃ­yÃ¡
ğŸ‘¯â€â™‚	etÃ­ ehoro, onÃ­jÃ³, Ã rÃ­yÃ¡, Ã wÉ”n É”kÃ¹nrin elÃ©tÃ­ ehoro n shÃ rÃ­yÃ¡, É”kÃ¹nrin
ğŸ‘¯â€â™€	awÉ”n obÃ¬nrin eleti ehoro n sariya, etÃ­ ehoro, onÃ­jÃ³, Ã rÃ­yÃ¡ obÃ¬nrin
ğŸ§–â€â™‚	ÃŒyÃ rÃ¡ tÃ³ n gbÃ³nÃ¡, Æ†kÃ¹nrin nÃ­nÃº ÃŒyÃ rÃ¡ tÃ³ n gbÃ³nÃ¡
ğŸ¤º	erÃ© jÃ­jÃ , erÃ© Ã¬jÃ , idÃ , Æni N Ja PÉ›lu Ida
ğŸ‡	Ereje ÆlÉ›sin, erÃ© É›lÉ›Ìshin, Ã¬dÃ­je erÃ©, É›shin
â›·ï¸	sÃ­kÃ¬, yÃ­nyÃ¬n, É›ni sÃ­kÃ¬
ğŸ‚ï¸	Ishere Ori Yiyin, sÃ­kÃ¬, yÃ¬nyÃ­n, Ã¬sherÃ© orÃ­ yÃ¬nyÃ­n
ğŸŒï¸	bÉ”ÌÉ”Ì€lÃ¹, gÉ”ÌÉ”Ì€fÃ¹, É›ni gÉ”ÌÉ”Ì€fÃ¹
ğŸŒâ€â™‚	gÉ”ÌÉ”Ì€fÃ¹, É”kÃ¹nrin, É”kÃ¹nrin tÃ­ Å„ gÉ”ÌÉ”Ì€fÃ¹
ğŸŒâ€â™€	gÉ”ÌÉ”Ì€fÃ¹, obÃ¬nrin, obÃ¬nrin tÃ­ Å„ gÉ”ÌÉ”Ì€fÃ¹
ğŸ„ï¸	wÃ­wÃ¡Ã¬tanÉ›ti, Æni N Gun Iji
ğŸ„â€â™‚	tÃ­ Å„ wÃ¡ Ã­Å„tÃ¡nÉ›ÌtÃ¬, É”kÃ¹nrin, É”kÃ¹nrin tÃ­ Å„ wÃ¡ Ã­Å„tÃ¡nÉ›ÌtÃ¬
ğŸ„â€â™€	obÃ¬nrÃ­n, obÃ¬nrÃ­n tÃ­ Å„ wÃ¡ Ã­Å„tÃ¡nÉ›ÌtÃ¬, wÃ­wÃ¡Ã¬tanÉ›ti
ğŸš£	kÉ”Ì ojÃº omi kÃ©kerÃ©, Æni N wa Æ†kÉ”, É”kÉ”Ì€ ojÃº omi
ğŸš£â€â™‚	É”kÃ¹nrin, É”kÃ¹nrin tÃ­ Å„ wakÉ”Ì€ ojÃº omo kÃ©kerÃ©, É”kÉ”Ì€ ojÃº omi, É”kÉ”Ì€ ojÃº omo kÃ©kerÃ©
ğŸš£â€â™€	obÃ¬nrin tÃ­ Å„ wakÉ”Ì€ ojÃº omo kÃ©kerÃ©, obÃ¬rin, É”kÉ”Ì€ ojÃº omi, É”kÉ”Ì ojÃº omi kÃ©kerÃ©
ğŸŠï¸	wÉ›dÃ², Æni tÃ­ Å„ wÉ›dÃ²
ğŸŠâ€â™‚	wÉ›dÃ², É”kÃ¹nrin, É”kÃ¹nrin tÃ­ Å„ wÉ›dÃ²
ğŸŠâ€â™€	obÃ¬nrin, obÃ¬nrin tÃ­ Å„ wÉ›dÃ², wÉ›dÃ²
â›¹ï¸	bÉ”ÌÉ”Ì€lÃ¹, É›ni tÃ  boun bÉ”ÌÉ”Ì€lÃ¹
â›¹â€â™‚	bÉ”ÌÉ”Ì€lÃ¹, É”kÃ¹nrin, É”kÃ¹nrin tÃ­ Å„ tÃ  boun bÉ”ÌÉ”Ì€lÃ¹
â›¹â€â™€	bÉ”ÌÉ”Ì€lÃ¹, obÃ¬nrin, obÃ¬nrin tÃ  boun bÉ”ÌÉ”Ì€lÃ¹
ğŸ‹ï¸	a fÃ  Å„kan sÃ³kÃ¨, Ã¬wÉ”Ì€n, É›ni fa Ã¬wÉ”Ì€n sÃ³kÃ¨
ğŸ‹â€â™‚	a fÃ  Ã¬wÉ”Ì€n sÃ³kÃ¨, É”kÃ¹nrin, É”kÃ¹nrin tÃ­ Å„ a fÃ  Ã¬wÉ”Ì€n sÃ³kÃ¨
ğŸ‹â€â™€	a fÃ  Ã¬wÉ”Ì€n sÃ³kÃ¨, obÃ¬nrin, obÃ¬nrin tÃ­ Å„ a fÃ  Ã¬wÉ”Ì€n sÃ³kÃ¨
ğŸš´	awa kÉ›Ì€kÉ›Ì, kÉ›Ì€kÉ›Ì, Ã¬wÃ¡kÉ›Ì€kÉ›Ì, Æni N Gun KÉ›kÉ›
ğŸš´â€â™‚	awa kÉ›Ì€kÉ›Ì, kÉ›Ì€kÉ›Ì, Ã¬wÃ¡kÉ›Ì€kÉ›Ì, É”kÃ¹nrin, É”kÃ¹nrin tÃ­ Å„ wa kÉ›Ì€kÉ›Ì
ğŸš´â€â™€	awa kÉ›Ì€kÉ›Ì, kÉ›Ì€kÉ›Ì, obÃ¬nrin, obÃ¬nrin tÃ­ Å„ wa kÉ›Ì€kÉ›Ì, Ã¬wÃ¡kÉ›Ì€kÉ›Ì
ğŸšµ	awakÉ›Ì€kÉ›Ì, kÉ›Ì€kÉ›Ì, Ã²kÃ¨, Æni N Gun KÉ›kÉ› Gun Apata
ğŸšµâ€â™‚	awakÉ›Ì€kÉ›Ì, kÉ›Ì€kÉ›Ì, Ã²kÃ¨, É”kÃ¹nrin, É”kÃ¹nrin tÃ­n gÃ¹n kÃ¨ wa kÉ›Ì€kÉ›Ì
ğŸšµâ€â™€	awakÉ›Ì€kÉ›Ì, kÉ›Ì€kÉ›Ì, obÃ¬nrin, obÃ¬nrin tÃ­n gÃ¹n kÃ¨ wa kÉ›Ì€kÉ›Ì, Ã¬wa kÉ›Ì€kÉ›Ì, Ã²kÃ¨
ğŸ¤¸	kÉ›Ì€kÉ›Ì alÃ¡gbÉ”Ì€n, Ã¬dÃ¡rayÃ¡, Æni KawÉ” TilÉ› KÉ›sÉ› Soke
ğŸ¤¸â€â™‚	kÉ›Ì€kÉ›Ì alÃ¡gbÉ”Ì€n, Ã¬dÃ¡rayÃ¡, É”kÃ¹nrin, É”kÃ¹nrin tÃ­ Å„ yÃ­ kÉ›Ì€kÉ›Ì alÃ¡gbÉ”Ì€n
ğŸ¤¸â€â™€	kÉ›Ì€kÉ›Ì alÃ¡gbÉ”Ì€n, obÃ¬nrin, obÃ¬nrin tÃ­ Å„ yÃ­ kÉ›Ì€kÉ›Ì alÃ¡gbÉ”Ì€n, Ã¬dÃ¡rayÃ¡
ğŸ¤¼	AwÉ”n Onigidigbo, gÃ­dÃ­gÃ², onÃ­gÃ­dÃ­gbÃ²
ğŸ¤¼â€â™‚	gÃ­dÃ­gbÃ², Ã wÉ”n É”kÃ¹nrin, Ã wÉ”n É”kÃ¹nrin gÃ­dÃ­gbÃ²
ğŸ¤¼â€â™€	gÃ­dÃ­gbÃ², Ã wÉ”n obÃ¬nrin, Ã wÉ”n obÃ¬nrn tÃ­ Å„ jÃ 
ğŸ¤½	omi, pÃ³lÃ², Æni N shere Olomi
ğŸ¤½â€â™‚	erÃ© omi, okÃ¹nrin, É”kÃ¹nrin n shere olomi
ğŸ¤½â€â™€	erÃ© omi, obÃ¬nrin, obÃ¬nrin n shere olomi
ğŸ¤¾	bÉ”ÌÉ”Ì€lÃ¹, bÉ”ÌÉ”Ì€lÃ¹ É”lÉ”ÌwÉ”Ì, Æni N Shere BÉ”É”lu Æ†lÉ”wÉ”
ğŸ¤¾â€â™‚	bÉ”ÌÉ”Ì€lÃ¹ É”lÉ”ÌwÉ”Ì, É”kÃ¹nrin, É”kÃ¹nrin tÃ­ Å„ gbÃ¡ bÉ”ÌÉ”Ì€lÃ¹ É”lÉ”ÌwÉ”Ì
ğŸ¤¾â€â™€	bÉ”ÌÉ”Ì€lÃ¹ É”lÉ”ÌwÉ”Ì, obÃ¬nrin, obÃ¬nrin tÃ­ Å„ gbÃ¡ bÉ”ÌÉ”Ì€lÃ¹ É”lÉ”ÌwÉ”Ì
ğŸ¤¹	jÃ­ju Ç¹kan sÃ³kÃ¨, Ã¬dÉ”Ìgba, Ã¬mÉ”Ì€É”Ìshe, Æni N ju Nnkan soke, É”Ì€pÉ”Ì€ ishÉ›Ì
ğŸ¤¹â€â™‚	jÃ­jÃ¹ Ç¹kan sÃ³kÃ¨, É”kÃ¹nrin, É”kÃ¹nrin tÃ­ Å„ jÃ¹ Ç¹kan sÃ³kÃ¨, É”Ì€pÉ”Ì€ ishÉ›Ì
ğŸ¤¹â€â™€	jÃ­jÃ¹ Ç¹kan sÃ³kÃ¨, obÃ¬nrin, obÃ¬nrin tÃ­ Å„ jÃº Ç¹kan sÃ³kÃ¨, É”Ì€pÉ”Ì€ ishÉ›Ì
ğŸ§˜	YÃ³gÃ , shÃ shÃ rÃ², ÃˆnÃ¬yÃ n nÃ­pÃ² Ã¬gbÃ gbÃ©
ğŸ§˜â€â™‚	YÃ³gÃ , shÃ shÃ rÃ², Æ†kÃ¹nrin nÃ­pÃ² Ã¬gbÃ gbÃ©
ğŸ§˜â€â™€	ObÃ¬nrin nÃ­pÃ² Ã¬gbÃ gbÃ©, YÃ³gÃ , shÃ shÃ rÃ²
ğŸ›€	Ã gbÃ¡ Ã¬wÃ©, Ã¬wÉ›Ì€, Æni NwÉ›
ğŸ›Œ	ilÃ© Ã¬tura, sÃ¹n, Æniyan Nibusun
ğŸ‘­	Obinrin Meji Ti O DÉ”wÉ” Ara WÉ”n Mu, dÃ¬mÃº, obÃ¬nrin, tÉ”kÉ”taya, É”wÉ”Ì
ğŸ‘«	dÃ¬mÃº, obÃ¬nrin, tÉ”kÉ”taya, Æ†kunrin Ati Obirin Ti O DÉ”wÉ” Ara WÉ”n Mu, É”kÃ¹nrin, É”wÉ”Ì
ğŸ‘¬	Gemini, dÃ¬mÃº, tÉ”kÉ”taya, Ã mi oshÃ¹ Ã¬bÃ­, Ã¬bejÃ¬, Æ†kunrin Meji Ti O DÉ”wÉ” Ara WÉ”n Mu, É”kÃ¹nrin, É”wÉ”Ì
ğŸ’	IfÉ›nuko, tÉ”kÉ”taya
ğŸ’‘	LÉ”kÉ”laya PÉ›lu É”kan, tÉ”kÉ”taya, Ã¬fÉ›Ì
ğŸ‘ªï¸	ÆbÃ­
ğŸ—£ï¸	bÃ­rÃ­bÃ­rÃ­, ojÃº, orÃ­, orÃ­ tÃ­ Å„ sÉ”Ì€rÉ”Ì€, sÉ”Ì€rÉ”Ì€, Å„ sÉ”Ì€rÉ”Ì€
ğŸ‘¥	AwÉ”n Ibujade Ni Biribiri, bÃ­rÃ­bÃ­rÃ­, bÃºjÃ¡de
ğŸ‘£	Ipa É›sÉ›, ashÉ”, ipasÉ›Ì€, Ã¬pasÉ›Ì€
ğŸµ	Oju Æ†bÉ”, ojÃº, É”Ì€bÉ”
ğŸ’	Æ†Ì€bÉ”
ğŸ¦Š	Oju KÉ”lÉ”kÉ”lÉ”, kÉ”lÉ”kÉ”lÉ”, ojÃº
ğŸ¦	Leo, Oju Kiniun, kÃ¬nÃ¬u, ojÃº, Ã mi oshÃ¹ Ã¬bÃ­
ğŸ¯	Oju ÆkÃ¹n, ojÃº, É›kÃ¹n
ğŸ…	ÆkÃ¹n
ğŸ†	Ã€mÉ”Ì€tÉ›ÌkÃ¹n
ğŸ´	Oju Æshin, ojÃº, É›shin
ğŸ	equestrian, eshi Ã¬sÃ¡rÃ©, Ã¬sÃ¡rÃ©, Æshin
ğŸ¦„	Oju Æshin Oniwo, eshin onÃ­wo, ojÃº
ğŸ¦“	kÉ›ÌtÉ›ÌkÉ›ÌtÉ›Ì abÃ¬la, onÃ­lÃ 
ğŸ¦Œ	AgbÉ”nrin
ğŸ‚	Taurus, Ã mi oshÃ¹ Ã¬bÃ­, ÆgbÉ”rÉ” maalu, É›gbÉ”rÉ” mÃ lÃ¡lÃ¹
ğŸƒ	omi, ÆfÉ”n Omi, É›fÉ”Ì€n
ğŸ·	Oju ÆlÉ›dÉ›, ojÃº, É›lÉ›ÌdÉ›Ì€
ğŸ–	abo É›lÉ›ÌdÉ›Ì€, ÆlÉ›dÉ›
ğŸ—	Biari, ÆlÉ›dÉ›
ğŸ½	Imu ÆlÉ›dÉ›, imÃº, ojÃº, É›lÉ›ÌdÉ›Ì€
ğŸ	Agbo, Aries, akÉ”, Ã gÃ¹ntÃ n, Ã mi oshÃ¹ Ã¬bÃ­
ğŸ	EwÃºrÉ›Ì, capricorn, Ã mi oshÃ¹ Ã¬bÃ­
ğŸª	KÉ›tÉ›kÉ›tÉ›, ikÃ©, rÃ kÃºmÃ­
ğŸ«	KÉ›tÉ›kÉ›tÉ› Onike-Meji, ikÃ©, rÃ kÃºmÃ­, rÃ kÃºmÃ­ onÃ­kÃ© mÃ©jÃ¬
ğŸ¦’	Ã gÃ¹fÉ”n, Ã wÉ”n Ã yÃ¨
ğŸ¦	Æranko Imado
ğŸ­	ekÃº, ojÃº, Æ†ju Eku
ğŸ¦”	hedgehog, É›lÉ›ÌgÃ¹Å„
ğŸ¦‡	Adan, amÃ¹jÉ›Ì, Ã dÃ¡n
ğŸ¾	Apa Eekan, ipa, Ã tÉ›ÌlÉ›Ì É”wa, É›sÉ›Ì€
ğŸ¦ƒ	TÃ³lÃ²tÃ³lÃ², tÃ²lÃ³tÃ²lÃ³, É›yÉ›
ğŸ”	AdÃ¬yÉ›, adÃ¬ye, É›yÉ›
ğŸ“	AkukÉ”, Ã kÃ¹kÉ”, É›yÉ›
ğŸ£	pÃ­pa, Ã¬kÃ³kÃ³, Æ†mÉ” AdiyÉ› Pipa, É”mÉ” adÃ¬yÉ›, É›yÉ›
ğŸ¤	Ã¬kÃ³kÃ³, Æ†mÉ” AdiyÉ›, É”mÉ” adÃ¬yÉ›, É›yÉ›
ğŸ¥	Ã¬kÃ³kÃ³, Æ†mÉ” AdiyÉ› ti now Iwaju, É”mÉ” adÃ¬yÉ›, É›yÉ›
ğŸ¦ï¸	ÆyÉ›
ğŸ§	ÆyÉ› Oko, É›yÉ›, É›yÉ› oko
ğŸ•Šï¸	fÃ², Ã dÃ bÃ , Ã lÃ¡fÃ­Ã , É›yÉ›
ğŸ¦…	Ã€shÃ¡, Ã shÃ¡, É›yÉ›
ğŸ¦†	PÉ›ÌpÉ›ÌyÉ›, pÉ›ÌpÉ›ÌyÉ›, É›yÉ›
ğŸ¦‰	Owiwi, Ã²wÃ¬wÃ­, É”lÉ”ÌngbÉ”Ìn, É›yÉ›
ğŸ¸	Oju Æ†pÉ”lÉ”, ojÃº, É”pÉ”lÉ”
ğŸŠ	Æ†ni
ğŸ¦	AlÃ¡Ç¹gba, alÃ¡Ç¹gbÃ , É›ranko tÃ­ nfÃ­ Ã Ã¬yÃ  fÃ 
ğŸ	EjÃ², Ophiuchus, ejÃ², olÃ¹gbÃ©, Ã mi oshÃ¹ Ã¬bÃ­
ğŸ³	Oju, yÉ” jade tÃ¬ ipÃ¡, Æja Nla, Æja Nla AtutÉ”
ğŸ‹	Æja Nla
ğŸ¬	DÉ”fini, Ohun lÃºwÃ«
ğŸŸï¸	Pisces, Ã mi oshÃ¹ Ã¬bÃ­, Æja
ğŸ 	oorÃ¹n, Æja, Æja oorÃ¹n
ğŸ¡	Æja, Æja Awura
ğŸ¦ˆ	ShÃ¡Ã kÃ¬, shÃ¡Ã kÃ¬, É›ja
ğŸ™	Æja É›lÉ›sÉ› mÉ›jÉ”
ğŸ¦‹	Labalaba, arÉ›wÃ , kÃ²kÃ²rÃ², labalÃ¡bÃ¡
ğŸ›	kÃ²kÃ²rÃ², ÃŒyanjÃº Ã€shÃ¬she
ğŸ	YigbÉ›-yigbÉ›, kÃ²kÃ²rÃ², obounboÃ¹n, obounboÃ¹n kÃ©kerÃ©
ğŸ¦‚	Scorpius, scorpio, Ã€kekÃ¨, Ã mi oshÃ¹ Ã¬bÃ­
ğŸŒ¸	Iruwe ShÉ›ri, OdÃ²dÃ³, shÉ›É›ri, Ã¬tÃ nnÃ¡
ğŸµï¸	Ohun OdÃ²dÃ³ É”shÉ”, ÃµgbÃ¬n
ğŸ¥€	ododo witi, rÉ›Ì€, Ã²dÃ²dÃ³
ğŸŒº	Ododo IbisikÉ”si, OdÃ²dÃ³
ğŸŒ±	Ihoro eso, wÉ›ÌwÉ›Ì
ğŸŒ³	Igi Igbo, Igi to nta ewe lÃ´dÉ” dÃºn, igi, ti
ğŸŒ´	igi, Æ†pÉ›, É”pÉ›
ğŸŒµ	Igi Æ†rÉ”Ì, ÃµgbÃ¬n
ğŸŒ¾	EtÃ­, Idi Ti IrÉ›si, IrÉ›si, É”kÃ 
ğŸŒ¿	Egbo Igi, EwÃ©É›
â˜˜ï¸	shÃ¡mrÉ”kÃ¬, ÃµgbÃ¬n
ğŸ€	4, Ahoro, Ahoro Elewe Merin, EwÃ©, mÉ›Ìrin
ğŸ	Ewe Mapulu, EwÃ©, JÃ bÉ”, igi
ğŸ‚	Irawe, JÃ bÉ”, igi
ğŸƒ	Ewe Ti N Fanka Ninu Iji, EwÃ©, afÉ›fÉ›, fo bÃ¡kÃ n, fÉ›
ğŸˆ	Ãˆso, ÆÌ€gÃºsÃ­
ğŸ‹	Orombo-wÉ›wÉ› Chiffon, Ã¨so, É”sÃ n
ğŸŒ	Ãˆso, Æ†Ì€gÉ›Ì€dÉ›Ì€
ğŸ	Ãˆso, Æ†pÉ›-oyinbo
ğŸ	Apu AlawÉ” Ewe, apÃ¹, Ã wÉ”Ì€ ewÃ©, Ã¨so
ğŸ’	ShÉ›É›ri, alÃ¡wÉ”Ì€ ewÃ©, apÃ¹, Ã¨so
ğŸ“	Eso dundun, bÉ›ÌrÃ¬, Ã¨so
ğŸ¥	Eso Kiwi, kÃ­wÃ¬, Ã¨so, Ã³njÉ›
ğŸ…	Timati, Ã¨so, É›Ì€fÉ”Ì
ğŸ¥¥	pina colada, Ã gbÉ”n, É”Ì€pÉ›
ğŸ¥‘	Afokado, afokÃ¡dÃ², Ã¨so, Ã³njÉ›
ğŸ¥”	Ã€nÃ mÉ”Ì, Ã nÃ mÉ”Ì, Ã³njÉ›, É›Ì€fÉ”Ì
ğŸ¥•	KÃ¡rÉ”Ì€tÃ¬, kÃ¡rÉ”ÌtÃ¬, Ã³njÉ›, É›Ì€fÉ”Ì
ğŸŒ½	Agbado, etÃ­, Ã gbÃ do, Ã gbÃ do yÃ­nyÃ­n, É”Ì€nÃ  Ã¬rÃºjÃº
ğŸŒ¶ï¸	ata, ata gbÃ­gbÃ³nÉ”Ì€, gbÃ­gbÃ³nÉ”Ì€
ğŸ¥’	KÃ¹kÃºmbÃ , kÃ¹kÃºmbÃ , pÃ­kÃ¹, Ã³njÉ›, É›Ì€fÉ”Ì
ğŸ¥¦	ewÃ© É›lÉ›ÌfÉ”Ì€É”Ì, kabeji Ã¬bÃ­lÉ›Ì€
ğŸ¥œ	kÃ³rÃ³ inÃº Ã¨so, Ã³njÉ›, Æpa, É›Ì€fÉ”Ì, É›Ì€pÃ 
ğŸ	BÃºrÉ›ÌdÃ¬, bÃºrÉ›ÌdÃ¬ gÃ­gÃ©
ğŸ¥	Kurosanti, bÃºrÉ›ÌdÃ¬, faransÃ©, kurosanti, kÃ­rÃ­sÉ›ÌntÃ¬, Ã³njÉ›
ğŸ¥–	BurÉ›di Baguette, bÃºrÉ›ÌdÃ¬, bÃºrÉ›ÌdÃ¬ gbÉ”É”rÉ”, faransÃ©, Ã³njÉ›
ğŸ¥¨	lÉ”ÌpÉ”Ì€, pretzel
ğŸ¥	Atike Ikunju, bÃºrÉ›ÌdÃ¬ pÉ›lÉ›bÉ›, crepe, Ã³njÉ›
ğŸ–	eegun, Æran Ara Egungun, É›ran
ğŸ—	adÃ¬ye, eegun, ilÃ© Ã dÃ¬yÃ©, ÆsÉ› AdiyÉ›, É›sÉ›Ì€
ğŸ¥©	ijÉ› Ã gÃ¹ntÃ n, ijÉ› É›lÉ›ÌdÉ›Ì€, steak, Ã¬gÃ© É›ran, Ã¬jÉ›un
ğŸ¥“	Ã³njÉ›, Æran ÆlÉ›dÉ›, É›ran, É›ran É›lÉ›ÌdÉ›Ì€
ğŸ”	Hamburger, bÉ”ÌgÃ 
ğŸŸ	OunjÉ› Ipanu Didun, didin, french
ğŸŒ­	Hot Dog, Ã lÉ”ÌpÉ”Ì€ É›ran Ã ti É›ran É›lÉ›ÌdÉ›Ì€, Ã lÉ”ÌpÉ”Ì€ É›rÃ¡n, Ã¨ran É›lÉ›ÌdÉ›Ì€ papÉ”Ì€ pÉ›Ì€lÃº É›ran
ğŸ¥ª	BÃºrÉ›ÌdÃ¬, bÃºrÉ›ÌdÃ¬ alÃ¡kÃ npÉ”Ì€
ğŸŒ®	Taco, Ã³njÉ› mÉ›ÌsÃ­kÃ²
ğŸŒ¯	Burito, wÃ©pÃ², Ã³njÉ› mÉ›ÌsÃ­kÃ²
ğŸ¥™	BurÉ›di AfunpÉ” PÉ›lÉ›bÉ›, bÃºrÉ›dÃ¬ Ã fÃºnpÉ”Ì€ pÉ›lÉ›bÉ›, falafe, gyro, kebab, stuufe, Ã³njÉ›
ğŸ¥š	Ã³njÉ›, Æyin, É›yin
ğŸ³	DÃ­dÃ¡nÃ¡, dÃ­dÃ­n, pÃ¡Ã nÃ¹, É›yin
ğŸ¥˜	Paanu IjÉ›un kekere, kÃ¡sÉ›rÉ”Ì€, pÃ É›ÌlÃ , pÃ¡Ã nÃ¹ shÃ¡lÃ², shÃ¡lÃ², Ã³njÉ›
ğŸ²	Ikoko OunjÉ›, Ã¬kÃ²kÃ², É”bÉ›Ì€
ğŸ¥£	abÉ”Ì pÉ›Ì€lÃº shÃ­bÃ­, congee, Ã gbÃ do, Ã³njÉ› Ã rÉ”Ì€
ğŸ¥—	Saladi Elewe, elÃ©wÃ©, sÃ lÃ¡Ã¡dÃ¬, Ã³njÉ›
ğŸ¥«	agolo, Ã³njÉ› inÃº agolo
ğŸ˜	Biskit IrÉ›si, bisikÃ­, Ã¬rÉ›Ì€sÃ¬
ğŸ™	IrÉ›si Roboto, bÉ”Ì€É”ÌlÃº, japanese, Ã¬rÉ›sÃ¬
ğŸš	IrÉ›si, IrÉ›si Sise, Sise
ğŸ›	irÉ›si, irÉ›si kÉ”ri, kÉ”ri
ğŸœ	AbÉ” ibÉ”hun, abÉ”Ì, nÃºdÃ¹, oru, rÃ¡mÉ›Ì€n
ğŸ	SpagÉ›ti, pÃ¡sÃ­tÃ 
ğŸ 	AnamÉ” dindin, dÃ­dÃ¹n, yÃ­yan, Ã nÃ mÉ”Ì
ğŸ¢	Oden, igi, kehÃ¡b, sÃ­kÃ­wÃ , Ã³njÉ› omi
ğŸ¤	Ede Dindin, dÃ­dÃ­n, shÃ­rÃ­mpÃ¹, tÉ›ÌmpÃºrÃ , É›dÉ›
ğŸ¥	Eja dindin PÉ›lu Swirl, swirl, Ã kÃ rÃ  Ã²yÃ¬nbÃ³, Ã³njÉ› onÃ­ fÃ­lÃ¡wÃ 
ğŸ¥Ÿ	empanada, gyÅza, jiaozi, pierogi, potsticker, Ã¬gbÉ›Ì
ğŸ¥ 	asÉ”tÉ›ÌlÉ›Ì€, kÃºkÃ¬ fortune
ğŸ¥¡	pÃ©Ã¨lÃ¬a É”ÌyÉ›ÌstÃ , Ã pÃ³tÃ­ Ã gbÃ©jÃ¡de
ğŸ¦€	AlÃ¡kÃ n, Cancer, Ã mi oshÃ¹ Ã¬bÃ­
ğŸ¦	Ede, edÃ©, kÃ©kerÃ©, Ã³njÉ›, É›ja inÃº Ã¬karahun
ğŸ¦‘	Sikidi, mÃ³lÃºsÃ¬, sÃ­kÃ­dÃ¬, Ã³njÉ›
ğŸ¦	Wara Didi RirÉ”, fÉ›ÌlÉ›Ì, kÃ­rÃ­mÃ¹, yÃ¬nyÃ­n, yÃ¬nyÃ­n dÃ­dÃ¹n, Ã dÃ­dÃ¹n, Ã³njÉ› dÃ­dÃ¹n
ğŸ§	Yinyin Gige, fÃ¡, yÃ¬nyÃ­n, Ã dÃ­dÃ¹n, Ã³njÉ› dÃ­dÃ¹n
ğŸ¨	Wara Didi, kÃ­rÃ­mÃ¹, yÃ¬nyÃ­n, Ã dÃ­dÃ¹n, Ã³njÉ› dÃ­dÃ¹n
ğŸ©	DÃ³nÉ”ÌÉ”Ì€tÃ¬, dÃ³nÉ”tÃ¬, Ã dÃ­dÃ¹n, Ã³njÉ› dÃ­dÃ¹n
ğŸª	Kuki, Ã dÃ­dÃ¹n, Ã³njÉ› dÃ­dÃ¹n
ğŸ‚	ayÉ›yÉ›, Ã€kÃ rÃ  Ã²yÃ¬nbÃ³ É”jÉ”ÌÃ¬bÃ­, Ã dÃ­dÃ¹n, Ã kÃ rÃ  Ã²yÃ¬nbÃ³, Ã³njÉ› dÃ­dÃ¹n, Ã³njÉ› onÃ­ fÃ­lÃ¡wÃ , É”jÉ”ÌÃ¬bÃ­
ğŸ°	Akara kekere, gÃ­gÃ©, Ã dÃ­dÃ¹n, Ã kÃ rÃ  Ã²yÃ¬nbÃ³, Ã³njÉ› dÃ­dÃ¹n, Ã³njÉ› onÃ­ fÃ­lÃ¡wÃ 
ğŸ«	Shokoleti Didi, ilÃ© otÃ­, shokolÃ©tÃ¬, Ã dÃ­dÃ¹n, Ã³njÉ› dÃ­dÃ¹n
ğŸ¬	Kandi, Ã dÃ­dÃ¹n, Ã³njÉ› dÃ­dÃ¹n
ğŸ­	Suuti Onigi, kÃ¡Å„dÃ¬, Ã dÃ­dÃ¹n, Ã³njÉ› dÃ­dÃ¹n
ğŸ®	KÉ”ÌsÃ­tÃ dÃ¬, pÃºdÃ­nÃ¬, Ã dÃ­dÃ¹n, Ã³njÉ› dÃ­dÃ¹n
â˜•ï¸	Tii Gbigbona, gbÃ­gÃ³nÃ¡, kÉ”fÃ­, mÃ­mu, ohun mÃ­mu onÃ­ kÃ²kÃ³, tÃ­Ã¬, yÃ­yÉ” oru
ğŸµ	Ife Tii laini Æ†wÉ”, ife, mÃ­mu, o ohun mÃ­mu onÃ­ kÃ²kÃ³, tÃ­Ã¬
ğŸ¶	Sake, ife, ilÃ© É”tÃ­, ohun mÃ­mu, ohun mÃ­mu onÃ­ kÃ²kÃ³, Ã¬gÃ²
ğŸ¾	Igo Olori YiyÉ”, ilÃ© É”tÃ­, ohun mÃ­mu, Ã¬dÃ©rÃ­ É”tÃ­, Ã¬gÃ², Ã¬shÃ­ É”tÃ­
ğŸ·	Gilasi Waini, gÃ­lÃ¡sÃ¬, ilÃ© É”tÃ­, ohun mÃ­mu, ohun mÃ­mu onÃ­ kÃ²kÃ³, wÃ¡Ã¬nÃ¬
ğŸ¸ï¸	Gilasi OunjÉ› Amulumala, ilÃ© É”tÃ­, Ã³njÉ› Ã mÃºlÃ¹mÃ¡lÃ 
ğŸ¹	Ohun Mimu Akoko Oorun, ilÃ© É”tÃ­, ohun mÃ­mu, É”lÉ”ÌpÉ›
ğŸº	Imuti, ilÃ© É”tÃ­, ohun mÃ­mu, Ã¬mutÃ­, É”tÃ­
ğŸ»	Imuti DÃ­dÃºn, dÃ­dÃºn, ilÃ© É”tÃ­, Ã¬mutÃ­, Ã­mu, É”tÃ­
ğŸ¥‚	Gilasi Didun, ayÉ›yÉ›, dÃºn, gÃ­lÃ¡sÃ¬, ohun mÃ­mu
ğŸ¥ƒ	Gilasi TÉ”nbila, gÃ­lÃ¡sÃ¬, shÉ”ÌÉ”Ì€tÃ­, tÉ”ÌmbÃ­lÃ , É”tÃ­, É”tÃ­ lÃ­le
ğŸ¥¤	ife pÉ›Ì€lÃº sÃ­rÉ”Ì€, sÃ³dÃ , É›lÉ›ÌrÃ¬ndÃ²dÃ²
ğŸ¥¢	Ã¡shÃ¬, Ã¬lÃ rÃ­
ğŸ½ï¸	fÉ”ÌÉ”Ì€kÃ¬, fÉ”ÌÉ”Ì€kÃ¬ Ã ti É”Ì€bÉ› pÉ›Ì€lÃº Ã wo, Ã wo, Ã³njÉ› sÃ­sÃ¨, É”Ì€bÉ›
ğŸ´	FÉ”ki Ati Æ†bÉ›, fÉ”ÌÉ”Ì€kÃ¬, Ã³njÉ› sÃ­sÃ¨, É”Ì€bÉ›
ğŸ¥„	ShÃ­bÃ­, shÃ­bÃ­, Ç¹kan ilÃ© Ã¬dÃ¡nÃ¡
ğŸ”ª	hocho, irinshÉ›Ì, irinshÉ›Ì Ã¬jagun, Ã sÃ¨, Ã²Ì©bÉ›, É”bÉ› iyara-idana
ğŸº	Amphora, Aquarius, dÃ­dÃ¡nÃ¡, ife omi, irinshÉ›Ì, irinshÉ›Ì Ã¬jagun, ohun mÃ­mu, Ã mi oshÃ¹ Ã¬bÃ­
ğŸŒ	Gulobu To N Shafihan Uropu-Afirika, ayÃ©, gÃ­lÃ³bÃ¹, Ã gbÃ¡yÃ©, Ã¡fÃ­rÃ­kÃ , Ã­rÃ³pÃ¹
ğŸŒï¸	Gulobu To N Shafihan AmÉ›rika, ayÃ©, gÃºlÃ³bÃ¹, Ã gbÃ¡yÃ©, Ã wÉ”n amÉ›ÌrÃ­kÃ 
ğŸŒ	Gulobu To N Shafihan Ashia-Æ†siteria, ayÃ©, gÃºlÃ³bÃ¹, Ã gbÃ¡yÃ©, Ã¡shÃ­Ã , É”siteria
ğŸŒ	Gulobu PÉ›lu MÉ›ridiani, ayÃ©, gÃºlÃ³bÃ¹, mÉ›Ì€rÃ­dÃ­Ã¡nÃ¬, Ã gbÃ¡yÃ©
ğŸŒ‹	IfÉ›-ilÉ›, Ã¬fÉ›Ì€ ilÉ›Ì€, Ã²kÃ¨
ğŸ•ï¸	pÃ­pÃ gÉ”Ì
ğŸ–ï¸	agbÃ²rÃ¹n, É”Ì€sÃ , É”Ì€sÃ  pÉ›Ì€lÃº agbÃ²rÃ¹n
ğŸœï¸	ashÃ¡lÉ›Ì€
ğŸï¸	ashÃ¡lÉ›Ì€, erÃ©kÃ¹shÃ¹, erÃ©kÃ¹shÃ¹ ashÃ¡lÉ›Ì€
ğŸï¸	pÃ¡Ã kÃ¬, pÃ¡Ã kÃ¬ orÃ­lÉ›Ì€
ğŸŸï¸	pÃ¡pÃ¡ Ã¬sherÃ©
ğŸ—ï¸	IshÉ›Ì É”nÃ , ishÉ›Ì É”nÃ  ilÃ©
ğŸ˜ï¸	Ã wÉ”n ilÃ©
ğŸ¡	Ile Pelu Æ†gba, ilÃ©, É”gbÃ 
ğŸ¢	Ile Ibi-ishÉ›, ilÃ©
ğŸ£	Ile-ishÉ› IfiweranshÉ› Japani, Japani, Ã¬firÃ¡nshÉ›Ì
ğŸ¤	Ã€pÃ³tÃ­ ÃŒfÃ¬wÃ©RÃ¡nshÉ›Ì, Ã¬rÃ³pÃ¹
ğŸ¦	Ile-ifowopamÉ”si, ilÃ©
ğŸ©	IlÃ© Ã¬tura IfÉ›, ilÃ© Ã¬tura
ğŸ¬	itaja, É›ka, É›ka itaja
ğŸ­ï¸	IlÃ©-ishÉ›Ì, ilÃ©
ğŸ’’	ilÃ© Ã¬jÉ”sÃ¬n, ÃŒgbÃ©yÃ wÃ³, Ã¬fÉ›Ì€
ğŸ—¼	Ile IshÉ” Tokiyo, Tokiyo, ile ishÉ”
â›ªï¸	ShÉ”É”shi, Ã gbÃ©lÃ¨bÃº, É›lÉ›ÌsÃ¬n Ã¬gbÃ gbÃ³Ì©, É›Ì€sÃ¬n
ğŸ•Œ	MÃ¹sÃ¹lÃ¹mÃ­, MÉ”ÌshÃ¡lÃ¡shÃ­, ÃŒmÃ le, É›Ì€sÃ¬n
ğŸ•	EÉ›lÉ›ÌsÃ¬n jÃºÃ¹, SÃ­nÃ¡gÉ”ÌgÃ¹, jÃºÃ¹, tÉ›ÌpÃ­lÃ¬, É›Ì€sÃ¬n
â›©ï¸	ilÃ© Ã²rÃ¬shÃ , ilÃ© Ã²rÃ¬shÃ  shÃ­ntÃ², shÃ­ntÃ², É›Ì€sÃ¬n
ğŸ•‹	Kaaba, MÃ¹sÃ¹lÃ¹mÃ­, ÃŒmÃ le, É›Ì€sÃ¬n
â›ºï¸	pÃ­pÃ gÉ”Ì, Ã€gÉ”Ì
ğŸŒƒ	AshalÉ› PÉ›lu AwÉ”n IrawÉ”, alÉ›Ì, Ã¬rÃ wÉ”Ì€
ğŸ™ï¸	fÃ­fÉ›Ì€Ã¬lÃº, Ã¬lÃº
ğŸŒ„	Lila Oorun Lori AwÉ”n Oke, Ã Ã¡rÉ”Ì€, Ã¬la Ã²rÃ¹n, Ã²kÃ¨, Ã²rÃ¹
ğŸŒ…	ÃŒlÃ  oÃ²rÃ¹n, Ã Ã¡rÉ”Ì€, Ã²rÃ¹n
ğŸŒ†	Iwo Ilu Ni AshalÉ›, onÃ­bÃ¹Ãº, Ã shÃ lÉ›Ì, Ã¬lÃº, Ã¬wÉ” Ã²rÃ¹n, Ã²rÃ¹n
ğŸŒ‡	ÃŒwÉ”Ì€ oÃ²rÃ¹n, Ã shÃ¡lÃ©, Ã²rÃºn
ğŸŒ‰	Afara Ni AshalÉ›, afÃ¡rÃ¡, alÉ›Ì
â™¨ï¸	gbÃ­gbÃ³nÃ¡, omi Ã tilÉ›Ì€wÃ¡, oru
ğŸ 	alÃ¡dÃ¹n, Æshin Aladun, É›shin
ğŸ¡	KÉ›Ì€kÉ›Ì Ferris, ferris, pÃ¡Ã kÃ¬ Ã¬gbafÉ›Ì, rÃ³boto
ğŸ¢	KÉ›kÉ› Olobiri, olÃ³bÃ­rÃ­, pÃ¡Ã kÃ¬ Ã¬gbafÉ›Ì, yÃ­yÃ­
ğŸ’ˆ	Opo OnigbajamÉ”, agerun, gÃ©run, Ã²pÃ³
ğŸš‚	Yiyi, ojÃº irin, Ã²ru, É”ks ojÃº irin, É›Ì€rÉ”
ğŸšƒ	bÉ”ÌÉ”Ì€sÃ¬ gÃ­gÃ¹n, ojÃº irin, Ã¬nÃ¡, Æ†kÉ” Oju-irin, É”kÉ”Ì€, É”kÉ”Ì€ ojÃº irin, É”Ì€nÃ  É”kÉ”Ì€ ojÃº irin
ğŸš„	arÃ©, ojÃº irin, Æ†kÉ” oju-irin Alare, É”kÉ”Ì€ ojÃº irin, É”kÉ”Ì€ ojÃº irin abÉ›Ì ilÉ›Ì€
ğŸš…	arÃ©, ojÃº irin, Æ†kÉ” oju-irin Alare PÉ›lu Imu Æ†ta, É”kÉ”Ì€ ojÃº irin, É”kÉ”Ì€ ojÃº irin abÉ›Ì ilÉ›Ì€, É”ta
ğŸš†	ShÃ¨dÃ¡nilÉ›ÌkÉ”Ì€É”Ì, É”kÉ” Oju-irin
ğŸš‡ï¸	Ã€jÃ  ilÉ›Ì€, É”Ì€nÃ  É”kÉ”Ì€ ojÃº irin
ğŸšˆ	Æ†kÉ” oju-irin kekere, É”kÉ” Oju-irin
ğŸš‰	Ibudo, ojÃº-irin, É”kÉ” ojÃº-irin
ğŸšŠ	Tiramu, Æ†kÉ” Akero OniwiwÉ”
ğŸš	Oju irin kan, nshe É”kÉ”Ì
ğŸš	Reluwe Oloke, Ã²kÃ©, É”kÉ” ojÃº-irin, É”kÉ”Ì€
ğŸš‹	Æ†kÉ” Tiramu, É”kÉ”Ì€, É”kÉ”Ì€ akÃ©rÃ² onÃ­wÃ­wÉ”Ì, É”kÉ”Ì€ ojÃº irin gÃ­gÃ¹n
ğŸšŒ	nshe É”kÉ”Ì, Æ†kÉ” Akero
ğŸšï¸	tÃ­ Å„ bÉ”Ì€, Æ†kÉ” Akero Ti NbÉ”, É”kÉ”Ì€ akÃ©rÃ²
ğŸš	Æ†kÉ” Akero OniwiwÉ”, É”kÉ”Ì€ akÃ©rÃ², É”kÉ”Ì€ akÃ©rÃ² onÃ­wÃ­wÉ”Ì, É”kÉ”Ì€ ojÃº irin gÃ­gÃ¹n
ğŸš	Æ†kÉ” Akero, Æ†kÉ” Akero Kekere
ğŸš‘ï¸	nshe É”kÉ”Ì, Æ†kÉ” Alaisan
ğŸš’	inÃ¡, Ænjini Onina, É”kÉ”Ì€ akkrÃ¹ Å„lÃ¡, É›Ì€rÉ”
ğŸš“	olÃ¹shÉ”Ì, Æ†kÉ” Æ†lÉ”pa, É”kÉ”Ì€, É”lÉ”ÌpÃ Ã¡
ğŸš”ï¸	tÃ­ Å„ bÉ”Ì€, Æ†kÉ” Æ†lÉ”pa Ti NbÉ”, É”kÉ”Ì, É”lÉ”ÌpÃ Ã¡
ğŸš•	Taasi, nshe É”kÉ”Ì
ğŸš–	Taasi, Taasi Ti NbÉ”, Ti NbÉ”
ğŸš—	Æ†ko, É”kÉ”Ì
ğŸš˜ï¸	tÃ­ Å„ bÉ”Ì€, Æ†kÉ” Ti NbÉ”, É”kÉ”Ì€
ğŸš™	Ã¬gbafÉ›Ì, Ã²ks agbafÉ›Ì tÃ³ dÃ¡ra, Æ†kÉ” AgbafÉ› Daradara
ğŸšš	ifijishÉ›, Æ†kÉ” AkÉ›ru
ğŸš›	dÃ­É›Ì€, Æ†kÉ” Nla AkÉ›ru, É”kÉ”Ì€ akÃ©rÃ² Å„lÃ¡, É”kÉ”Ì€ akÉ›ÌrÃ¹
ğŸšœ	Katakata, nshe É”kÉ”Ì
ğŸï¸	Ã¬dÃ­je erÃ©, É”kÉ”Ì€, É”kÉ”Ì€ Ã¬dÃ­je erÃ©
ğŸ›µ	alupupu, alupupu onimÉ”to, onimÉ”to
ğŸš²ï¸	KÉ›Ì€kÉ›Ì, kÉ›Ì€kÉ›Ì
ğŸ›´	AlupÃ¹pÃ¹ É›lÉ›ÌsÉ›Ì€ mÃ©jÃ¬, alupupu kekere, gbÃ¡
ğŸš	IbudokÉ”, dÃºrÃ³, ibÃ¹dÃ³kÉ”Ì€, É”kÉ”Ì€ akÃ©rÃ²
ğŸ›£ï¸	ojÃº É”Ì€nÃ  É”kÉ”Ì€, pÃ³pÃ³, É”ÌnÃ 
ğŸ›¤ï¸	ojÃº-irin, É”kÉ” ojÃº-irin, É”Ì€nÃ  ojÃº-irin
â›½ï¸	afa epo, epo, gÃ¡Ã sÃ¬, ibÃ¹dÃ³ epo, pÉ”Ì€mpÃ¹ epo
ğŸš¨	Ina Æ†kÉ” Æ†lÉ”pa, inÃ¡, yÃ­po, É”kÉ”Ì€, É”lÉ”ÌpÃ Ã¡, É›ran É›lÉ›ÌdÉ›Ì€
ğŸš¥	Ina Adariko Onidubu, adarÃ­, adarÃ­kÉ”Ì€, inÃ¡
ğŸš¦	Ina Adariko Olopo, adarÃ­, adarÃ­kÉ”Ì€, inÃ¡
ğŸ›‘	Aami Idaduro, OnÃ­gun mÉ›ÌjÉ”, dÃºrÃ³, Ã mÃ¬
ğŸš§	IshÉ›Ì É”nÃ , Ã¬dÃ¨nÃ 
âš“ï¸	irinshÉ›Ì, ÃŒdÃ¡kÃ²rÃ³, É”kÉ”Ì€ ojÃº omi Å„lÃ¡
â›µï¸	ibi Ã¬gbafÉ›Ì, okun, Æ†kÉ” kekere, É”kÉ”Ì€ ojÃº omi, É”kÉ”Ì€ ojÃº omi ibi Ã¬gbafÉ›Ì
ğŸ›¶	obele, Ã’bÃ¨lÃ©, É”kÉ”Ì€ ojÃº omi
ğŸš¤	Æ†kÉ” omi alare, É”kÉ”Ì€ ojÃº omi
ğŸ›³ï¸	Ã¨rÃ², É”kÉ”Ì€ ojÃº omi Å„lÃ¡, É”kÉ”Ì€ ojÃº omi Å„lÃ¡ Ã¨rÃ²
â›´ï¸	ferÃ­, Ã¨rÃ², É”kÉ”Ì€ ojÃº omi
ğŸ›¥ï¸	É”kÉ”Ì€ ojÃº omi, É”kÉ”Ì€ ojÃº omi tÃ³ Å„ lo É›Ì€rÉ”
ğŸš¢	Ã¨rÃ², Æ†kÉ”Ì€ ojÃº omi Å„lÃ¡, É”kÉ”Ì€ ojÃº omi
âœˆï¸	bÃ lÃº Ã²furufÃº, É”kÉ”Ì€ Ã²furufÃº
ğŸ›©ï¸	bÃ lÃº Ã²furufÃº, bÃ lÃº Ã²furufÃº kÃ©kerÃ©, É”kÉ”Ì€ Ã²furufÃº
ğŸ›«	Ibi Idagbere Baalu, bÃ lÃº Ã²furufÃº, shÃ yÉ›Ì€wÃ² wÉ”lÃ©, Ã¬jÃ¡de, É”kÉ”Ì€ Ã²furufÃº
ğŸ›¬	Ibi IkaabÉ” Baalu, bÃ lÃº Ã²furufÃº, bÃ­balÉ›Ì€, wÃ­wÉ”lÃ©, Ã wÉ”n Ã¬wÉ”lÃ©, Ã¬wÉ”lÃ©, É”kÉ”Ì€ Ã²furufÃº
ğŸš	nshe É”kÉ”Ì, ÆlikÉ”puta
ğŸšŸ	olÃ³kÃ¨, Æ†kÉ” oju irin, Æ†kÉ” oju irin Oloke
ğŸš 	gÃ²ndÃ³lÃ , wÃ¡yÃ , Ã²kÃ¨, Æ†kÉ” oniwaya Ori-oke
ğŸš¡	Tramway Eriali, gÃ²ndÃ³lÃ , wÃ¡yÃ , Ã©rÃ­klÃ¬, É”kÉ”Ì€, É”Ì€nÃ  É”kÉ”Ì€ ojÃº irin
ğŸš€	RÉ”ÌkÉ›Ì€tÃ¬, Ã Ã yÃ¨
ğŸ›¸	UFO, Ã wÉ” kÃ©kerÃ© tÃ­ Å„ fÃ²
ğŸ›ï¸	agogo, agogo alÃ¡gbÃ¡gbÉ›ÌrÃ¹n ilÃ© Ã¬tura, alÃ¡gbÃ¡gbÉ›ÌrÃ¹n ilÃ© Ã¬tura, ilÃ© Ã¬tura
âŒ›ï¸	Gilasiakoko, adÃ­wÉ”Ì€n Ã kÃ³kÃ², iyÉ›Ì€pÉ›Ì€
â³ï¸	Gilasiakoko PÉ›lu IyÉ›pÉ› Ti N fÉ›, adÃ­wÉ”Ì€n Ã kÃ³kÃ², gÃ­lÃ¡sÃ¬ Ã kÃ³kÃ², Ã¬yÉ›Ì€pÉ›Ì€
â±ï¸	ago, ago alÃ¡fÉ”wÉ”ÌyÃ­
â²ï¸	adÃ­wÉ”Ì€n Ã kÃ³kÃ², ago, ago adÃ­wÉ”Ì€n Ã kÃ³kÃ²
ğŸ•°ï¸	ago, ago Ã gbÃ©lÉ›Ì€
ğŸ•§	12, 12:30, 30, Ago Mejila AabÉ”, ago, mÃ©jÃ¬lÃ¡, É”gbÉ”Ì€n
ğŸ•œ	1, 1:30, 30, Ago kan an aabÉ”, ago, Ã¬kan, É”gbÉ”Ì€n
ğŸ•	2, 2:30, Ago Meji AaabÉ”, ago, mÃ©jÃ¬, É”gbÉ”Ì€n
ğŸ•’ï¸	00, 3, 3:00, Ago MÉ›ta, ago, lÃ¹ gÃ©rÃ©gÃ©, mÉ›ÌtÃ a
ğŸ•	3, 3:30, Ago MÉ›ta AabÉ”, ago, mÉ›ÌtÃ a, É”gbÉ”Ì€n
ğŸ•“ï¸	00, 4, 4:00, Ago MÉ›rin, ago, lÃ¹ gÃ©rÃ©gÃ©, mÉ›ÌrÃ¬n
ğŸ•Ÿ	30, 4, 4:30, Ago Merin AabÉ”, ago, mÉ›ÌrÃ¬n, É”gbÉ”Ì€n
ğŸ• 	30, 4, 4:30, Ago Marun un AabÉ”, ago, mÃ¡rÃ¹n, É”gbÉ”Ì€n
ğŸ••ï¸	00, 6, 6:00, Ago MÉ›fa, ago, lÃ¹ gÃ©rÃ©gÃ©, mÉ›ÌfÃ a
ğŸ•¡	30, 6, 6:30, Ago MÉ›fa AabÉ”, ago, mÉ›ÌfÃ a, É”gbÉ”Ì€n
ğŸ•¢	30, 7, 7:30, Ago Meje AabÉ”, ago, mÃ©je, É”gbÉ”Ì€n
ğŸ•—ï¸	00, 8, 8:00, Ago MÉ›jÉ”, ago, lÃ¹ gÃ©rÃ©gÃ©, mÃ©jÉ”
ğŸ•£	30, 8, 8:30, Ago MejÉ” AabÉ”, ago, mÃ©jÉ”, É”gbÉ”Ì€n
ğŸ•˜ï¸	00, 9, 9:00, Ago MÉ›san an, ago, lÃ¹ gÃ©rÃ©gÃ©, mÉ›Ìsan an
ğŸ•¤	30, 9, 9:30, Ago MÉ›san an AabÉ”, ago, mÉ›Ìsan an, É”gbÉ”Ì€n
ğŸ•™ï¸	00, 10, 10:00, Ago MÉ›wa, ago, lÃ¹ gÃ©rÃ©gÃ©, mÉ›ÌwÃ Ã¡
ğŸ•¥	10, 10:30, 30, Ago MÉ›wa AabÉ”, ago, mÉ›ÌwÃ Ã¡, É”gbÉ”Ì€n
ğŸ•šï¸	00, 11, 11:00, Ago MÉ”kanla, ago, lÃ¹ gÃ©rÃ©gÃ©, mÉ”ÌkÃ nlÃ¡
ğŸ•¦	11, 11:30, 30, Ago MÉ”kanla AabÉ”, ago, mÉ”ÌkÃ¡nlÃ¡, É”gbÉ”Ì€n
ğŸŒ‘	dÃºdÃº, Ã’shÃ¹pÃ¡ Tuntun, Ã²shÃ¹pÃ¡
ğŸŒ’	YÃ­yÉ”Ì Ã€Ã bÉ”Ì€ OshÃ¹pÃ¡, kÃ­rÃ­sÉ›ÌntÃ¬, yÃ­yÉ”Ì, Ã²shÃ¹pÃ¡
ğŸŒ“	OshÃ¹pÃ¡ ÃŒlÃ rin Ã€kÉ”ÌkÉ”Ì, Ã¬dÃ¡mÉ›Ìrin, Ã²shÃ¹pÃ¡
ğŸŒ”	YÃ­yÉ”Ì KÃ­kÃºn OshÃ¹pÃ¡, kÃ­kÃ¹n, yÃ­yÉ”Ì, Ã²shÃ¹pÃ¡
ğŸŒ•ï¸	Ã’shÃ¹pÃ¡, ÆÌ€kÃºnrÉ›ÌrÉ›Ì, ÆÌ€kÃºnrÉ›ÌrÉ›Ì Ã’shÃ¹pÃ¡
ğŸŒ–	KÃ­kÃºn, OshÃ¹pÃ¡, TÃ­tÃ n, TÃ­tÃ n KÃ­kÃºn OshÃ¹pÃ¡
ğŸŒ—	OshÃ¹pÃ¡ ÃŒlÃ rin ÃŒgbÉ›Ì€yÃ¬n, Ã¬dÃ¡mÉ›Ìrin, Ã²shÃ¹pÃ¡
ğŸŒ˜	TÃ­tÃ n Ã€Ã bÉ”Ì€ OshÃ¹pÃ¡, kÃ­rÃ­sÉ›ÌntÃ¬, Ã²shÃ¹pa kÃ©kerÃ©, Ã²shÃ¹pÃ¡
ğŸŒ™	OshÃ¹pÃ¡, Ã€Ã bÉ”Ì€, Ã€Ã bÉ”Ì€ OshÃ¹pÃ¡
ğŸŒš	Oju Ã’shÃ¹pÃ¡ Tuntun, ojÃº, oshupa
ğŸŒ›	OshÃ¹pÃ¡ ÃŒlÃ rin Ã€kÉ”ÌkÉ”Ì PÉ›Ì€lÃº OjÃº, ojÃº, Ã¬dÃ¡mÉ›Ìrin, Ã²shÃ¹pÃ¡
ğŸŒœï¸	OshÃ¹pÃ¡ ÃŒlÃ rin ÃŒgbÉ›Ì€yÃ¬n PÉ›Ì€lÃº OjÃº, ojÃº, Ã¬dÃ¡mÉ›Ìrin, Ã²shÃ¹pÃ¡
ğŸŒ¡ï¸	ojÃº É”jÉ”Ì, Ã²shÃ¹wÉ”Ì€n Ã¬gbÃ³nÃ¡
â˜€ï¸	itanshan oÃ²rÃ¹n, Ã¬mÉ”ÌlÉ›Ì€, Ã²rÃ¹n
ğŸŒ	ojÃº, Ã¬mÉ”Ì€lÉ›Ì€, Ã²shÃ¹pÃ¡, ÆÌ€kÃºnrÉ›ÌrÉ›Ì Ã’shÃ¹pÃ¡ PÉ›Ì€lÃº OjÃº, É›Ì€kÃºn
ğŸŒ	Oorun PÉ›lu Oju, ojÃº, Ã¬mÉ”ÌlÉ›Ì€, Ã²rÃ¹n
â­ï¸	IrawÉ” AlaabÉ” Funfun, Ã¬rÃ wÉ”Ì€
ğŸŒŸ	IrawÉ” Titan, dÃ¡n, dÃ­dÃ¡n, tÃ n, Ã¬rÃ wÉ”Ì€
ğŸŒ 	IrawÉ” YiyÉ”, jÃ­jÃ¡bÉ”Ì, tÃ­ta, Ã¬rÃ wÉ”Ì€
ğŸŒŒ	Ã Ã yÃ¨, Æ†na Oniwara
â˜ï¸	ojÃº É”jÉ”Ì, Ã²furufÃº
â›…ï¸	Oorun LÉ›hin Ofurufu, Ã²furufÃº, Ã²Ã²rÃ¹n
â›ˆï¸	Ã rÃ¡, Ã²furufÃº, Ã²furufÃº pÉ›Ì€lÃº shÃ­shÃ¡nÃ¡ Ã ti Ã²jÃ², Ã²jÃ²
ğŸŒ¤ï¸	Ã²furufÃº, Ã²Ã²rÃ¹n, Ã²Ã²rÃ¹n lÉ›ÌyÃ¬n Ã²furufÃº kÃ©kerÃ©
ğŸŒ¥ï¸	Ã²furufÃº, Ã²Ã²rÃ¹n, Ã²Ã²rÃ¹n lÉ›ÌyÃ¬n Ã²furufÃº tÃ³ tÃ³bi
ğŸŒ¦ï¸	Ã²furufÃº, Ã²jÃ², Ã²Ã²rÃ¹n, Ã²Ã²rÃ¹n lÉ›ÌyÃ¬n Ã²furufÃº Ã²jÃ²
ğŸŒ§ï¸	Ã²furufÃº, Ã²furufÃº pÉ›Ì€lÃº Ã²jÃ², Ã²jÃ²
ğŸŒ¨ï¸	yÃ¬nyÃ­n, Ã²furufÃº, Ã²furufÃº pÉ›Ì€lÃº yÃ¬nyÃ­n, Ã²tÃºtÃ¹
ğŸŒ©ï¸	shÃ­shÃ¡nÃ¡, Ã²furufÃº, Ã²furufÃº pÉ›lu shÃ­shÃ¡nÃ¡
ğŸŒ¬ï¸	atÉ›ÌgÃ¹n, ojÃº, ojÃº atÉ›ÌgÃ¹n, tayÉ”, Ã²furufÃº
ğŸŒ€	Ã yÃ­, Ã¬jÃ¬, Ã²yÃ¬, Æfuufu
ğŸŒˆ	Ã²jÃ², Ã²shÃ¹marÃ¨
ğŸŒ‚	Agboorun Toti, agbÃ²rÃ¹n, ashÉ”, Ã²jÃ²
â˜‚ï¸	agbÃ²rÃ¹n, ashÉ”, Ã²jÃ²
â˜”ï¸	Agboorun PÉ›lu Omi Ojo Kikan, agbÃ²rÃ¹n, ashÉ”, kÃ¡n, Ã²jÃ³
â›±ï¸	agbÃ²rÃ¹n, agbÃ²rÃ¹n nÃ­ ilÉ›Ì€, Ã²jÃ², Ã²rÃ¹n
âš¡ï¸	Agbara Ina Giga, agbÃ¡ra inÃ¡, ewu, inÃ¡, mÉ”Ì€nÉ”Ì€mÉ”ÌnÉ”Ì, sÃ¡Ã pÃ¹
â„ï¸	yÃ¬nyÃ­n, Ã¬dÃ¬jÉ” Ã²jÃ² yÃ¬nyÃ­n, Ã²tÃºtÃ¹
â˜ƒï¸	yÃ¬nyÃ­n, Ã²tÃºtÃ¹, É”kÃ¹nrin yÃ¬nyÃ­n
â›„ï¸	yÃ¬nyÃ­n, Ã²tÃºtÃ¹, Æ†kunrin yinyin Laini Yinyin, É”kÃ¹nrin yÃ¬nyÃ­n
â˜„ï¸	kamÉ›ÌtÃ¬, Ã Ã yÃ¨
ğŸ”¥	InÃ¡, inÃ¡, irinshÉ›Ì
ğŸ’§	DrÉ”ÌpÃºlÉ›ÌÉ›Ì€tÃ¬, kÃ¡n Ã²Ã³gÃ¹n, Ã wÃ dÃ , Ã²tÃºtÃ¹
ğŸƒ	Jack-o-Atupa, alowÃ­nÃ¬, ayÉ›yÉ›, jÃ¡Ã kÃ¬, Ã tÃ¹pÃ 
ğŸ„	Igi Keresimesi, ayÉ›yÉ›, igi, kÃ©rÃ©sÃ¬mesÃ¬
ğŸ†	IshÉ›ÌinÃ¡, ayÉ›yÉ›
ğŸ‡	Olutan, ayÉ›yÉ›, dÃ¡n, ishÉ›ÌinÃ¡
âœ¨	AwÉ”n Titan, dÃ¡n, Ã¬rÃ wÉ”Ì€
ğŸˆ	BÃ lÃºÃ¹nÃ¹, ayÉ›yÉ›
ğŸ‰	Ariwo AyÉ›ye, alÃ¡rÃ­yÃ¡, ayÉ›yÉ›, tÃ¡dÃ , Ã rÃ­yÃ¡
ğŸŠ	BÉ”É”lu KÉ”nfÉ›ti, ayÉ›yÉ›, bÉ”ÌÉ”Ì€lÃ¹, kÉ”nfetÃ­
ğŸ‹	Igi Tanabata, ayÉ›yÉ›, igi, japanese, Ã¡nÃ 
ğŸ	ayÉ›yÉ›, eso É”Ì€pÉ› Ã²yÃ¬nbÃ³, igi bambÃº, japanese, ÆshÉ” Æ†pÉ› oyinbo
ğŸ	AwÉ”n Ere Japanisi, Japanese, ayÉ›yÉ›, omolankidi, Ã jÉ”yÉ”Ì€
ğŸ	Olugekere Capu, ayÉ›yÉ›, kÃ¡Ã pÃ¹, Ã¬bÉ”sÉ›Ì€ tÃ­ Å„ fÃ²
ğŸ	Idun Iji, agogo, atÉ›ÌgÃ¹n, ayÉ›yÉ›, Ã¬dÃºn agogo
ğŸ‘	Wiwo AyÉ›yÉ› Oshupa, ayÉ›yÉ›, Ã²shÃ¹pÃ¡
ğŸ€	RÃ­bÃ¬nnÃ¬, ayÉ›yÉ›
ğŸ	ayÉ›yÉ›, wÃ©pÉ”Ì€, Ã pÃ³tÃ­, Æbun Didi, É›Ì€bÃ¹n
ğŸ—ï¸	ayÉ›yÉ›, rÃ­bÃ­nÃ¬, Ã¬rÃ¡nilÃ©tÃ­
ğŸŸï¸	Ã wÉ”n Ã¬wÉ”lÃ© Ã¬gbaniwÉ”lÃ©, Ã¬gbaniwÉ”lÃ©, Ã¬wÉ”lÃ©
ğŸ«	Iwe IwÉ”le, Ã¬gbaniwÉ”lÃ©
ğŸ–ï¸	ayÉ›yÉ›, fÃ dÃ¡kÃ  olÃ³gun
ğŸ†ï¸	Ife, É›Ì€bÃ¹n
ğŸ¥‡	Fadaka Ipo AkÉ”kÉ”, fÃ¡dÃ¡kÃ , gÃ³Ã²lÃ¹, Ã kÉ”ÌkÉ”Ì
ğŸ¥‰	Fadaka Ipo ÆkÉ›ta, bÃ­rÃ³nsÃ¬, fÃ dÃ¡kÃ , ipÃ² kÉ›ta
âš½ï¸	BÉ”É”lu AfÉ›sÉ›gba, bÉ”ÌÉ”Ì€lÃ¹, bÉ”ÌÉ”Ì€lÃ¹ Ã fÉ›sÉ›Ì€gbÃ¡
âš¾ï¸	BÉ”ÌÉ”Ì€lÃ¹Ã²kÃ¨, bÉ”ÌÉ”Ì€lÃ¹
ğŸ€	BÉ”ÌÉ”Ì€lÃ¹alÃ¡gbÉ”Ì€n, bÉ”ÌÉ”Ì€lÃ¹, Ã²rÃ¹ka onÃ­rin Å„lÃ¡ roboto
ğŸ	Folliboolu, bÉ”ÌÉ”Ì€lÃ¹, erÃ©
ğŸˆ	BÉ”É”lu AmÉ›rika, amÉ›ÌrÃ­kÃ , bÉ”ÌÉ”Ì€lÃ¹, bÉ”ÌÉ”Ì€lÃ¹ Ã fÉ›shÉ›Ì€gbÃ¡
ğŸ‰	BÉ”É”lu RÉ”gibi, bÉ”ÌÉ”Ì€lÃ¹, bÉ”ÌÉ”Ì€lÃ¹ rÉ”ÌgÃ­bÃ¬, bÉ”ÌÉ”Ì€lÃ¹ Ã fÉ›shÉ›Ì€gbÃ¡
ğŸ¾	TÉ›nisi, bÉ”ÌÉ”Ì€lÃ¹, rÃ¡kÉ›Ì€tÃ¬
ğŸ³	Bolin, bÉ”ÌÉ”Ì€lÃ¹, erÃ©
ğŸ	bÉ”Ì€É”ÌlÃ¹, erÃ©, erÃ© bÉ”ÌÉ”Ì€lÃ¹ afi pÃ¡tÃ¡kÃ³ gbÃ¡, pÃ¡tÃ¡kÃ³ Ã¬gbÃ¡ bÉ”ÌÉ”Ì€lÃ¹
ğŸ‘	HÉ”ki Papa, bÉ”ÌÉ”Ì€lÃ¹, erÃ©, hÉ”ÌkÃ¬, igi, pÃ¡pÃ¡
ğŸ’	HÉ”ki Yinyin, erÃ©, hÉ”ÌkÃ¬, igi, pÉ”ÌkÃ¬, yÃ¬nyÃ­n
ğŸ“	BÉ”É”lu Ori Tabili, ajÃ© Ã¬wakÉ”Ì€, bÃ¡Ã tÃ¬, bÉ”ÌÉ”ÌlÃ¹
ğŸ¸	Badimitin, bÉ›ÌÉ›Ì€dÃ¬, erÃ©, ihÃ² bÉ”ÌÉ”Ì€lÃ¹, rÃ¡kÉ›Ì€tÃ¬
ğŸ¥Š	gilofu, gilofu ikanshÉ›, ikanshÉ›
ğŸ¥‹	AshÉ” Ere Itapa, erÃ© onÃ­pÃ Ã¡ Ã ti É”wÉ”Ì, erÃ© É”lÉ”ÌwÉ”Ì, erÃ© É›lÉ›ÌsÉ›Ì€, Ã won erÃ© onÃ­pÃ Ã¡ Ã ti É›lÉ›ÌsÉ›Ì€, Ã Ç¹kÃ³Ã²
ğŸ¥…	gÃ³Ã²lÃ¹, Ã wÉ”Ì€n, Ã wÉ”Ì€n gÃ³Ã²lÃ¹
â›³ï¸	Asia Ninu Iho, gÉ”ÌÉ”Ì€fÃ¹, ihÃ²
ğŸ£	Opo IpÉ›ja, Ã²pÃ³, É›ja
ğŸ½	ShÉ›É›ti Isare, shÉ›ÌÉ›Ì€tÃ¬, sÃ¡Ã shÃ¬, sÃ­sÃ¡rÃ©, Ã wÉ”n tÃ­ Å„ sÃ¡rÃ©
ğŸ¿	AwÉ”n Siki, sÃ­kÃ¬, yÃ­nyÃ¬n
ğŸ›·	sÃ­lÉ›Ì€, sÃ­lÉ›ÌdÃ¬, sÃ­lÉ›ÌjÃ¬
ğŸ¥Œ	erÃ©, Ã²kÃºta, Ã²kÃºta Ã¬wÉ”Ì
ğŸ¯	Igba Taara, akÉ” mÃ lÃº, erÃ©, gÃºn, pÃ¡lÃ­ ayÃ², Ã fojÃºsÃ¹n, É”Ì€gÃ¡ngÉ”Ì ayÃ²
ğŸ±	8, BÉ”É”lu Odo 8, bÃ­lÃ­Ã¡dÃ¬, bÉ”ÌÉ”Ì€lÃ¹, erÃ©, É›ÌÉ›ÌjÉ”
ğŸ”®	bÉ”É”lu aworawÉ”, bÉ”ÌÃ³Ì©lÃ¹, pÃ Ã¡pÃ Ã¡, Ã lÃ³Ì© ajÉ›mÃ³Ì©win, Ã Ã¬bÃ¡yÃ©mu, Ã²kÃºta aworÃ wÃ²Ì©, É”rÉ”Ì€
ğŸ°	erÃ©, Ã¬fisÃ­, ÆrÉ” Ifisi
â™¥ï¸	erÃ©, kÃ¡Ã dÃ¬, Ã¬pÃ­n kÃ¡Ã dÃ¬ É”kÃ n
â™¦ï¸	erÃ©, kÃ¡Ã dÃ¬, Ã¬pÃ­n kÃ¡Ã dÃ¬ dÃ­Ã¡mÉ”ÌndÃ¬
ğŸƒ	Joka, erÃ©, kÃ¡Ã dÃ¬, kÃ¡Ã dÃ­ É”lÉ”ÌpÉ”Ì€ Ã¬lÃ²
ğŸ´	KÃ¡Ã dÃ¬ Ã¬sherÃ© OlÃ³dÃ²dÃ³, erÃ©, japanese, kÃ¡Ã dÃ¬, Ã²dÃ²dÃ³, Å„ sherÃ©
ğŸ­ï¸	Ere AwokÉ”she, ishÉ›Ì É”nÃ¡, tÃ­Ã¡tÃ , Ã wÃ²kÉ”Ìshe, Ã¬bÃ²jÃº, Ã¬tÃ gÃ©
ğŸ–¼ï¸	fÃ©rÃ©mÃ¹, ilÃ© É”nÃ , ishÉ›Ì É”nÃ¡, kÃ­kÃ¹n, Ã wÃ²rÃ¡n, Ã wÉ”rÃ¡n inÃº fÃ©rÃ©mÃ¹
ğŸ¨	PÉ›pÉ› Oshere, ilÃ© É”nÃ , ishÉ›Ì É”nÃ¡, kÃ­kÃ¹n, pÃ¡lÉ›ÌtÃ¬
ğŸ‘“ï¸	Digi, ashÉ”, gÃ­lÃ¡Ã¡sÃ¬ ojÃº, Ã¬bÃ²jÃº, É›yinjÃº
ğŸ‘”	OkÃ¹nÉ”rÃ¹n, WÃ­wÉ”shÉ”
ğŸ‘•	ShÉ›É›ti, ashÉ”, shÉ›ÌÉ›Ì€tÃ¬, tshÉ›ÌÉ›Ì€tÃ¬
ğŸ‘–	Jinsi, ashÉ”, pÃ¡tÃ¡, shÃ²kÃ²tÃ²
ğŸ§£	sÃ­kÃ¡fÃ¹, É”rÃ¹n
ğŸ§¤	Ã¬bÉ”Ì€wÉ”Ì, É”wÉ”Ì
ğŸ§¥	jÃ¡kÉ›ÌtÃ¬, kÃ³Ã²tÃ¹
ğŸ§¦	Ã¬bÉ”Ì€sÉ›Ì€, Ã¬bÉ”Ì€sÉ›Ì€ obÃ¬nrin gÃ­gÃ¹n
ğŸ‘—	AshÉ”, WÃ­wÉ”shÉ”
ğŸ‘˜	Kimono, WÃ­wÉ”shÉ”
ğŸ‘™	Pata obinrin, ashÉ”, wÉ›dÃ²
ğŸ‘š	AwÉ”n AshÉ” Obinrin, ashÉ”, obÃ¬nrin
ğŸ‘›	PÉ”É”si, ashÉ”, kÃ³bÉ”Ì€
ğŸ‘œ	ashÉ”, pÉ”ÌÉ”Ì€sÃ¬, ÃŒpamÉ”ÌwÉ”Ì, Ã pamÉ”ÌwÉ”Ì
ğŸ‘	Baagi IpamÉ”wÉ”, ashÉ”, pÃ¡Ã¹shÃ¬, Ã pamÉ”ÌwÉ”Ì
ğŸ›ï¸	ilÃ© Ã¬tura, Ã pamÉ”ÌwÉ”Ì, Ã wÉ”n Ã pamÉ”ÌwÉ”Ì É”jÃ , É”jÃ 
ğŸ’	Baagi Ile-É›kÉ” AgbekÉ›yin, ilÃ© Ã¬wÃ©, sÃ¡shÉ›Ì€lÃ¬, Ã pamÉ”ÌwÉ”Ì
ğŸ‘	Bata Æ†kunrin, ashÉ”, bÃ tÃ , É”kÃ¹nrin
ğŸ‘Ÿ	Bata Isare, ashÉ”, bÃ tÃ , É›nÃ­ sÃ¡rÃ©
ğŸ‘ 	Bata Gogoro, ashÉ”, bÃ tÃ , bÃ tÃ  gogoro, obÃ¬nrin
ğŸ‘¡	Bata Obinrin pÉ›lÉ›bÉ›, ashÉ”, bÃ tÃ , bÃ¡tÃ¡ pÉ›lÉ›bÉ›, obÃ¬nrin
ğŸ‘¢	Buutu Obinrin, ashÉ”, bÃ tÃ , bÃºÃ¹tÃ¹, obÃ¬nrin
ğŸ‘‘	Ade, ashÉ”, olorÃ¬, É”ba
ğŸ‘’	Haati Obinrin, ashÉ”, fÃ¬lÃ , obÃ¬nrin
ğŸ©	Haati Oke, ashÉ”, fÃ¬lÃ , Ã²kÃ¨
ğŸ“ï¸	Fila AsheyÉ”ri, ashÉ”, ayÉ›yÉ›, fÃ¬lÃ , Ã sheyÉ”rÃ­
ğŸ§¢	fÃ¬la billed, fÃ¬la bÉ”ÌÉ”Ì€lÃ¹Ã²kÃ¨
â›‘ï¸	koto, koto Ã²shÃ¬shÉ›Ì Ã¬rÃ nwÉ”Ì, ojÃº, Ã¬rÃ nwÉ”Ì Ã gbÃ©lÃ©bÃ¹
ğŸ“¿	IlÉ›kÉ› Adura, ashÉ”, ilÉ›Ì€kÉ›Ì€, Ã dÃºrÃ , É›Ì€gbÃ  É”rÃ¹n, É›Ì€sÃ¬n
ğŸ’„	Ikun-ete, asharalashÉ”Ì€, asharalÃ³ge
ğŸ’	DÃºn, dÃ­Ã¡mÉ”ÌndÃ¬
ğŸ’	Okuta Iyebiye, dÃ­Ã¡mÉ”ÌndÃ¬, Ã²kÃºta iyebÃ­ye, É›Ì€gbÃ 
ğŸ”‡	Gbohungbohun ti ko SÉ”rÉ”, dÃ¡kÃ¨, dÃ¡kÃ©, gboÃ¹ngboÃ¹n
ğŸ”ˆï¸	Gbohungbohun ti Ohun rÉ› wa LabÉ›, fÉ›ÌlÉ›Ì
ğŸ”‰	Gbohungbohun ti Ohun rÉ› wa Laarin, Ã Ã¡rÃ­n
ğŸ”Š	Gbohungbohun ti Ohun rÉ› lÉ”Soke, pariwo
ğŸ“£	Ã¬bÃ¡raniyÃ²Ì©, É›Ì€rÉ” gbohÃ¹ngbohÃ¹n Å„lÃ¡
ğŸ“¯	gbohÃ¹ngbohÃ¹n, gbohÃ¹ngbohÃ¹n ifiranshÉ›, Ã¬firÃ¡nshÃ©Ì©
ğŸ”•	agogo, agogo pÉ›lu idinku, bÉ›ÌÉ›Ì€ kÃ³Ì©, kÃ², shÃ¨dÃ­wÃ³Ì©, Ã Ã¬lesÉ”Ì€rÉ”Ì€, Ã¨Ã¨wÉ”Ì€
ğŸ¼	akÉ”silÉ› orin, akÉ”sÃ­lÉ›Ì€, orin
ğŸµ	orin, Ã²Ì©rÉ”Ì€, É”Ì€rÉ”Ì€ orin
ğŸ¶	nÃ³Ã²tÃ¬ orin, orin, Ã wÉ”n Ã²Ì©rÃ²Ì©, É”Ì€rÉ”Ì€
ğŸ¤	maikurofÃ³Ã²nÃ¹, É›Ì€rÉ” gbohÃ¹ngbohÃ¹n kÃ©kerÃ©
ğŸ§ï¸	Ã¬rintÃ­, É›Ì€rÉ” Ã dÃ¡gbÃ³rinsÃ©tÃ­
ğŸ·	ipÃ¨, irinshÉ›Ì, orin, sÃ¡Ã sÃ¬
ğŸ¸	irinshÉ›Ì, jÃ¬tÃ¡, orin
ğŸº	irinshÉ›Ì, kakaaki, orin
ğŸ»	faolini, irinshÉ›Ì, orin
ğŸ“±	alÃ¡gbÃ¨Ã©kÃ¡, fÃ³Ã²nÃ¹, tÉ›lifÃ³Ã²nÃ¹
ğŸ“²	alÃ¡gbÃ¨Ã©kÃ¡, fÃ³Ã²nÃ¹, fÃ³Ã²nÃ¹ alÃ¡gbÃ¨Ã©kÃ¡ pÉ›Ì€lÃº ofÃ , gbÃ , tÉ›lifÃ³Ã²nÃ¹, Ã¬pÃ¨, É”fÃ 
â˜ï¸	tÉ›lifÃ³Ã²nÃ¹, É›Ì€rÉ” Ã¬bÃ¡nisÉ”Ì€rÉ”Ì€
ğŸ“	fÃ³Ã²nÃ¹, olÃ¹gbÃ , tÉ›lifÃ³Ã²nÃ¹
ğŸ“Ÿï¸	É›Ì€rÉ” atanilÃ³lobÃ³
ğŸ“ 	fÃ¡kÃ¬sÃ¬, É›Ì€rÉ” fÃ¡kÃ¬sÃ¬
ğŸ”Œ	pulÉ”gi onina, pÃºlÉ”ÌÉ”Ì€gÃ¬, Ã¬nÃ¡ mÉ”Ì€nÃ -mÉ”ÌnÃ¡, É›Ì€lÃ©Ì©tÃ­rÃ­Ã¬kÃ¬
ğŸ’»ï¸	kÉ”Ì€npÃºtÃ , kÉ”Ì€npÃºtÃ  alÃ¡dÃ ni, kÉ”Ì€Ç¹pÃºtÃ  Ã gbÃ©lÃ©tan, Ã dÃ¡ni
ğŸ–¥ï¸	a-gbÃ©-lÃ³rÃ­-tÃ¡bÃ­lÃ¬, kÉ”Ì€npÃºtÃ , kÉ”Ì€npÃºtÃ  a-gbÃ©-lÃ³rÃ­-tÃ¡bÃ­lÃ¬
ğŸ–¨ï¸	kÉ”Ì€npÃºtÃ , pÃ­nrÃ­ntÃ 
âŒ¨ï¸	kÃ­Ã­bÉ”É”Ì€dÃ¹, kÉ”Ì€npÃºtÃ 
ğŸ–±ï¸	kÉ”Ì€npÃºtÃ , mÃ¡Ã²sÃ¬ kÉ”Ì€npÃºtÃ 
ğŸ–²ï¸	kÉ”Ì€npÃºtÃ , Ã²ntÃ¨Ì© afinimÉ”Ì€nÃ 
ğŸ’½	dÃ­sÃ¬kÃ¬ kÉ”Ì€Ç¹pÃºtÃ , kÉ”Ì€npÃºtÃ , ojÃº Ã wo, Ã wo, Ã wo pÃ©lÃ©bÃ©
ğŸ’¾	dÃ­sÃ¬kÃ¬ fÃ­lÉ”Ì€pÃ¬, fÃ­lÃ³Ì©pÃ¬, kÉ”Ì€npÃºtÃ , Ã wo
ğŸ’¿ï¸	kÉ”Ì€npÃºtÃ , ojÃº Ã wo, Ã wo, Ã wo akÃ¡-É”Ì€rÉ”Ì€ alÃ¡fojÃºrÃ­, Ã wo Ã¬gbÃ lÃ³dÃ©
ğŸ“€	bÃºlÃºÃ¹-rÃ©Ã¨, dvd, dÃ­sÃ¬kÃ¬, kÉ”Ì€npÃºtÃ , ojÃº Ã wo
ğŸ¥	fÃ­Ã¬mÃ¹, kamÉ›ra fÃ­Ã¬mÃ¹, kÃ¡mÃ©Ì©rÃ , sinimÃ¡
ğŸï¸	fÃ­Ã¬mÃ¹, sinemÃ¡, Ã wÉ”n fÃ©rÃ©mÃ¹, Ã wÉ”n fÃ©rÃ©mÃ¹ fÃ­Ã¬mÃ¹
ğŸ“½ï¸	fÃ­dÃ­Ã², fÃ­Ã¬mÃ¹, pÃ¬rÃ²jÉ›ÌkÃ­tÉ”Ì€, sÃ­nÃ­mÃ , Ã¨Ì©rÉ” agbÃ©wÃ²rÃ¡n jÃ¡de
ğŸ“·ï¸	fÃ­dÃ­Ã², kÃ¡mÉ›ÌrÃ 
ğŸ“¸	fÃ­dÃ­Ã², fÃ­lÃ¡sÃ¬, kÃ¡mÉ›ÌrÃ , kÃ¡mÉ›ÌrÃ  pÉ›lu filashi
ğŸ“¼	awÉ”n kaadi ododo ishere, fÃ­dÃ­Ã², tÃ©Ã¨pÃ¹
ğŸ”	dÃ­Ã­gÃ­, gilasi itÉ”ka-osi amohun tobi, irinshÉ›Ì, Ã¬fojÃºsÃ³de, Ã¬sÉ”dinlÃ¡
ğŸ”	dÃ­Ã­gÃ­, gilasi itÉ”ka-É”tun amohun tobi, irinshÉ›Ì, Ã¬fojÃºsÃ³de, Ã¬sÉ”dinlÃ¡
ğŸ’¡	bÃ³Ì©É”Ì€bÃ¹, gÃ³lÃ²bÃ¹ inÃ¡, inÃ¡, kÉ”ÌmÃ­Ã¬kÃ¬, Ã²ye, É›Ì€lÉ›ÌtÃ­rÃ­Ã¬kÃ¬
ğŸ”¦	inÃ¡, inÃ¡ fÃ­lÃ¡sÃ¬, inÃ¡ mÉ”Ì€nÃ -mÃ³Ì©nÃ¡, irjshÃ©Ì©, tÉ”ÌÉ”ÌshÃ¬
ğŸ“”	Ã fikÉ”Ì€wÃ© pÉ›lu É›yin É”lÉ”shÉ”, Ã¬shelÉ›ÌshÉ”Ì€Ã³Ì©, Ã¬wÃ©, Ã¬wÃ© Ã kÉ”sÃ­lÃ¨Ì©, É›Ì€yÃ¬n Ã¬wÃ©
ğŸ“–	iwe shi silÉ›, shÃ­shÃ­, Ã¬wÃ©
ğŸ“—	iwe alawÉ” ewe, Ã wÃ²Ì© ewÃ©, Ã¬wÃ©
ğŸ“˜	bulu, iwe alawÉ”, iwe alawÉ” bulu
ğŸ“™	alÃ¡wÃ²Ì© É”sÃ n, iwe alawÉ” É”san, Ã¬wÃ©
ğŸ“šï¸	Ã wÉ”n Ã¬wÃ©, Ã¬wÃ©
ğŸ““	Ã fikÉ”Ì€wÃ©
ğŸ“’	lÃ©Ì©jÃ , Ã fikÉ”Ì€wÃ©
ğŸ“ƒ	oju-iwe pÉ›lu lilÉ”, ojÃº Ã¬wÃ©, Ã¬lÃ³Ì©pÉ”Ì€, Ã¬wÃ© Ã¬pamÃ³Ì©
ğŸ“„	dÉ”ÌkÃºmÃ©Ì©É›Ì€tÃ¬, oju-iwe wa loke, ojÃº Ã¬wÃ©
ğŸ—	pÃ©pÃ , Ã kÃ¡pÉ”Ì€, Ã¬rÃ²yÃ¬n, Ã¬wÃ© Ã¬rÃ²yÃ¬n, Ã¬wÃ© Ã¬rÃ²yÃ¬n alÃ¡yÃ­pÉ”Ì€
ğŸ“‘	ohun Ã¨lÃ² Ã¬fÃ mÃ¬sÃ­, tÃ¡Ã bÃ¹, Ã mÃ¬, Ã mÃ¬ Ã¬wÃ© Ã wÉ”n tÃ¡Ã bÃ¹, Ã¬fÃ mÃ¬sÃ­
ğŸ·ï¸	Ã kÉ”ÌlÃ©
ğŸ’´	ilÃ©-Ã¬fowÃ³pamÃ³Ì©, owo yen, owÃ³, owÃ³ bÃ¡nkÃ¬, yÉ›n, Ã¬wÃ³ iye owÃ³
ğŸ’µ	dÉ”ÌlÃ , ilÃ©-Ã¬fowÃ³pamÃ³, owo dÉ”la, owÃ³, owÃ³ bÃ¡nkÃ¬, Ã¬wÃ³ iye owÃ³
ğŸ’·	ilÃ©-Ã¬fowÃ³pamÃ³Ì©, owo pÉ”un, owÃ³, owÃ³ bÃ¡nkÃ¬, pÃ³Ì©Ã¹n, Ã¬wÃ³ iye owÃ³
ğŸ’¸	dÃ³Ì©lÃ , fÃ², ilÃ©-Ã¬fowÃ³pamÃ³Ì©, owo pÉ›lu awÉ”n iyÉ›, owÃ³, owÃ³ bÃ¡nkÃ¬, Ã¬wÃ³ iye owÃ³
ğŸ’³ï¸	ilÃ© Ã¬fowÃ³pamÃ³Ì©, kÃ¡Ã dÃ¬, kÃ¡Ã dÃ¬ Ã¬sÉ”dowÃ³, owÃ³, Ã Ã wÃ¬n
ğŸ’¹	ilÃ  atÉ”Ìka Ã wÃ²rÃ¡n, ilÃ© Ã¬fowÃ³pamÉ”Ìn, owÃ³, yen, Ã tÉ›, Ã tÉ› n pÉ”si pÉ›lu yÉ›n, Ã¬dÃ gbÃ sÃ³kÃ¨, Ã¬dÃ¬de, Ã¬gbÃ lÃ³dÃ©, Ã¬lÉ”sÃ³kÃ¨, É”jÃ 
ğŸ“§	lÉ›ÌtÃ , meÃ¨lÃ¬, Ã­-meÃ¨lÃ¬
ğŸ“¨	apo iwe ti o nbÉ”, lÉ›ÌtÃ¡, meÃ¨lÃ¬, Ã pÃ² Ã¬wÃ©, Ã¬gbÃ wÉ”lÃ©, Ã¬wÉ”lÃ©, Ã­-meÃ¨lÃ¬
ğŸ“©	apo iwe pelu É”fa, lÉ›ÌtÃ , meÃ¨lÃ¬, Ã pÃ² Ã¬wÃ©, Ã¬firÃ¡nshÃ©Ì©, Ã¬jÃ¡de, Ã¬sÃ lÉ›Ì€, Ã­-meÃ¨lÃ¬, É”fÃ 
ğŸ“¤ï¸	lÉ›ÌtÃ¡, meÃ¨lÃ¬, tire Ã pÃ³tÃ­ Ã¬gbÉ”ÌrÉ”Ì€jÃ¡de, Ã pÃ³tÃ¬, Ã pÃ³tÃ­ Ã¬gbÉ”ÌrÉ”Ì€jÃ¡de, Ã tÉ›, Ã¬firÃ¡nshÉ›Ì
ğŸ“¥ï¸	lÉ›ÌtÃ¡, meÃ¨lÃ¬, tire Ã pÃ³tÃ­ Ã gbÃ wÉ”ÌlÃ©, Ã pÃ³tÃ¬, Ã pÃ³tÃ­ Ã¬gbÉ”ÌrÉ”Ì€jÃ¡de, Ã tÉ›, Ã¬gbÃ wÉ”lÃ©
ğŸ“¦ï¸	shÃ­ Ã kÃ³jÉ”pÉ”Ì€, Ã pÃ³tÃ­, É›gbÃ¬nrÃ¬n
ğŸ“«ï¸	meÃ¨lÃ¬, pÃ­padÃ©, Ã pÃ³tÃ­ meÃ¨lÃ¬, Ã pÃ³tÃ­ Ã¬figba Ã¬wÃ© rÃ¡nshÉ›Ì, Ã pÃ³tÃ­mÃ©Ã¨lÃ¬ ti a tipa pÉ›lu asia nina soke
ğŸ“ªï¸	meÃ¨lÃ¬, pÃ­padÃ©, wÃ¡lÉ›Ì€, Ã pÃ³tÃ­ meÃ¨lÃ¬, Ã pÃ³tÃ­ Ã¬figba Ã¬wÃ© rÃ¡nshÉ›Ì, Ã pÃ³tÃ­mÃ©Ã¨lÃ¬ ti a tipa pÉ›lu asia nina walÉ›
ğŸ“¬ï¸	meÃ¨lÃ¬, sÃ­, Ã pÃ³tÃ­ meÃ¨lÃ¬, Ã pÃ³tÃ­ Ã¬figba Ã¬wÃ© rÃ¡nshÉ›Ì, Ã pÃ³tÃ­mÃ©Ã¨lÃ¬ ti a shi pÉ›lu asia nina soke
ğŸ“­ï¸	meÃ¨lÃ¬, sÃ­, wÃ¡lÉ›Ì€, Ã pÃ³tÃ­ meÃ¨lÃ¬, Ã pÃ³tÃ­ Ã¬figba Ã¬wÃ© rÃ¡nshÉ›Ì, Ã pÃ³tÃ­mÃ©Ã¨lÃ¬ ti a shi pÉ›lu asia nina wale
ğŸ“®	apoti ifigba iwe iranshÉ›, meÃ¨lÃ¬, Ã pÃ³tÃ­ meÃ¨lÃ¬
ğŸ—³ï¸	Ã pÃ³tÃ­, Ã pÃ³tÃ­ Ã¬dÃ¬bÃ² pÉ›Ì€lÃº Ã¬wÃ© Ã¬dÃ¬bÃ², Ã¬wÃ© Ã¬dÃ¬bÃ²
âœï¸	pÉ›ÌnsÃ¹lÃ¹
ğŸ–Šï¸	gÃ¨gÃ©, gÃ¨gÃ© pÉ›lu rogodo
ğŸ–Œï¸	bÃºrÃ³Ì©sÃ¬ Ã¬kÃ¹ndÃ , É”Ì€dÃ 
ğŸ–ï¸	kereyÉ”ÌnÃ¹
ğŸ“	mÉ›ÌmÃ², pÉ›ÌnsÃ¹lÃ¹
ğŸ’¼	Ã pamÉ”ÌwÉ”Ì
ğŸ“‚	fÃ¡Ã¬lÃ¬, fÃ³dÃ , fÃ³dÃ  fÃ¡Ã¬lÃ¬ ti o shi, shÃ­
ğŸ—‚ï¸	kÃ¡Ã dÃ¬, ohun Ã¨lÃ² Ã¬pÃ­nyÃ , ohun Ã¨lÃ² Ã¬pÃ­nyÃ  Ã tÃ²jÉ” atÉ”Ìka-É”Ì€rÉ”Ì€ kÃ¡Ã dÃ¬, Ã tÃ²jÉ” atÉ”Ìka-É”Ì€rÉ”Ì€
ğŸ“…	dÃ©Ã¨tÃ¬, kÃ lÉ›ÌndÃ 
ğŸ“†	kÃ lÉ›ÌndÃ , kÃ lÉ›ÌndÃ  ti a ya
ğŸ—’ï¸	nÃ³Ã²tÃ¬, nÃ³Ã²tÃ¬ pÃ¡Ã dÃ¬ alÃ¡kÃ¡pÃ²Ì©, pÃ¡Ã dÃ¬, Ã kÃ¡pÉ”Ì€
ğŸ—“ï¸	kÃ lÉ›ÌndÃ , kÃ lÉ›ÌndÃ  alÃ¡kÃ¡pÉ”Ì€, pÃ¡Ã dÃ¬, Ã kÃ¡pÉ”Ì€
ğŸ“‡	fÃ¡Ã¬lÃ¬ onÃ­ kÃ¡Ã dÃ¬, kÃ¡Ã dÃ¬, kÃ¡Ã dÃ¬ Ã tÃ²jÉ” atÉ”ÌkÃ -É”Ì€rÉ”Ì€, Ã tÃ²jÉ” atÉ”Ìka-É”Ì€rÉ”Ì€
ğŸ“ˆ	ilÃ  atÃ³Ì©ka Ã wÃ²rÃ¡n, Ã tÉ›, Ã tÉ› n pÉ”si, Ã¬dÃ gbÃ sÃ³kÃ¨, Ã¬lÉ”shÃ­wÃ¡jÃº, Ã¬lÉ”sÃ³kÃ¨
ğŸ“‰	tÃ­rÉ›ÌndÃ¬, Ã tÉ›, Ã tÉ› alÃ¡tÃ³Ì©ka, Ã tÉ› n dinku, Ã¬sÃ lÉ›Ì€
ğŸ“Š	pÉ›pÉ› Ã¬we Ã wÃ²rÃ¡n Ã fihÃ n, Ã tÉ›, Ã tÉ› alÃ¡tÉ”Ìka, Ã tÉ› onÃ­gun
ğŸ“‹ï¸	aka É”lÉ”ÌpÉ”Ì€n
ğŸ“Œ	abÉ›ÌrÉ›Ì, abÉ›ÌrÉ›ÌohunyÃ­yÃ 
ğŸ“	abÉ›ÌrÉ›Ì, abÉ›ÌrÉ›ÌohunyÃ­yÃ  roboto, pÃ­Ã¬nÃ¬ Ã gbÃ¡wÉ”lÃ©
ğŸ“	Ã fimÃºwÃ¨Ã©pÉ”Ì€
ğŸ–‡ï¸	Ã fimÃºwÃ¨Ã©pÃ²Ì©, Ã sopÉ”Ì€ Ã¬fimÃºwÃ¨Ã©pÉ”Ì€, Ã¬sopÉ”Ì€
ğŸ“	etÃ­ gbÉ”É”rÉ”, rula gbÉ”É”rÉ”, rÃºlÃ 
ğŸ“	onÃ­gun-mÃ©Ì©ta, rula onigun mÉ›ta, rÃºlÃ , sÉ›ÌÉ›ÌtÃ¬
âœ‚ï¸	gÃ­gÃ©, irinshÃ©Ì©, sÃ­sÉ”ÌÉ”Ì€sÃ¬
ğŸ—„ï¸	fÃ¡Ã lÃ¬, Ã pÃ³tÃ­, Ã¬forÃºkÉ” fÃ¡Ã lÃ¬ sÃ­lÉ›Ì€
ğŸ—‘ï¸	apÉ›Ì€rÉ›Ì€ Ã¬dalÃ¨Ì©sÃ­
ğŸ”“ï¸	shÃ­, shÃ­shÃ­, ti sÃ­i, tÃ¬
ğŸ”	gÃ³ngÃ³, padÃ©, pÉ›ÌÉ›Ì€nÃ¬, ti tÃ¬Ã­ pÉ›lu pÉ›ni, Ã¬kÉ”Ì€kÉ”Ì€, Ã­nkÃ¬
ğŸ”	kÃ³Ì©kÉ”ÌrÃ³Ì©, pÃ­padÃ©, ti tÃ¬Ã­ pÉ›lu kÉ”kÉ”rÉ”, tÃ­tÃ¬, Ã Ã bÃ²
ğŸ”‘	kÉ”ÌkÉ”ÌrÉ”Ì, pÃ¡sÃ¬wÉ”dÃ¹, tÃ¬
ğŸ—ï¸	kÃ³Ì©kÉ”ÌrÃ³Ì© Ã tijÃ³Ì©, kÉ”ÌkÉ”ÌrÃ³Ì©, olobÃ³, tÃ­tÃ¬, Ã tijÃ³Ì©
ğŸ”¨	irinsÉ›Ì, oÃ²lÃ¹
â›ï¸	irinshÃ©Ì©, sÃ , Ã¬wakusÃ 
ğŸ› ï¸	irinshÉ›Ì, irinshÉ›Ì afagbÃ¡ra dÃ¨, sÃ­pÃ¡nÃ , Ã²Ã²lÃ¹, Ã²Ã²lÃ¹ Ã ti irinshÉ›Ì afagbÃ¡ra dÃ¨
ğŸ—¡ï¸	dÃ¡gÃ , irinshÉ›Ì Ã¬jagun, Ã²Ì©bÉ›
âš”ï¸	idÃ , idÃ  alÃ¡gbÃ¨Ã©lÃ¨bÃº, irinshÉ›Ì Ã¬jagun, Ã gbÃ©lÃ¨bÃº
ğŸ”«	ibÉ”n ilewÉ”, irinshÉ›Ì, Ã¬bÉ”n, Ã¬bÉ”n shakabÃ¹lÃ , Ã¬bÉ”n Ã¬lÃ©wÃ³Ì©
ğŸ¹	Sagittarius, irinshÃ©Ì©, irinshÉ›Ì Ã¬jagun, tafÃ tafÃ , Ã mi oshÃ¹ Ã¬bÃ­, É”fÃ , É”fÃ  tÃ­ta, É”kÉ” ati É”fa
ğŸ›¡ï¸	irinshÉ›Ì Ã¬jagun, ohun Ã¨lÃ² Ã bÃ²
ğŸ”§	irinshÉ›Ì, irinshÉ›Ì afagbÃ¡ra dÃ¨, oolu, sÃ­pÃ¡nÃ 
ğŸ”©	bÃ³Ã²tÃ¹, irinshÃ©Ì©, nÃ³Ì©É”Ì€tÃ¬, nÉ”ti ati botu
âš™ï¸	gÃ­Ã , irinsÉ›Ì
ğŸ—œï¸	gbÃ¡mÃº, irinshÉ›Ì, ohun Ã¨lÃ² irinshÉ›Ì, Ã¬fÃºnpÉ”Ì€
âš–ï¸	lÃ­bÃ©rÃ , sÃ­kÃ©lÃ¬, Ã mi oshÃ¹ Ã¬bÃ­, Ã¬dÃ¡jÉ”Ì, Ã¬wÉ”Ì€n, Ã¬wÉ”Ì€ntÃºnwÉ”Ì€nsÃ­, Ã¬wÉ”Ì€ntÃºnwÉ”Ì€nsÃ­ sÃ­kÃ©lÃ¬
ğŸ”—	Ã¬tÉ”ÌkasÃ­
â›“ï¸	sheÌ©kÉ›ÌshÉ›kÉ›Ì€, Ã wÉ”n sheÌ©kÉ›ÌshÉ›kÉ›Ì€
âš—ï¸	irinshÃ©Ì©, kÉ›ÌmÃ­sÃ¬rÃ¬, Ã lÉ›ÌmbÃ¬k
ğŸ”¬	irinshÉ›Ì, maikirosikopu, sÃ¡yÃ©Ì©nsÃ¬
ğŸ”­	irinshÉ›Ì, sÃ¡yÃ©Ì©nsÃ¬, tÉ›lisikopu
ğŸ“¡	eria satalaiti, Ã tagbÃ , Ã wo, É›Ì€rÉ” alÃ¡tagbÃ  nlÃ¡
ğŸ’‰	abÉ›rÉ›, dÃ³kÃ­tÃ , ikin, irinshÉ›Ì, yÃ¬n, Ã Ã¬sÃ n, Ã²Ã²gÃ¹n
ğŸšª	ÃŒlÉ›Ì€kÃ¹n
ğŸš½	IlÃ© Ã¬gbÉ›Ì
ğŸš¿	omi, ÃŒwÉ›Ì€
ğŸ›	Ã€gbÃ¡ Ã¬wÉ›Ì€, Ã¬wÉ›Ì€
ğŸ›’	kÉ›Ì€kÉ›Ì Ã¬kÃ³jÃ sÃ­, Ã€tÉ› Iraja, ÃŒrajÃ , Ã tÉ›
ğŸ§	Aami ATM, ilÃ©-Ã¬fowÃ³pamÃ³Ì©, tÉ›ÌlÃ , Ã dÃ¡sÃ­sÉ›Ì, É›Ì€rÉ” apÉ”wÃ³
ğŸš®	dÉ”Ì€tÃ­, idoti ninu aami idÉ”ti, ike Ã¬dalÉ›Ì€sÃ­
ğŸš°	lÃ¡bÃ³Ì©dÃ©, mÃ­mu, omi, omi asheegbe kiri
â™¿ï¸	Ã mÃ¬ kÉ›kÉ› É›ni-É›sÉ›-ndun, Ã¬fÃ yÃ¨gbÃ 
ğŸš¹ï¸	ilÃ© Ã¬gbÃ²Ì©nshÉ›Ì€ olÃ³mi, ilÃ© Ã¬gbÉ”Ì€nshÉ›Ì€, iyara awÉ”n É”kunrin, Ã¬yÃ rÃ¡ Ã¬sinmi, É”kÃ¹nrin
ğŸšºï¸	ilÃ© Ã¬gbÃ²Ì©nshÉ›Ì€ olÃ³mi, ilÃ© Ã¬gbÉ”Ì€nshÉ›Ì€, iyara awÉ”n obinrin, obÃ¬nrin, Ã¬yÃ rÃ¡ Ã¬sinmi
ğŸš»	ilÃ© Ã¬gbÃ²Ì©nshÉ›Ì€ olÃ³mi, ilÃ© Ã¬gbÉ”Ì€nshÉ›Ì€, ilÃ©Ã¬yÃ gbÉ›Ì, Ã¬yÃ rÃ¡ Ã¬sinmi
ğŸš¼ï¸	Ã mÃ¬ É”mÉ”, Ã yÃ­padÃ , É”mÉ” Ã¬kÃ³kÃ³
ğŸš¾	ilÃ© Ã¬gbÉ”Ì€nshÉ›Ì€, ilÃ© Ã¬gbÉ”Ì€nshÉ›Ì€ olÃ³mi, ilÃ©Ã¬yÃ gbÉ›Ì olomi, omi, Ã¬yÃ rÃ¡ Ã¬sinmi, Ã¬yÉ›Ì€wÃ¹
ğŸ›‚	darÃ­, ishakoso aworan ori, Ã¬wÃ© Ã¬rÃ¬nnÃ 
ğŸ›ƒ	awÉ”n ashÉ”bode
ğŸ›„	gba, igba É›ru É›ni, É›rÃ¹
ğŸ›…	fifi É›ru silÉ›, Ã tÃ¬pa, É›rÃ¹
âš ï¸	Ã¬kÃ¬lÉ”Ì€
ğŸš¸	awÉ”n É”mÉ”de n sÉ”da, olÃ¹fÉ›sÉ›Ì€rÃ¬n, sÃºkÉ›rÉ›-fÃ kÉ›rÉ›, Ã¬sÉ”dÃ¡, É”mÉ”
â›”ï¸	kosi iwÉ”le, kÃ², kÃ²sÃ¡yÃ¨, rÃ¡rÃ¡, sÃºkÉ›rÉ›-fÃ kÉ›rÉ›, Ã bÃ¡wÉ”lÃ©, Ã¨Ã¨wÉ”Ì€
ğŸš«	kosaye, kÃ², rÃ¡rÃ¡, Ã bÃ¡woÌ©lÃ©, Ã¨Ã¨wÉ”Ì€
ğŸš³	bÃ¡Ã­kÃ¬, kosi awÉ”n kÉ›kÉ›, kÃ², kÃ²sÃ¡yÃ¨, kÉ›Ì€kÃ©Ì©, rÃ¡rÃ¡, Ã¨Ã¨wÉ”Ì€
ğŸš­ï¸	kosi mimu siga, kÃ², kÃ²sÃ¡yÃ¨, rÃ¡rÃ¡, sÃ¬gÃ¡ mÃ­mu, Ã¨Ã¨wÉ”Ì€
ğŸš¯	dÉ”Ì€tÃ­, kosi idahun-silÉ›, kÃ², kÃ²sÃ¡yÃ¨, rÃ¡rÃ¡, Ã¨Ã¨wÉ”Ì€
ğŸš±	kÃ²shÃ©Ã¨mu, omi, omi ti kosheemu, Ã Ã¬mÉ”lÃ¡bÉ”ÌdÃ©
ğŸš·	kosi olufÉ›sÉ›rin, kÃ², kÃ²sÃ¡yÃ¨, olÃ¹fÉ›sÉ›Ì€rÃ¬n, rÃ¡rÃ¡, Ã¨Ã¨wÉ”Ì€
ğŸ“µ	fÃ³Ã²nÃ¹, kosi awÉ”n foonu alagbeka, kÃ², kÃ²sÃ¡yÃ¨, rÃ¡rÃ¡, tÉ›lifÃ³Ã²nÃ¹, Ã gbÃ©kÃ¡, Ã¨Ã¨wÃ², ÆÌ€rÉ” alÃ¡gbÃ©Ã¨kÃ¡
ğŸ”	18, bÉ›ÌÉ›Ì€kÉ”Ì, ejÃ¬dÃ­nlÃ³gÃºn, kosi eniyan labÉ› ejidinlogun, ojÉ”Ì orÃ­ tÃ³ kÃ©rÃ©, rÃ¡rÃ¡a, Ã¨wÉ”Ì€, Ã¬dÃ¬wÉ”Ì ojÃ³ orÃ­, É›wÉ”
â˜£ï¸	ewu ajÉ›mÉ”ÌnÃ¬yÃ n, Ã mÃ¬
â¬†ï¸	kÃ¡dÃ­nÃ lÃ¬, Ã mÃ¬ Ã¬tÃ³Ì©sÉ”ÌnÃ  oÌ©lÉ”ÌfÃ , Ã mÃ¬ Ã²kÃ¨ Ã¬tÃ³Ì©sÉ”ÌnÃ  oÌ©lÉ”ÌfÃ , Ã rÃ­wÃ¡, Ã¬tÉ”ÌsÉ”ÌnÃ 
â†—ï¸	ilÃ  oÃ²rÃ¹n Ã rÃ­wÃ¡, Ã mÃ¬ Ã¬tÃ³Ì©sÉ”ÌnÃ  oÌ©lÉ”ÌfÃ , Ã mÃ¬ Ã²kÃ¨ Ã¬tÃ³Ì©sÉ”ÌnÃ  oÌ©lÉ”ÌfÃ  apÃ¡ É”Ì€tÃºn, Ã¬lÉ”ÌpÉ”Ì€ kÃ¡dÃ­nÃ lÃ¬, Ã¬tÉ”ÌsÉ”ÌnÃ 
â¡ï¸	ilÃ  oÃ²rÃ¹n, kÃ¡dÃ­nÃ lÃ¬, Ã mÃ¬ Ã¬tÃ³Ì©sÉ”ÌnÃ  oÌ©lÉ”ÌfÃ , Ã mÃ¬ Ã¬tÃ³Ì©sÉ”ÌnÃ  oÌ©lÉ”ÌfÃ  apÃ¡ É”Ì€tÃºn, Ã¬tÉ”ÌsÉ”ÌnÃ 
â†˜ï¸	gÃºÃºsÃ¹ ilÃ  oÃ²rÃ¹n, Ã mÃ¬ ilÉ›Ì€ Ã¬tÃ³Ì©sÉ”ÌnÃ  oÌ©lÉ”ÌfÃ  apÃ¡ É”Ì€tÃºn, Ã mÃ¬ Ã¬tÃ³Ì©sÉ”ÌnÃ  oÌ©lÉ”ÌfÃ , Ã¬lÉ”ÌpÉ”Ì€ kÃ¡dÃ­nÃ lÃ¬, Ã¬tÉ”ÌsÉ”ÌnÃ 
â¬‡ï¸	gÃºÃºsÃ¹, ilÃ¨Ì©, kÃ¡dÃ­nÃ lÃ¬, Ã mÃ¬ ilÉ›Ì€ Ã¬tÃ³Ì©sÉ”ÌnÃ  oÌ©lÉ”ÌfÃ , Ã mÃ¬ Ã¬tÃ³Ì©sÉ”ÌnÃ  oÌ©lÉ”ÌfÃ , Ã¬tÉ”ÌsÉ”ÌnÃ 
â†™ï¸	iwÉ”Ì€ oÃ²rÃ¹n gÃºÃºsÃ¹, Ã mÃ¬ ilÉ›Ì€ Ã¬tÃ³Ì©sÉ”ÌnÃ  oÌ©lÉ”ÌfÃ  apÃ¡ Ã²sÃ¬, Ã mÃ¬ Ã¬tÃ³Ì©sÉ”ÌnÃ  oÌ©lÉ”ÌfÃ , Ã¬lÉ”ÌpÉ”Ì€ kÃ¡dÃ­nÃ lÃ¬, Ã¬tÉ”ÌsÉ”ÌnÃ 
â¬…ï¸	iwÉ”Ì€ oÃ²rÃ¹n, kÃ¡dÃ­nÃ lÃ¬, Ã mÃ¬ Ã¬tÃ³Ì©sÉ”ÌnÃ  oÌ©lÉ”ÌfÃ , Ã mÃ¬ Ã¬tÃ³Ì©sÉ”ÌnÃ  oÌ©lÉ”ÌfÃ  apÃ¡ Ã²sÃ¬, Ã¬tÉ”ÌsÉ”ÌnÃ 
â†–ï¸	iwÉ”Ì€ oÃ²rÃ¹n Ã rÃ­wÃ¡, Ã mÃ¬ Ã¬tÃ³Ì©sÉ”ÌnÃ  oÌ©lÉ”ÌfÃ , Ã mÃ¬ Ã²kÃ¨ Ã¬tÃ³Ì©sÉ”ÌnÃ  oÌ©lÉ”ÌfÃ  apÃ¡ Ã²sÃ¬, Ã¬lÉ”ÌpÉ”Ì€ kÃ¡dÃ­nÃ lÃ¬, Ã¬tÉ”ÌsÉ”ÌnÃ 
â†•ï¸	É”fÃ , É”fÃ  tÃ²kÃ¨tilÉ›Ì€
â†”ï¸	Ã mÃ¬ Ã¬tÃ³Ì©sÉ”ÌnÃ  oÌ©lÉ”ÌfÃ  tÉ”Ì€tÃºn-tÃ²sÃ¬, É”fÃ 
â†©ï¸	Ã mÃ¬ Ã¬tÃ³Ì©sÉ”ÌnÃ  oÌ©lÉ”ÌfÃ  apÃ¡ É”Ì€tÃºn onÃ­gun, É”fÃ 
â†ªï¸	Ã mÃ¬ Ã¬tÃ³Ì©sÉ”ÌnÃ  oÌ©lÉ”ÌfÃ  apÃ¡ Ã²sÃ¬ onÃ­gun, É”fÃ 
â¤´ï¸	Ã mÃ¬ Ã¬tÃ³Ì©sÉ”ÌnÃ  oÌ©lÉ”ÌfÃ  apÃ¡ É”Ì€tÃºn onÃ­gun Ã²kÃ¨, É”fÃ 
â¤µï¸	ilÉ›Ì€, oÌ©fÃ , Ã mÃ¬ Ã¬tÃ³Ì©sÉ”ÌnÃ  oÌ©lÉ”ÌfÃ  apÃ¡ É”Ì€tÃºn onÃ­gun Ã¬sÃ lÉ›Ì€
ğŸ”ƒ	awÉ”n É”fa yiyi É”na ago, Ã mÃ¬ Ã¬tÃ³Ì©sÉ”ÌnÃ  oÌ©lÉ”ÌfÃ , Ã tÃºngbÃ©, É”lÉ”ÌwÉ”Ì-aago
ğŸ”„	bÉ”tini awÉ”n É”fa yiyi lodi sÉ”na ago, oÌ©fÃ , Ã¬lÃ²dÃ¬sÉ”ÌwÉ”Ì aago
ğŸ”™	oÌ©fÃ , Æ†fa ÆYIN, É›Ì€yÃ¬n
ğŸ”š	Ã¬parÃ­, Æ†fa IPARI, É”fÃ 
ğŸ”›	lÃ³rÃ­, oÌ©fÃ , Ã mÃ¬, Æ†fa LORI!
ğŸ”œ	lÃ¡Ã¬pÉ›Ì, oÌ©fÃ , Æ†fa LAIPÆ
ğŸ”	orÃ­ Ã²kÃ¨, oÌ©fÃ , Ã²kÃ¨, Æ†fa LOKE
ğŸ›	ibi ijÉ”sin, Ã¬jÃ³Ì©sÃ¬n, É›Ì€sÃ¬n
âš›ï¸	alÃ¡Ã¬gbÃ gbÃ³Ì©, Ã mÃ¬ Ã¡tÉ”ÌmÃ¹, Ã¡tÉ”ÌmÃ¹
ğŸ•‰ï¸	HÃ­ndÃ¹, om, É›Ì€sÃ¬n
âœ¡ï¸	DÃ¡fÃ­dÃ¬, EÌ©lÉ›ÌsÃ¬n jÃºÃ¹, JÃºÃ¹, Ã¬rÃ wÉ”Ì€, Ã¬rÃ wÉ”Ì€ DÃ¡fÃ­dÃ¬, É›Ì€sÃ¬n
â˜¸ï¸	EÌ©lÉ›ÌsÃ¬n bÃ³Ì©Ã³Ì©dÃ , kÃ¨Ì©kÃ©Ì©, kÉ›Ì€kÃ©Ì© Ã¨Ì©sÃ¬n dÃ¡Ã¡mÃ , É›lÉ›ÌsÃ¬n dÃ¡Ã¡mÃ , É›Ì€sÃ¬n
â˜¯ï¸	tÃ¡Ã³, yÃ¡ngÃ¬, yÃ­nÃ¬, É›lÃ©Ì©sÃ¬n tÃ¡Ã³, É›Ì€sÃ¬n
âœï¸	Ã gbÃ©lÃ¨bÃº, Ã gbÃ©lÃ¨bÃº lÃ¡tÃ­Ã¬nÃ¬, É›lÉ›ÌsÃ¬n Ã¬gbÃ gbÃ³Ì©, É›Ì€sÃ¬n
â˜¦ï¸	Ã gbÃ©lÃ¨bÃº, Ã gbÃ©lÃ¨bÃº Ã tijÃ³, É›lÉ›ÌsÃ¬n Ã¬gbÃ gbÃ³Ì©, É›Ì€sÃ¬n
â˜ªï¸	MÃ¹sÃ¹lÃ¹mÃ­, ÃŒmÃ le, Ã¬rÃ wÉ”Ì€ Ã ti Ã²shÃ¹pÃ¡ tÃ­ kÃ² tÃ­ yÉ” tÃ¡n, É›Ì€sÃ¬n
ğŸ•	menorah, Ã¬dÃºrÃ³ kÃ¡ndÃ¹, Ã¬dÃºrÃ³ Ã bÃ©Ì©lÃ , É›Ì€sÃ¬n
ğŸ”¯	irawÉ” totooto oni-mÉ›fa, orÃ­re, Ã¬rÃ wÉ”Ì€
â™ˆï¸	Aries, Ã gbÃ², Ã mi oshÃ¹ Ã¬bÃ­
â™‰ï¸	Taurus, mÃ lÃºÃ¹ igbÃ², Ã mi oshÃ¹ Ã¬bÃ­, É›gbÉ”rÉ” mÃ lÃºÃ¹
â™Šï¸	Gemini, Ã mi oshÃ¹ Ã¬bÃ­, Ã¬bejÃ¬
â™‹ï¸	Cancer, akÃ n, Ã mi oshÃ¹ Ã¬bÃ­
â™Œï¸	Leo, kÃ¬nÃ¬hÃºn, Ã mi oshÃ¹ Ã¬bÃ­
â™ï¸	Virgo, Ã mi oshÃ¹ Ã¬bÃ­
â™ï¸	Libra, ÃŒwÉ”Ì€ntÃºnwÃ²Ì©nsÃ¬, Ã mi oshÃ¹ Ã¬bÃ­, Ã¬dÃ¡jÃ³Ì©, Ã²shÃ¹wÃ²Ì©n
â™ï¸	Scorpius, scorpio, Ã keÃ¨kÃ©, Ã mi oshÃ¹ Ã¬bÃ­
â™ï¸	Sagittarius, tafÃ tafÃ , Ã mi oshÃ¹ Ã¬bÃ­
â™‘ï¸	Capricorn, ewÃºrÃ©Ì©, Ã mi oshÃ¹ Ã¬bÃ­
â™’ï¸	Aquarius, olÃ¹jÉ›Ì orÃºkÉ”, omi, Ã mi oshÃ¹ Ã¬bÃ­
â™“ï¸	Pisces, Ã mi oshÃ¹ Ã¬bÃ­, É›ja
â›	Ophiuchus, afÃ yÃ fÃ , ejÃ², Ã mi oshÃ¹ Ã¬bÃ­, É›nÃ­ gba Ç¹kan
ğŸ”€	yiyÉ” bÉ”tini tiraki, Ã mÃ¬ atÉ”ÌnÃ  É”lÉ”ÌfÃ , Ã¬fagilÃ©
ğŸ”	atunshe bÉ”tini, olÉ”ÌwÉ”Ì aago, Ã mÃ¬ atÉ”ÌnÃ  É”lÃ³Ì©fÃ , Ã tÃºnsÉ”
ğŸ”‚	atunshe bÉ”tini É›lÉ›yÉ”, olÉ”ÌwÉ”Ì aago, Ã mÃ¬ atÃ³Ì©nÃ  É”lÉ”fÃ , É›Ì€É›Ì€kan
â–¶	bÉ”ÌtÃ­nÃ¬ pÃ­Ã­lÃ¨, onÃ­gun mÃ©Ì©ta, pÃ­Ã­lÃ¨, Ã mÃ¬ atÉ”ÌnÃ  É”lÃ³Ì©fÃ , É”Ì€tÃºn
â©	mu bÉ”tini sare lÉ”waju, mÃ©jÃ¬, sÃ¡rÃ©, tÉ›Ì€sÃ­wÃ¡jÃº, Ã mÃ¬ atÉ”ÌnÃ  É”lÉ”ÌfÃ 
â­	bÉ”ÌtÃ¬nÃ¬ tÃ­rÃ¡kÃ¬ tÃ³ kÃ n, ipele Ã wÃ²rÃ¡n tÃ­ Ã³ kÃ n, onigun mÉ›ta, tÃ­rÃ¡kÃ¬ tÃ­ Ã³ kÃ n, Ã mÃ¬ atÉ”ÌnÃ  É”lÉ”ÌfÃ 
â¯	bÃ³Ì©tÃ¬nÃ¬pÃ­Ã­lÃ¨ tÃ bÃ­ Ã¬dÃºrÃ³, dÃºrÃ³, onigun mÉ›ta, pÃ­Ã­lÃ¨, Ã mÃ¬ atÉ”ÌnÃ  É”lÉ”ÌfÃ , É”Ì€tÃºn
â—€	BÉ”ÌtÃ­nÃ¬ Ã¬dÃ¡padÃ , dapadÃ , onigun mÉ›ta, Ã€mÃ¬ atÉ”ÌnÃ  É”lÉ”ÌfÃ , Ã²sÃ¬
âª	mu bÉ”tini sare rÉ›hin, onÃ­bejÃ¬, Ã€mÃ¬ atÉ”ÌnÃ  É”lÉ”ÌfÃ , Ã mÃºrÉ›Ì€yÃ¬n
â®	TÃ­rÃ¡Ã kÃ¬ tÃ³ kÃ©Ì©yÃ¬n, onigun mÉ›ta, tÃ­rÃ¡Ã kÃ¬ ta gbÉ”Ì kÉ›ÌyÃ¬n, Ã€mÃ¬ atÉ”ÌnÃ  É”lÉ”ÌfÃ , Ã¬she ta wÃ² kÉ›ÌyÃ¬n
ğŸ”¼	bÉ”tini oke, bÉ”ÌtÃ¬nÃ¬, pupa, Ã€mÃ¬ atÉ”ÌnÃ  É”lÉ”ÌfÃ 
â«	bÉ”tini imusoke kia, onÃ­bejÃ¬, Ã€mÃ¬ atÉ”ÌnÃ  É”lÉ”ÌfÃ 
ğŸ”½	bÉ”tini isalÉ›, bÉ”ÌtÃ¬nÃ¬, ilÃ¨Ì©, pupa, Ã€mÃ¬ atÉ”ÌnÃ  É”lÉ”ÌfÃ 
â¬	bÉ”tini imussalÉ› kia, ilÃ¨Ì©, onÃ­bejÃ¬, Ã€mÃ¬ atÉ”ÌnÃ  É”lÉ”ÌfÃ 
â¸ï¸	BÃ¡Ã , bÉ”ÌtÃ­nÃ¬ Ã¬dÃ¡nudÃºrÃ³ fÃºngbÃ  dÃ­É›Ì€, dadÃºrÃ³, olÃ³Ã²rÃ³, onÃ­bejÃ¬
â¹ï¸	OnÃ­gun mÉ›Ìrin, bÉ”ÌtÃ­nÃ¬ Ã¬dÃ nudÃºrÃ³, dÃºrÃ³
âºï¸	Rogodo, bÉ”ÌtÃ­nÃ¬ agbohÃ¹nsÃ­lÉ›Ì€, rÃ©Ì©kÉ”ÌÉ”Ì€dÃ¹
âï¸	bÃ³Ì©tÃ­nÃ¬ Ã tÉ›Ì€jÃ¡de, Ã tÉ›Ì€jÃ¡de
ğŸ¦	fÃ­Ã¬mÃ¹, kÃ¡mÉ›ÌrÃ , sinima
ğŸ”…	bÉ”tini baibai, Ã€fikÃºn inÃ¡, Ã¬dÃ­nÃ¡kÃ¹ dÃ­É›Ì€, Ã¬dÃ­nÃ¡kÃ¹ pÃ¡tÃ¡pÃ¡tÃ¡
ğŸ”†	bÉ”tini titan, ÃŒmÉ”ÌlÉ›Ì€, Ã fikÃºn Ã¬mÉ”ÌlÉ›Ì€
ğŸ“¶	AlÃ¡tagbÃ , bÃ¡Ã , fÃ³Ã²nÃ¹, fÃ³Ã²nÃ¹ alÃ¡gbÃ¨Ã©kÃ¡, tÉ›lifÃ³Ã²nÃ¹, Ã wÉ”n Ã²pÃ³ antÉ›na, Ã¨Ì©roÌ© alÃ¡gbÃ©Ã¨kÃ¡, Ã¬fihÃ n
ğŸ“³	fÃ³Ã²nÃ¹, gbÃ­gbÉ”Ì€n, moodu gbigbÉ”n, mÃ³Ã²dÃ¹, tÉ›lifÃ³Ã²nÃ¹, Ã gbÃ©kÃ¡, ÆÌ€rÉ” alÃ¡gbÃ©Ã¨kÃ¡
ğŸ“´	alÃ¡gbÃ¨Ã©kÃ¡, fÃ³Ã²nÃ¹, pipa É›Ì€rÉ” Ã¬bÃ¡nisÉ”Ì€rÉ”Ì€ alÃ¡gbÃ¨Ã©kÃ¡, tÉ›lifÃ³Ã²nÃ¹
â™‚ï¸	Ã mÃ¬ É”kÃ¹nrin, Æ†kÃ¹nrin
âœ–ï¸	fagilÃ©, x, Ã¬sÉ”dipÃºpÃ²Ì©, Ã¬sÉ”dipÃºpÃ²Ì© tÃ³ nÃ­pÉ”n x
â•	aami Ã rÃ²pÉ”Ì€ nla, Ã rÃ²pÉ”Ì€, É›Ì€kÃ³Ì© Ã¬sirÃ²
â–	aami ayÉ”kuro nla, Ã yÉ”kÃºrÃ², É›Ì€kÃ³Ì© Ã¬sirÃ²
â—	aami gige nla, Ã¬pÃ­n, É›Ì€kÉ”Ì Ã¬sirÃ²
â‰ï¸	Ã mÃ¬, Ã mÃ¬ Ã¬yanu, Ã mÃ¬ Ã¬yanu onÃ­bÃ©Ã¨rÃ¨, Ã¬fÃ mÃ¬sÃ­, Ã¬fÉ”Ì€rÉ”Ì€wÃ¡nilÃ©Ì©nuwÃ²
â•	aami iyalÉ›nu funfun, Ã mÃ¬, Ã mÃ¬ Ã¬yanu, Ã Ã tÃ², Ã¬fÃ mÃ¬sÃ­
â—ï¸	Ã mÃ¬, Ã mÃ¬ Ã¬yanu, Ã mÃ¬ Ã¬yÃ lÉ›Ìnu Ã¬dÃ kodÃ², Ã¬fÃ mÃ¬sÃ­
ã€°ï¸	dÃ¡Ã shÃ¬, dÃ¡Ã shÃ¬ onÃ­sÃ n omi, Ã¬fÃ mÃ¬sÃ­, Ã¬sÃ n omi
ğŸ’±	owÃ³, pashiparÉ” owo, pÃ shÃ©pÃ rÃ²Ì©, Ã¬lÃ© Ã¬fowÃ³pamÉ”Ì
ğŸ’²	aami dÉ”la nla, dÉ”ÌlÃ , owÃ³
âš•ï¸	aesculapius, Ã mÃ¬ egbÃ²giogÃ¹n, Ã²gÃ¹n, Ã²shÃ¬shÉ›Ì
â™»ï¸	Ã mÃ¬ Ã tÃºnrÉ”, Ã tÃºnrÉ”
ğŸ”±	aami apÉ›É›rÉ› trident, irinshÃ©Ì©, tÃ­rÃ­dÉ›Ì€ntÃ¬, Ã¬dÃ¡kÉ”Ì€rÃ³, É”kÉ”Ì€, É›Ì€mbÃ©Ì©É›Ì€mÃ¹
ğŸ“›	bÃ¡Ã¡jÃ¬, orÃºkÉ”, orÃºkÉ” Ã mÃ¬
ğŸ”°	JÃ pÃ nÃ­sÃ¬, ewÃ©, irjnshÃ©Ì©, shÃ©Ì©fÃºrÃ³Ì©É”Ì€nÃ¹, yÃ©Ì©lÃ², Ã€mÃ¬ Japanisi fun olubÉ›re, ÃŒbÉ›Ì€rÃ¨Ì©, Ã wÃ²Ì© ewÃ©
âœ…	maaki ishayewo funfun nla, Ã mÃ¬, Ã yÉ›Ì€wÃ²
â˜‘ï¸	Ã pÃ³tÃ­, Ã pÃ³tÃ­ Ã¬dÃ¬bÃ², Ã yÉ›Ì€wÃ², Ã yÉ›Ì€wÃ² Ã pÃ³tÃ­ Ã¬dÃ¬bÃ²
âœ”ï¸	fÃ­nnÃ­fÃ­nnÃ­, Ã mÃ¬, Ã yÉ›Ì€wÃ²
âŒ	aami idabu, fagilÃ©, x, Ã mÃ¬, Ã¬sÉ”dipÃºpÃ²Ì©
â	bÉ”tini aami idabu, onÃ­hÃ mÉ›Ìrin, Ã mÃ¬
â°	iho wÉ”lÉ”wÉ”lo, lÃºpÃ¹, Ã¬yÃ­pÉ”Ì€
â¿	iho wÉ”lÉ”wÉ”lo meji, lÃºpÃ¹, mÃ©jÃ¬, Ã yÃ­pÉ”Ì€
ã€½ï¸	ara, ara mÃ¡Ã kÃ¬ ti a ti tÉ”wÃ³Ì©bÉ”Ì€, Ã mÃ¬
âœ³ï¸	Ã mÃ¬ Ã kÃ­yÃ¨sÃ­ onÃ­gbÃ¡-mÃ©Ì©jÉ”, Ã mÃ¬ Ã kÃ­yÃ©sÃ¬
âœ´ï¸	Ã mÃ¬ Ã kÃ­yÃ¨sÃ­ onÃ­gun-mÃ©Ì©jÉ”, Ã¬rÃ wÉ”Ì€
Â©ï¸	Ã²fin Ã¬dÃ¡bÃ²bÃ² ishÉ›Ì
Â®ï¸	Ã¬forÃºkÉ”sÃ­lÉ›
â„¢ï¸	tm, Ã mÃ¬, Ã mÃ¬ Ã¬dÃ¡mÉ”Ì€ fÃºn ilÃ©eshÉ›Ì, Ã mÃ¬ Ã¬dÃ¡nimÉ”Ì€ ilÃ©eshÉ›Ì
ğŸ” 	ABCD, lÃ¡tÃ­Ã¬nÃ¬, lÃ©Ì©tÃ  nlÃ¡, lÉ›ÌtÃ , shafikun latini É”Ì€rÉ”Ì€ gbÃ³lÃ³hÃ¹n Å„lÃ¡, Ã gbÃ©wÉ”lÃ©
ğŸ”¡	abcd, lÃ¡tÃ­Ã¬nÃ¬, lÃ©Ì©tÃ  nlÃ¡, lÉ›ÌtÃ , shafikun latini É”Ì€rÉ”Ì€ gbÃ³lÃ³hÃ¹n kÃ©kerÃ©, Ã gbÃ©wÉ”lÃ©
ğŸ”¢	1234, nÉ”ÌmbÃ , shafikun awÉ”n nÉ”nba, Ã gbÃ©wÉ”lÃ©
ğŸ”£	shafikun awÉ”n Ã mÃ¬, Ã gbÃ©wÉ”lÃ©, ã€’â™ª&%
ğŸ”¤	abc, lÃ¡tÃ­Ã¬nÃ¬, shafikun awÉ”n lÉ›ta latini, Ã gbÃ©wÉ”lÃ©, Ã wÉ”n lÉ›ÌtÃ , Ã¡lÃ­fÃ¡bÉ›ÌÉ›Ì€tÃ¬
ğŸ…°ï¸	BÉ”ÌtÃ¬nÃ¬ A (irÃºfÃ©Ì© É›Ì€jÉ›Ì€), a, irÃºfÉ›Ì É›Ì€jÉ›Ì€
ğŸ†	BÉ”tini AB (irufÉ› É›jÉ›), ab, irÃºfÃ©Ì© É›Ì€jÉ›Ì€
ğŸ…±ï¸	BÉ”ÌtÃ¬nÃ¬ B(irÃºfÃ©Ì© É›Ì€jÉ›Ì€), b, irÃºfÃ©Ì© É›Ì€jÉ›Ì€
ğŸ†‘	BÉ”tini CL, cl
ğŸ†’	BÉ”tini KUULU, tÃºtÃ¹
ğŸ†“	BÉ”tini Æ†FÆ, É”Ì€fÉ›Ì
ğŸ†”	BÉ”tini ID, Ã¬dÃ¡nimÃ²Ì©
ğŸ†•	BÉ”tini TUNTUN, tuntun
ğŸ†–	BÉ”tini NG, ng
ğŸ…¾ï¸	BÉ”ÌtÃ¬nÃ¬ O (irÃºfÃ©Ì© Ã¨jÃ¨), irÃºfÃ©Ì© Ã¨jÃ¨, o
ğŸ†—	BÉ”tini DARA, Ã“ DÃ¡ra
ğŸ…¿ï¸	bÃ³Ì©tÃ¬nÃ¬ P, Ã yÃ¨ Ã¬gbÃ©kÉ”Ì€sÃ­
ğŸ†˜	BÉ”tini SOS, sos, Ã¬rÃ nwÉ”Ì
ğŸ†š	BÉ”tini VS, figagbÃ¡ga pÉ›Ì€lÃº, fp
ğŸˆ	"nÃ­bÃ­", BÉ”tini Japanisi "nibi", Japanese, katakana, ã‚³ã‚³
ğŸˆ‚ï¸	"Ã¬dÃ­yelÃ© fÃºn owÃ³ É”Ì€yÃ ", BÉ”ÌtÃ¬nÃ¬ JapanÃ­sÃ¬ "Ã¬dÃ­yelÃ© fÃºn owÃ³ É”Ì€yÃ ", Japanese, katakana, ã‚µ
ğŸˆ·	"owÃ³ Ã¬dÃ­yelÃ© oshoÃ²shÃ¹", BÃ³Ì©tÃ¬nÃ¬ Japanisi "owÃ³ Ã¬dÃ­yelÃ© oshoÃ²shÃ¹", Japanese, Ã mÃ¬ ajÉ›mÃ¡wÃ²rÃ¡n, æœˆ
ğŸˆ¶	"kÃ²shÉ”Ì€fÃ©Ì©", BÉ”tini Japanisi "kosi lÉ”fÉ›", Japanese, Ã mÃ¬ ajÉ›mÃ¡wÃ²rÃ¡n, æœ‰
ğŸˆ¯	"Ã¬pamÃ³Ì©", BÉ”tini Japanisi "nipamÉ”", Japanese, Ã mÃ¬ ajÉ›mÃ¡wÃ²rÃ¡n, æŒ‡
ğŸ‰	"Ã¬dÃºnÃ dÃºrÃ ", BÉ”tini Japanisi "idunadura", Japanese, Ã mÃ¬ ajÉ›mÃ¡wÃ²rÃ¡n, å¾—
ğŸˆ¹	"É›Ì€dÃ­nwÃ³", BÉ”tini Japanisi "É›dinwo", Japanese, Ã mÃ¬ ajÉ›mÃ¡wÃ²rÃ¡n, å‰²
ğŸˆš	"lÉ”ÌfÉ›Ì€Ã©Ì©", BÉ”tini Japanisi "lÉ”ÌfÉ›Ì€Ã©Ì©", Japanese, Ã mÃ¬ ajÉ›mÃ¡wÃ²rÃ¡n, ç„¡
ğŸˆ²	"Ã Ã¬fÃ yÃ¨gbÃ ", BÉ”tini Japanisi "shediwÉ”", Japanese, Ã mÃ¬ ajÉ›mÃ¡wÃ²rÃ¡n, ç¦
ğŸ‰‘	"Ã¬tÃ©Ì©wÃ³Ì©gbÃ ", BÉ”tini "itÉ›wÉ”gba" Japanisi, Japanese, Ã mÃ¬ ajÉ›mÃ¡wÃ²rÃ¡n, å¯
ğŸˆ¸	"ohun Ã¨lÃ²", BÉ”tini "ohun elo" Japanisi, Japanese, Ã mÃ¬ ajÉ›mÃ¡wÃ²rÃ¡n, ç”³
ğŸˆ´	"gbendÃ©ke Ã¬kÉ›ÌkÉ”Ì€Ã³Ì© yege", BÉ”tini "gbendeke iyege" Japanisi, Japanese, Ã mÃ¬ ajÉ›mÃ¡wÃ²rÃ¡n, åˆ
ğŸˆ³	"Ã Ã yÃ¨", BÉ”tini "aaye" Japanisi, Japanese, Ã mÃ¬ ajÉ›mÃ¡wÃ²rÃ¡n, ç©º
ãŠ—ï¸	"kÃº orÃ­re", BÃ³Ì©tÃ¬nÃ¬ "kÃº orÃ­re" Japanisi, Japanese, Ã mÃ¬ ajÉ›mÃ¡wÃ²rÃ¡n, ç¥
ãŠ™ï¸	"Ã shÃ­rÃ­", BÃ³Ì©tÃ¬nÃ¬ "Ã shÃ­rÃ­"Japanisi, Japanese, Ã mÃ¬ ajÉ›mÃ¡wÃ²rÃ¡n, ç§˜
ğŸˆº	"shÃ­ fÃºn okÃ²wÃ²", BÉ”tini "shi fun okowo" Japanisi, Japanese, Ã mÃ¬ ajÉ›mÃ¡wÃ²rÃ¡n, å–¶
ğŸˆµ	"kosi aaye", BÉ”tini "kosi aaye" Japanisi, Japanese, Ã mÃ¬ ajÉ›mÃ¡wÃ²rÃ¡n, æº€
ğŸ”´	Rogodo, Rogodo AlÃ¡wÉ”Ì€ pupa, jiomÉ›ÌtÃ­rÃ­kÃ¬, pupa
ğŸ”µ	BÃºlÃ¹, Rogodo BÃºlÃºÃ¹, jiomÉ›ÌtÃ­rÃ­kÃ¬, rogodo
âš«ï¸	Rogodo, Rogodo AlÃ¡wÉ”Ì€ dÃºdÃº
â¬›ï¸	ilÃ  onigun mÃ©Ì©rin, jiomÃ©Ì©tÃ­rÃ­kÃ¬, onigunmÉ›rin dudu nla
â¬œï¸	ilÃ  onigun mÃ©Ì©rin, jiomÃ©Ì©tÃ­rÃ­kÃ¬, onigunmÉ›rin funfun nla
â—¾ï¸	ilÃ  onigun mÃ©Ì©rin, jiomÃ©Ì©tÃ­rÃ­kÃ¬, onigunmÉ›rin idaji-kekere dudu
â—½ï¸	ilÃ  onigun mÃ©Ì©rin, jiomÃ©Ì©tÃ­rÃ­kÃ¬, onigunmÉ›rin idaji-kekere funfun
â–ªï¸	ilÃ  onigun mÃ©Ì©rin, jiomÃ©Ì©tÃ­rÃ­kÃ¬, kÃ©kerÃ© onÃ­gun mÉ›Ìrin dÃºdÃº
â–«ï¸	ilÃ  onigun mÃ©Ì©rin, jiomÃ©Ì©tÃ­rÃ­kÃ¬, kÃ©kerÃ© onÃ­gun mÉ›Ìrin funfun
ğŸ”¶	diamÉ”ndi alawÉ” oronbo nla, dÃ­Ã¡mÉ”ÌndÃ¬, jiomÉ›ÌtÃ­rÃ­kÃ¬, Ã²ronbÃ³
ğŸ”·	BÃºlÃ¹, diamÉ”ndi alawÉ” bulu nla, dÃ­Ã¡mÉ”ÌndÃ¬, jiomÉ›ÌtÃ­rÃ­kÃ¬
ğŸ”¸	diamÉ”ndi alawÉ” oronbo kekere, dÃ­Ã¡mÉ”ÌndÃ¬, jiomÉ›ÌtÃ­rÃ­kÃ¬, Ã²ronbÃ³
ğŸ”¹	BÃºlÃ¹, diamÉ”ndi alawÉ” bulu kekere, dÃ­Ã¡mÉ”ÌndÃ¬, jiomÉ›ÌtÃ­rÃ­kÃ¬
ğŸ”º	AlawÉ” Pupa Onigun MÉ›ta Toka Soke, jiomÉ›ÌtÃ­rÃ­kÃ¬, pupa
ğŸ”»	AlawÉ” Pupa Onigun MÉ›ta Toka SisalÉ›, IlÉ›Ì€, jiomÉ›ÌtÃ­rÃ­kÃ¬, pupa
ğŸ’ 	DiamÉ”ndi PÉ›lu DÉ”ti Kan, DÃ­Ã¡mÉ”ÌndÃ¬, apanilÃ©Ì©rÃ¬n-Ã­n, inÃº ilÃ©, jiomÉ›ÌtÃ­rÃ­kÃ¬
ğŸ”˜	BÃ³Ì©tÃ¬nÃ¬, BÉ”ÌtÃ¬nnÃ¬ RÃ©dÃ­Ã², jiomÉ›ÌtÃ­rÃ­kÃ¬, rÃ©dÃ­Ã²
ğŸ”³	BÃ³Ì©tÃ¬nÃ¬, BÉ”tini OnigunmÉ›rin Funfun, jiomÉ›ÌtÃ­rÃ­kÃ¬, onÃ­gun mÃ©Ì©rin, Ã Ã tÃ²
ğŸ”²	BÃ³Ì©tÃ¬nÃ¬, BÉ”tini OnigunmÉ›rin Dudu, jiomÉ›ÌtÃ­rÃ­kÃ¬, onÃ­gun mÃ©Ì©rin
ğŸ	asia pÃ©Å„pÃ© onÃ­lÃ , erÃ© Ã¬je, Ã¬sÃ mÃ¬sÃ­ alÃ¡wÉ”Ì€ mÃ©jÃ¬
ğŸš©	asia onigun mÉ›ta, Ã¬firÃ¡nshÃ©Ì©
ğŸŒ	AwÉ”n Asia Onidabu, Japanese, ayÉ›yÉ›, rekoja, Ã gbÃ©lÃ©bÃ¹
ğŸ´	asia dudu, ishÃ n omi
ğŸ³ï¸	ishÃ n omi, Ã sÃ­Ã¡ funfun
ğŸ³â€ğŸŒˆ	Ã sÃ­Ã¡ olÃ³shÃ¹marÃ¨, Ã²shÃ¹marÃ¨
Â¤	owÃ³nÃ­nÃ¡ Ã Ã¬mÉ”Ì€
Ö	DÃ­rÃ Ã mÃ¹ Ã€mÉ›ÌnÃ­Ã 
à§³	TÃ¡kÃ  BÃ¡Å„gÃ­lÃ¡dÉ›Ì€É›Ì€shÃ¬
áŸ›	RÃ¡yÃ² KÃ mÌ€bÉ”ÌdÃ­Ã 
â‚¡	KÃ³lÉ”ÌÉ”Ì€nÃ¬ Kosita RÃ­kÃ 
â‚ª	ShÃ©kÃ©lÃ¬ Tuntun ÃsÃ­rÉ›Ì€É›Ì€lÃ¬
â‚´	Æ†rifinÃ­yÃ  YukirÃ©nÃ­Ã 
â‚¸	TÉ›ngÃ© KasakÃ­sÃ­tÃ Ã nÃ¬
â‚º	LÃ­rÃ  TÉ”ÌkÃ¬
â‚¾	LÃ¡rÃ¬ JÉ”ÌjÃ­Ã 
ğŸ»	amÉ”ÌlÃ¡ra, amÉ”ÌlÃ¡wÉ”Ì€, irÃº 1â€“2
ğŸ¼	amÉ”ÌlÃ¡ra dÃ­É›Ì€, amÉ”ÌlÃ¡wÉ”Ì€, irÃº 3
ğŸ½	amÉ”ÌlÃ¡wÉ”Ì€, amÉ”ÌlÃ¡wÉ”Ì€ dÃ­É›Ì€, irÃº 4
ğŸ¾	adÃºlÃ¡wÉ”Ì€ dÃ­É›Ì€, amÉ”ÌlÃ¡wÉ”Ì€, irÃº 5
ğŸ¿	adÃºlÃ¡wÉ”Ì€, amÉ”ÌlÃ¡wÉ”Ì€, irÃº 6
